:020000040800F2
:1060000008040020DD610108735801087358010875
:106010001166000873580108735801087358010885
:10602000735801087358010873580108393D030873
:1060300073580108005D0308DD3C0308F9530308A9
:106040009D8E0108735801087358010873580108A0
:1060500073580108735801087358010873580108F0
:1060600073580108735801087358010873580108E0
:1060700073580108735801087358010873580108D0
:106080007358010873580108E9BB000873580108E8
:106090007358010873580108195901087358010809
:1060A0007358010873580108F5580108D1580108C0
:1060B0007358010873580108C5FA020881050308DE
:1060C000592A0308552A030835FD02086F2A0308D8
:1060D0005D2A030851050308612A0308E505030842
:1060E0001D06030873580108735801087358010806
:1060F00073580108257C000873580108735801087B
:10610000735801087358010873580108735801083F
:106110007358010873580108BD7A020873580108C2
:10612000735801087358010873580108735801081F
:10613000735801087358010873580108735801080F
:1061400073580108735801087358010885630108E2
:1061500073580108735801087358010809E30208CD
:106160007358010873580108492A03084F2A030885
:10617000F0B5114A114C124E00F00105E3695F07BA
:1061800013D40DB9334213D103EA00078F4207D16C
:106190000B4A1A40002A0CBF00206FF00100F0BD2E
:1061A000013AEBD16FF00200F9E74FF0FF30F6E76C
:1061B0006FF00100F3E700BF8096980000000350E5
:1061C000020001004FF4803238B50E4B0E4C9A6637
:1061D000E56941F6713315400122E3630B4B002161
:1061E000DA600223606121202361FFF7C1FF10B94B
:1061F0002120FFF7BDFF0122054BDA600DB100231E
:10620000E36338BD009000500000035000100350BD
:10621000002003502DE9F84F16464FF48032274BEB
:10622000274D9A66EB69074603EA020841F6713387
:106230000122EB63234BDFF89490DA600EB930460D
:1062400029E007F5005404EA09046F61E41BEB69D7
:10625000B44228BF34465B072DD48B465BF8043B21
:1062600001EB040AAB61D3450ED1042300212120A8
:106270002B61FFF77DFF70B92120FFF779FF50B93F
:1062800059462744361BD9E708210846FFF770FF17
:1062900068B104232B6101220B4BDA60B8F1000FC7
:1062A00003D00022A3F50053DA63BDE8F88F5BF852
:1062B000043BAB61D7E74FF0FF30ECE700900050B4
:1062C00000000350001003500020035000E0FFFFC7
:1062D000A57600086C00010000000000FF0001002E
:1062E00026000000A89E0020FF0000000000000023
:1062F0001800000001BB010822000000F9B90108E4
:1063000001000000EBBA01080500000055B90108C2
:1063100004000000BDC401080B00000095C6010880
:106320002500000059CC010824000000F5CB01082D
:106330001400000091D801080C00000051CD0108A4
:106340001600000069B7010803000000890902086F
:1063500002000000F9BA010808000000A9DD0108E8
:106360002A000000D50702082900000019090208C8
:1063700002000000F1BA010801000000E5BA0108BE
:106380000300000049CF01080000000029BA0108FD
:1063900002005E0002000000316C000800000000F6
:1063A00000000000000000000000000000000000ED
:1063B0000000000000000000020086000300000052
:1063C0005D730008000000000000000000000000F5
:1063D00000000000000000000000000000000000BD
:1063E00002006C000100000099B9000800000000E4
:1063F0000000000000000000000000006F820008A4
:106400006F8200080000000002007300010000001D
:10641000557D0008000000000000000000000000A2
:1064200000000000236C00087570000800000000E8
:10643000030026000400000009B600080D6C0008E7
:106440007D950008176C0008000000003DC800089A
:106450003DC80008000000000200720002000000B9
:10646000E56A0008000000000000000000000000D5
:10647000000000000000000000000000000000001C
:106480000200870003000000D59200080000000011
:1064900000000000D96A00080000000000000000B1
:1064A000000000000000000002007A00050000006B
:1064B000B5A300080000000000000000000000007C
:1064C00000000000ADA80008ADA800080000000012
:1064D00002005A000100000000000000000000005F
:1064E00000000000A16A0008000000000000000099
:1064F0000000000000000000020070000400000026
:10650000519C000800000000000000000000000096
:1065100000000000BD900008BD90000800000000D1
:1065200002005B0003000000198100080000000069
:1065300000000000616A000800000000CD81000832
:106540000981000800000000030020000200000094
:10655000657200080000000000000000000000005C
:10656000000000000000000000000000000000002B
:1065700002008E0003000000218A000800000000D5
:10658000000000000000000000000000000000000B
:10659000000000000000000002005900030000009D
:1065A000C79A000800000000000000000000000082
:1065B00000000000F3670008000000000000000079
:1065C0000200850002000000718900080000000040
:1065D000000000000000000000000000F58000083E
:1065E00005810008000000000100FF00FF0000001E
:1065F000000000000000000000000000000000009B
:10660000000000000000000000000000000000008A
:10661000BFF34F8F0549064BCA6802F4E06213438B
:10662000CB60BFF34F8F00BFFDE700BF00ED00E080
:106630000400FA05034613B59C6808461146E4B108
:106640001B78022B0BD0032B12D0012B17D1234622
:10665000027AD0E9000102B0BDE810401847131DCE
:1066600000931368027AD0E90001A04702B010BD80
:10667000234602B0BDE8104018472046F6E7042044
:10668000F4E730B403460A4608480949884202D371
:10669000042030BC70475C6845882478A54202D14C
:1066A000194630BCC6E72830F0E700BF9063000809
:1066B00010660008037813F00C0F074B0AD190F90D
:1066C0000820002A06DB1878421E50425041002262
:1066D0001A7070470120FAE7DC0D0020C378012B07
:1066E00002BF0022034B1A70034BDB6803B118474B
:1066F000704700BFD60E00209C4F0020164B30B5CF
:10670000186985B08268416814790B7A012C03F00E
:106710007F0318BF002314880D78ADF800409478EB
:1067200015F0020FC4F306048DF809409478C4F301
:10673000C0148DF80C4052798DF808300CBF252319
:1067400027238DF80B208DF80A3003680BB16846BB
:10675000984705B030BD00BF9C4F002008B5C36905
:1067600003B19847002008BD08B5036A03B19847F4
:10677000002008BD024B1B6803B11847704700BFDB
:10678000200E0020094B1B689B69D88860B1831ECE
:10679000E62B08D9A0F58070B0F5806F2CBF0020E3
:1067A0000120400070470120704700BFDC0A002034
:1067B000438870B5FF2B04460D4607D043692BB1C3
:1067C00000262A68F3B21178994201D8002070BDE2
:1067D0005268D25C63889A4209D16A68636910681A
:1067E00098476A6800B2136803EB400313600136F0
:1067F000E7E7024B024A5A61704700BF9C4F0020F6
:106800008C63030830B50624431CDBB2C3EB0313CF
:106810005B0014FB02335A2414FB0134104B234455
:10682000D4B2042C0CD11E235843062303FB0400CE
:106830005A23FF2203FB01010A4B0B441A8330BD8C
:1068400033F8185C0132FF2D03F10603EBD053F847
:106850001E4C43F8244C33F81A4C23F8204CDFE745
:10686000B44F00209C4F00200128024608B501D8F3
:1068700041B90122FFF786FF022805D1531E584275
:10688000584108BD0020FCE70520FAE72DE9F04F4C
:106890001C461B7987B0012B019338BF01235A2571
:1068A0009A461E2393464FF0000911FB05F513FB92
:1068B0000253494F0390FB18501E0293C0B24FF091
:1068C0000408FF23029E36F806CCBCF1FF0F17D058
:1068D00016F8022C012A13D0019A0AB9227B22B1A0
:1068E000226812F8092062450AD126F8063C5FFAB0
:1068F00088F2CDE90401FFF785FFDDE90401FF23FC
:1069000008F1FF38B8F1FF3FA6F10606DBD109F127
:1069100001095FFA89F39A45D1D8039B852B55D09D
:1069200094F80CA00BF1FF395346012B38BF01231B
:1069300002931E2303FB09F94D4407EB05080027CA
:10694000264B45460426B5F818C0BCF1FF0F33D0DE
:106950002A7F012A30D1019A5ABBBAF1000F38D0F0
:10696000A26802EB470012F81720624500D01ABB5C
:1069700006224FF05A0C02FB06920CFB01221A442D
:1069800092F81AC042780CF07F0E02F07F00864524
:1069900012D1D209B2EBDC1F0ED1FF220BF1FF3076
:1069A0002A83C0B2F2B20391FFF72CFF03990B4B7D
:1069B00002E0BAF1000FD3D1013E721CA5F1060529
:1069C000C1D102980137FAB29042BAD807B0BDE8F7
:1069D000F08FFF222A83EFE7B44F00209C4F002066
:1069E00070B500240331032A0160047184600473CC
:1069F00001D8046070BDD51E043AEDB2D2B28E2B20
:106A00000ED114460A7852B96608012C067301F1BA
:106A1000010102D8002CF4D1ECE78160EAE72246BC
:106A2000AC1A013AD2B2FF2A047101F10101E6D198
:106A3000E0E7002370B50A681578DCB2A54201D8FA
:106A400000200AE05468E65C4488A64206D1C46887
:106A50000CB9046914B14860012070BD0133ECE742
:106A60005B2303220370837006234270C3700220ED
:106A700070470A4B70B55A6F4FF6FF7000232825F8
:106A8000148899B28C4200D870BD05FB03F156689A
:106A90000133715A884228BF0846F2E79C4F002014
:106AA0005A22034602700120587070470120704737
:106AB00008B5436A03B19847002008BD054B93F819
:106AC000780030B193F87900003818BF01204042B7
:106AD000C0B270479C4F002087230370032343708C
:106AE0000120704710B51C46FFF7E4FDA0BB4B78B2
:106AF000042B02D0062B14D010BD72232370052363
:106B000063706323E3704923237144236371352346
:106B1000A3713723E3710823A070029AFF2013703A
:106B2000EAE77223237007230C4A6370936CD26CDC
:106B3000E372110E2171110C6171E271110A1A0ECA
:106B400022721A0C62721A0A0123A3702823A171FF
:106B5000E370A2720C23E0E70220CDE70080E00F93
:106B6000B5EEC00AF1EE10FA06DDB4EEC10AF1EEA0
:106B700010FA06D501207047B5EE400AF1EE10FA82
:106B800014D0F5EE400AF1EE10FA0FD030EE410AC3
:106B9000C0EE207AFCEEE77A17EE900A18B163286F
:106BA00002D9632070470120C0B2704700207047AF
:106BB00030B5084B0146DA6F93F880400023D8B215
:106BC000844201D8204630BD157B01338D42FAD076
:106BD0005C32F4E79C4F002038B5047805464CB190
:106BE000FE2C0FD0FF2C05D1074BDB6F1C7B012047
:106BF0002C7038BD2046FFF7DBFF034B93F8803045
:106C00008342F4D80020F4E79C4F00202623037031
:106C10000123437070472623037003234370012030
:106C200070470022014B83F8812070479C4F002061
:106C300010B51C464B78012B19D1FFF73BFD0346DD
:106C400002209BB95E22227005222371094BE2705B
:106C50001A885B88110AA2711A0AE271092260700F
:106C6000A070FF202372029B61711A7010BD00207A
:106C7000FCE700BFE09D00202DE9F0473B4C14F0FD
:106C800043F9D4F884502EF059FB002848D1002D48
:106C900046D0374F3B689D421AD02DF001FBD5F806
:106CA00028A0D4F888906E69D4F88C802DF06EFB03
:106CB00004F190039A450BD04E4509D0464507D0C4
:106CC00004F1A4039E4225D1AB6A0BB995F85C3060
:106CD0002E1D2DF0E5FA30462EF0B0FCAB6A1BB14C
:106CE00005F118002EF0AAFCD4F8CC300133C4F81A
:106CF000CC303B689D42D4F8D03013D01D4A136885
:106D0000013B13602DF0E2F92DF040FB28462EF0F8
:106D100014FC1EE004F1B8039E4201D0002ED7D12E
:106D2000BDE8F087002BE9D0D4F8BC309A68AB609E
:106D3000EA6056609E60104B6B61D4F8B830013346
:106D4000C4F8B830D4F8D4300133C4F8D4302DF0BE
:106D50001DFBD4F8D030002BE2D03B689D42DFD140
:106D6000D4F8D830BDE8F0472EF013BB9C4F00207C
:106D70005C0C0020B020002054500020014808F096
:106D8000BAB800BF340D0020442300B5ABB08DF875
:106D90000030054B4FF4FA721B686946986808F09A
:106DA00076F82BB05DF804FBDC0A0020C378012BD9
:106DB00000D1E9E77047712300B5ABB08DF8003022
:106DC000044B00221B686946986808F060F82BB0F5
:106DD0005DF804FBDC0A0020EDE730B50A4BABB0F0
:106DE0000446A822002168461D682BF039F97D234E
:106DF0004FF4FA726946A8688DF800308DF80440A7
:106E000008F045F82BB030BDDC0A0020418808B5F9
:106E1000982908D009D8552905D05E2903D000202B
:106E2000C9B220F079FD002008BD9F29F6E72DE9C1
:106E3000F041B8B0E022002168462BF011F9FF23A1
:106E40008DF800301D4BDFF878801F686946786840
:106E50002EF0A2FB012802D038B0BDE8F0819DF8E9
:106E60000030822B26D0842B24D0802BEED1D8F872
:106E700000600025344633789D42E7DA2379012B00
:106E800007D0022B0DD04BB969462369E0689847BB
:106E900004E09DF80420E3889A42F5D001351034CF
:106EA000E9E79DF80420E3889A42F7D19DF8052090
:106EB000237AF1E7FFF75EFCC8E700BFDC0A002099
:106EC0001C0E0020002373B5CDE900330D4D0E4E8E
:106ED000694628682EF060FB012810D002B070BD12
:106EE000A288BDF804309A4205D123681BB10099ED
:106EF0009DF8060098470834B442F1D3E8E7034C04
:106F0000FAE700BF980F0020E0620008D062000896
:106F100010B5094A044692F88130013BD8B282F894
:106F2000810040B982F8DC00FFF757FF2046BDE83A
:106F300010401FF029BE10BD9C4F00202D49F8B510
:106F40000B69002B54D00025032601F1E00401F168
:106F5000F00701F5807C0A69137B013BDBB21373F8
:106F60007BBBA242C2E90033936021D0BA4221D058
:106F7000624521D1022213460D610133B3FBF6F0C5
:106F800000EB40001B1A01EB031EDEF8E0E01801E5
:106F9000BEF1000F12D0204408610A69AAB9164850
:106FA00007F08DFF20B3BDE8F84013481FF0ECBD9B
:106FB0001A46E0E70122DEE70322DDE79A42DCD150
:106FC000EBE7936806339360E7E7506892680379CC
:106FD000B2F800E0408803F07F03864504D1927840
:106FE00002F07F029A42B6D0BDE8F840FFF786BBB8
:106FF000F8BD00BF9C4F0020AC5000200C4B03F5A7
:107000008872824213D11A698AB1516892680B79E9
:107010001088498803F07F03884204D1927802F0F7
:107020007F029A4201D0FFF769BB002086E77047D4
:107030009C4F002010B5064C204607F040FF10B1D1
:1070400020461FF0A1FD0022024B1A7510BD00BFA3
:10705000F89D0020E09D0020044B93F8AB20FF2A10
:1070600003D1034AC3F89820E4E77047E09D00206D
:1070700000000F1D38B500250E4C2846A4F85051CD
:1070800084F85251A4F85451A4F8565184F8585138
:1070900084F8DC50FFF7A1FE04F5AE7084F881504F
:1070A00007F00DFF28B104F5AE70BDE838401FF0C1
:1070B0006BBD38BD9C4F0020002105234FF4FA62C0
:1070C000084621F0E9BA10B50E4CE3680BB1607CBC
:1070D0009847637C2BB994F8AA30812B01D0FFF735
:1070E0006AFE94F8AC30012B04D1074B074A5A6270
:1070F0001CF084FD0021BDE81040032364220846F3
:1071000021F0CABAE09D002000000850FFFF1D03D7
:10711000F8B50446007BFFF74BFD276B844694F8D7
:10712000256094F82C30224D010197B9A6BB6A184E
:1071300092F89C219A423AD0294481F89C311D4B07
:107140000FFA8CF103EB01116046BDE8F84020F026
:10715000C3B96A18D2F8A001874207D0C2F8A0715B
:107160006EB992F89C219A42E6D1E8E7002EDFD072
:10717000D4ED107A92ED697AF4EE477A13E0D4ED0B
:10718000107A92ED697AF4EE477AF1EE10FAE8D0CF
:107190006A18C2ED697AE4E76A18D4ED107A92EDC4
:1071A000697AB4EE677AF1EE10FAF1D1C0E7F8BD72
:1071B0009C4F002038510020F0B406880D888A7852
:1071C000AE420CD002F07F03072B13D8AE4221D879
:1071D000520624D083785B0621D1012024E08478F4
:1071E000544014F07F0301D127061CD502F07F0321
:1071F000072B14D9847804F07F079F4207D3ECD87B
:10720000AE420BD914F07F0F09D054060ED14FF0C7
:10721000FF3009E0837813F07F0FF5E7D8D304221D
:10722000F0BC2BF058BE1846F0BC7047AE42F6D208
:10723000D0E707B50A4B019093F8DC218A420CD1C4
:10724000042203F5EF710DEB02002BF044FE003831
:1072500018BF012003B05DF804FB0120FAE700BF6E
:107260009C4F0020F8B5436805465C780F46012C1A
:1072700003D0022C1ED000241AE09B78643BDBB2C2
:107280009A2B14D90368197A587801F07F0120F0FD
:10729000E7FA06460028EED0C4684CB16868A047FB
:1072A0003A4629463046BDE8F840FFF7C3B9022404
:1072B0002046F8BD05682846FFF7FCF90028F7D1FD
:1072C0002C7A687804F07F04214620F0C9FA00285F
:1072D000D1D00569002DCED02023396820460B700F
:1072E0000323CA1C4B700B1D0231A8470523FF2442
:1072F0003B71DDE708B5094B0022197802201EF02A
:1073000041FA074B4DF2D8611B780648002B08BFA5
:10731000C821BDE8084007F01CBE00BF0B070020D5
:107320000C07002010070020074A084892F8E231B5
:107330001830012B4FF0010380F8913088BF82F89C
:10734000E33120F0CEB800BF9C4F0020E09D00202C
:10735000002844F2374018BF0020704770B51C4623
:10736000FFF7A8F9002840F08F804B78113B062BDF
:1073700000F28C80DFE803F0048A1E8A548A5C00E5
:107380008623237012236370414B1B685B69DA7993
:10739000A270DA78E2701B792371082363711423D9
:1073A000A3710123E371002323720923FF20049AB0
:1073B000137070BD8623237014236370344B8D7853
:1073C0001E68344B29461A785868A5702BF0B9FD11
:1073D00058B9FF23E370304B304A934218D3E37817
:1073E000FF2B04BF0023E3700AE0982D0AD09F2DE5
:1073F0000BD0552DEDD173699B78FF2BE370EAD04C
:107400000423D3E773691B78F7E773695B78F4E7C4
:1074100059882833A94204BF13F8241CE170DCE723
:1074200086232370162363700723A3700323BDE70D
:1074300086230722237018230A216370A270E37049
:107440000122A371AB250023CD2061711049227167
:107450000968E2714969A372E37223736373A373CA
:1074600025726072CE78E6730E7926744979A2741B
:107470003122E274082222751422A3756174192343
:107480006275E575207691E7022092E7002090E78B
:10749000DC0A0020CC0C0020906300081066000875
:1074A00038B500250B4CC82229460B4884F8AD504E
:1074B0002AF0D6FDB4F898002575013080B21DF091
:1074C0007DFC28B104F11800BDE8384020F009B86F
:1074D00038BD00BFE09D002080510020002370B522
:1074E000194E1A4A347C5178814227D11178A14231
:1074F00024D10C22164D02FB0355EB6898472B7CD8
:10750000B4FA84F23374B3FA83F352095B099A42F2
:107510000AD0104D4CB995F8AC322BB120461CF076
:10752000BFFE012385F8AD3270BD95F8AD32002B5A
:10753000FAD0BDE8704001201CF0B2BE01330D2B23
:1075400002F10C02CFD1EFE7E09D00209463030825
:107550008C6303089C4F0020034B1B7C032B0CBF48
:107560000B200820BAE700BFE09D0020064B93F8EF
:10757000AB30FF2B07D183780BB1052B01D1022053
:10758000ACE70320FCE77047E09D0020F8B590F8D9
:1075900025302DED048B044643B390ED0E8A457DD6
:1075A00080ED108A032D21D0F7EE007AB4EEE78A41
:1075B000F1EE10FA384BD3EDAC8A1AD5D0ED087A3B
:1075C00078EEA78AF2EE047A78EEA77AFCEEE77AF4
:1075D000427B324B012D03EB4212196BC2ED1C7A38
:1075E00004D1FCEEE88A1A6BC3ED088ABDEC048B6B
:1075F000F8BD80692AF026FA41EC190B18EE100A42
:107600002AF020FA20A3D3E900232AF09DFBB0EE54
:10761000491AF0EE691A41EC100B0DF045F99FED97
:10762000209AD4ED087A38EEA78A78EEC97A57EC1A
:10763000106B17EE900A2AF005FA32463B462AF004
:1076400059FA13A3D3E900232AF09EF829F066FE25
:1076500007EE900AF8EE677A78EE677AFCEEE77A42
:10766000627B0E4B012D03EB4212196BC2ED1C7AAB
:10767000BCD1F8EE677A77EE897AFCEEE77A1A6B7E
:10768000C3ED087AB2E700BF00000000A0EDE740BC
:10769000000000000078BE409C4F00200080045095
:1076A00000C0F34502460846097C022A01F03F016A
:1076B00007D0032A07D0012A4FF0FF3218BF00225B
:1076C000D2B2002305E0427C12B1012241F08001D8
:1076D000837C1FF0E3BE0028ACBF00F16040064B86
:1076E0004FEA0111C9B2ABBF00F5614000F00F00D5
:1076F00080F800131954704714ED00E02DE9F74F9E
:10770000002800F0E8807549D1E9B24EEFF3118B03
:10771000302383F3118810F8086C30F806CCF30797
:1077200002D5BCF1000F07D18BF31188BFF36F8F27
:10773000012003B0BDE8F08FD1F8BC32D1F8C4927B
:10774000A3EBCC0330F8048C0093C1F8BC3209F1F0
:107750000103A0F108050CF10102C1F8C432B8F12F
:10776000000F3BD0A5EBC803DF88B3F802A0019758
:107770001F7806F00206FF0725D42EBB019EA6EB5C
:107780000A06012E2AD1009E0CF10202A6F108077A
:107790005244C1F8C492C1F8BC7230F8028CB8F1FE
:1077A000000F1DD110F8085C20F8068C68F3000566
:1077B00000F8085C013A5A801A7868F300021A70DF
:1077C0000022DA803FE04EB110F8086C42446FF3BB
:1077D000410600F8086C00269E80DEE72B46DCE7B9
:1077E00005EBC809D1E9AD673744B9450ED310F8A8
:1077F000085C013A6FF3000500F8085C002520F8EA
:10780000065C5A801A7865F30002D8E715F83850FC
:107810004E4615F0010530D010F8085C013A6FF3C0
:10782000000500F8085C002592B220F8065C5A803A
:107830001A7865F300021A70C3F107023244C2F3EA
:10784000CF02DA80B280002C43D09C4241D86288BB
:10785000002A08BF1C46BEF1000F06D09E4504D387
:10786000BEF80220002A18BF7346C1E9B2438BF369
:107870001188BFF36F8F00205BE7A8EB0C08B8F10D
:10788000010FC9D1B9F80270A9F802501744B9F82C
:107890000620E2B109EBC2060025D1F8C422013A64
:1078A000C1F8C422D1F8BC22083AC1F8BC2210F8B1
:1078B000082C20F8065C6FF3000200F8082C1A78F8
:1078C0005F8065F300021A70002EB5D178E7164686
:1078D000E2E71C46BFE722202BE700BF9C4F0020B9
:1078E000002313B5019369B160B101FB00F401A954
:1078F00020461DF043FB014620B9019810B12246F5
:107900002AF0AEFB019802B010BDFEE7002307B5D8
:10791000084601A901931DF031FB019803B05DF801
:1079200004FB0846EAE608461146D9E7002303604F
:107930004360704730B5D0E9054553B394420FD04A
:10794000E2B9046974B9036983B3002918BF0D460D
:107950002B78DB0714D5AB8843B3A5EBC305F7E75A
:1079600004698CB141B904682378DB070CD5E3883E
:107970004BB104EBC304F7E70C46F5E79542E2D0C0
:10798000C0E9054530BD1C469542DCD0002ADAD05E
:10799000F6E7944208D08C4228BF0C46954207D0A7
:1079A0008D4238BF0D46EBE70C46F7E71D46E7E78B
:1079B0000D46E5E700232DE9F3478B4E0193D6F8FA
:1079C000B8320C469A42104604D239B912B101A914
:1079D0001DF0D4FA019802B0BDE8F0871AB9084644
:1079E000FFF78CFEF6E7EFF31187302383F311885E
:1079F00034F8063C07304FEAC30820F00705A845D5
:107A0000A1F108017ED234F8020C002868D0C21A15
:107A1000012A65D101EBC00211F83000C0075FD424
:107A2000B2F802C0A8EB050919EBCC0958D4B9F19A
:107A30001F0F38DDC5F3CF03611924F8063C01336D
:107A4000084624F8023CFFF771FF34F8020C4FEAB5
:107A5000D9038880D0884B8010B3B2F802C0A0EB65
:107A60000C0C1CFA83F39BB202EBC000CB8083802A
:107A700000235E48FFF75EFF1046FFF757FFD6F87A
:107A8000BC32D6F8C0222B44A3EB080393420194E6
:107A9000C6F8BC3233D887F31188BFF36F8F99E7EC
:107AA0000023CB80E4E7D6F8C40201330138C6F8DE
:107AB000C402D088634424F8063C68B1B2F802C01E
:107AC000A0EB0C0C1CFA83F39BB202EBC00024F871
:107AD000023C83800123CCE7002324F8023CF9E731
:107AE000284601A91DF04AFA0028D4D14246214671
:107AF00001982BF0E3F92046FFF700FECBE7C6F82C
:107B0000C032C8E76ED934F8020CA8EB050900F1C1
:107B1000FF3AAAEB030A002839D011F8303001EB04
:107B2000C002DB0734D4BAF1000F31D1C5F3CF0363
:107B3000611924F8063C0133084624F8023CFFF79B
:107B4000F5FE508800EBD90334F8020C4B80888096
:107B5000D088D0B1B2F802C0A0EB0C0C1CFA83F3B1
:107B60009BB202EBC000CB80838020480023FFF74C
:107B7000E1FE1046FFF7DAFED6F8BC3201941D4450
:107B8000A5EB0805C6F8BC5285E7C880EDE70246BC
:107B9000B9F1270FF0D9C5F3CF03611924F8063CDA
:107BA0000133084624F8023CFFF7C0FE34F8020C0B
:107BB00009F1FF33DB084B8088808AB10AF1010AA2
:107BC0001AFA83F39BB2CB809380D6F8C43207486D
:107BD0000133C6F8C43200231A46FFF7ABFECBE7E9
:107BE000CA80F2E7019456E79C4F002050520020D3
:107BF000BFF35F8F074B5A6A22F480325A62D3F880
:107C0000942022F00102C3F89420BFF34F8FBFF3FA
:107C10006F8F704700ED00E00122014B1A70704732
:107C20009C4F0020364B70B51D6F15F001013CD004
:107C3000012203F50053334C1A6794F8F03213B362
:107C40002BF0A2FCD4F8F432C01AC4F8F802D4F82D
:107C5000F8320BB1D4F8F812C4F8F8124FF41671D8
:107C6000D4F8F832284BD4F8F8221B684B43274944
:107C700003F5742303F23F23B3FBF1F3934220D2C5
:107C8000002384F8F03294F8FD3273B194F8FE3298
:107C90005BB12BF01DFC002384F8FE3284F8FF3228
:107CA000012384F8003384F8013315F000521CBF1F
:107CB000174B1A67002DBEBF4FF00042144B1A67D6
:107CC00070BD94F8FC321348D4F8F81250F8232011
:107CD000114E511A3268521AD4F8F812326040F834
:107CE00023100A210932B2FBF1F20C480133DBB256
:107CF0000260B3FBF1F201FB123384F8FC32BFE700
:107D00000040005A9C4F00202011002040420F00EC
:107D10000060005A2C11002028110020241100209E
:107D200038B50B4D134604460A460146284607F06F
:107D3000F3FA022808D048B994F83030EA181C3316
:107D400082F8640045F82300012038BD0020FCE7DC
:107D5000340D002038B50D461C466B780499013B64
:107D6000042B79D8DFE803F0032B783D6200AB7871
:107D7000092B01D9022038BDEB78002BFAD0374C03
:107D80000121374A04F5AE70FFF7CAFF04F5AE7063
:107D90001EF0FAFEAB7843B984F88130A87884F8F5
:107DA000DC00FFF71AF8FF20E5E7EB784FF47A7173
:107DB00004F5AE7084F8813007F0CBF8EEE7FEF7FB
:107DC00079FC0028D6D17323237003236370234BDF
:107DD00093F8DC2093F88130A270E37004230B70D9
:107DE000E1E71E4C94F85831022BC3D0AB885ABA45
:107DF000A4F85421002BBDD043880021A4F85631AB
:107E0000AB78184AA4F85031EB7804F5447084F844
:107E100052310223A4F80C1384F85831FFF780FF85
:107E2000282104F5447007F094F8BCE7FEF742FC03
:107E300000289FD1732306222370084B6270B3F889
:107E40005001A07093F85801B3F80C33E070180A91
:107E5000207163710A70A6E700208CE79C4F002018
:107E6000116F0008ED970008F8B505460E46064C60
:107E7000064FBC4200D3F8BD31462046A847002833
:107E8000F9D12834F5E700BF9063000810660008B8
:107E900030B50A4BABB00446A822002168461D68E5
:107EA0002AF0DEF8652300226946A8688DF80030C4
:107EB0008DF8044006F0EBFF2BB030BDDC0A00204B
:107EC00008B50420FFF7E4FF0022094B1A70094BA4
:107ED00093F850235AB983F8782083F8792083F8EF
:107EE000512305490548BDE808401DF04DB908BDBE
:107EF000D70E00209C4F0020909E0020099600087D
:107F000013460A460146024800681BF049BF00BFFD
:107F1000D80D002013460A460146024800681BF0AF
:107F2000FDBF00BFD80D002007B500210848FFF7AE
:107F30009BFF0422074B0DEB020100200193FFF78A
:107F4000E9FF002113201FF05AFC03B05DF804FB89
:107F50006967000800140800F0B40C460025FF27EC
:107F600001F12D0622460523012812D192F800C006
:107F7000BCF1000F0FD0013B13F0FF0302F103022D
:107F8000F2D10F34A642EDD145B1F0BC2D22012033
:107F9000C0E70028EFD101251770ECE7F0BC70476F
:107FA0002DE9F0474FF0000805468EB02D224146DE
:107FB00002A8CDF804802AF053F8022D4A4C11D0C3
:107FC000032D49D0012D09D1484B2946186801AA33
:107FD0001CF022FF10B9019A2D2A7FD0284602A951
:107FE000FFF7BAFF02A92D220120FFF789FF4FF00A
:107FF000060800214FF01E0E3D4E02AB3546002014
:108000000EFB01FCC1EB011700EB400213F80290DC
:108010003A44A5F8009008FB00C938326A4412F8C7
:108020002FACA14489F81AA012F82E2C0130C2F30B
:1080300040190528C2F3030285F804906A7105F11E
:108040000605E1D10131032906F11E0603F10F03F4
:10805000D4D10EB0BDE8F08741464FF006094FF08D
:108060001E0E04F1180602AF354600200EFB01FC7F
:10807000C1EB01182B8800EB4002BB54424402F1D3
:1080800038030DEB030A09FB00C323449B7E013038
:108090000AF82F3C02AB1A442B7995F805A05B0136
:1080A0000AF00F0A03F0200343EA0A0392F802A041
:1080B00005282AF02F0A43EA0A03937005F1060502
:1080C000D8D10131032906F11E0607F10F07CBD1E4
:1080D0002D2202A90120FFF71DFFBAE7284602A9B9
:1080E000FFF70EFF7AE700BF9C4F0020D80D00205D
:1080F000B44F00200120024B83F8BE0050E700BFC0
:10810000E09D002000204BE7012202490B200A706D
:1081100000E700BF0C07002073B51C464B780546EE
:10812000042B069E29D0052B14D0012B46D1FEF737
:10813000C1FA10B1022002B070BD02231F22A37049
:108140006370832322715B22E370052322703370F6
:10815000FF20F0E7FEF7AEFA01460028EAD1A72299
:10816000E01C29F07DFF5B23237006236370144B12
:108170001B78DB01A3700323E9E78B780122DB097D
:1081800001A90B208DF80430FFF7C4FE9DF80420F0
:108190000B4B0C491A700023C1F85233C1F8563307
:1081A000C1F85A332B6801F252310B606B680648F4
:1081B0004B60AB688B601CF0E7FFC9E70020BAE7B3
:1081C0000C0700209C4F00209996000837B500212D
:1081D000154D0123286801AA8DF800108DF80410B0
:1081E0001BF0DEFD044650B9012201A90B208DF8D9
:1081F0000420FFF78FFE214628681DF019FC01229C
:1082000069460B20FFF77CFE50B99DF80020074B14
:108210001A700121064A0748FFF782FD03B030BDFE
:10822000FFF772FFF5E700BFD40D00200C07002018
:10823000F57200081007002007B501224FF43670D0
:108240000DF10701FFF75CFE60B11BF0CCFC00F004
:108250003F008DF8070001224FF436700DF1070141
:10826000FFF758FE9DF8070003B05DF804FB0023FC
:1082700010B5044C84F85E33FFF7DEFF84F85F032B
:1082800010BD00BF9C4F00202DE9F0439846294BBC
:108290000446D3F800900D46D9F8183016461878E1
:1082A000BFB0002841D057683B7903B99370AA2D1D
:1082B0003ED8ACB1B378BA780BB9510610D0602172
:1082C00004F8041C0D2104F8023C02F08003C2F300
:1082D0000602134304F8031C04F8013C0435043C73
:1082E000F8220021684629F0BBFE01238DF80030FA
:1082F00033788DF809508DF808303B882A46ADF860
:10830000B430737821468DF8B8307B790DF10A00CE
:108310008DF8BA30CDF804802AF0D0FD4FF47A629F
:108320006946D9F8000006F0B2FD3FB0BDE8F08321
:108330000220FAE7DC0A00204107034607D482073F
:1083400007D410F0010005D1DB0998007047032025
:1083500070470220704738B50D465E2104461FF075
:10836000DBFA2A0603D5982120461FF0D5FA6B07C1
:1083700003D09F2120461FF0CFFA8CB185212046E3
:108380001FF0CAFA8E2120461FF0C6FA5921204656
:108390001FF0C2FA6C212046BDE838401FF0BCBA7D
:1083A0005521F8E7024B1B689B691879704700BF9D
:1083B000DC0A0020F8B5064607980D4617461C460D
:1083C00020B19DF820202AF0BCFDE8B9FFF7EAFFB4
:1083D000FFF7B2FF48B1B0420CD1BCB129462046EC
:1083E0009DF818202AF0ADFD70B9A5F12003584280
:1083F0005841F8BD042809D1722D07D1042F05D1A9
:10840000B6FA86F04009F4E70120F2E70020F0E731
:10841000002070472DE9FF41104B05465F6893F837
:1084200000800F4B0E461B6814469B69DB889BB18E
:10843000FFF7B8FFFFF780FF70B10A4B1A782946A3
:1084400002925B683246CDE9008320463B46FFF747
:10845000B1FF04B0BDE8F081034BEFE7DC0C002076
:10846000DC0A0020D40C0020CC0C002008B5024609
:10847000FEF788F902281DBFB2FA82F040094000D9
:10848000012018BF013008BD10B5104C94F86033BE
:10849000022B17D194F8611394F862034B1C84F8F3
:1084A0006133FFF7E3FF81420CD2002104F55970DC
:1084B000074AFFF735FC04F559700A21BDE8104062
:1084C00006F047BD002384F8603310BD9C4F0020A8
:1084D000C59A00082DE9F0430D4685B004461646BE
:1084E0000021102268461F4629F0BAFD012D61D8EF
:1084F000012C37D1002D5DD12846FFF7B7FFA042F0
:1085000058D3032F04D0042F47D1F378002B44D144
:108510005A221E2315FB02F213FB0423264A4FF0B6
:10852000FF0902EB03080422013CE4B23378D7B21E
:10853000852B03D118F8023C012B06D03A46294678
:10854000204628F8069CFEF75DF97A1E52B2531CAD
:10855000A8F10608EAD10320FFF722FD012005B0AB
:10856000BDE8F0832846FFF781FF002CC7D18E239A
:108570003A4668463146FEF733FA2046FFF776FF63
:1085800001240546AC42E6D822466B4600213078ED
:108590000134FEF77BF9E4B2F4E768463A46314627
:1085A0008E23FEF71DFA0346224629463078FEF751
:1085B0006DF9D0E70020D2E7B44F00202DE9F74F46
:1085C000804614469A46FFF751FF0F46897881424C
:1085D00000D809B90123BB70BE7841463046FEF78A
:1085E00043F93B785A212370BB780022A3701E23E5
:1085F00018FB01F113FB0613354DE0701D44AC462A
:1086000013462271D1B2884207D83A78852A17D00A
:108610008E2A18D00533DBB230E03CF81E1CFF294F
:10862000F3D01CF81AEC0132BEF1010F1FBF04EBAE
:10863000030E01338EF80510DBB20CF1060CE1E7F6
:1086400003226270E6E7032200271E214FF05A0C36
:1086500062704FF0060B3A46013E71430CFB08FC7A
:1086600003F106090191F9B281420CD3002AD1D05D
:1086700000211C4406331A446171D3B28AF80030D9
:1086800003B0BDE8F08F35F81E1CFF29EED015F8B9
:108690001AECBEF1010F18D104EB020808F809101A
:1086A00001990C4E0BFB071161443144897E02F1A4
:1086B000010E01F08008C1F30601023254FA8EFE69
:1086C00048EA0108D2B20EF8098001370635CAE738
:1086D000B44F00209C4F00200129F8B505461746ED
:1086E0001E4626D838B30846FFF7C0FEA84222D35C
:1086F0005A2211FB02F41E226B1E02FB03440F4B95
:10870000284623443B60FEF7AFF800230621307073
:10871000DAB2904207D901FB03F43D6801332C5BC8
:10872000FF2CF5D132703078B0FA80F0400940006B
:10873000F8BD0620FCE70720FAE700BFB44F002091
:108740002DE9F04FB2F800A00546BAF1E80F0F4648
:108750001646994687B018D8FEF714F8022818D1A3
:10876000012D12D10023284604938DF80F3004AA5E
:108770000DF10F03FFF7B0FF9DF80F304BB1012B48
:1087800003D1049B1B88012B03D0002007B0BDE858
:10879000F08F39462846FEF767F84FF000088DF84D
:1087A00014904FF05A09B3781E26ADF81280ADF838
:1087B00010A08DF812300446FFF7F4FDFFF7BCFD62
:1087C00017FB09F9013D06FB0596DFF8CCA08DF8F3
:1087D00015005644444540DC1E21062001FB05F3EC
:1087E000621ED2B200FB02335A2202FB0733294A2F
:1087F00013441B8BFF2BC8D15A23012C98BF002494
:108800004FF0060B01FB05F503FB07F7DFF884804B
:1088100088BF023CA944E6B20BFB06F606EB090052
:108820002E443E444644338B06F11802FF2B50443D
:1088300001920FD004A9FEF7BFFC002819DD631CCC
:10884000DBB20BFB0353B1693B444344019A99618A
:1088500092889A83013CDED50CE03388FF2BBBD095
:10886000304604A9FEF7A8FC063680B108F10108DD
:10887000B0E7EFD006230134E4B203FB0488049888
:10888000BDF81430C844C8F81800A8F81C300120FE
:108890007CE700BF9C4F0020B44F00202DE9F0473B
:1088A000054686B00E4617460021102202A89846BB
:1088B00029F0D6FB2846FFF7D9FD012D03D900206A
:1088C00006B0BDE8F087B478012C48D1002DF6D170
:1088D0008442F4D843463A46314602A8FEF780F86F
:1088E00029462046FDF7C0FF9DF80C909DF81480A6
:1088F00009EB08078742E2DC002FE0D000270124C3
:10890000BA46FBB299450ED9029B8DF806A0DB5DF5
:10891000ADF8043033B300232946B07801AAFFF73D
:108920000FFF00BB04460027FBB2984512D9049BF9
:1089300003EB4702527813F817308DF80620ADF894
:10894000043093B101232946B07801AAFFF7F8FE5D
:1089500060B904460320FFF723FB2046B0E7002C54
:10896000ADD0B5E71C460137CBE71C460137DBE746
:1089700070B51C464B780546013B049E0A2B4AD82D
:10898000DFE803F01506491E2949494949493B00DA
:108990002846FDF78FFE08B1022070BD287A3346C5
:1089A000224600F07F00FFF709FEFF20F5E7287A56
:1089B000852300F07F00FFF771FF0028F5D1EBE77A
:1089C000022AE9D913460A46287A00F07F019078F6
:1089D000FFF780FDF1E72846FDF76CFE0028DBD1AC
:1089E000852323700623287A637000F07F00FFF749
:1089F0003DFDA07003233370D7E72846FDF75AFEEC
:108A00000028C9D1852323700C236370034B93F88E
:108A1000BE30A370EEE70020BFE700BFE09D00205E
:108A200070B51D464B780446013B049E042B3DD88F
:108A3000DFE803F012033C1B2A002046FDF73AFE54
:108A400008B1022070BD207A33462A4600F07F002C
:108A5000FFF7B4FDFF20F5E7207A8E2300F07F00BA
:108A6000FFF71CFF0128ECD1F4E7022A04BF002322
:108A70008B7013460A46207A00F07F019078FFF74A
:108A800029FD0028E6D1DCE72046FDF713FE00288B
:108A9000D7D18E232B700623207A6B7000F07F00D5
:108AA000FFF7E4FC0323A8703370D3E70020C9E785
:108AB000094930B5D1E9E9345D1DB3FBF4F204FB9B
:108AC000123201EB8202D2F8AC03013308B9AB4297
:108AD000F3D1C1F8A43330BD9C4F0020084B0022D5
:108AE000D3F8A81310B5084603F56B738A4200D17A
:108AF00010BD53F8044B04B901380132F6E700BF4A
:108B00009C4F0020002373B5454C94F8C12384F892
:108B1000C0331AB184F8C13302B070BD94F8C223D7
:108B20008AB1D4F8C8339A1A5342534184F8C733F0
:108B3000B4F8CC33A4F8C43300B1807884F8C60309
:108B40003848FDF7CBFD94F8C263D4F8C8339E4291
:108B5000E2D2D4F8D03394F8D4535A789B788DF875
:108B6000002045F001028DF801208DF80230FFF75A
:108B70009FFF01902EB9AB0744BF45F005058DF866
:108B800001500388284DA4F8CC33A4F8C43394F8DA
:108B9000D53313F0070F31D094F8D63373B390F96F
:108BA0000230002B2ADB1CF0DDFCEB7904350433AA
:108BB000C4F8D853C4F8DC331C4B6A46D4E9F60138
:108BC000FFF762FB94F8D633054633B10021042346
:108BD0004FF47A72084620F079F8C5B1022384F880
:108BE000C633FFF77BFFB0FA80F0400984F8C70373
:108BF0000C4802B0BDE87040FDF770BD1CF0B2FC3F
:108C0000EB79C4F8DC330A4BC4F8D833D4E701233A
:108C100084F8C03394F8C233013384F8C2337BE75D
:108C20009C4F002060530020240E0020058B00087C
:108C30002C0E002038B51F4D0446B5F8CC33038008
:108C4000837843B1FFF74AFFB0FA80F04009E07043
:108C50002046FDF743FD95F8E0338BB9FFF73EFF63
:108C6000C5F8C803F8B11CF0F5FBB5F8CC33012802
:108C700023800CD0022815D12046BDE8384041E7BA
:108C80001CF036FBB5F8CC330128238008D1022331
:108C9000A370FFF723FFB0FA80F04009E07004E012
:108CA0000228DBD038BD0123E3702046BDE8384000
:108CB000FDF714BD9C4F002007B5084B8DF806004A
:108CC000B3F8CC3301A8ADF8043001238DF8073098
:108CD000FFF718FF03B05DF804FB00BF9C4F0020B6
:108CE0002DE9F0430025B7B09A4CC422002105A815
:108CF00029F0B6F9D4F8E40305A9CDE903550195A7
:108D0000ADF808502CF048FC012801AE40F01E815F
:108D1000059BBDF8C420C4F8EC3384F8E8039DF843
:108D2000CC30B2B39DF8D11009B18DF80D008DF89B
:108D30000E30003B18BF01239DF8CE10ADF8042083
:108D40009DF8CD208DF80C109DF8D01002F07F0218
:108D50008DF808309DF8CF3042EAC1128DF8062018
:108D60008DF809309DF8D4107B4B03AA06A8049611
:108D7000FFF78AFA002800F09280BDF8C4306846F8
:108D8000ADF800304FF48173ADF8023000F032F9E5
:108D900085E02521329A84F8F11384F8F233002B10
:108DA000EBD12AB11678002E7CD15378012B79D1E2
:108DB0006A4B002101201A1FFFF78EFC0028DCD12E
:108DC0000125674B9DF8D47083F8BE5094F8F833B2
:108DD0009DF8D19084F8F053002BCED0002FCCD04A
:108DE000604E3578002DC8D1DFF88C813A4606A94F
:108DF00040462AF063F8584BC4E9F687E3605A4BC3
:108E000084F8FC53C4F8D0331CF0ACFB94F85F3307
:108E1000013303F03F0384F85F338DF80030FFF730
:108E20000BFA9DF80030834205D0012269464FF4C9
:108E30003670FFF76FF84D4B4D4D1B68EF71C4F85E
:108E400000349B6984F8FC731B7984F8D69384F80A
:108E5000D5335B0702D0B9F1000F57D11CF082FB6C
:108E6000EB79C4E9F68305210023D4F8D023C4F8B4
:108E7000A81352683F4984F8C03384F8C133C4F85A
:108E800004341088FF284BD1C4F8A8330025A4F877
:108E9000CC531CF02DFA00284AD10123337037B08F
:108EA000BDE8F0830023D4F814C09CF804E0DDB2E0
:108EB0007545BFF462AFDCF800701901795C07EB0F
:108EC0000310B1420BD1577841788F4207D100216E
:108ED00090F802809DF81890CFB2B84501D80133C0
:108EE000E5E7476817F811700131B945F4D102354B
:108EF000EDB2FF2D3FF441AF184B002128461A1F59
:108F0000FFF7EAFB00283FF45CAF36E71CF02AFBD2
:108F1000EB7904350433C4F8D853C4F8DC33A2E742
:108F20000133052B41F8042B02F10602A9D1ADE76C
:108F300001283FF422AF1CF08DFA0028ADD00128A3
:108F40003FF41BAF2846FFF7DDFDA6E784F8E853A2
:108F5000A5E700BF9C4F0020199000089453002003
:108F6000E09D0020D60E00208C530020DC0A00205B
:108F7000240E0020485300202C0E00200022044B19
:108F800083F8E32193F8E83303B9A9E6704700BFFB
:108F90009C4F002038B5154B054693F8E231012B64
:108FA00001D9FFF7EBFF124C237D0133DBB2092B14
:108FB00023750ED8B4F89800013080B21BF0FEFE85
:108FC00010B984F8A90038BD2846BDE838401EF025
:108FD00088BA94F8AC300420FF2B04BF012384F836
:108FE000AC30BDE83840FEF779BA00BF9C4F002096
:108FF000E09D002010B5074CD4F8EC3303B198473E
:1090000094F8E33113B9BDE8104069E6002384F811
:10901000E83310BD9C4F0020C37803B1EAE77047E6
:10902000094B70B5596F0246002328250C8898B269
:10903000844201D8002006E005FB03F04E680133AE
:10904000305A9042F3D370BD9C4F00201FB5019160
:1090500003A904461CF0A0FA18B1039A019B9A4296
:1090600008D0042220460DEB0201FEF753FFB0FAB0
:1090700080F0400904B010BD70B5002428260C4DC6
:109080006A6FE0B21188884206D300220120094BA2
:109090001A70094B187009E05368013406FB00335D
:1090A000D9695868FFF7D2FF0028E9D170BD00BF29
:1090B0009C4F0020D10A0020D90A0020F7B50025D6
:1090C0002827134E134B7367736FAAB21988914206
:1090D00001D803B0F0BDACB27C435B6801A9234466
:1090E000586800931CF058FA736F5B68234430B9DA
:1090F000D969009B5868FFF7A9FF0135E4E75B6A6F
:10910000002BFAD0684698470028F6D00199F0E77E
:109110009C4F0020346403080B4BF0B45A6F28278F
:109120000023168899B28E4202D80020F0BC704706
:1091300007FB03F1556801336C18695A8142F1D17C
:10914000E1696068F0BC81E79C4F0020084BF0B5F6
:10915000596F0246002328250C88D8B2A04206D2B7
:1091600005FB00F64F680133BE5B9642F5D1F0BDBA
:109170009C4F002010B50C46FFF7E8FF0B4B5B6FD0
:109180001A8882420DD92146BDE810405B6800B2C2
:1091900000EB800003EBC003586841F8043B1CF06F
:1091A000FBB90023C4E9003310BD00BF9C4F002071
:1091B00007B5FFF7CBFF0B4B5B6F1A8882420DD9C7
:1091C0005B6800B200EB800003EBC003586801A9A4
:1091D0001CF0E2F9019803B05DF804FB0023019351
:1091E000F8E700BF9C4F00200D4B4FF0280C5A6F42
:1091F0000023F0B417889CB2A74202D80020F0BC2C
:1092000070470CFB03F5566801337419755B854292
:10921000F1D1606841F8044BF0BC1CF0BDB900BF4F
:109220009C4F002003289DBF034B03EB8003D3F822
:10923000B0000248704700BF8C630308DC5E03087F
:109240000B289DBF034B03EB8003D3F8C0000248FB
:10925000704700BF8C630308EC5E030810B51C4820
:1092600098B090F8782072B390F8793063B36424A2
:1092700090F8511312FB04F211BB5108FF2B08BFE9
:109280000023521A90F80844C4B1FF24ADF80440FA
:1092900064248DF8074002248DF8084004248DF8DA
:1092A0000C40002404918DF814400692179329B1C4
:1092B000012380F8503301A805F078FE18B010BDE6
:1092C00011FB04F1DAE713461A461946DAE700BF44
:1092D0009C4F00202DE9F8430D466E788046022E03
:1092E00017461C4608997CD0042E00F0B580012E4C
:1092F00040F0CE80674C0E2204F20A490021484615
:1093000028F0AEFED8F80030032FC4F80A34D8F89D
:109310000430C4F80E34D8F80830C4F8123408D138
:1093200028461BF0BDFF0646012E45D1FF20BDE8B3
:10933000F88341D903230421EA7802F01F0213FBCA
:109340000213BB4238D8002AEAD000239846994637
:10935000194618461F4695F804C0BCF1500F2DD190
:1093600095F805E095F806C0BEF1040F28D0BEF1CF
:10937000050F29D0BEF1030F12BF00266146012060
:109380000137BA4205F10305E5D8A8B1B9F1000FDC
:1093900012D099424FF0500584F8781084F8798003
:1093A00014D2002384F85133FFF758FF3A493B4861
:1093B00084F816541BF0E8FE0220B8E70026DFE729
:1093C000E0464FF00109DBE76346D9E784F8513303
:1093D000FFF744FF3049314884F816541BF0D4FE9F
:1093E000A2E7FDF767F902460028E5D1022F08D170
:1093F0008723032223706270FDF760FBA0700A7060
:1094000094E7D9D9AE7887230325502E2370657051
:1094100018D1FDF753FB1F4BA07093F87820E5702F
:10942000A2710422227293F8792093F85133627268
:10943000052223730D2326716571E671A672E2720F
:109440000B7073E7FDF73AFB0123A070E370227104
:1094500007236271A271F3E7FDF72CF90028ABD165
:10946000022FA9D98723AA7823700523502A637075
:1094700000D04AB95023A3700023E3700123237165
:10948000382363710623DBE7A070E0702071D7E713
:1094900000204CE79C4F0020A653002009960008AE
:1094A00010B5084B024693F88040D86F0023D9B21C
:1094B0008C4201D8002010BD017B01339142FAD0CB
:1094C0005C30F4E79C4F002007B58DF807000DF1E4
:1094D0000700FDF781FB40B19DF80700FFF7E0FFB3
:1094E000406B632828BF6320C0B203B05DF804FB63
:1094F00037B58DF807000DF10700FDF76DFBE8B1FA
:109500009DF80700FFF7CCFF806C28F09BFA0FA3B3
:10951000D3E9002304460D4628F07CFD68B1002203
:10952000094B2046294628F00FFC27F0F7FE7F283C
:1095300006D93C23B0FBF3F07F30C0B203B030BD9E
:10954000012838BF0120F8E7000059409A999999FD
:109550009999B93F07B58DF807000DF10700FDF7A0
:109560003BFB40B19DF80700FFF79AFF006B6328B3
:1095700028BF6320C0B203B05DF804FBF8B50F4606
:1095800016461D460446FFF7E5FF38702046FFF7F4
:109590009BFF30702046FFF7ABFF2870F8BDF0B599
:1095A0000D4606461C461746B3B0C022002102A84D
:1095B00028F056FD2A46314602A88DF8C45001977E
:1095C00029F07CFC23462DAC03F1100522461868D7
:1095D0005968083303C2AB421446F7D10023094C43
:1095E0001A46D4F8E40301A92AF0E8FF40B194F840
:1095F000E83323B994F8E3310BB9FFF771FB01208D
:1096000033B0F0BD9C4F002030B50D46ADB0AA225E
:109610000446002101A828F023FD40F287332A7B6D
:10962000ADF80430502A2AD1FDF748FA03238DF80B
:1096300007304FF454738DF80B200422ADF8083036
:10964000134B8DF806008DF80C2093F8792093F8D1
:1096500078108DF80D204FF4AA628DF80A100D21B4
:1096600093F85133ADF80E208DF810300123094ADC
:10967000637301A82346FFF792FF2DB030BDFDF7BD
:109680001DFA012307218DF806008DF80730EDE75C
:109690009C4F00203D6F000810B5ACB00446A722D7
:1096A00000210DF1070028F0DBFC40F25B63ADF810
:1096B0000430074B03211B78064ADB018DF8063086
:1096C000012301A863732346FFF769FF2CB010BD87
:1096D0000C0700203D6F000830B504460D46ADB0C4
:1096E00039B3A82200210DF1060028F0B9FC262389
:1096F0008DF8043003232D7B8DF805302846FFF7C5
:1097000029FF8DF806002846FFF7DEFE8DF80700DA
:109710002846FFF7EDFE01238DF808006373002251
:1097200023460521257201A8FFF739FF0020FDF728
:1097300005FC2DB030BD70B583782A4CB0B023B98C
:10974000B4F80C330133A4F80C3327481DF01CFA8D
:10975000B4F854315BB1013B9BB2A4F8543133B13E
:109760002821214830B0BDE8704005F0F2BBB4F8C4
:109770000C530E22003D18BF012500210DF10600FB
:10978000B4F80C6384F8585128F06AFCB4F85631E8
:1097900076BAADF8043025238DF80E30FEF702FEC0
:1097A000FEF7CAFDA4228DF80F0000210DF11A006A
:1097B00028F056FC40F27363ADF81430B4F8503121
:1097C00000228DF81630012306218DF8113005A8EE
:1097D00001AB8DF81750ADF81860FFF7E0FE30B020
:1097E00070BD00BF9C4F0020AC52002010B5124B42
:1097F000C0B01B68F822002102A81C6828F030FCC9
:109800000B238DF808300D4B204603930C4B02A917
:10981000B3F8502193F85231ADF8102000228DF8A2
:10982000123005F034FB012804D1064B01A8019346
:10983000FFF781FF40B010BDDC0A00203797000819
:109840009C4F00200000020273B500250C4C2946F5
:1098500004F583664FF47572304684F8E85384F853
:10986000E35128F0FDFB3246C421009504F2EC736D
:1098700005202BF028FDC4F8E40302B070BD00BF42
:109880009C4F002030B5A5B08822002102A828F006
:10989000E7FBFF238DF80830284B1C68E06802A91D
:1098A0002BF07AFE012801D025B030BD9DF808309C
:1098B000C32B19D0C42B3ED0C02BEFD19DF8103054
:1098C000002BEBD0039B002BE8D00022ADF8042046
:1098D0009DF8112001A88DF8062002228DF807209E
:1098E0009847FCF747FFD9E79DF80C30ABB9A3695F
:1098F0001A781AB11879FEF71FFD50B1FEF714FB64
:10990000A3691D782DB9FFF79FFF0D4B1D701DF04A
:10991000DAFF32201DF0F2FFE3E7052B03D13920F7
:109920001DF0ECFFBAE7072B01D13220F8E7082B36
:10993000B4D13020F4E73820F2E700BFDC0A002081
:10994000DC0D002043880B800379C3F306034B72C0
:10995000037913F07F0318BF01230B734378CB7295
:10996000037813F0020F0CBF252327238B72037A91
:10997000C3F306030B7200234B73704770B50C469C
:1099800091F8BD60B8B0324649792079FEF742FDC2
:10999000002840D0002594F8B02094F8AE308DF81F
:1099A0000C20B4F8B8208DF82030ADF80E20B4F8B3
:1099B000BA200DAB29461846CDE904558DF80D6047
:1099C000ADF8122003AEAA2204340696079428F0BC
:1099D00047FB01A9CDE9010506A8FCF752FE0428C2
:1099E00014D09DF808408CB102280FD00E222946D1
:1099F0000DF1260028F034FB09A93046FFF7A2FF3D
:109A00002A460B4601982146FFF7C9FD38B0BDE84C
:109A10007040FCF7AFBE38B070BD00B5B1B0A62243
:109A2000002106A828F01CFB0E2200210DF10600E3
:109A300028F016FB214A01A902F63C00FFF782FF3D
:109A400040F25943ADF8143092F8603392F8610354
:109A5000991E4B424B41DB0192F8441843F001033D
:109A600001288DF8163001F07F0106D9536903EB08
:109A7000C1031B790133984202DD012382F861336F
:109A800092F86133012B8DF817300CD0526903F135
:109A9000805352F83120023B180102EB0313125C91
:109AA0005B788DF819208DF81A300A21044A01AB31
:109AB00005A8FFF774FD31B05DF804FB9C4F002052
:109AC00089840008A9E72DE9FF410A9E044617464C
:109AD0001D46FCF7EFFD00285ED14B78032B35D0F7
:109AE000052B5DD0012B58D1032F55D159232B7055
:109AF00002236B708B78012BAB700AD94D49227A07
:109B0000486902F07F0200EBC201097901318B4202
:109B100015DD0123484CAB70204629F020FA214680
:109B20000246281D29F0CAF9204629F018FAE870E3
:109B3000204629F014FA04303070FF202DE050F850
:109B4000322002EB031353F8184CE5E7394D95F832
:109B500060330BBB8B78227A13F0400F4FF0010378
:109B600012BF022185F86033CB78C2F3060285F874
:109B70006133236885F86223C5F83C3863682F4A4F
:109B800018BF85F860135360A3689360FFF745FF23
:109B90000028D2D185F86003022004B0BDE8F0812E
:109BA000CF78237A012F03F07F0305F1040819D938
:109BB000204A516901EBC30212790132974211DC4C
:109BC000CDF80480002BE7D10B6807F18052023AF0
:109BD00003EB02139C78404664002246596829F042
:109BE0006DF919E0CDF80480002BD5D1FEF7DAFB32
:109BF0000446FEF7A1FBD8B9114B124A002C08BF4E
:109C0000134601270293104801AB02A90393FEF704
:109C10002BF9019CA4EB0804002CBDD059232B7018
:109C20000623E4B2EC7004346B70AF70347084E7D8
:109C3000064BE6E79C4F0020FC5E0308D857002047
:109C4000D40C0020CC0C0020B1670008DC0C0020F4
:109C50002DE9F04F4B7805460E2B0C46D5B013D8A6
:109C6000ABB1013B0D2B12D8DFE813F0310311002B
:109C70001100B7007B00110076025B021100280181
:109C80001100130011009501FD2B00F0238300202B
:109C9000D7E2884B10221B68B1F802809B69002133
:109CA00009A89F8928F0DCF92846FCF703FD064641
:109CB00008B10220C5E298FA98F005A980B2FFF732
:109CC00093FA4FF457630246ADF8A430A3782846C0
:109CD0008DF8A630E37809A92A968DF8AC608DF846
:109CE000A730FFF72FFE002A00F05281059BDB68AA
:109CF000D3B91C467D1FADB2B4FBF5F305FB13428F
:109D0000002A08BF013B002603F0FF03A6428DF89E
:109D1000A8300BD3FF2094E20134B4F5807FE9D062
:109D20001A5D002AF8D1E5E73446F9E7A71BAF42F0
:109D300028BF2F46059B3A46D9680DF1A90031444A
:109D400029F0BCF8791D002209ABC9B229A8FFF798
:109D500026FC0028ADD09DF8A8303E44013BDBB284
:109D6000D4E710228C7809A8002128F079F9B222D2
:109D7000002127A828F074F92846FCF79BFC00284E
:109D800097D1204605A9FFF72FFA20B9FCF771FEFD
:109D900005A9FFF729FA05994FF4CE63A1B9ADF8EB
:109DA000A4308DF8A64006AA2AA81DF0DFFB09A959
:109DB0002846FFF7C7FD00220B46082129A8FFF718
:109DC000EEFB0028A6D174E70A88ADF8A4308DF820
:109DD000A6200B7E8DF8A730E5E7CB7803F00702CD
:109DE000022A1ED8002A3FF464AFDB095AD109A920
:109DF0000993E01C1144013310F8015FDBB29A4271
:109E000001F8015DF7D800234FF028092A4E94F895
:109E100002E0716FB1F800C09FB2BC4504D80220C7
:109E200032E0042AE1D044E709FB03F84D6805EB72
:109E3000080090F820A01AF0020F31D135F8085030
:109E400075452DD1037E93427FF433AF28A9406836
:109E50001BF0A2FBD6F874900546D9F8040009A9B6
:109E6000404427901DF070FC00283FF422AF099970
:109E70002891D9F8043043445868FFF7E7F80028E0
:109E80003FF417AF681CC0B2736F1B88BB423FF42E
:109E900010AF01283FF40DAFA0780DF0C5F839E7F9
:109EA0000133B9E7A078FFF737F900283FF401AF95
:109EB000F2E700BFDC0A00209C4F0020A24B1022DA
:109EC0001B68B1F802809B69002109A89F8928F0CE
:109ED000C7F82846FCF7EEFB064600287FF4E9AEFB
:109EE00098FA98F005A980B2FFF77EF94FF437632E
:109EF0000246ADF8A430A37828468DF8A630E37862
:109F000009A92A968DF8AC608DF8A730FFF71AFDE5
:109F1000002A3DD0059B9B68002B37D11C467D1F36
:109F2000ADB2B4FBF5F35A1E05FB1343003B18BF5B
:109F30000123002613FA82F38DF8A830A642BFF45D
:109F4000E9AEA71BAF4228BF2F46059B3A4699684A
:109F50000DF1A900314428F0B1FF791D002209ABB1
:109F6000C9B229A8FFF71BFB00283FF4A2AE9DF859
:109F7000A8303E44013B8DF8A830DFE70134B4F54A
:109F8000807FCCD01A5D002AF8D1C8E73446F9E7C3
:109F9000092109AB12E7CB78B1F802A091F8029041
:109FA0001022002109A8019328F05AF800234FF04D
:109FB000280CDFF8A0B19AFA9AF6DBF87470B6B202
:109FC0003888DAB282423DD34FF000082846FCF7C9
:109FD00071FB00287FF46DAEBAF1000F3CD1FCF7A5
:109FE00048FD5A4AABF84A0809A92846CDF818A0F6
:109FF0000592FFF7A7FCB8F1000F38D1FCF739FD47
:10A000000023FF241A464FF0280EB7F800C0DDB237
:10A0100065457BD34FF47763002A18BF10460022B2
:10A02000ADF8A430019B8DF8A6908DF8A730030AF7
:10A030008DF8A9308DF8A8208DF8AA008DF8AB20F6
:10A0400009ABBAE60CFB02F2796801338A5A9642F0
:10A05000B7D14FF00108B9E7B8F1000F51D005A909
:10A060003046FFF7C1F8284609A9FFF76BFC00212D
:10A0700010222AA827F0F4FF4FF47763ADF8A4303C
:10A08000A378059D8DF8A630E3780DF1A9008DF831
:10A09000A7302B7E6A7E43EAC202013BDBB2032B70
:10A0A0008CBF00262A498DF8A82098BF5B1805F1BF
:10A0B0001002294698BF93F8F0601DF057FA2B7EE6
:10A0C0000DF1A902D4182046294605F114021DF00D
:10A0D0004DFA2B7E29461C4405F11C0220461DF03A
:10A0E00045FA6B88297E1B0A63546B88621853708B
:10A0F00095F820303146C3F380039370002209ABFA
:10A100005CE6284609A9FFF71DFC77E7796801336B
:10A110000EFB051149888D1BA542DCBF0A46ACB277
:10A1200075E749882479FCF7C5FA034600287FF4CF
:10A13000C0AD284649BA14FA81F292B289B255B03C
:10A14000BDE8F04F1DF023BADC0A0020E4570020E0
:10A150008C6303089C4F00204B880F795BBA9BB23D
:10A160000293002F3FF4A5AD91F805B00BF007085E
:10A17000B8F1020F4FEADB193AD8B8F1000F3AD024
:10A180000298FEF74DFF064600283FF492AD029B71
:10A190001F44BFB287427FF68CAD00283FF489ADE3
:10A1A00027A9FFF721F800283FF483AD279B93F8F8
:10A1B0002020910723D4B9F1000F34D130468742D3
:10A1C00001D9002840D1B8F1010F04D0B8F1020F35
:10A1D00018BF4FF004080023B14601930DF1240A83
:10A1E0004F4502D9B9F1000F3BD1019BFBB960E5A6
:10A1F000B8F1040FC4D0B9F1000FC1D159E55888A6
:10A20000C8E7304627A9FEF7EFFF80B1279B93F8F8
:10A2100020309A0705D43046FEF77EFF30460CF01A
:10A2200003FF279B5E88B74201D9002EE9D11BF0BE
:10A23000400F3FF46FAD01233A46284602991DF0C6
:10A24000A6F955B0BDE8F08F27A9FEF7CDFF00288D
:10A250003FF42FAD279B1A7E42457FF42AAD5888E4
:10A26000ADE727A94846FEF7BFFF279A92F82010CE
:10A270008B07C1F3400026D4A9EB060111FB08F1BE
:10A280000631CAF8000054FA81F10AEB080011F80F
:10A2900001CB00F801CD8245F9D110465146039219
:10A2A0001DF052FA039A70B1DAF800105068FEF708
:10A2B000CDFE40B148460CF0B7FE019B03F1010909
:10A2C0001FFA89F30193279BB3F8029088E7FEF702
:10A2D000D3FE76E50E2200210DF1160027F0C0FE18
:10A2E00005A92846FFF72EFB4FF67053A278ADF86C
:10A2F000A430E378FD2A8DF8A6208DF8A73009A9AF
:10A3000049D1072B32D10A46244B254813F8014B7B
:10A31000834202F8014BF9D110252423B5FBF3F455
:10A3200003FB1453DBB2002B18BF01340E46E4B21A
:10A33000002C3FF4ACAC242D2F4628BF24273146F7
:10A340003A460DF1A90028F0B9FD013C791DED1B3D
:10A35000E4B2002205ABC9B229A8EDB23E448DF8A3
:10A36000A840FFF71CF90028E2D1A2E4082B12D183
:10A370000C4B0D4AD8B213F8014B93420C54F9D14F
:10A380000A4B0B489A1F13F8014BD2B283428C54EC
:10A39000F8D16125C1E70025BFE700BFE0E307086A
:10A3A000F0E3070800E407085AE4070860E4070838
:10A3B00067E407082DE9F04FB3B080460C46174616
:10A3C0001D46DDF8F090FCF775F9002840F0188282
:10A3D0004E78731E092B00F22E82DFE813F00A007C
:10A3E0002C02F5002C022C022F002C02DC012C0286
:10A3F00021027A232B70022363226B700023EA7000
:10A400001846AB70FCF7A4FF020A2A71FF222A72D9
:10A410004FF6FC72AB71EB716B72AD4B68711B68E0
:10A420009B699B89063B1A40C3F30723AB72012348
:10A430002B730D23EA7289F8003013E0A54D3A46DC
:10A4400041F60F5004F0FAFC2B7C94F802A0022B8A
:10A4500094F80390A04E09D096F8E231012B01D96F
:10A46000FEF78CFDFF2033B0BDE8F08F48B196F8C1
:10A47000E231012B01D9FEF781FD002385F8AC30D4
:10A48000F0E74FEA0A2303F4FE439944B5F8983005
:10A4900028750133994503D0012385F8AC30DBE7FB
:10A4A00096F87038063FFFB2BB424FFA8AFA02D0E4
:10A4B000BAF1000FF0DA95F8A91089B9A82205A819
:10A4C00027F0CEFD45238DF81430814B4FF4FA72FE
:10A4D0001B6805A9986804F0DAFC012385F8A93007
:10A4E0007E481CF0FEFF96F8E2317D48012B04F116
:10A4F000040496F8703826D995F8ADC03A4621463E
:10A500000CFB030028F0DAFC95F8AD80B5F89A0052
:10A5100008F101083A4621465FFA88F885F8AD80CF
:10A52000A5F8989004F08AFCBAF1000FA5F89A00FB
:10A5300034DA6B8A834213D00023092085F8AC30CB
:10A54000FCF7CCFF88E709F1FF3803FB08F8214648
:10A550003A4628F0B3FC394640461BF08FF9D3E762
:10A5600096F8E231012B0ED9FEF708FD95F8AD30D3
:10A5700096F870085A1E02FB0071A9EB03035843BA
:10A5800089B21BF07BF96421564804F0E2FC0128F3
:10A590007FF468AF0820FCF7A1FF63E796F8E2318B
:10A5A000984501D20520F6E7012B0BD996F87008E3
:10A5B000A9EB080908FB00F100FB09F01BF05EF9AC
:10A5C000FEF7DCFC0720E6E71022002101A827F0B7
:10A5D00047FD0A2F237A1AD8002B57D14FF6FC7566
:10A5E0003B4B1B689B699B89063B1D406288A38887
:10A5F000B2F5C64F374F06D10020FCF7A9FE5BBA73
:10A600009BB2834257D0002687F8AB6002E0B4F8D3
:10A61000095023B30120FCF761FFB222002105A8F5
:10A6200027F01EFD40F27A4301A94046ADF81C30E8
:10A630008DF81E60FFF786F901232B4A8DF8113043
:10A6400007A80B460321FEF7AAFF00287FF40AAFF4
:10A650004FF4003368460093FCF788FF02E70B2FA6
:10A660001C4A18D0E17A92F8AA30C9074CBF43F0CF
:10A67000010303F0FE030C2F82F8AA300BD0237BDA
:10A68000012B08D0042682F8AB60C3E70322114BEC
:10A6900083F8AB20BEE70E4B6DBA1B68ADB29B6969
:10A6A00099894FF6FC7306390B409D4201D8002D65
:10A6B0009CD10226E7E797F8A830002BE6D0E68881
:10A6C000BB6876BAB1B28BB1984778B901269BE7DF
:10A6D000DC0A0020E09D00209C4F0020F89D002017
:10A6E00080510020389E00206D7500080021032352
:10A6F0000846524A1EF0EAFA514A0023C7F8982049
:10A700004FF0010CFF224F4C87F8AC203B743B7597
:10A71000C4F87C387B82C4F87438C4F878C8D8F898
:10A720000000D8F80410484A089303C2D8F808007B
:10A73000EDB2106097F8AA3010228DF81430B8F8F6
:10A7400002300620ADF8183098F8043005A9C3F39C
:10A7500006038DF81A3098F80030ADF816608DF8C1
:10A760001B3098F801308DF815C00793FDF7D2FB28
:10A77000642DD8BFC8237E82D8BFB3FBF5F34FF05A
:10A78000FF064FF0000084F87058D8BF84F8E2311B
:10A7900087F8AB603FE7DFF8B88091F808A0B1F820
:10A7A00002B08F88CE88B8F8121061B9102205A8BF
:10A7B00027F056FC1022062005A9FDF7A1FBBDF8E5
:10A7C0001630A8F81230BBF5C64F1BD15046FCF727
:10A7D000BFFD7FBABFB2874214D1B8F8123076BA43
:10A7E000B6B29E420ED1637A012B0BD16421174879
:10A7F00004F0AFFB01280CBF0B200A20FCF76EFE13
:10A80000022030E623682B6063686B60237A2B722A
:10A8100009236B7000236B72637AAB720B230AE619
:10A820007A232B700B236B700323AB700023EB7028
:10A830002B710523FFE5002015E600BF009F2400D3
:10A8400000000F1D9C4F00207C9E0020389E0020A1
:10A85000E09D0020F0B5B3B005460F461646002136
:10A86000B22205A81C4627F0FBFB40F27A7301A92F
:10A870002846ADF81C308DF81E708DF820602246F9
:10A88000FFF760F80B4607A80521FEF788FE40B9E0
:10A89000054BD3F8F40000906846A047012033B080
:10A8A000F0BD0020FBE700BF8C6303080023F0B578
:10A8B000BFB0734CCDE903330593724B724DA36067
:10A8C000724BE360012384F8A83085F8E23194F8F4
:10A8D000AA3063F07F0384F8AA300EF02BF9002829
:10A8E00040F0BB8005F508601AF024FB002840F01A
:10A8F000B88003A819F0FEF99DF80C300025012B53
:10A9000018BF0023624E18BF84F8A830059B0621AB
:10A9100013F00103306801AA08BF84F8A83001953C
:10A920001AF07AFA70B110242946224611A827F0AD
:10A9300097FB01232246062011A98DF8453001948A
:10A94000FDF7E8FA0021534A5348FDF7E9F90021E1
:10A95000524A5348FDF7E4F9524B1B78072B7AD142
:10A96000514B1D886FF40073EB18092B73D800212D
:10A970004E48FDF779FA1022002109A827F070FB54
:10A980000023062102AA306802931AF045FA062035
:10A99000029A09A9FDF7B4FA029B0C2B13D10120EE
:10A9A0009DF829209DF828109DF82A308DF8250063
:10A9B000ADF828108DF82A200620102209A98DF85C
:10A9C0002B30FDF7A7FA9DF82B3000248DF81830B6
:10A9D0000B9B9DF82A208DF81930BDF82830CDE961
:10A9E0000744ADF81A304FF0000362F306038DF808
:10A9F0001C309DF8243040F20121812B35D18D424D
:10AA000014BF0126FF260E2221460DF13600BDF8A7
:10AA1000267027F025FB2046FCF79AFCB22205465B
:10AA2000214611A827F01CFB214B0DA913930123EC
:10AA300006A87FBA6DBA8DF85630ADF85050ADF813
:10AA400052708DF855602246FEF77CFF0B4613A826
:10AA50000B21FEF7A4FD3FB0F0BD05F508601AF02C
:10AA600069FA002384F8A83043E7234622468D4242
:10AA700014BF0521FF2106A8FFF7ECFEEBE700BF9E
:10AA8000E09D0020AD6A00089C4F0020F996010867
:10AA9000D80D0020958F0008F89D002059750008FA
:10AAA000389E00208813002084130020B16A00081B
:10AAB0007A09006308B5FCF7BDFA0C4890F8AC10B1
:10AAC000FF290ED0FC298CBF00220122084B520026
:10AAD0009C30FFF7BFFE40B1BDE808400020FCF706
:10AAE000F2BABDE80840FCF766B908BDE09D002059
:10AAF000C77000080122014B5A74DBE7E09D00207B
:10AB000070B50026334CC8223146334890B084F8E3
:10AB1000AD6027F0A5FA314B5D6815F0010502D054
:10AB2000304619F0CDF84FF000639B6A03F178438B
:10AB3000B3F5C04F04D21AF0B3F90646002838D056
:10AB400003A80EF037F89DF81430012B17D1069B9F
:10AB50003BB101A81AF0EEF918B9DDE901010EF0D8
:10AB600049F80EF073FE284619F0AAF80123637421
:10AB7000042384F8AC3010B0BDE870409AE74FF081
:10AB80000066B36A03F17842B2F5C04FE9D21B6B9D
:10AB900003F17843B3F5C04FE3D211480DF010FF35
:10ABA000B36A00201B6B5B6998470D480CF0DEFA16
:10ABB000D7E7284619F084F894F8AA30812B14BFFF
:10ABC000FF23FD2384F8AC30FFF774FF667410B0E8
:10ABD00070BD00BFE09D0020805100200040005B60
:10ABE0003C0C00207FB5002300260446456B83649F
:10ABF000C36B0563836380F82460FCF7C7FCAD1B5F
:10AC000094F8261018BF0125B1FA81F16D42304643
:10AC100084F82C5049090BF091FC94F82630162B3F
:10AC20001FBF104A137843F001031370A37A03F097
:10AC30008103812B0FD1237813F00C020BD16946CD
:10AC40002046FEF77FFEA17A13466846FF22C1F335
:10AC500045011CF023FC204604B0BDE87040FCF721
:10AC600057BA00BF040700202DE9F0432DED028BF9
:10AC700085B08DF807000DF107000E4617461D46FA
:10AC80009DF838809DF83C90FBF7A6FF002800F067
:10AC90000E819DF80700FEF703FC0022B9F11B0F9F
:10ACA000044680F8242010D0B9F11C0F10D14FF0C9
:10ACB0001809B54BD3F88808CDE90200C3F8880815
:10ACC000B14BD3F88838A36211E04FF01709F0E7D1
:10ACD000A9F11703DBB2012BF2D98260017B02607C
:10ACE0004260027A052B61F306020272E8D984F809
:10ACF00026906EB994F82C3083B16663CFBBD4ED47
:10AD0000147ADFEDA26AC4ED0F6AC4ED117A05E092
:10AD1000FF2E11D194F82C30FF2B0FD1FF2D54D1E1
:10AD20009B4B1020A364FEF743FA01282ED19FED20
:10AD3000978A84ED128A35E0632E0BD9207BFBF7CE
:10AD400037FF914B03EB001393F8A061731E612B47
:10AD500088BF6326666367B906EE906AD4ED147AFD
:10AD6000B8EE666A94ED167AF0EE676A46EE076A08
:10AD7000C9E707EE906A9FED877AF8EE677A0023BD
:10AD800067EE877A6364C4ED0F7AC7E794F82630DC
:10AD9000182B15D8162B15D8022B13D0032B11D036
:10ADA00094ED128A18EE100A26F04CFE74A3D3E933
:10ADB000002327F02FF900287ED14FF0010816E07C
:10ADC000192BECE79FED748AB3E72B0642BF3C23B7
:10ADD0007F3D5D4307EE905AB8EEE78ADFED6F7A6C
:10ADE00028EE278AB8F1010F84ED128ADAD01020FC
:10ADF000FEF7DEF9012807D1636B1BB163236363A0
:10AE0000674BE3630023A364D4ED108AD4ED0E7A7C
:10AE1000F4EE687A0123F1EE10FA84F825302CD094
:10AE20009845C4ED0E8A28D118EE100A26F00AFEC5
:10AE300053A3D3E9002327F0EDF8F0B1012F60D13F
:10AE40009FED547AC8EE877AFCEEE77ACDED007A72
:10AE50009DF80000636BDFED536A98428BBFC01A08
:10AE60001B1A07EE900A07EE903AF8EE677A67EE43
:10AE7000887A87EEA67A84ED127AD4ED126AF7EE1C
:10AE8000007AF4EEE76AF1EE10FA08D494ED0E7A47
:10AE9000D4ED0F7AB4EE677AF1EE10FA3AD1A37AD4
:10AEA00020466FF30003A372FFF79CFE012005B05C
:10AEB000BDEC028BBDE8F083012F01BFD4ED0E6A1B
:10AEC0009FED347AC6EE877AFCEEE77A0ABFCDEDC5
:10AED000007A94F830209DF80020636BDFED316A32
:10AEE0009A428BBFD21A9B1A07EE902A07EE903A2D
:10AEF000F8EE677A67EE887A87EEA67A84ED127AA2
:10AF00005BE794ED141AD4ED160AB0EE680AFBF76D
:10AF100027FE9FE7B5EE407AF1EE10FAF5EE407AA3
:10AF200008BF94ED117AF1EE10FA08BFD4ED117A52
:10AF3000B4EEE77AF1EE10FACCBF77EE677A77EEEF
:10AF4000C77A87EEA68A18EE100A26F07BFD0CA3BE
:10AF5000D3E9002327F040F8DFED137A002808FE3C
:10AF6000278A84ED138A114803F0A9FF18B90A2132
:10AF70000E4803F0EEFF0123022084F8243096E708
:10AF80009A9999999999B93F9C4F00200000000027
:10AF9000000048420080F743000091430000C8428F
:10AFA000006D3F470000C642CDCCCC3D2858002064
:10AFB0002DE9F04385B08DF80F000DF10F000C4620
:10AFC0001646FBF709FE002855D09DF80F7038464D
:10AFD000FBF7EEFD5C222E4B10FB02F2DD6F010150
:10AFE000154403EB001292F8A8C192F8A921A242DD
:10AFF00044D9621E612A88BF0124644508D00B44ED
:10B0000083F8A841234B01B203EB01111CF064FA51
:10B01000631E07EE903A9FED207AF8EEE77A67EE2E
:10B02000877AC5ED147A17EE900A26F00BFD0246DA
:10B030000B4613A1D1E9000126F0A4FB8046686D00
:10B04000894626F0FFFC02460B464046494626F05C
:10B0500099FB0DA3D3E9002326F076FE26F07EF9B6
:10B06000A86546B114230022CDE900230123384608
:10B070001946FFF7F9FD05B0BDE8F0830124BCE7F0
:10B0800000000000A0EDE7400000000000C05840B4
:10B090009C4F0020385100200080F7432DE9F043F9
:10B0A0002DED028B85B08DF80F000DF10F000C46D1
:10B0B0001646FBF791FD002855D09DF80F703846D5
:10B0C000FBF776FD5C22304B10FB02F2DD6F0101D5
:10B0D000154403EB001292F8A9C192F8A821A242EC
:10B0E00046D2632C28BF6324644508D00B4483F800
:10B0F000A941264B01B203EB01111CF0EDF9C4F19B
:10B10000630308EE103ADFED227AB8EEC88A28EE23
:10B11000278A286D85ED158A26F094FC02460B4699
:10B1200015A1D1E9000126F02DFB804618EE100A8A
:10B13000894626F087FC02460B464046494626F0E3
:10B1400021FB0FA3D3E9002326F0FEFD26F006F92C
:10B15000A86546B1152300226321CDE900233846B6
:10B160000123FFF781FD05B0BDEC028BBDE8F08344
:10B170006324B9E7AFF3008000000000A0EDE740D2
:10B180000000000000C058409C4F002038510020B3
:10B190000080F7431F4BF7B5186818F013FF1E4BDC
:10B1A0000026186818F00EFFFCF7BEFEFDF764FFDE
:10B1B0001A4D05F5CE7795F88030F4B2A34201D848
:10B1C00003B0F0BD07EB041310221846002126F04F
:10B1D00047FF014620461CF07FF95C2300225C43B8
:10B1E000EB6F11462344187BFFF7E2FE0022EB6F62
:10B1F00011462344187BFFF751FFEB6F1E222344B7
:10B20000187B0023CDE9003219461A46FFF72CFDC2
:10B210000136D0E7D40D0020D80D00209C4F00202F
:10B220001FB50020042203A90390FCF769FE044621
:10B23000002839D11E4B1B689B691A7892B90123EB
:10B240000221CDE90031FF231146FFF70DFD042057
:10B25000FDF7AEFF0121174A174B08BB107019709C
:10B2600004B010BD8DF80B000DF10B00FBF7B4FC22
:10B2700068B19DF80B00FBF79BFC104B03EB001330
:10B2800093F89C41003C18BF01246442E4B20123BE
:10B290000222CDE900320022FF2321461046D4E7E6
:10B2A000117000221A70DBE7FFF774FFD8E700BFC8
:10B2B000DC0A0020D10A0020D90A00209C4F00207F
:10B2C00007B58DF807000DF10700FBF785FC78B195
:10B2D0009DF80700FEF7E4F890F8242042B1002220
:10B2E00080F82420026B4263826BC263FFF77AFC12
:10B2F00003B05DF804FB3A232DE9F04FA14D87B070
:10B300008DF81330A04B0DF1130118682AF044F9A1
:10B31000012802D007B0BDE8F08F9DF81330A3F1EB
:10B320003002082A5CD8DFE802F0400E1F1C055BE3
:10B330005B5B3100954B1B781BB133201CF0DEFAB0
:10B34000E0E73120FAE7924B1B689B691B7833B129
:10B350000320FCF79DFD01228C4B1A70D2E70120DF
:10B36000F7E70020FCF794FDFCF7AAFD2B78012BF2
:10B3700009D1874B1B689B691B7823B1854A1378D9
:10B3800043F00103137000232B70BBE7FFF702FFAC
:10B39000814B1A7832B100221A70804B804A5A626F
:10B3A00018F02CFCFFF73CFFACE701227A4B1A7037
:10B3B0004FF080730593764B1B689B69DB881BB944
:10B3C00005A8FBF7F3FC9DE7764B5A210293002377
:10B3D0001846CDE900331AF09FF9002892D0EFE724
:10B3E000702B57D08ED9812B8CD140F6E4426E4B16
:10B3F0001B6853436D4A1278012A59D06C486D4C32
:10B400004178A342827801707ED36B4CA34234BF53
:10B4100001230223427001EB810102EB820201EB66
:10B420008101520002EB81028370134400226349C0
:10B43000DBB201F1F80010F812409C4266D101EB3A
:10B44000420191F8F9A00027BB465D4C574563883F
:10B450005FFA87F977D14FF00008632B9CBF013367
:10B460006380638884F804803C2B5ED106214846C3
:10B470000BF0FCFA534E0621002F4DD138460AF04E
:10B48000DAFF327842F00402327027702771012708
:10B490000634DBE74C4B1B78002B3FF433AF032B18
:10B4A00001D130204AE7012100200BF047F829E7BD
:10B4B0004649474C8B4222784FF0000112D9012AAD
:10B4C000A1703FF41FAF63780133DBB2132B01D8B7
:10B4D000637017E7022A617001D10BF085FD01232B
:10B4E00023700FE7022A61703FF40CAFA378013399
:10B4F000DBB2132B01D8A37004E7012AA17001D19C
:10B500000BF072FD0223EBE7002383E701321B2AD5
:10B5100091D14FF0020A96E701200AF08CFF3278B1
:10B5200042F00802327084F8008094F80080B8F18C
:10B53000000F66D023790133DBB21B2B4AD823716D
:10B54000002FA4D0DEE63B2B14D9072148460BF090
:10B550008DFA1C4B1A7857B967F382021A700020D3
:10B56000FFF7AEFE00232370A4F802B0DDE76FF30F
:10B57000C302F3E7002BF7D02378FF2BF4D001337D
:10B58000F1E700BF1A090020340F0020D70E002079
:10B59000DC0A002004070020D80E0020000008501C
:10B5A00004001D03AD6D000850070020F0060020C8
:10B5B00000070020A87D2500C0F963008C63030804
:10B5C000F4060020E10A0020740800202E087D0007
:10B5D000F10600200023B8F1010F237108D1414684
:10B5E00048460AF028FF414648460BF03FFA05E07E
:10B5F000B8F1020FF3D0B8F1030FF4D00023237099
:10B600009EE784F804809BE72DE9FF4704684668BD
:10B61000237A8046C3F306038DF80F3073780F4604
:10B62000013B052B00F20481DFE813F02B0006003C
:10B6300002018500E200F2002046FBF73BF820B152
:10B640000224204604B0BDE8F0870DF10F00FBF79F
:10B65000C3FA0028F4D026233C689DF80F502370CD
:10B66000032328466370FDF775FFA0702846FDF799
:10B670002BFFE0702846FDF73BFF052320713B714F
:10B6800057E0237813F00C0FDAD10DF10F00FBF720
:10B69000A3FA0028D4D096F802A0AAF16403DBB282
:10B6A0009A2BCDD99DF80F904846FDF7F9FE054637
:10B6B0000028C5D003466168206803C3A0681860ED
:10B6C00098F80830032B04BFFF23F3700AF1FF330F
:10B6D000DBB2FD2B25D82B6B002B14BF18221722B1
:10B6E000544BD4F80210C3F88818F3781BB9A97A20
:10B6F00063F3C711A9720192002251464846009295
:10B70000FFF7B2FA02280ED1AC7A14F001040CD083
:10B710002B7813F00C0F08D14846FDF7E9FE78713D
:10B720008FE71722DCE700288AD0AB7A6FF300039B
:10B73000AB72FF2485E790F80880B8F1030F7FF61D
:10B740007FAF0DF10F00FBF747FA00283FF478AF09
:10B750009DF80F703846FDF7A3FE02466168054666
:10B760002068B37803C2A068B8F1060F03F0200C7C
:10B77000106032D13F2B29D84FF06308BCF1000F85
:10B7800014D1F378632B3FF65BAFD5ED166A95EDD8
:10B79000147A2B634BB307EE903AF8EE677A07EE14
:10B7A000A67A85ED0E7A2846FBF7F0FED4F8022043
:10B7B000204B1921C3F88828012233793846CDE976
:10B7C000002100224146FFF74FFAAEE703F0C00325
:10B7D000402BAED14FF00008D0E7B8F1040F04BF02
:10B7E000FF2232715806C7D5F4E79FED137AD8E7E8
:10B7F000037A022B7FF424AF0DF10F00FBF7ECF975
:10B8000000283FF41DAF9DF80F00FFF759FD90E7AA
:10B810002046FAF74FFF00287FF412AF26220B686C
:10B820001A7007225A700222D8709A70042326E7F1
:10B83000002406E79C4F0020000000002DE9F041A5
:10B84000002701264FF00008514D95F88030FCB2DA
:10B85000A34207D8002E00F09980BDE8F0414D4882
:10B860001BF092B95C235C43EB6F234493F82420D4
:10B87000BAB3D3ED0E7A93ED0F7AF4EE477AF1EE88
:10B8800010FA11D0F4EEC77AF1EE10FA93ED136AC4
:10B89000CCBF77EEC76A77EE676AB4EEE66AF1EE80
:10B8A00010FA20DBC3F84880E86F204490ED0E7A50
:10B8B000D0ED0F7AB4EE677AF1EE10FA08D090ED81
:10B8C000127AF7EE007AB4EEE77AF1EE10FA5AD572
:10B8D000FFF788F9EB6F234493F82430002B18BF4F
:10B8E00000260137B1E7D3ED126AF5EE406AF1EEBA
:10B8F00010FA18BFF7EE005AF4EEC77A1CBF76EEC6
:10B90000E56AC3ED126AF1EE10FAD3ED116A4CBF8D
:10B9100077EE867A77EEC67AF4EEE76AF1EE10FA01
:10B92000C3ED0E7A0ADDB5EE407AF1EE10FA4FF073
:10B93000000212BFC3ED0E6A9A639A6493ED141A63
:10B94000D3ED160A93ED0E0AFBF70AF9196B0246BE
:10B950008142A9D0186393F82C0038B932B193F81A
:10B960002610B1FA81F149090AF0E8FDEB6F234492
:10B9700093F82C20002A97D11A6B002A94D0FF222A
:10B9800083F82C2090E7FBF701FEA3E7BDE8F081E8
:10B990009C4F0020285800202DE9F0474A780446A3
:10B9A000012A0D461F468AB006D0022A00F0B78051
:10B9B00000200AB0BDE8F0870023634EDFF88C81D9
:10B9C00091F8029088F8002096F8DC21017A09F0BD
:10B9D0003F0A5245CDE9043318BF86F8CC384B06F0
:10B9E00050D1427869792879FCF714FD002861D09C
:10B9F0005146D4F80600FBF71CFC08B34FEA490295
:10BA000002F07E022B1D42F0010209F0800942EA99
:10BA100009020793EB78A27204A906A88DF82030DA
:10BA200006940497FAF72DFE474B9DF81410129ACE
:10BA3000042883F8CC08117002D1002283F8CC28A6
:10BA4000002388F80030DFF8008198F8CC98B9F12D
:10BA5000030F15D0AF78D4F806A007F03F0739469A
:10BA60005046FBF7E6FB237813F00C0F24D0002898
:10BA700053D0C8F8DEA1237888F8DC7188F8CD3877
:10BA8000FF2096E7002001F07F01FCF7C1FC034690
:10BA900080B10120FCF7BCFC60B11A7802925B68AF
:10BAA00001930378009343686A7929796078FCF7F9
:10BAB00081FC9BE7244BC0E710B998F8CD3863B3FD
:10BAC000D4F8063019F0FD0FC6F8DE314FF0000350
:10BAD000AD7886F8DC7186F8CD3818D105F03F05D1
:10BAE0002046FAF7E7FD01460028C9D10E220DF1E4
:10BAF0001A0026F0B5FA204606A9FDF723FF4A46AC
:10BB000029469DF8153006A81BF0C8FCB8E7B9F126
:10BB1000FF0F08BF05F07F05E2E7022049E70A4C66
:10BB20008A7894F85F339A42AAD100210422084609
:10BB30001CF095FB94F8C0030028A1D1FCF7E2FFAC
:10BB4000012384F8C1339BE79C4F0020DC0D0020CB
:10BB500003464160EFF3108072B6044AD2F8DC125B
:10BB60001960C2F8DC3229F052BB00BF9C4F0020A4
:10BB70000146EFF3108072B6084AD2F8DC3202F5C3
:10BB800037722BB1994205D10B68136000230B600B
:10BB900029F03DBB1A461B68F3E700BF9C4F00200D
:10BBA0000246EFF3108072B60E4991F8CF38FF2BA2
:10BBB00002D1A2B129F02BBB1BB9002AFAD0012275
:10BBC00003E0002A0CBFFF2201221344DBB281F8FC
:10BBD000CF38B3FA83F35B0981F8D038EAE71A4625
:10BBE000F3E700BF9C4F00202DE9F84FEFF31188D9
:10BBF000302383F31188564B56495B6903F00102E9
:10BC000013F0020F03F003034B6110D14AB1524A03
:10BC1000D2F814390133C2F8143927F057FD27F050
:10BC2000C5FD88F31188BFF36F8FBDE8F88F4A4ECA
:10BC300042B1D6F814390133C6F8143927F046FD5D
:10BC400027F0B4FDEFF3118A302585F311884FF00A
:10BC5000000B27F03BFD5F46B4680CB16369ABB1E4
:10BC60000023012F86F8183904D11BF0020F18BFEA
:10BC700086F8187927F09AFD222802BF0222354B58
:10BC80009A618AF31188BFF36F8FCAE723465A6916
:10BC90003AB91A792179914288BF1C469B68002BDA
:10BCA000F5D18AF31188BFF36F8FD4F810B0BBF1D0
:10BCB000000F1BD0264B1A6AA369A2EB030A4FEAB6
:10BCC000EA72DA4572F1000211DB5B44A361E368BA
:10BCD00013B1204621689847B4F806B00137EFF356
:10BCE000118A85F3118827F0F1FCB5E7DA46EFF306
:10BCF000118985F31188204627F086FB89F3118886
:10BD0000BFF36F8F2369002BE1D0A38BBBEB0A013C
:10BD100033B1E28B13449BB2B3F57A7F10D2E38345
:10BD2000EFF3118A85F31188204627F0FDFCA36903
:10BD300022691344A3618AF31188BFF36F8FC6E7AA
:10BD4000A3F57A73E383A3690139013BA361E7E7B4
:10BD500000400650006006509C4F00202DE9F8433B
:10BD6000EFF31188302383F31188304E96F8193998
:10BD7000002B55D12E4C2F48C6F80833B360C6F8B7
:10BD8000143929F08BF963680BB10DF00BF901221E
:10BD9000294B5A60656815F00205FBD10322012783
:10BDA000254BDFF8A490A5606562C9F804709A611C
:10BDB0005A610DF0F7F80223E36025620DF0F2F806
:10BDC000E7600DF0EFF8E7600DF0ECF84FF480223B
:10BDD0001A4BC3F880211A60C9F81870EFF3118468
:10BDE000302383F311884FF4F0600DF08DFA024692
:10BDF00084F31188BFF36F8F114B186030B988F34B
:10BE00001188BFF36F8F2320BDE8F8832B4640F2E3
:10BE1000E7310C4825F0F2F886F81979C6F81C09C4
:10BE200088F31188BFF36F8F0020EDE79C4F00204F
:10BE300000400650BC6403080060065000E100E0CA
:10BE40002011002018FCFFFF00500650002380B591
:10BE5000B148B24AB24C121A88B0C4E9AD02C4E982
:10BE6000B20084F8D032C4F8D832FBF75FFD01236A
:10BE7000013AD2084280C4F8C43208234FF480301B
:10BE8000C4E9AF33A749A84A4B6E5066486E4FF0DD
:10BE900000414AF6CD355166A44903F480334A6C1B
:10BEA0000D6402F001024D6BED07FCD40125A049A1
:10BEB0004D60A1F500510E6B16F00106FBD00AB1E2
:10BEC0009C4A0A640028A2BF4FF000419A4A51667A
:10BED0001BB94FF48032984B5A66984829F0DEF827
:10BEE00027F052FB964B1860EFF31183302282F358
:10BEF000118894F82029002A40F08683012284F8D2
:10BF0000202983F31188BFF36F8F6FF0040210466E
:10BF10000132052152B2FBF7DEFB4C2AF7D14FF07C
:10BF20000043814F07227B664AF6CD337F4D0B20BD
:10BF3000D5F844802B64834BDA630DF0D5FB6B6836
:10BF4000002023F4F87343F480736B6040F209130C
:10BF5000AB6040F203132B611BF052FD18F0010F90
:10BF600018BF744B4FF0800018BF2B646D4BD3F893
:10BF700064804FF000437B664AF6CD336F6C2B64D0
:10BF80000DF0B2FB2B6AF90723F00F0343F009030E
:10BF90002B6248BF674B6C4848BF2B64B8F1000F59
:10BFA000A2BF4FF00042644B5A6629F077F8674B06
:10BFB000D3F84C21120340F12C83A3F5FE43B3F8D0
:10BFC0000080B8F5807F28BF4FF08C08604B614F30
:10BFD00093F90090604BC1443B60524B89F30809D0
:10BFE0001B6F03F00703032B01D127F0C7F818F0EC
:10BFF00041FF032852D04FF480124B4B574D5A66E5
:10C0000045F60E034FF0A062C5F88030544B9A629B
:10C010004FF4803203F580539A62AB6DDB03FCD49E
:10C02000AB6D5800FCD44F4B4FF400622B61AB69F1
:10C030004FF4406103F0004343EA094343EA082315
:10C0400043F0007343F03C03AB6147480CF0B4FF8E
:10C050002B6A464923F00F032B62AA6A444B134014
:10C0600043F480333D4AAB62936D31EA0303FBD165
:10C070004FF080713A488162136923F4700343F4EE
:10C08000401313614FF000434FF480328361394B0A
:10C0900099629A62314A936D5900FCD44FF4C022E0
:10C0A0002A4BD3F89850204B5A6603F598335A68B8
:10C0B000012A00F0B38218F0DDFE05280CD1002122
:10C0C0002D480DF0E5FA174A136F43F480631367A8
:10C0D0004FF48032144B1A67DFF8A890274BD9F839
:10C0E000008025F04075984502D823481CF09EFE3C
:10C0F000234BDA6812F0060FFBD19A689D609968AD
:10C100004D4015F4F81F0DBF1B4D9A604546C9F808
:10C11000005018F0AFFE37E0E8A00020000001203A
:10C120009C4F0020008000500090005000400950BB
:10C13000006009503254FFFF00A00050BC640308A7
:10C14000DC9D002000400050C06403080080E00F28
:10C150007C9D0020549D0020C01753020040005ACF
:10C160000050005A2008C00B3840005A030001005C
:10C17000C7FFFEFE0060005A00B4C404FFB3C4044D
:10C1800000000150509D002005281DD126F0F6FF2B
:10C1900081460CF0C7FF0128D4BF01210021484689
:10C1A0000DF076FA4FF4C0700DF0AEF8CC4BCD4ADE
:10C1B000984288BF0226136F013E23F4806343EA4E
:10C1C000862616670DF054FA454502D800201CF06B
:10C1D0002DFE4FF40022DFF81C83C34BC14DD3F872
:10C1E000C030C8F864204FF0B44223F0407393602D
:10C1F000BE4828F053FF02201CF0E4FD2E6F002102
:10C20000C6F38026731CBA4884F821390DF040FA31
:10C210002B6F43F480632B674FF48033C8F8703082
:10C220002B6F23F0070343F003032B6726F0A6FFD1
:10C2300080460CF077FF0128D4BF01210021404641
:10C240000DF026FA00201CF0F1FD2B6F23F4806323
:10C2500043EA86232B670DF00BFA2B6FA54923F4D5
:10C2600074432B67A44BD3F8FC2012F0807240F08B
:10C27000DB81C1F880209B4B4FF48031D3F8202123
:10C280009E4822F0070242F00202C3F82021D3F8B0
:10C29000282122F0070242F00202C3F82821D3F835
:10C2A000802122F0030242F00102C3F88021D3F87A
:10C2B000902222F0030242F00102C3F89022D3F848
:10C2C000402122F0030242F00102C3F84021D3F8DA
:10C2D000602122F0030242F00102C3F86021D3F88A
:10C2E000402222F0030242F00102C3F84022D3F8B8
:10C2F000002222F0070242F00102C3F80022D3F824
:10C30000082222F0070242F00102C3F80822D3F803
:10C31000702222F0030242F00102C3F87022D3F827
:10C32000202222F0070242F00102C3F82022714AC3
:10C330005D6E5166426A22F001024262E8035CBF10
:10C340006F4A51664FF0E0210A6942F004020A6127
:10C35000D3F8602222F0070242F00102C3F8602203
:10C36000EFF3108672B6674828F098FE94F82239E9
:10C37000002B40F07C81FFF7F1FC0546002800F01F
:10C380006381304628F043FFFFF7E8FCFBF730FC01
:10C39000594A5D49D2F8C03023F0FF0343F0A003AF
:10C3A000C2F8C030594B9942594940F0FE810B68A0
:10C3B0005848C2F89830C2F89C005748C2F8A0000C
:10C3C00001330B60BFF35F8F05224B4BC3F8942002
:10C3D0005A6A42F480325A62BFF34F8FBFF36F8FB5
:10C3E000BFF34F8FBFF36F8F28F0A8FF40B927F03E
:10C3F000CFFD012804D1D4F82C390BB9C4F82C098D
:10C400000023059328F09AFF074600BB4FF48050A5
:10C4100029F07AF80646D0B1602029F075F8054673
:10C42000002800F0E3816022394625F019FE05ABB3
:10C430002E6301933623394800934FF480623B46C4
:10C440003749029528F0F2FC284628F077FA059B38
:10C45000C4F8843028F072FF0546002840F0D380ED
:10C4600027F096FD012840F0CE80D4F82C39012B1E
:10C4700040F0C980022305AA11462A48C4F82C3985
:10C4800010F8016B02F8016B002EF9D1264CA022A6
:10C4900004F51363029304F51963CDE9006323489F
:10C4A000334629F004F8002800F0AA8028F0C2FAE8
:10C4B000D4F8103C002B00F0A38004F61443029340
:10C4C00004F6744301933723A0220093184933469E
:10C4D000184828F0ECFF002800F092802CE000BF04
:10C4E00080F0FA02008000500080E00FC46403086E
:10C4F00000B4C4040090005000ED00E000C00750FC
:10C5000000A00050CC5C0308E09C0020809B002031
:10C51000A40B00200300002001000120796C00081A
:10C52000B3560308055F03089C4F0020694C0308BD
:10C530000A5F0308914A030828F04CFF4FF0FF33CD
:10C54000C4F8F43E01234FF07F42C4F8D0304FF0DE
:10C55000E023C4F8F86E0596C3F81C2DD3F81C3DF3
:10C560001B0E8DF813309DF813309DF813309DF895
:10C57000133013F0800F059B40F03C81082B4FF0E7
:10C58000E02318BF059D6FF0040018BFC5F1070533
:10C590002D0205F4E065C4F8FC5ED3F8202D0025DB
:10C5A00042F47F02C3F8202DD3F8202D294642F013
:10C5B0007F42C3F8202D4FF47A72C3F81C5DFBF75D
:10C5C0008AF8914B1B6803F2E733B3FBF2F34FF0A9
:10C5D000FF32C4F80839B2FBF3F30A3BC4F8003F5A
:10C5E00026F0D2FFC4F80409012008F09FF8874B19
:10C5F000C3F8C05027F044FE27F084FC01F002FE8F
:10C60000824BD3F8C430FEE783F31188BFF36F8FFA
:10C6100085E4D3F850315FFA83F8D7E47C494A6067
:10C620005A689207FCD446E5D3F8FC2022F08072C9
:10C63000C3F8FC200022C1F88020D3F8FC2042F08F
:10C640008072C3F8FC2016E6AFF300806E4BC4F88E
:10C65000D4581B68C4F8DC52C4F824396D4B5A6FA7
:10C6600042F001025A67DA6E22F03002DA664FF0C9
:10C670000008404684F828891CF0D8FB6348D4F8A9
:10C68000245990F8BF308BB1624962684B6F23F434
:10C6900040734B67AB01604903F5742303F23F23FA
:10C6A000B3FBF1F31344636080F8BF804FF4801252
:10C6B0005A49D1F800315A4B5A664FF400325A6643
:10C6C0000B6F584A03F00703C4F8E4329269032B56
:10C6D00002F00200C2F3400284F8E1220BD0D1F84C
:10C6E000203103F00703022B05D0D1F8283103F0E5
:10C6F0000703022B1FD10123237040BBD4F8243938
:10C700004549C3EB431202F5742202F23F22B2FB09
:10C71000F1F26068024462604FF4C872534303F55B
:10C72000742303F23F23B3FBF1F3C4F8DC38012395
:10C7300084F8223925E6002323700028DED0D1F8C2
:10C74000003103F003035A1E534253412370334B0D
:10C75000D3F8003103F00303022B21D0032B22D0A6
:10C76000012BCBD13A68002AC8D02E4BDFF8A88025
:10C77000DF6800231946C7F30B070137501E07EB8C
:10C780008707E7FB080124F039FC684300F57420B3
:10C7900000F23F20B0FBF8F0636818446060ADE73A
:10C7A0004FF40042E1E7204ADFE723F01F03203B7C
:10C7B000B3F1005F0BD308681C4DC2F8980043F03A
:10C7C00001030130C2F89C50C2F8A0300860184A3A
:10C7D0000B68184822F01F0242F00302C0F898309C
:10C7E000C0F89C20144AC0F8A020E9E5304628F0A3
:10C7F00099FE2CE6013305939DF813305B00DBB204
:10C800008DF81330B3E600BF20110020E09D00201A
:10C8100000E001500040005040420F0000800050F6
:10C820000090005000C0015080D54302030000205A
:10C83000FF9C002000ED00E0E1FF00202DE9F04F1B
:10C84000A44BA54D2DED028BEB6701234FF0000AA1
:10C850009FEDA28A8DB085F8803095F880305FFA20
:10C860008AF843450FD895F8043F23B901219C4A23
:10C870009C48FBF755FA012385F8043F0DB0BDEC49
:10C88000028BBDE8F08F5C2707FB08F7EA6FD4192D
:10C89000D4ED077AF4EEC87AF1EE10FA06D49FEDE3
:10C8A000927AF4EEC77AF1EE10FA07DD0C20217DC2
:10C8B0008E4B00FB0133D3F84031E361D4ED087AAD
:10C8C000F4EEC87AF1EE10FA06D49FED877AF4EE12
:10C8D000C77AF1EE10FA07DD0C20217D834B00FBB7
:10C8E0000133D3F844312362D5EDAC7AF5EE407ACA
:10C8F000F1EE10FA10D10C20217D7C4B94ED077ADB
:10C9000000FB0133D3ED4F7A77EEC77A94ED087AC6
:10C9100077EEC77AC5EDAC7A95F8046F002E40F03B
:10C920008F800823D355637D032B00F0898001217C
:10C930003A200CF003FC33460422E17BA07B0CF090
:10C94000C5FB01213B200CF0F9FB22694FF480610B
:10C9500030460CF090FF664B0121C3F8546124204F
:10C960000CF0ECFB1022314608A825F079FB0123DE
:10C97000227D8DF82D30052A0FD8934013F0240F17
:10C9800040F0A38013F0120F40F09B8013F0090FCA
:10C9900003D040F20333ADF82830564E08A9304694
:10C9A0000DF076FC0D220021684625F059FB94F825
:10C9B0000DB0514B6A465946304601930DF0ACFC20
:10C9C0004FF400734D4A4FF00109CDE904320222C1
:10C9D000002130468DF81C2004AACDF818900DF0E7
:10C9E0009BFC95EDAC7AD4ED087A77EE877ABCEEB5
:10C9F000E77AE07BA27B424B42EA00420FFA8BF1DE
:10CA000043F82120326B17EE100A86ED077AB2EE5A
:10CA1000047A77EE877AFCEEE77A316B06EB4B11FE
:10CA2000C1ED1A7A336B3062306BC1ED1C7A354A36
:10CA300009FA0BF9D2F8F81649EA0101C2F8F8161A
:10CA4000E37D0BB90123E3752F4C102204EB08148E
:10CA5000214608F532704FEA0816FBF751FA40B14B
:10CA600000211022204625F0FBFA214640461AF00C
:10CA700033FDEB6F2E443B44187B002296F8A8113F
:10CA8000FEF796FAEB6F00223B44187B96F8A9114B
:10CA9000FEF704FBEB6FB7EE007A3B44D3ED067A6A
:10CAA000F4EEC77AF1EE10FA06D4B1EE047AF4EEA1
:10CAB000C77AF1EE10FA01DD144A9A610AF1010A0F
:10CAC000CBE603238DF8293067E703238DF8283060
:10CAD00063E700BFA89E00209C4F002000C0F345E4
:10CAE0003DB8000828580020005818488C630308F7
:10CAF000008003500080045000010200000001018A
:10CB0000FCC6035000D0035038510020CDCC0C405F
:10CB10000B7813B10B6901330B617047F0B5664BAD
:10CB20001A78032A02D0042A46D0F0BD634A00EBEB
:10CB300040001418105C62784843A4784A4361436B
:10CB40009C7D84420ED01C7964B101245C4D9875A3
:10CB5000C5F8184705F560452E6B286710B1594890
:10CB6000C0F81847D87D90420FD0187A68B10220DB
:10CB7000534CDA75C4F8180704F56044256BC4F803
:10CB8000902012B14F4AC2F818071A7E8A42CCD0C0
:10CB90001A7B002AC9D019760423494AC2F81837EB
:10CBA00002F56042106BC2F8B0100029BDD0A2F5AA
:10CBB0007042C2F81837B8E75A7D8A420CD0012279
:10CBC0003F4C5975C4F8182704F56044256B21675C
:10CBD00011B13C49C1F81827042867D0374A00EB47
:10CBE00040001118125C4C788878003A18BF012276
:10CBF000003C18BF0124003818BF012000219D7D92
:10CC0000954211D001259F785E78BD40DF789A75F6
:10CC100097424FF030072C4A07FB06220CBF02F563
:10CC2000825202F501521560DA7DA24211D001252F
:10CC30009A79DC759540DA795E79A2424FF030043A
:10CC4000214A04FB06220CBF02F5825202F5015272
:10CC500015601A7E824211D001249A7A1876944087
:10CC6000DA7A5D7A82424FF03000174A00FB0522E3
:10CC70000CBF02F5825202F5015214605A7E8A42BC
:10CC80003FF453AF587B9C7B5976DB7B01228B4270
:10CC90004FF030010C4B02FA04F201FB00330CBFE1
:10CCA00003F5825303F501531A603EE7002001218A
:10CCB00004460246A3E700BFAC5E0020F866030806
:10CCC00000E0035000D0035000C0035070478A4278
:10CCD00030B5044600F0F080784822F4FF7323F06A
:10CCE000010383420ED0764B22F0FF00984209D018
:10CCF000744D22F47F7323F00303AB4202D0724BD6
:10CD0000984227D1714B21F0FF0098420ED111F0CB
:10CD1000FF000AD06E4B40F00070984248D182EA82
:10CD20000100FF288CBF0020012030BD644B9842D9
:10CD3000EDD0A3F588539842E9D021F4FF7323F096
:10CD40000103B3F1062FE2D05F4DA842DFD05D486A
:10CD50008342DCD001F0FE43B3F1A06F12D102F0A8
:10CD6000FE43B3F1A06F23D182EA010333F47E13B3
:10CD70001ED111F40040D8D0C1F30540C2F30542E2
:10CD80009042CFE7B3F1407F40F0818002F0FE4354
:10CD9000B3F1407F0CD182EA010333F47E1307D153
:10CDA0004C480840B0F1607F04D1B4F5885F0ED0E4
:10CDB0000020BAE7B0F1707FFAD104F4E040B0F59A
:10CDC000005FF5D114F4E06FC4F30220ADD0414808
:10CDD00012F47C1500EA02001BD0B0F1607FC2F3B0
:10CDE000054541D13C4CD0B240F00070A04241D04A
:10CDF00000F17E4004380F2801D8384B1B5C11F439
:10CE00007C1FC1F3054437D1AB4214BF0020012081
:10CE10008BE7B0F1607F0FD12F4CD0B240F00070A3
:10CE2000A0421FD000F17E4004380F28DAD82C4CE5
:10CE3000204490F82150D5E7B0F1707F18D104F468
:10CE4000E040B0F5005F03D10125C4F30220854026
:10CE500004F4E040B0F5005FD1D10123C4F3022413
:10CE6000A340CCE71025BDE7B0F1707FC7D1EFE755
:10CE70002B46C4E71023C2E712F47C1F01D19C4269
:10CE80001AD011F400403FF450AFAC424AE7B3F17E
:10CE9000106F8DD121F01F6020F47020002887D101
:10CEA00002F0FE43B3F1106F7FF43FAF0D48104026
:10CEB00040F010608842A8E7012036E70002000633
:10CEC0000013000600040006000900060003000627
:10CED000FF0000020000C07F030000021967030882
:10CEE000F86603080000FFF6037E022B06D1C36933
:10CEF0005A1C03D00133C361002070476FF09600C5
:10CF0000704738B5064C074B20461B689847064BC0
:10CF1000204693F8F050054B1B689847284638BDCB
:10CF2000B81100209C9D002090120020A09D0020A0
:10CF30006FF01B0070477047064B1B684BB11B78A6
:10CF4000032B01BF044AD2F8243143F00043C2F856
:10CF5000243170478C130020000003507047704745
:10CF6000014BA3F88A047047AC5E002000230448FC
:10CF7000202280F89834802100F2994025F070B882
:10CF8000AC5E0020F2E7074BB3F8BA3443B9064B66
:10CF90005B681B78023B012B8CBF03200420704789
:10CFA00003207047AC5E0020049F0020064AB2F8C0
:10CFB0008E342BB192F88C34002B0CBF012302234A
:10CFC00082F88834704700BFAC5E0020024BC3F883
:10CFD0009004A3F88E14E9E7AC5E002004289DBFFE
:10CFE000024B1B1893F8310005207047F8660308C0
:10CFF000022070471E286FF00503A8BF1E2098422C
:10D00000B8BF18460023064A12F9011B814204DA10
:10D010000133102BF8D10F207047D8B2704700BFF2
:10D020002E670308D0F80230827AC0F81930C3881E
:10D03000C2F3C001437702F001031B0143EA8113ED
:10D04000C2F3001143EAC11343F001038377C37AAB
:10D05000C2F3800243EAC213C377038980F8213008
:10D060007047D0F80230C0F81930C3884377837A0C
:10D0700013F0100F0CBF01220822C3F3C001C3F349
:10D0800080035B0143EAC11313438377C37A027BB6
:10D0900080F821300389C2F3800180F8223002F049
:10D0A00001031B0143EAC113C2F3400243EA4213E6
:10D0B000C3777047D0F80230C0F81930C38843777F
:10D0C000837AC3F3C00203F001031B0143EA821316
:10D0D00043F005038377037BC27A5B0103F06003AF
:10D0E0001343C377038980F821307047D0F80230AA
:10D0F000C0F81930C3884377837AC3F3C003DB01D8
:10D1000043F005038377C37A80F82130038980F8E0
:10D110002230037B1B0103F03003C3777047D0F844
:10D120000230827AC0F81930C388C2F3C001437755
:10D13000C2F340035B0143EA811302F0010243EAB8
:10D14000021343F003038377C37AC377038980F81C
:10D1500021307047D0F80230C0F81930C3884377C7
:10D16000837AC3F3C002C3F340039B0143EAC213B3
:10D1700043F003038377C37A80F82130038980F872
:10D180002230037BC3F38003DB01C3777047D0F801
:10D190000230C0F81930C3884377837AC3F3C002E2
:10D1A00003F001031B0143EA821343F00203837778
:10D1B000C37AC3777047D0F80230027BC0F81930C9
:10D1C000C388C2F38001437702238377C37A80F850
:10D1D000213002F001031B0143EAC113C2F34002F4
:10D1E00043EA4213C37770477047C369817A1A686C
:10D1F000C0F802201A79C2805A79D20962F3041168
:10D2000081725A79C9B2921162F3C30181725A795B
:10D21000C9B2121162F3000181729A79C9B2D209BE
:10D2200062F3820181729A79017B921162F341016A
:10D2300001739A79C9B2521162F3000101739A79AC
:10D2400002F00F02C2721B7A03817047C369817AB0
:10D250001A68C0F802201A79C2805A79D20962F39A
:10D26000C30181725A79C9B2521162F3820181728B
:10D270009A79017B521162F3410101739A79C9B223
:10D28000121162F3000101739A79C9B2D20962F3F3
:10D29000820101731A7AC2725B7A0381704710B5FA
:10D2A000C3691A68C0F802205A791C79110941EA49
:10D2B0000411C1801202997902F470620A4302815A
:10D2C0001A7A817AD20962F3C301027B81726FF309
:10D2D000820202735A7AC2729A7A4273DB7A837339
:10D2E00010BD437900F1090203F00F03082B04D1AC
:10D2F000837A1B0705D4012307E090F90630002B41
:10D30000F9DA837A03F007030233D01870474279C1
:10D31000034602F00F02082A04D1807A10F00800B8
:10D3200004D1704790F90620002A06DADA7A03EB76
:10D330001213187B00F007007047002070474379F4
:10D34000C27A03F00F03082B00F110014FEA12120A
:10D3500007D1837A13F0080307D1033A1344C8189E
:10D36000704790F90630002B04DA837A03F0070344
:10D370000133F2E70023F0E74379427A03F00F0329
:10D38000082B00F10A0102F01F0206D1837A13F084
:10D39000080306D11A448818704790F90630002B0C
:10D3A00004DA801A837A03F00703F3E70023F1E736
:10D3B0004379C27A03F00F03082B00F10C014FEA06
:10D3C000121206D1837A13F0080306D11A44881882
:10D3D000704790F90630002B05DA1044037B03F008
:10D3E00007030133F2E70023F0E74379C17A03F042
:10D3F0000F03082BC2794FEA111109D1837A13F078
:10D40000080309D1A2F10D00401AC01AC0B270473A
:10D4100090F90630002B05DA0844037B03F007037C
:10D420000133EFE70023EDE70322F0B5134902FAD9
:10D4300000F591F8BCC4002601EB0C0393F8BD3451
:10D44000EF4303EA050444FA00F00124C0B202EA03
:10D4500003053541EDB2A84288BF1B1906F101064C
:10D4600088BFDBB29200A400042E03EA0703D2B205
:10D47000E4B2ECD1614481F8BD34F0BDAC5E002073
:10D48000064B93F8A6252AB193F8A705421C83F80A
:10D49000A725704793F8A805704700BFAC5E002031
:10D4A000234B20BB93F8A92581B102F0F001F029AC
:10D4B00004BF02F00F0283F8A92593F8A9051030E4
:10D4C000C0B283F8A90500F0F000704702F00F0128
:10D4D0000F2904BF22F00F0283F8A92593F8A905AC
:10D4E0000130C0B283F8A9050001C0B2704793F8BB
:10D4F000AA2571B102F0F001F02904BF02F00F0279
:10D5000083F8AA2593F8AA051030C0B283F8AA05BB
:10D51000D9E702F00F010F2904BF22F00F0283F8B0
:10D52000AA2593F8AA050130C0B283F8AA05DBE763
:10D53000AC5E0020F0B506460027254D042E9DF870
:10D5400014409DF8180085F8AB7504D1942C94BF55
:10D5500000200120F0BD0927F740FF070BD4012868
:10D5600017D19F2CF6D895F8AC050028F2D0962C50
:10D5700025D80020EEE79F2C13D80128F3D0FF29EF
:10D5800001D1362C0DD895F8AC050028E2D02E2C10
:10D59000EEE7022E05D89F2C03D8FF2903D1362CA5
:10D5A00005D90120D6E7D10601D5362C07D895F844
:10D5B000AC050028EBD15207CCD5302CCAD913F0DA
:10D5C00040001CBF012085F8AB0580F00100C1E7D9
:10D5D000AC5E00207047F7B504460126A778617E4F
:10D5E000C06A7B1AD3F1000C4CEB030C94F803E0F7
:10D5F00003784D4D9E40E64595F8AD35F2B241D0E9
:10D60000134385F8AD356368E2690A33934263607A
:10D6100051D3002384F803C06360C3789BB1237E99
:10D62000012B10D10DF1070101301AF08DFA9DF890
:10D6300007306178994206D1E06A81F0010161709A
:10D64000013017F03BFDA36A4BB1237E012B03D0C1
:10D650002BB9E378012B02D1E3680133E360E36A7D
:10D66000DB6843B3E278012A06D1002004F10C0103
:10D6700003B0BDE8F04018476269E2B9012004F147
:10D680000C01F5E713421EBF62680A326260227E17
:10D69000012A12D1E268002A39D06368A26A0A33EB
:10D6A0006360934207D3C3681BB1022004F10C01ED
:10D6B00098470023E36003B0F0BD8F421AD1236A7C
:10D6C000002BF8D062689342F5D8616939B9C36814
:10D6D0006261002BEFD0032004F10C01C8E7616AFE
:10D6E0000029E8D0D31AB3FBF1F501FB1533002B69
:10D6F000E1D1ECE763697BB1C3681BB1042004F19D
:10D700000C0198470023E360636195F8AD3523EA87
:10D71000060385F8AD35CEE7E368002BF5D06368E6
:10D72000226A0A336360BCE7AC5E0020F8B5204C87
:10D73000B4F8AE355BB1013B9BB2A4F8AE3533B95A
:10D7400001221C4BC3F840240222C3F840240026C7
:10D750000127194D2B7813B12B7E022B1CD194F885
:10D76000AD3507FA06F223EA020384F8AD35013637
:10D77000092E05F13005EDD194F8AD355BB9B4F85B
:10D78000AE5545B90D4819F0FFF994F8F03565F339
:10D79000410384F8F035F8BDE86A0379012B03D022
:10D7A000A91C01301AF0D0F92846FFF714FFDEE774
:10D7B000AC5E002000E00350200900205C640020E3
:10D7C0002DE9F0413A4D3B4C6F789FB1012F39D094
:10D7D0000021082208461AF042FD374819F0D4F912
:10D7E0000023364A84F84C367020BDE8F0411370AF
:10D7F0001AF084B8324B1B78002BE9D0D4F8F865C6
:10D80000E97805EBC60898F80800FFF787F9D4F81F
:10D81000F435D8F80C200A339342C4F8F4350FD30A
:10D820002B7901369E42C4F8F475C4F8F86507D325
:10D83000AB6DC4F8F8751BB1013BAB65002BC7D0CD
:10D84000BDE8F0811E4B1B78002BC1D094F80A363E
:10D850002BB10021287A84F80A16FFF75FF9D4F873
:10D86000F43501334FF00003C4F8F435E8D0D4F8B0
:10D87000F825637D287A62B9632B02D8591CC9B296
:10D8800003E00122C4F8F8251946BDE8F041FFF78E
:10D8900045B90BB1591EF2E7A96DC4F8F835002956
:10D8A000F3D00139A9650029EED1FFF737F98FE7E9
:10D8B00074080020AC5E0020B8640020EC52002008
:10D8C000A4530020074B93F84D2612F0300207D1E5
:10D8D000B0F57A6F04D80123022118461BF0F6B97F
:10D8E000704700BFAC5E0020034B4FF48071D3F84B
:10D8F000500627F019BB00BFAC5E0020002307B51F
:10D900000193104B104A5B68FE28C3F308030CBF59
:10D910004FF480414FF40051D2F8500623B903B0C0
:10D920005DF804EB27F000BB01AA27F0FFFB019B89
:10D930002BB14FF0E0234FF08052C3F8042D03B019
:10D940005DF804FB00ED00E0AC5E0020002307B5AD
:10D950000138019307280CD8DFE800F0190B040BFD
:10D96000160B0B1C012101AA0C4BD3F8500627F013
:10D97000DDFB019B2BB14FF0E0234FF08052C3F849
:10D98000042D03B05DF804FB402101AAECE704215B
:10D9900001AAE9E74FF4004101AAE5E7AC5E0020E7
:10D9A000002307B502380193052818D8DFE800F0F6
:10D9B0001C171E17031520210D4B01AAD3F8500682
:10D9C00027F0B4FB019B2BB14FF0E0234FF08052C6
:10D9D000C3F8042D03B05DF804FB1021ECE7054B00
:10D9E000054A5A6216F00AF90221E5E70821E3E741
:10D9F000AC5E00200000085001001D0308B5024A7B
:10DA0000024B5A6216F0FAF802001D03000008509B
:10DA100010B50F4C012016F006FBE06825F048F821
:10DA20000C4B93F854264AB1002083F854061AF0A0
:10DA300003F9BDE81040022014F072B9012016F07D
:10DA4000F2FA0122E068114625F097FAF1E700BFEB
:10DA5000049F0020AC5E002008B5002014F060F99F
:10DA6000044B4FF40071D3F85006BDE8084027F08E
:10DA70005BBA00BFAC5E0020012014F051B9022057
:10DA800014F04EB937B5294CE06825F06DF9C3079D
:10DA9000054602D5E06825F086F915F4881F42D0C6
:10DAA0004FF0FF33CDE90033214B93F8553603F0A7
:10DAB000FF0543B1002016F0B6FA0022E0681146D7
:10DAC00025F05BFA0125D4E9021025F05CFA2378F1
:10DAD0000A3B012B08D80022E068114624F0FCFF25
:10DAE0006946E06823F068F800220121E06824F02C
:10DAF000F3FF01A9E06823F05FF800980D4B186070
:10DB00000199596016F022FC002016F08CFA55B1EC
:10DB10006368187817F0E4FE0122E068114625F0EA
:10DB20002CFA1AF025FA03B030BD00BF049F002084
:10DB3000AC5E0020000008502DE9F04F664E8FB01B
:10DB40001422002103A824F08BFA0221F06803AA12
:10DB500025F045F90446002846D0604D05F285675A
:10DB6000D5F8743613B19A6801329A6018220021F0
:10DB700008A8BDF80EA024F073FA2146F06808AAA0
:10DB800025F02FF9F8B995F884269DF83310B3687D
:10DB900002EB4200C2EB801007F800A00B44197E94
:10DBA0009146032907EB000821D80131C9B20329A6
:10DBB0001FD004290CBFBE2140215FFA8AF38B429B
:10DBC00019D900233B544FF000082146F06825F096
:10DBD0000CF90221F06803AA25F001F90446B8F116
:10DBE000000F72D10028BBD10FB0BDE8F08F4021EB
:10DBF000E3E7AA21E1E70132D2B2032A28BF0022DB
:10DC000085F8842600220092214608F10102F0687E
:10DC100025F0FDF89DF83330FE2B04BF337C8DF8E2
:10DC2000333016F052FA9DF833B05845CBD9B3686B
:10DC30002B4A5B441B7E5846032B8EBF00230133C7
:10DC4000DBB202F8393002EBC90A16F0D3FA736876
:10DC50008AF801001B7863B1012B0AD0022B32D164
:10DC6000BBF1020F94BF4FF0000B4FF0010B4FEAD6
:10DC70004B038AF802309DF82E30D5F8E0288AF858
:10DC80000330089BCAF80430D8F801301BBA93421D
:10DC900011D0D5F8743613B15A6901325A6103387C
:10DCA000C3B2012B07D8182303FB0050D0F8F0387B
:10DCB0000133C0F8F03841465046D5F87C369847D5
:10DCC0004FF0010881E70223D3E700288CD0012020
:10DCD000D5F86436984787E7049F0020AC5E0020A3
:10DCE0006E67002070B578B1042830D1194D95F9D0
:10DCF0001439002B25DA05F618100FF094FA20B924
:10DD00000220003818BF012070BD0026032405F64C
:10DD1000A410C5F8A06985F81A490FF084FA002804
:10DD2000EED0B5F8303AC5F82C6A85F8A64953B953
:10DD300005F6A825AA7842B901330F2B05F11C0579
:10DD4000F8D10020DDE72046DBE70120D9E70FF01E
:10DD500037FBD6E7AC5E002010B5A2B0044688229F
:10DD60000021684624F07CF9C32368468DF8003012
:10DD70008DF8044018F000FF22B010BD10B4D0F8A8
:10DD80000220C4880189C0F8192022094277C1F312
:10DD9000032242EA04128277027BC177817AC2F3BE
:10DDA0008002C1F3C001920142EAC11242F00102B5
:10DDB00080F82120C27A5DF8044B80F822200FF011
:10DDC00023BE10B4D0F80220C4880189C0F81920FD
:10DDD00022094277C1F3032242EA04128277C17713
:10DDE000027E90F848105DF8044B0A4480F8202029
:10DDF000027BC2F38002920142F0030280F82120EC
:10DE0000C27A80F82220427C80F825200FF0FCBDE9
:10DE1000F0B5067E90F848700446F319013380F897
:10DE20002030012387B003700D4B02AD0FCB85E886
:10DE30000F00A37C31468DF80F30E37C28468DF827
:10DE40001030636904F11902059304F1490300934A
:10DE50003B4619F02FFF07B0BDE8F040FFF7BEB812
:10DE600040670308F0B5067E90F848700446F31941
:10DE7000013380F82030022387B003700D4B02ADD0
:10DE80000FCB85E80F00A37C31468DF80F30E37C83
:10DE900028468DF81030636904F11902059304F1E6
:10DEA000490300933B4619F005FF07B0BDE8F04079
:10DEB000FFF794B850670308F0B5067E90F84870F5
:10DEC0000446F319023380F82030052387B003702D
:10DED0000D4B02AD0FCB85E80F00A37C31468DF8CA
:10DEE0000F30E37C28468DF81030636904F1190285
:10DEF000059304F1490300933B4619F0DBFE07B09C
:10DF0000BDE8F040FFF76AB860670308F0B5067E29
:10DF100090F848700446F319023380F82030062345
:10DF200087B003700D4B02AD0FCB85E80F00A37CCB
:10DF300031468DF80F30E37C28468DF81030636948
:10DF400004F11902059304F1490300933B4619F0CB
:10DF5000B1FE07B0BDE8F040FFF740B870670308B6
:10DF6000F0B5067E90F848700446F319023380F845
:10DF70002030072387B003700D4B02AD0FCB85E82F
:10DF80000F00A37C31468DF80F30E37C28468DF8D6
:10DF90001030636904F11902059304F149030093F9
:10DFA0003B4619F087FE07B0BDE8F040FFF716B812
:10DFB0008067030870B5174C86B0B4F898300189B3
:10DFC000ADF8043000238DF80630134B8DF80510A2
:10DFD0005B6806461A78D0F802000FF0DDFC40F2CC
:10DFE00013120E4B02ADA3F84C2C04F19C038DF8D8
:10DFF00006000FCB85E80F00F37C0321284601AA19
:10E000008DF8103019F00EFF06B0BDE87040FEF735
:10E01000E5BF00BFF8660308049F0020AC5E002047
:10E0200070B5174C86B0B4F898300189ADF804305B
:10E0300000238DF80630134B8DF805105B680646FB
:10E040001A78D0F802000FF0A7FC40F24C420E4BB9
:10E0500002ADA3F84C2C04F1AC038DF806000FCBF5
:10E0600085E80F00F37C0321284601AA8DF81030C3
:10E0700019F0D8FE06B0BDE87040FEF7AFBF00BF94
:10E08000F8660308049F0020AC5E0020552370B59D
:10E09000044686B0D0F80260C57C90F91300019365
:10E0A000FEF7A8FF218902ACC1F3032343EA001362
:10E0B0008DF805300E4B8DF806105B6830461A78E7
:10E0C0000FF06AFC72220B4B8DF80700A3F84C2C62
:10E0D000094B0FCB84E80F000421204601AA8DF8DC
:10E0E000105019F09FFE06B0BDE87040FEF776BFF5
:10E0F000049F0020AC5E0020B4670308552370B570
:10E10000044686B0D0F80260C57C90F913000193F4
:10E11000FEF770FF218902ACC1F3032343EA001329
:10E120008DF805300E4B8DF806105B6830461A7876
:10E130000FF032FC72220B4B8DF80700A3F84C2C29
:10E14000094B0FCB84E80F000421204601AA8DF86B
:10E15000105019F067FE06B0BDE87040FEF73EBFF4
:10E16000049F0020AC5E0020C467030808B5CB699B
:10E17000084609334B61FFF738F80523C373BDE840
:10E18000084018F0E3BE08B5CB6908460A334B6176
:10E19000FFF75CF80523C373BDE8084018F0D6BE4E
:10E1A00010B5074C0A46D4F8503C3BB1014604F583
:10E1B00045600DF093FF0023C4F8503C10BD00BF34
:10E1C000AC5E002008280BD830235843054A1318AA
:10E1D000105C30B198785B7EC31A58425841704742
:10E1E0000020704720090020EFF305830F2B84BF28
:10E1F000034A9B5C4FF0E023D3F80C3D704700BF0F
:10E20000F0E300E0002307B50193054B1B6827F0FE
:10E21000E1F8019B002BFCD003B05DF804FB00BFCC
:10E22000A09E0020F0B50B780D4687B0002B65D07E
:10E23000C86A0231013019F087FC0023304E6B6050
:10E2400096F8F04514F0020455D1D6F8DC35019467
:10E25000002B4AD02B4F3868002846D00822049360
:10E26000CDE90224234601AA02A926F027F80128B5
:10E2700033D13868D6F8DC3578B309210A22049303
:10E28000CDE90212234601AA02A926F017F80128B7
:10E2900023D196F8E025D6F8E83590406FF00102DA
:10E2A0001B6A0292184A0590CDE9032302A923466E
:10E2B0002246386826F002F8D6F8DC15FFF794FFFE
:10E2C000124B38681B6840B106220491CDE9022345
:10E2D00002A9234601AA25F0F1FF019B2BB14FF0C3
:10E2E000E0234FF08052C3F8042D96F8F03543F048
:10E2F000020386F8F0352B6901332B6107B0F0BDBE
:10E30000AC5E0020AC5B002027540308945E002024
:10E310002DE9F74F0121866B90F83030346A99402F
:10E3200025F0E8FD236822690B4323600023DFF812
:10E3300004A13D4D04F10C090193914523680FD1CF
:10E34000019A23EA0203236026F066F8012196F879
:10E350002C30306B994003B0BDE8F04F26F0E4BD9F
:10E36000D2E9000820F07F41470101EA030C04D400
:10E37000BCF1000F03D14246DFE76145FBD1C0018C
:10E3800048BF019843F0024344BF08430190DAF8C4
:10E390000010D2E903014F6813609368BA42C8F8CD
:10E3A0000830C3F8048008BF4B60002313610B687A
:10E3B000013B0B6025F08AFED0E9023C4269C3F8BC
:10E3C00008C0CCF804305368011D8B42136808BFA5
:10E3D000C2F804C0013B1360C26AEB699A424FF075
:10E3E000140302FB03F305EB030CDCF824E088BF05
:10E3F000EA61DEF808B0C0F808E0C0F80CB0CBF86D
:10E400000410CEF8081009490B444361DCF82030B1
:10E410000133CCF82030064B1B68DB6A9A4284BF7C
:10E420000123C5F8A83CA6E7AC5E0020CC5E002026
:10E430005C0C00207450002007B5074B074801937F
:10E44000C0F8B83C002301A91A46D0F8BC0C26F04D
:10E45000B5F803B05DF804FB79BA0108AC5E0020A2
:10E4600038B5284CD4F8E03D002B49D140B194F8A0
:10E470005536012B02D0012019F090FD012038BD46
:10E48000012015F0D0FD204BD86824F011FBD4F802
:10E4900050560DB91D4B1D6825F002FF95F85C30F4
:10E4A000022B04BF002385F85C3025F06FFFD4F801
:10E4B0005006012126F080FDD4F85006042126F0F4
:10E4C0007BFDD4F85006402126F076FDD4F85006A6
:10E4D000022126F071FDD4F85006082126F06CFDCB
:10E4E000D4F85006102126F067FDD4F850062021FC
:10E4F00026F062FD0DF07CFE002018F0DBFCBDE78D
:10E500000020BCE7AC5E0020049F00205C0C0020D3
:10E5100038B50B4CD4F8E43D1B691D6825F0C0FEEE
:10E52000AD6B25F033FF4DB10121064B186894F80F
:10E53000E83D9940BDE8384026F0F6BC38BD00BF44
:10E54000AC5E00205C0C0020E2E7054A92F8E93D51
:10E5500013B1013B82F8E93D002382F8EA3DD7E799
:10E56000AC5E002070B51446134A064692F8E93DA9
:10E570000D46A2B013B1013B82F8E93D882200218B
:10E58000684623F06DFDC0238DF80030012301960D
:10E590008DF808308DF8095034B10FCC03AD0FC59C
:10E5A00094E8070085E80700684618F0E5FAFFF7E9
:10E5B000AFFF22B070BD00BFAC5E0020EFF314804F
:10E5C00010F0010F14BF002001207047EFF31480FA
:10E5D00040F0010080F31488704710B50A460446E5
:10E5E00020B119B1044B00211B6898472046BDE8B3
:10E5F0001040F9F783B800BFA49D0020F8B50D4E78
:10E600000D4C0E4D33680E48984767782B680C48C0
:10E61000984733680B489847022F08D12478E31FA6
:10E620005C425C412B68074898472046F8BD0024AF
:10E63000F8E700BF9C9D002084120020A09D0020D0
:10E640001C120020B811002041F2052398421AD86C
:10E65000B0F5905F09D241F2010398420CD0B0F5B9
:10E66000885F09D06FF0850070472923A0F590508E
:10E6700080B2C340DB07F5D511F0070F0CBF0020B7
:10E680006FF086007047B0F5105FEBD121F04003CA
:10E69000802B06D0B1F5807F0CBF00206FF0860084
:10E6A00070470020704770B5046A05460E463CB9B5
:10E6B0000120F9F715F9286228B120466E6270BD75
:10E6C0006FF08A00FBE76FF08C00F8E738B504467E
:10E6D000006A10B1616AFFF780FF237E012B0FD023
:10E6E000023B012B0FD8E369012B0CBF00256FF013
:10E6F000960528220021204623F0B2FC284638BD8A
:10E70000E369002BF1E76FF09605F2E7034660B18D
:10E71000017E8A1E012A0AD80329C26902D1012A70
:10E7200000D1D3E71AB1013ADA61002070476FF0E7
:10E73000960070472DE9F0418EB004460E46FFF773
:10E740005DFF00285FD00BF045FF20B16FF0920015
:10E750000EB0BDE8F08104A826F062FD0546002851
:10E76000F4D10090002E4CD0002CEFD036F00307EF
:10E7700006F003081DD04FF0E063CDE9043001231B
:10E780000194069002930C9047F0005301A904A84D
:10E79000039326F055FD04A8394626F048FD04A849
:10E7A00024F07CFD28B13A462946204623F058FC47
:10E7B000CCE7B8F1000F24D000254FF0E063CDE99D
:10E7C00004350123CDF804D00293104B01A904A80D
:10E7D000039306950C9526F033FD04A8042126F03A
:10E7E00026FD04A824F05AFD08B13246DCE7009A61
:10E7F0003C44C300013022FA03F3804504F8013B96
:10E80000F7D10020A4E76FF08800A1E70400002002
:10E8100000F0FE43B3F1A06F3FD1214B20F0FF0287
:10E820009A4203D110F0FF0027D170471D4B9A4246
:10E8300020D0A3F588539A4218D020F4FF7323F018
:10E840000103B3F1062F0DD017498A4206D0174AAB
:10E8500093421BD110F0FF000FD1704710F0FF0062
:10E860000BD1704710F0FF0007D1704710F0FF0088
:10E8700003D1704710F0FF0011D00D4B40F0007035
:10E88000984214BF00206FF08600704710F4004FCC
:10E890000CBF00206FF0860070476FF08600704755
:10E8A000000300060013000600090006000400062D
:10E8B000FF000002F8B506460F46FEF722FB88B3BC
:10E8C00000241B4B22461D46197ED1B13CB90229BA
:10E8D00005D1D96919B91979002918BF1C46013227
:10E8E000062A03F12803EFD114B96FF08C0006E07B
:10E8F0002046FEF7F9FA2046FFF7E8FE10B10024A3
:10E900000EE01C46237E83B9012323763EB1651BAE
:10E91000ED1003F1CC335D4305F1804535600020F7
:10E920003C60F8BD6FF08800E9E76FF09600E6E71D
:10E930009012002000232DE9F04F0B608BB00646AB
:10E940008846FEF7DEFA002800F06581B34BB44834
:10E950001B68984700283AD106F14043052B16D88A
:10E960002822B04902FB03110B7E022B02D14B6916
:10E970009E421FD041460020FFF79CFFDFF8A8A26F
:10E98000044688B3DAF80030A548984721E0002E05
:10E9900027DDA44B19461A7E022A02D15A699642F3
:10E9A00005D00130062803F12803F4D1E2E728233B
:10E9B00003FB00110846FEF797FA044668B9C8F849
:10E9C0000010994B1B689648984710B10CB96FF02E
:10E9D0008F0420460BB0BDE8F08F10F18C0FF0D102
:10E9E000C8E76FF08704ECE70125D8F800902146CE
:10E9F0008346C9F814603046C9F8045006AA0CF0E2
:10EA00001BF90446A8BB069F28463946F8F768FF5D
:10EA10000546002800F0F1803046594604AA0CF063
:10EA20000BF9044608BB47B1B5F1005F5ED3C7F1EF
:10EA3000005303F580339D4258D81022002106A8C8
:10EA400023F00EFB0023CDE902330BF0A5FF304687
:10EA500059460CF05FF8754B044698420CD90BF000
:10EA6000CBFF002F42D16FF08B0439462846FFF7C9
:10EA7000B4FD00210846B4E002AB03AA06A90BF0DE
:10EA8000DDFF6B4B9842EAD040B1013B984205D084
:10EA90000BF0B2FF57BB6FF09104E6E7DDF808B06A
:10EAA0002A462146039B63485F4594BF0097CDF8F3
:10EAB00000B009F021FB0646A0B90BF09DFF5F45B1
:10EAC00014D8232F15D86FF0980439462846FFF73D
:10EAD00084FD31460020FFF780FDD8F80000FFF7E5
:10EAE000F5FD49E00BF088FF5F45D4D96FF098043D
:10EAF000BBE708222846504924F0EDF90028E2D16E
:10EB0000AB68002BDFD12E6AA7F124039E42DAD82E
:10EB1000B6F5005FD7D29EB331460120F8F7E0FE8C
:10EB20008346002858D0324605F1240124F0C6F966
:10EB3000EB683946C9F804302B8A2846A9F800301A
:10EB40006B8AA9F802306B69C9F80830AB69C9F85B
:10EB50000C30EB69C9F81030BBF1000F00D08EB952
:10EB6000FFF73BFD31465846FFF737FDD8F8000068
:10EB7000FFF7ACFD6FF091040023C8F8003028E0E7
:10EB8000B346D5E7FFF729FD31464846FFF78BFD31
:10EB9000044620BB32465946D9F8200024F08EF9AD
:10EBA00031465846FFF719FDD8F800008368D904AC
:10EBB0002DD483689A0444BF43F400638360037ECA
:10EBC000012B04BF02230376FEF78EF904460028CA
:10EBD000D2D1DAF80030F6E66FF08C0475E73146F2
:10EBE0005846FFF7FAFCD8F80000FFF76FFD14F164
:10EBF0008C0F08BF6FF08704BEE72146FFF7EDFCDE
:10EC0000D8F80000FFF762FD6FF08C04B4E743F41E
:10EC100080638360CDE76FF08804DAE69C9D002076
:10EC20005411002090120020A09D00208131080086
:10EC3000FFDF00F0A80B0020D4670308F0B50446FE
:10EC400085B0D0B101A9FFF775FE0446A8B9274BDE
:10EC500027481B689847274F0546019EA0BB337E77
:10EC6000032B12D13046FFF751FD3B680446204884
:10EC7000984728B10CB96FF08F04204605B0F0BD5D
:10EC8000002C08BF6FF08704F7E7022B28D103237D
:10EC900033763379FF2B26D0B3B1746929462046E9
:10ECA00002AA0BF0C9FF8C300DD0204629460BF08C
:10ECB000F9FF30B92046294602AA0BF0BDFF8C307F
:10ECC00001D06FF098052C463046FFF71FFD3B68DA
:10ECD000002818BF0446064898470028CDD0C9E749
:10ECE0006FF09604F0E76FF08404EDE79C9D002040
:10ECF00054110020A09D00200B4B10B51B6804464A
:10ED00000A48984718B16FF08F04204610BD20467E
:10ED1000FFF7FCFC064B04461B6804489847002894
:10ED2000F3D0002CF1D1EEE79C9D0020541100207F
:10ED3000A09D00202DE9F843884617461C46FFF7A2
:10ED4000F9FD054648BBD8F80060B368B6F80090F6
:10ED50009F431AD10CB3254B24F0FF029A421FD1D6
:10ED600014F0FF0304D0224A43F00073934232D0E0
:10ED700022464846F168FDF7AAFF074668B92246D1
:10ED800048463169FDF7A3FF70BB6FF0840500238F
:10ED90003046C8F80030FFF7AFFF2846BDE8F883DB
:10EDA000144B9A42DCD0A3F588539A42D8D024F46D
:10EDB000FF7323F00103B3F1062FD1D00E498A422D
:10EDC000CED00E4A9342CBD004F0FE43B3F1407F45
:10EDD00004D12304CCD56FF08605D8E7B3F1A06F3A
:10EDE000F7D0034B9C42C2E73D46D6E7000300063E
:10EDF000FF000002001300060009000600040006E0
:10EE000073B50C46054618220021204623F028F948
:10EE1000002328461A4601A9FFF78CFF60B9019E1E
:10EE200035460FCD0FC495E8030084E80300304653
:10EE300002B0BDE870405FE702B070BDF0B541F2CE
:10EE400021050A44914200D1F0BD0823802411F825
:10EE5000016B264214BF4FF0010C4FF0000CC70BA2
:10EE60004000BC4580B218BF6840013B4FEA5404E3
:10EE7000EFD1E7E7E82909D801230139C1F3CC0232
:10EE800001F007018B40815C0B438354704710B540
:10EE9000044680B1006870B1002325F08FFB012883
:10EEA00001460AD1A06808B9002010BD2379994015
:10EEB00026F03AF8F8E70220F7E70120F5E770B509
:10EEC000C46A0546ACB125F0EBF994F8286025F04A
:10EED0005DFAAB6B95F830401D6A25F0E1F92D68BD
:10EEE00025F054FA012000FA04F42C4200D13040FD
:10EEF00070BD2046FCE7F8B5046A054625F0D0F958
:10EF00002668012706F07F43236025F03FFA00249E
:10EF100095F82430A34200D8F8BD07FA04F3334231
:10EF200005D0AB6A53F82400C36B03B19847013492
:10EF3000EEE738B5056A0C4625F0B2F9012303FA6D
:10EF400004F12B6823EA01032B60BDE8384025F06B
:10EF50001DBAC36A70B505460E461BB324F0CAFF3E
:10EF600003210022C06A25F0C9FF0128044613D1FD
:10EF700032460421E86A25F0C1FF012804460BD17E
:10EF800095F83010A86BFFF7D4FF074B21461A689D
:10EF9000E86A25F0B3FF044625F03EFA601E18BF6C
:10EFA000012070BD0120FCE7945E002070B504468E
:10EFB00098B05C22014601A823F080FF002223794B
:10EFC00093BB049A002A45D0002B43D00125224C44
:10EFD0005C2201A921488DF8083023F06FFF182228
:10EFE000002104F2F45023F03BF894F84C3684F8F6
:10EFF0000A5603F0FF066BBB0A2104F20C60FFF710
:10F00000A8FF082332463146304684F84C5618B0E3
:10F01000BDE8704019F05ABE18A901EBC20151F8C1
:10F02000501CA1B10132D2B29A42F5D3C9E718A857
:10F0300000EBC1054C1C00EBC400543D50E9150128
:10F0400085E80300E1B29942F1DBDBB2B8E7114693
:10F05000013BF8E718B070BDAC5E002074080020DA
:10F06000174810B5B0F8BA3413B390F84D4614F001
:10F07000300F23D0134A04F01003526852895AB15A
:10F0800033B140F2823100F55F60BDE8104060E7C7
:10F09000A20613D5E021F6E72BB14FF47A7100F503
:10F0A0005F60FFF756FFA30608D5FA210648ECE794
:10F0B00000F55F60BDE8104017F066BD10BD00BFF1
:10F0C000AC5E0020049F00209C6C00202DE9FF41D5
:10F0D000374D0DF10E01B5F8BA3405F56360ADF8A2
:10F0E0000E300DF099FFBDF80E30D5F8304EA5F872
:10F0F000BA3403B97CB3631C2DD024BABDF80E30EA
:10F100002C4FA5F8BA34A5F88E34C5F89044FDF715
:10F110004DFF7B68BDF80E6093F8008095F880364F
:10F12000F868012BA5F8DC68C5F8E0481ED1FF217E
:10F1300023F042FF4FF480020023CDE90023F8685A
:10F1400023F0A3FD55222146F86823F043FF04B0C5
:10F15000BDE8F04184E7184816F04AFD0021044656
:10F160001548ADF80E100DF0ADFEC7E7314623F09F
:10F1700023FF66B195F85936023B012B07D84FF4AF
:10F1800080020023CDE90023F86823F07EFD7B6830
:10F19000FD681B78012B03D1552221462846D4E770
:10F1A0004246314620460EF0F7FB0246F5E700BF27
:10F1B000AC5E0020049F0020DC6C002038B52F4C92
:10F1C00094F84D3613F0300F52D02D4D6B685B899B
:10F1D000002B40D0D4F8343E0133C4F8343E94F8C8
:10F1E0005536042B02D1012018F026FD6B6894F8E7
:10F1F0005C261B7840F6B831012B40F6FF7308BF40
:10F20000FF23032A94F8382E08BF4FF4FA6132B175
:10F210001C4AD4F83C0E1268121A91420FD2B4F86C
:10F22000402E9A4215D114F0DEFC0B23B0FBF3F212
:10F2300002FB1301C9B214480631FFF78AFE052309
:10F240004FF4FA620221002019F040FDBDE8384079
:10F2500006E70021EFE7D4F8843E0133C4F8843E8A
:10F2600094F85536042BEAD1012018F0E5FCE6E7C6
:10F27000D4F8883E0133C4F8883E38BDAC5E002027
:10F28000049F0020945E0020F06C002037B51F4DD5
:10F29000D5F8E00D58B10378DA060AD500217F23AE
:10F2A00081731A4601900093084613F001F903B0E8
:10F2B00030BD448963051CD5837BD3B1013B837387
:10F2C00015F03AF898B14FF47A72114B5B689B884D
:10F2D000B3FBF2F303339BB2B5F84C1C0D48C1F1FC
:10F2E000C801C91A89B203B0BDE8304031E6032332
:10F2F000F2E724F48C634381002112F005FED5F877
:10F30000E03D24F480645C81D1E700BFAC5E002066
:10F31000049F0020386D00202DE9F347D1F8388094
:10F3200005460C4616461F46B8F1000F40D190F82E
:10F33000243090F825209A423CD9172B3AD82C2318
:10F340000193019B019B0223DFF86CA0DFF86C9016
:10F3500081F828300EB325F06DFB0123C4E906388F
:10F3600094F82830C4F800A043F00403C4F82090B7
:10F37000C4F8148084F828300020C4E90E57E462F1
:10F3800095F8243084F83030AA6A42F823400133DB
:10F3900085F8243002B0BDE8F08725F04BFB01234F
:10F3A000C4F800A0C4E90636C4F820906661E3E71B
:10F3B0000220EFE70120EDE7B356030811E3000850
:10F3C00028B9084B93F84D2612F0300205D00023DF
:10F3D00002211A46012019F079BC0221012018F0FF
:10F3E0003EBF00BFAC5E0020034B4FF48051D3F80A
:10F3F000500625F099BD00BFAC5E0020F8B5144B57
:10F40000024693F85C36032B07D0FDF7BCFD13468C
:10F41000104C1044834202D1F8BD0220F7E70021CE
:10F420000A46651EE71D15F9016F16F1800F1FBF13
:10F430009219013112B2C9B2BD42F4D129B192FB85
:10F44000F1F203F8012B0834E4E76FF07F02F8E7EC
:10F45000AC5E0020456300202DE9F047234D95F870
:10F460005C36032B14D0FDF78EFD06464FF00008E6
:10F470008027DFF87C905FFA88FA56450AD895F81D
:10F480009834013303F0070385F89834BDE8F0871A
:10F490000226EBE714F036FF4FEAC804F0B9B8F1E2
:10F4A000010F09D1D9F804301B7813F0FD0F14BFF8
:10F4B0004FF0010A4FF0020A5146D9F80C0023F030
:10F4C0005EFD95F898342C441C44031EB8BF0333EA
:10F4D0009B1084F8993408F10108CCE795F898342A
:10F4E0002C441C4484F89974F5E700BFAC5E0020FE
:10F4F000049F0020B0E7831F012B04D9092894BF83
:10F5000000200120704702207047F8B51E4D0328E7
:10F51000044695F8587601D90020F8BD95F85C3678
:10F5200083422FD014F0EEFE06460028F4D10120CD
:10F5300014F079FD214685F85C46144C384685F870
:10F54000587614F06FFED4E9021023F01CFD14F07D
:10F5500093FE63689A8862835A88E275187816F079
:10F56000BFF90122E068114623F007FD012332466E
:10F570003146E06885F8553623F0AEFA8020D5F89C
:10F580006C3698470120C8E7AC5E0020049F00203D
:10F59000F0B5D3B0A822002128A822F061FD88226E
:10F5A000002106A822F05CFDC14CD4F8E43D28A956
:10F5B0009B69186825F0D1FF012801D053B0F0BD38
:10F5C0009DF8A0307D2B74D8622B07D8472B5BD8D1
:10F5D0003F2B41D8C6228DF818208AE1A3F163029F
:10F5E0001A2AF7D801A151F822F000BFFDF800084F
:10F5F000D5F5000815F90008D5F50008D5F500087F
:10F6000009F7000897FA0008D5F50008D5F50008B5
:10F61000D5F50008D5F50008C9F80008BFFA0008BC
:10F62000A5F80008C9FA0008D5F50008D5F50008C6
:10F63000D5F50008D5F50008D5F50008D5F5000882
:10F64000D5F50008D5F50008D5F50008D5F5000872
:10F65000D5F50008E3FA0008A3F14002072AB9D85B
:10F6600001A151F822F000BFC7F60008D5F5000847
:10F67000E7F6000819F7000835F7000843F8000816
:10F68000D5F5000891F800085C2BA3D1FFF7E4FE44
:10F690004FF07F330793D82307A88DF81830FFF772
:10F6A000ADFED4F8E43D28A99B69186825F074FFE5
:10F6B000C3E0852B8ED1F2238DF818307D4BDB8C87
:10F6C000ADF81C30EDE7C1239DF8A4108DF818307B
:10F6D000202901D900230CE10DF11D008DF81C102B
:10F6E00016F07AFADDE70022D4F87436C3E9042272
:10F6F000C3E90222C3E90022D4F8E43D28A99B69AA
:10F70000186825F049FF50E7D4F874061422002148
:10F71000183022F0A5FCEFE79DF8A5309DF8A40075
:10F72000002B654908BF0021042828BF002011F0E4
:10F7300075F8E1E70025614ED4F8CC0E0CF032FFED
:10F740003046356016F054FA294630460DF0DEFB9F
:10F750001022294606F1A10084F8D05E22F080FC38
:10F760002946D4F8E40E84F8E15E16F061F9102120
:10F77000D4F8E40E16F05CF91121D4F8E40E16F07A
:10F7800057F90321D4F8E40E16F052F90421D4F805
:10F79000E40E16F04DF90221D4F8E40E16F048F903
:10F7A0004FF4A0650DF08CFA40F20A560DF06AFB9A
:10F7B0002946D4F8E40E013516F03AF9B542F7D1EE
:10F7C0004FF4806540F20A462946D4F8E40E01352C
:10F7D00016F02EF9B542F7D10EF0D0F894F8EA3DC4
:10F7E0000BB984F8E93DD4F8E43D00211B691868A1
:10F7F00025F0F1FED4F8E43D0021D86925F0EBFEB8
:10F80000D4F8E43D0021586925F0E5FED4F8E43D44
:10F8100000219B69186825F0DEFE264B93F8200036
:10F820000DF0F6FF0CF028F90CF0E2FC0EF0A8FE4B
:10F83000FDF79CFBC4238DF8183006A817F09CF93F
:10F84000B3E6D4F8E83ECBB15A68910616D593F8E2
:10F850005A2002F00F02022A04D11A7842F0100254
:10F860001A7049E7987F0193B0FA80F07F23002156
:10F870001A460093400912F01BFE3DE7D4F8E03D24
:10F88000002B3FF439AF5A6892067FF535AFE4E7B5
:10F89000C7239DF8A4008DF81830FEF7E1FD8DF820
:10F8A0001C00FEE6064B074A5A6214F0A7F900BF97
:10F8B000AC5E0020049F002059DD0008DC6C0020B5
:10F8C0000000085000001D03DF238DF81830D4F825
:10F8D000EC3E43B1D4F8F03E73B1D4F8F43E002BC3
:10F8E0007FF4F8AE0223299A04EB8303C3F8EC2ECD
:10F8F00001238DF81C30D4E60123F4E79DF8A42001
:10F90000032A3FF6F9AE824B13449DF8A52083F8F5
:10F910002120F1E6DC238DF818300023D4F8FC1EFA
:10F920009DF8A45084F8F83E31B97A4E7A4A3046B0
:10F9300017F076F8C4F8FC6EB4F8BA34BBB1002600
:10F940000A230321D4F8E40E03AACDE90366ADF837
:10F95000146014F025FA9DF81230012B07D13146BE
:10F960000820FEF7F9F900238DF8203099E60020F1
:10F970000DF01AFBB4F8BA34C3B994F85C66032EE0
:10F9800014D1664F0120FFF7C0FD014670B9012078
:10F9900024F0B0FA3B6824F03BFB24F03DFD08B9AD
:10F9A00025F0F7FC013E16F0FF06EBD1002D6ED0DE
:10F9B000002384F8403F94F8413F23B1012384F8A9
:10F9C000413F19F0A7F8012D0AD184F8405F14F0E7
:10F9D000E1F80423C4F8443F022384F8413F0BE0DC
:10F9E000032D11D1022584F8405F14F0D3F80423CD
:10F9F000C4F8443F84F8415F19F08CF894F8413F13
:10FA0000003B18BF0123AFE7042D38D1B4F8BA3456
:10FA100033BB434A1278012A03D0042A1CBF414A4F
:10FA2000D36001250120FFF7CBFC84F8F85E16F0C7
:10FA300015F8034690B9364A022152681278023A04
:10FA4000AA428CBF2A46032262F30F23354AD360B1
:10FA5000032218F004FC28460DF0A6FA0423BCE7A4
:10FA600094F8483F43B9012384F8483F2C4B1B7856
:10FA7000052B01D114F014FA14F08CF873E7022D61
:10FA8000BAD10023C4F8443F14F084F8B2E701234C
:10FA900084F8405FA1E7DD238DF81830299B5A1FB9
:10FAA0005E2A02D8C4F84C3F01E0002BFAD0D4F80B
:10FAB0004C2FD31A5A425A418DF82020F1E59DF877
:10FAC000A4000EF079FC17E6D4F8503F23B10020D3
:10FAD0000DF0DCFB0DF0B8FB134B144A1A6007F075
:10FAE00099FBE9238DF8183094F85936012B3FF42F
:10FAF000F1AD9DF8A430092B3FF6ECAD03EB830389
:10FB0000B4F8562F5B00DBB2D31AA4F8543FEFE6EB
:10FB1000049F0020AC6D0020F98902087450002079
:10FB2000C89D0020000008500000002002020FF0D5
:10FB300070B50646FFF7DFFC0C46074D05EB80006D
:10FB4000D0F8E43005EB8605084698472046D5F8FE
:10FB5000F430BDE870401847F86603080278112AAF
:10FB600003D8044B1341DB0703D5037C43F00103A7
:10FB700003747047E77CFCFF431E032B024612D937
:10FB8000A0F10C03D8B2022810D9A2F10F03D8B209
:10FB900002280BD9931F022B07D9A2F109035A425D
:10FBA0005A41900070470120704703207047F0B51C
:10FBB0000446067E90F8487087B0F319023380F847
:10FBC0002030114B02AD0FCB85E80F002146A37CFE
:10FBD00011F8190B8DF80F30E37C49348DF8103093
:10FBE00054F8353C0593FFF7C7FF0A468DF8090026
:10FBF0003B4631462846009418F05CF807B0BDE853
:10FC0000F040FDF7EBB900BF1C68030830B5144B9A
:10FC100087B0B3F898200546ADF80420028902ACFD
:10FC20008DF80520552203F59A738DF806200FCB29
:10FC300084E80F002878FFF79FFF6422094B8DF8B6
:10FC40000900A3F84C2CEB7C0321204601AA8DF877
:10FC5000103018F0E7F807B0BDE83040FDF7BEB946
:10FC6000F8660308AC5E0020034B5B681878431EFF
:10FC700058425841704700BF049F002010B5114AF8
:10FC800092F88C1492F8D03E01F0070433B1002CA6
:10FC90000CBF00238823A2F8943410BDFFF7E4FFC3
:10FCA00000280CBF2E23962314B10C3B9BB2F2E725
:10FCB0000906F0D5143B9BB25B009BB2802B28BF9A
:10FCC0008023E8E7AC5E00202DE98048BE4BBF4CA6
:10FCD0001B68C1B0C4F85036834615F0A7FF002357
:10FCE000C4F8EC3EC4F8F03EC4F8F43E94F8583F33
:10FCF0000BB915F09BFF0023B54AB64952F8040B27
:10FD0000884204D0C0BB04EB8303C3F85C1F00210E
:10FD1000D4F8740F04231BAAC4F8E40E1B9114F04A
:10FD20003FF8AD4D38B1D4F8740F14F04BF908B961
:10FD30000DF024FE1B951B9BAB4251D824D0B3F190
:10FD4000A06F4FEA13621BD218F08CF9002525AA88
:10FD500008230321D4F8E40ECDE92555ADF89C50D5
:10FD600014F01EF80A230321D4F8E40E25AA8DF816
:10FD70009C5014F0D3F805E00133062BBED1C6E742
:10FD8000052AE3D015F0C0FD0025944F944EB846E7
:10FD9000B2462B46D4F8E49E2593B9F1000F00F04B
:10FDA00010814846316825AA15F036F8002300284E
:10FDB00040F044817168259A91421CBF03200125BF
:10FDC000884A0836964208F8010BE5D1002D40F02C
:10FDD00038811E230421844AD4F8E40E13F0E0FF96
:10FDE0009BF80C2081490392814ADBF808A00A6342
:10FDF0000C324A664FF40051A4F8C41F7D49D4F870
:10FE0000502601F13400C4F8C80FC4F8D02F0720E1
:10FE100020220023012584F8CC0F0A92081D84F8C3
:10FE20009C3F84F89D3F84F89E3FC4F8503CC4F842
:10FE3000543CC4F8A03F0A9A84F8A65525F038FA35
:10FE400084F8BC5FC4F8C01F0CF0D2F9DAF80830AF
:10FE50001B7813EA050706D1990600F1178113F004
:10FE6000100718BF03270025DAF80C30624893F812
:10FE70000880B4F8BA34B8F1FF0F16A908BF4FF0E4
:10FE80000008ADF858300DF0C7F8BDF858305B4E9B
:10FE9000A4F8BA345A4B2A2246F8A43C594B2946B6
:10FEA00046F89C3C584B0DF1960046F8943C46F8B9
:10FEB000A05C46F8985C46F8905C22F0D1F80423E8
:10FEC0008DF894808DF895708DF89830DAF80C30B4
:10FED00003211A78D4F8E40E8DF899205A88ADF8E9
:10FEE0009A209A88ADF89C20DA88ADF89E20474A7F
:10FEF0002892474A2992474A2A92474A2B92A6F1CA
:10FF00008C022C925A7A8DF8B4209B7A1BAA8DF819
:10FF1000BC300A23CDE91B55ADF8745013F040FFF7
:10FF20009DF8733008F0FD02092A8DF8963007D14C
:10FF3000013B012B04D901208DF896000DF050F8FB
:10FF400025A80CF055FC00228DF89800334846F89F
:10FF5000602C11464260083016F062FDB4F8BA34E5
:10FF600023B96FF065010E200DF044FD2C4B2D4898
:10FF70002E9322F0CCFD142200211CA822F070F850
:10FF8000294B2A4F1B932A4B00221B881BA9ADF833
:10FF90007C304FF48063ADF87E304FF48073ADF861
:10FFA0008030244B07F10C001B682193224B2293D5
:10FFB00003F58063239320F0B3FB0290002867D001
:10FFC000FEE701252846FBE65C0C0020AC5E002025
:10FFD000086E00208C68030801180706246E0020B4
:10FFE00094680308C46803082A6E0020600C00208F
:10FFF0002C9F00204C6E0020DC6C0020A46F0020A1
:020000040801F1
:1000000061CF0008CDCF0008790801084DD900085C
:10001000A1D9000885CF0008FDD80008446F002052
:10002000E5090108690345ECF9820208049F0020F4
:10003000B8CC0308BCCC03088C6F0020022001253B
:10004000BEE64FF000080125464617F8013B5AF876
:100050003890022B0DD125B1002148460DF06EF8E5
:10006000054605F0010508F10108B8F1060FECD1CD
:10007000AFE6032BF7D14946D4F8E40E25AA25961E
:1000800014F0CAFE002DECD02599E6E70227EAE637
:10009000D14D0DF1940CBCE80F000FC5BCE80F006A
:1000A0000FC59CE80700DFF88C9385E80700012165
:1000B000F86818F0C1FFB9F8CC3113A9F868ADF8A9
:1000C0004C3022F0C8FD13A9F86822F0DAFD0122B5
:1000D000F868114622F0FCFDBDA3D3E90023CDE969
:1000E0000023F8684FF0FF324FF0FF3322F0CDFDD0
:1000F00094F87806003818BF012014F0D1F894F86D
:10010000583694F859260493B4F95E3609F5B6705A
:100110000793B4F96036023A059309F5A27194F891
:100120005C36012A98BF0146F868069321F0E6FA8A
:10013000002851D1A94BD22103F11809059BF86879
:10014000A9F8E834079BA5F8DE38A5F8DC3822F0DA
:1001500013F8F86818F05AFFC728D4BF8C22C822B9
:1001600035F9163C02999342A8BF13460846FA8413
:1001700025F8163C13F0E8FF0699049814F052F89D
:10018000D7E9021022F0FFFE14F076F87B689A8817
:100190007A835A88FA75187815F0A2FB904B914A29
:1001A0005B6823F0404323F440031B0C1B04934281
:1001B00012D0322513A88DF84C5017F01DFF9DF872
:1001C0004C30B3FBF5F205FB1233B9F8E8242A44AE
:1001D00052FA83F3A9F8E834834D844F6B6807F132
:1001E0000409187815F07CFB0122E868114622F01A
:1001F000C4FE002513F069FFA8424FF0000300F28F
:10020000C98101257A4B7B4F1B6807F2FC40C7F878
:10021000F83417F0F1FEDAF8080087F8FD540CF016
:10022000C1F940460DF0F4FAE922E421724821F0C8
:1002300017FF2946714A724816F0F2FB0021714AF5
:10024000714816F0EDFBFEF741FF039B6F4D042B49
:1002500001D0012B25D1002701201BA91B9715F0E8
:10026000F4FB1B9B02201A0A694985F8D13E85F8E8
:10027000D92E1A0C1B0E85F8DA3E85F8D22E15F011
:10028000E4FB0320634915F0E0FB04201BA915F0F3
:10029000DCFB1B9B85F8D77E85F8E13E1B0C85F8BF
:1002A000DF3EFCF763FE95F84D36DA0702D50120F4
:1002B000FEF7D6F800274FF0090A574B574DCBF8F9
:1002C0002030574BDFF87081CBF82830AB1CCBF8CF
:1002D0002C50CBF83030CBF8248084F8E8AD84F88B
:1002E000E97D84F8EA7DFFF7C9FCAB1D05F15602F4
:1002F000F8210520009724F0E6FF4A4BC6F82C0AA7
:10030000D3F8009005F23253C6F8300A05F28E5247
:10031000A821C6F8389A86F834AACBF81030022003
:1003200005F23E53009724F0CEFF0A2386F8E03B07
:1003300005F2DE63C6F8DC0B05F23A728821C6F8D6
:10034000E49BCBF81830042005F2EA63009724F010
:10035000BAFFDBF800209BF80530C6F8580EC6F847
:100360005C0EC6F8642E86F8603E05F6BA1205F6F5
:100370006A13E021CBF81C000097022024F0A3FFB1
:10038000294DDBF800209BF80430394645F8800CF5
:1003900045F87C0C45F8742CCBF81400234AA5F1E1
:1003A000700005F8783C16F03BFB1122C4F8E4BD60
:1003B0000024DBF82830214645F8303C15F82C3C69
:1003C0001B48112B88BF05F82C2C08F10A0335E0D7
:1003D000088D015522020000046500208C6F00206A
:1003E0000080E00F00001703049F00208E7400209F
:1003F000945E0020A46F0020696300205DCF000898
:100400009C6C0020E5470108F06C0020AC5E0020E9
:100410007F6D0020876D0020186F0020A2740020DF
:10042000346300205C0C00209C80002049E500081B
:100430007C800020F8660308C668030898BF05F8AA
:100440002C2C594A8CBF45F8283C45F8283C45F8E7
:10045000244C16F0E5FA2146544A554816F0E0FAC5
:100460002146544A544816F0DBFA544BC5E9284457
:1004700093F84D36DB070FD505232246022120468F
:1004800018F024FC01214E484E4A16F0C9FA4FF4E8
:100490007A714B48FEF75DFD00240020FEF790FFC7
:1004A000494B2146C5F8A030484B494A1B6849488A
:1004B000C5F8EC30C5F8A440C5F8E84016F0B0FA2D
:1004C000182221461BA821F0CBFD2146182225A881
:1004D000169421F0C5FD4FF4E02025A9FEF790FC0D
:1004E00010B33D4B44F201011BA81B930DF032F8F1
:1004F0004FF4E022394B20921E931C9BDAB222B9B2
:1005000023F0FF0343F001031C9313F0BDFB02280B
:1005100046D140F201131C9325A91BA814F00CFA34
:1005200010B110F18B0F06D14FF4E0202C4916AA20
:1005300014F00AFB18B10DF013F80DF0CFF8DBF84A
:10054000083000255B68274E18780DF035FF264BE4
:1005500004215B6830681F78FF230DF123028DF8BA
:10056000233001230B9513F01BFC9DF82330FF2B48
:1005700040D0FCF7E1FC1D4B5B689BF80C30032B73
:1005800000D013B901200CF081FE194C204615F063
:100590001DF9FBE707F8013B29F8023B013529E685
:1005A000012808BF1C90B7E765740208652C020893
:1005B000BC800020D12C0208FC800020AC5E002012
:1005C00044810020F5F40008E9D80008945E00207A
:1005D00055C001088C8100204171FF000000020914
:1005E000CC8100208C130020049F00200080E00FAD
:1005F000708000201022294617A8169521F030FDA2
:100600006622294626A80C95ADF834500E95ADF813
:100610003C5021F025FD43F23903ADF8943043F20C
:100620003013DFF84482ADF896300EAC98F8013004
:1006300009A98DF8243018F8023B0CA88DF8253054
:1006400013F0B0FA20460CA914F0D0F8206828ABBB
:100650005A19585123790535282D1371E6D10323F2
:1006600009A90CA8ADF8243013F09CFA06210CA8B7
:1006700022F05BFC7B4B0DF19D05ADF89D30421ED9
:10068000AB709DF808300299984201F10101029186
:1006900000F2BB8043F2310343F23008ADF8CA30B8
:1006A0004FF4885309A90CA8ADF82430ADF8C880E0
:1006B00013F078FA20460CA914F098F894E8030097
:1006C0004FF4C06333908DF8D0100CA809A9ADF891
:1006D000243013F067FA20460CA914F087F8237928
:1006E0000E988DF8D53043F23023ADF8D63043F272
:1006F0003203ADF8D8306323CDF8D10009A90CA896
:10070000ADF8243013F04EFA20460CA914F06EF820
:1007100023790E988DF8DE3044F64413CDF8DA00D4
:1007200009A90CA8ADF8243013F03CFA20460CA916
:1007300014F05CF823790E988DF8E33043F23753C8
:10074000CDF8DF0009A90CA8ADF8243013F02AFA7F
:1007500020460CA914F04AF894E8030040F614036C
:1007600039908DF8E8100CA809A9ADF8243013F0E1
:1007700019FA20460CA914F039F82379023F8DF8B4
:10078000ED3043F63003ADF8EE3043F23033012F55
:10079000ADF8F03094BF032301230E983033CDF829
:1007A000E9001BA8ADF8F2808DF8F43024F038FD94
:1007B000002835D06FF092000CF0D2FE0CF08EFFC6
:1007C000BDF8583009A95BBA0CA8ADF8243013F075
:1007D000E9F920460CA914F009F894E80300202355
:1007E00026908DF89C10204A0321306813F096FB68
:1007F00025AA6A230521306813F090FB0123042108
:1008000030680BAA13F08AFBB3E640A9C91AD31AC1
:1008100003F580736B4413F8D03C01F8613C30E77A
:10082000124B5821CDE91B301D9023901BA824F0BA
:10083000FEFC01230E4A10951193129216AA1392F0
:1008400014930C4B10A91BA815930AF09BF81BA836
:1008500013A924F0F5FC1BA822F020FD0028AFD03E
:10086000A8E700BF30303000CC8100200002000338
:10087000580000201400002008B5044B83F88C04B5
:10088000FCF794FBBDE80840FFF7F8B9AC5E002028
:1008900008B5430756BFC0F340024022520101464B
:1008A000FFF7E2F910B142F0030008BD01F0380192
:1008B000102904D020290CBF03200120F5E742F0C5
:1008C0000200F2E7012803D9022808D0002070476F
:1008D000487900F00F00431E584258417047087A8B
:1008E00000F00700F7E7012806D8487900F00F006C
:1008F000831E58425841704700207047012806D88F
:10090000487900F00F00431F5842584170470020BB
:100910007047012803D9022808D000207047487981
:1009200000F00F00C31E584258417047087A00F08B
:100930000700F7E7012802D14879C009704718B9C4
:100940004879C0F380107047022801D1087AF4E793
:1009500000207047FFF7EEBF012803D14879C0F3AC
:100960008010704718B94879C0F3401070470020D4
:10097000704702280DD0012807D1487900F00F00F8
:10098000A0F1080358425841704710B94879C0098E
:10099000704700207047012803D1887AC0F3800097
:1009A000704708B9487AF9E700207047012806D156
:1009B0008B7A13F0060F14BF01200020704708B98E
:1009C0004B7AF6E700207047012803D9022805D0AA
:1009D00000207047487900F00F007047087A00F057
:1009E0000700704770B504468AB01C220D4601A866
:1009F000002121F035FB2378E178013BDBB2032BAA
:100A00008CBF00233A4A8DF8171098BF9B182946CF
:100A100098BF93F81C32A2788DF804306378032ACB
:100A20008DF81430134628BF032311F8010B8DF8FD
:100A300015308DF81C006068089109901846FFF782
:100A4000C3FF2C4E012896F8D01E1AD1A2B995F9F1
:100A50000620002A09DB91B9254A02EB8303D3F86B
:100A60002032204601A9984709E041B9204A02EB0B
:100A70008303D3F83032F4E7D1B1022AECD00AB0C4
:100A800070BDE1B1022AFAD102380628F7D801A2D6
:100A900052F820F0E50A0108D90A01087F0A010886
:100AA000CD0A01087F0A01087F0A01086D0A0108C2
:100AB000B6F8BA140029CFD0022AE0D0CCE7B6F8B5
:100AC000BA140029E0D0022ADED1D8E7084A02EBA6
:100AD0008303D3F84032C4E7054A02EB8303D3F81B
:100AE0005032BEE7024A02EB8303D3F86032B8E724
:100AF000F8660308AC5E0020012802D9022806D05F
:100B000070474B7923F00F031A434A7170470B7AF1
:100B100023F007031A430A727047012804D14B7966
:100B200063F07F034B71704718B94B7943F0400372
:100B3000F8E7022802BF0B7A63F07F030B7270475D
:100B4000012804D18B7A43F001038B72704718B9E6
:100B50004B7A43F001034B727047012804D18B7A22
:100B600023F001038B72704718B94B7A23F001030D
:100B70004B727047012804D18B7A43F002038B72C9
:100B8000704718B94B7A43F002034B727047012843
:100B900004D18B7A43F004038B72704718B94B7AF7
:100BA00043F004034B727047012802D1C87A000950
:100BB000704708B9887AFAE700207047012803D106
:100BC000C87A00F00F00704708B9887AF9E700206A
:100BD0007047012804D1887AC04300F001007047B3
:100BE00008B9487AF8E700207047012803D1887ACD
:100BF00000F00100704708B9487AF9E70020704713
:100C0000012802D11201CA72704708B912018A7212
:100C10007047012807D1CB7A02F00F0223F00F03AF
:100C20001343CB72704730B98B7A02F00F0223F076
:100C30000F0313438B727047012803D1887AC0F3E6
:100C40004000704708B9487AF9E70020704701284A
:100C500004D1487900F00F00012808E058B991F953
:100C600005204B79002A0DDB03F00F03012B14BF85
:100C7000002001207047022803D1087A00F0070005
:100C8000EAE700207047022813D0012807D14879ED
:100C900000F00F00082814BF00200120704740B961
:100CA00091F905204B79002A04DA03F00F03012B98
:100CB000F1E700207047FFF73DBE022801D1487AD6
:100CC0007047012801D1087A704718B9887900F077
:100CD0000F00704700207047012806D14B7923F0A0
:100CE0000F0343F008034B7170470028FCD14B7988
:100CF00063F07F03F7E701289EBF4B7903F07F0382
:100D00004B717047012802D11144087B704710B91C
:100D10001144C87A704700207047012802D111445D
:100D20000B73704708B91144CB7270470346022B0E
:100D300008460BD10B7A01F10C0213F040031EBFE1
:100D40000B7B03F007030133D0187047012B01D14F
:100D5000FCF7C7BA0BB9093070470020704701286B
:100D600003D1487A00F0E000704708B9087AF9E743
:100D700000207047012803D1487A00F01F00704717
:100D800008B9087AF9E700207047012802D101F17B
:100D90000A00704710B901F1090070470020704740
:100DA000012808D010F0FD0F0CD18B7902F0600201
:100DB00023F0600304E08B7902F0700223F07003EB
:100DC00013438B717047012806D010F0FD0F07D137
:100DD0008B7923F0600302E08B7923F070038B7131
:100DE0007047012804D010F0FD0F05D00020704797
:100DF000887900F070007047887900F060007047D3
:100E0000012807D010F0FD0F03D14B7A43F00803FF
:100E10004B7270478B7963F07F038B718B7A43F051
:100E200008038B727047012807D010F0FD0F03D123
:100E30004B7A23F008034B7270478B7903F07F03E2
:100E40008B718B7A23F008038B72704710F0FD0FC3
:100E500002BF8B7A01EB1311CA72704710F0FD0FBD
:100E600001BF8B7A01EB1311C87A00F00F0018BF95
:100E70000020704710F0FD0F07D18B7A01F10B00B5
:100E80001B09C15C41EA0212C254704710F0FD0F09
:100E900001BF8B7A01EB1311C87A000918BF00203B
:100EA000704720B9887A114401EB10110B73704719
:100EB00028B98B7A114401EB1311087B704700208D
:100EC0007047C37A00EB13100C30704708B5034627
:100ED000012B084607D013F0FD0F08D18B7A01EBE8
:100EE0001310C27203E0FFF7ECFF1201027008BD9D
:100EF00008B50346012B084604D013F0FD0F06D0B9
:100F0000002008BDFFF7DDFF00780009F9E78B7AC4
:100F100001EB1310C07A00F00F00F2E7012804D0B3
:100F200010F0FD0F07D000207047CB7A01EB1311B2
:100F3000087B000970478B7A01EB1311C87A00F027
:100F40000F0070470346012B084610B50BD013F075
:100F5000FD0F11D18B7A01F10B041B09E15C41EA11
:100F60000212E25408E0FFF7ACFF037802F0070238
:100F700023F007031343037010BD10B50446012C82
:100F80000846194608D014F0FD0F09D1837A1044A1
:100F900000EB1310017303E0FFF793FF104441705F
:100FA00010BD10F0FD0F01BF8B7A891801EB1311F2
:100FB000087B18BF00207047012804D010F0FD0FF7
:100FC00016D0002070474B7903F00F03082B04D193
:100FD000887A10F0080004D1704791F90630002B90
:100FE000EFDACB7A01EB1311487B00F00700704772
:100FF0008B7A01EB1311C87A000970470346012B65
:10100000084604D013F0FD0F03D000207047FCF712
:101010007EB98B7A01EB1310C07A0009704708B5CE
:101020000346012B084604D013F0FD0F06D0002024
:1010300008BDFFF746FF01321044F9E701F10B0349
:10104000897A013202EB11129818F1E70346012B5D
:10105000084601D1FCF773B96BB9827A437A0B3138
:1010600013F008034FEA12121EBF8B5C1B090133F9
:101070001A44881870470020704710B50A46044685
:10108000FFF794FC002835D1012C1CD15479D37979
:10109000C97A04F00F040E3B082C4FEA1111DBB2A1
:1010A00007D1907A10F0080007D15B1A1B1AD8B24A
:1010B00010BD92F90640002CF7DA0A44507B00F08C
:1010C00007000130F1E7002CF2D1537A897A13F04E
:1010D00008034FEA1111D0791CBF5218D37AA0F13E
:1010E0000C0018BF1B09C0B218BF0133401AC01A48
:1010F000C0B2DDE70020DBE7012802D101F11200D8
:10110000704710B901F111007047002070470128A5
:1011100003D1C8791438C0B2704710B9C8791238F1
:10112000F9E7002070470346012B084601D1FCF780
:1011300023B933B90A7A01F1090302F01F029818A2
:1011400070470020704701281DD14B79C87903F002
:101150000F03082B4A7A04D18B7A1B0705D40A2384
:101160000AE091F90630002BF9DA02F01F03C91AE0
:101170008B7A03F007030A33013802F01F02801A4A
:10118000C01AC0B2704728B9C8790B7A0A3803F080
:101190001F03F5E700207047012802D10846FCF73D
:1011A00007B900207047012802D10846FCF71DB995
:1011B00000207047022805D148790B79000940EAE0
:1011C00003107047012801D1087970470028FBD02F
:1011D00000207047022808D113090B714B7903F0E6
:1011E0000F0343EA02134B717047012801D10A71C2
:1011F00001E00028FBD07047022806D14B7988799E
:101200001B0203F4706318437047012801D1487A28
:10121000704708B9087A704700207047022808D143
:101220004B79C2F3032023F00F0303434B718A7100
:101230007047012801D14A72704700B90A7270479D
:10124000437903F00F03082B07BF807A00F00800F2
:10125000807900F0800070470346012B084600D1DA
:10126000EEE71BB9487A00F008007047022B0ABF6E
:10127000087A002000F04000704708B50246FEF7EB
:10128000F3FC60B9094BD3F8E83E4BB15B8903F03E
:101290000601022903D003F00703042B00D19208B2
:1012A000012A38BF0122104608BD00BFAC5E0020F5
:1012B000F8B505460C46074FA7F15806304615F01D
:1012C00063FC2146304647F81C5CBDE8F840FDF75A
:1012D00040BE00BFA46F002073B50E46054601A9AD
:1012E00030460BF0A9FB9DF8053013F01C0FC3F33B
:1012F000820409D1144A164496F8BD3403F0030160
:101300008D4213D100240AE0002DF3D1013CE4B258
:101310002046FCF789F8204602B070BD012482F80F
:101320009D4FF8E70224FAE70324F8E7C3F38101AD
:10133000A942F3D0C3F301118D42F3D0B5EB931F53
:10134000F2D00024E7E700BFAC5E0020F0B5044611
:10135000344F87B097F8BC0401A90BF049FB6946EC
:1013600097F8BC040BF068FB032C03D9FF2420463C
:1013700007B0F0BD9DF804302B4D85F85031002B9F
:10138000F4D0204697F8BC14FFF7A6FF06AB00B2D6
:1013900003EB800050F8132C2301C5F85221D2B280
:1013A000DBB2FE2A85F851310DD00022114605F23C
:1013B000511010F8016F3EBB09B185F8513114B1DD
:1013C000D2B2002AD2D0204697F8BC149DF8006013
:1013D000FFF782FF400046FA00F303F00303022BFD
:1013E0001CD0032B1CD0002B0CBF2023082385F816
:1013F00056319DF8013013F003031EBF5B0043F02C
:10140000100385F85631B2E701320133042A4FF058
:101410000101DBB2CDD185F85131D4E71023E6E7E5
:101420001823E4E7AC5E00209C80002070B586B0F5
:10143000044601A900200BF0DBFA9DF804000CF033
:10144000DEF9FF23154E164D86F8583185F8BC3469
:1014500096F85A31A3420DD1002085F8BC04FFF75D
:1014600075FF86F8580195F8BC04FF3818BF0120B5
:1014700006B070BD204601A90BF0BAFA2146002043
:10148000FFF72AFF06AB03EB800010F8133C002B9C
:10149000E9D0002085F8BC44E1E700BF9C80002033
:1014A000AC5E002038B5134D044695F89C2F124BC6
:1014B0003AB1D3F85B31C0F83E30002385F89C3F49
:1014C00038BD93F85F21042A0BD193F8602142B113
:1014D000D3F86921D3F86D31C0F83E20C5F8303E0D
:1014E000EEE7002105480BF097FDD5F8303EC4F833
:1014F0003E30E5E7AC5E00209C800020DC6C0020E4
:101500002DE9F74F0546DDE90C9494F82C00984638
:1015100092460F4613F0AAF9022808BF636804F147
:10152000550102BF23F0040343F010036360064635
:10153000FFF7A9FB02463046FFF7FCF903463046A9
:10154000FFF70AFA400040EAC30343EA021394F8A3
:10155000462003F01A0322F01A02134384F846309F
:101560006368B4F844B09B0003F008036381237AF6
:1015700013F02003009304F1140342D1B8F1010FDA
:1015800037D19AF80020002A33D1022E31D104221B
:1015900084F88460A4F8852099E8030083E80300B8
:1015A00025F010056581FBF76BFF012102463C4BDE
:1015B00083F8A615237A990613D423463946304674
:1015C00010F024F9022E0CD16368DB0709D5344BE7
:1015D00093F85C36032B01BF63785A1C62F3030354
:1015E000637020466389A38103B0BDE8F04F10F01B
:1015F000F3BF4246514604F18500019321F05EFCA1
:10160000019B84F8848099E8030083E80300731E3B
:10161000DBB2012BC4D9022F09D0042D07D05FFA09
:101620008BF3FF2B28D125F0070545F00105002E8F
:10163000B9D1009BDBB9DFF8688098F8A63543B3D1
:10164000A7F1080C05F00700DCF10001A0F1020E83
:1016500041EB0C01DEF1000040EB0E00FBF720FF38
:101660003843C7B2012384F84B7088F8A6350AF0D6
:10167000FDFD002265819DE76B07D8D1094BB3F8CA
:1016800072215A45CFD193F8743105F0F8051D4306
:10169000CDE798F8A83547EA0313DFB2E2E700BFC9
:1016A000AC5E00209C8000202DE9F04F8DB0189C8E
:1016B000054667680693F80444BF012384F82C307C
:1016C00094F82C008B46164613F0D0F8022880467A
:1016D0009DF858906DD100220425BC4B27F00407DB
:1016E00047F01007676083F8AC2504F15F03626878
:1016F0000393110542BF237A63F07F03237212F034
:10170000C00F40F09C80CDE900983146237A05F067
:101710000700FBF70FFF0746002840F0AE81DFF817
:10172000ACA29AF8AB35002B00F08980237A5A06D8
:1017300040F1A38165689AF8AC3525F02005656015
:101740000A90ADF82C00EDB20BB145F02005A04B8E
:10175000179A92E8030083E80300204610F077FE12
:1017600000238AF8AC350BF03BFE48B9B9F1AA0F5B
:1017700028BF4FF0AA0906994A46964821F09EFBD9
:10178000954C002341F28831944A04F512700CF014
:1017900041FB0BF025FE88B100210220FCF700FD83
:1017A0000023CAF8503CCAF8543C38460DB0BDE896
:1017B000F08F012899D104F1600398E794F89CC256
:1017C000BCF1080F05D8864B634493F87032012BA7
:1017D000E2D0804BADF824B0C4F83C32ADF82660BE
:1017E0008DF82A50B3330CAA12E9070003C31A80FC
:1017F0007C4B1122C4F834320023A4F84092A4F8A0
:10180000423284F8442284F8873284F88832A4F87B
:10181000943284F89632A4F82632A4F89862BCF187
:10182000000F06D0BCF1060F07D00DF089FA012792
:10183000BBE717200BF0F2FDF7E71820FAE70023CB
:10184000624FD4F804A097F8AC25A4F842B0A4F8ED
:1018500044606377002A51D087F8AC35237A43F08F
:10186000010323721AF0900F5AD116F0FF0359D1D9
:1018700040F6FF739E424FF001074AD0637F73BB6F
:10188000636803F00503052B40F0E980F0B2FFF731
:10189000CDFD002800F0DB80DFF83CA19AF856016E
:1018A000FEF7F6FF9AF85121054602F00F02531E8B
:1018B000032B0ED8B8F1010F4FEA02170AF5A971F0
:1018C00000F0BE8004F1600021F0F8FA84F85F7047
:1018D0000827052363779AF85031A4F844306268EA
:1018E00012F0C00F00F0BE80179B394600932846C7
:1018F0004B46069A0194FFF703FE98E71AF0400F53
:10190000B0D007230827637740F6FF739E4240F06C
:101910008F80B8F1020FB1D12AF005036360ADE703
:101920000127F1E797F8E12E002AF9D097F8D92E90
:101930009A4248D097F8D12E9A42F1D1002307EB72
:10194000C307D90097F8D23E029303F00F026389D0
:10195000029823F0070343EA101397F8D70E23F0F9
:10196000600300F0600003431FFA83FBA4F80AB091
:10197000FEF77AF91C4B19441301049302F10D038D
:10198000059398B304F1610021F098FA049B84F860
:101990006030059B84F854301BF0600F18BF237A29
:1019A00005F098051CBF43F010032372039B1B78BE
:1019B0000F2B4FF0030363770BF067038CBF0827EF
:1019C00001271D43A0E70123B9E700BFAC5E00205B
:1019D000FC6A0020118200209C80002089DF010821
:1019E000F8660308A1E100087F6D0020079004F16C
:1019F000600021F063FA049B84F85F30059B84F853
:101A0000543097F8D82ED307C6D5227A029B42F0DD
:101A10000402227223F0700242F03002079B87F822
:101A2000D22E97F8D82E63F3000287F8D82EB3E7AA
:101A3000FF2E7FF423AFB8F1020F3FF41FAF6BE727
:101A400004F1610021F03AFA84F8607040E76368BD
:101A500023F004036360637F002B7FF440AF062311
:101A600063773CE7CDE900983146237A05F007001B
:101A7000FBF760FD00283FF437AF204610F0E7FC8D
:101A8000002792E62DE9F04F684B89B0D3F8E84E75
:101A9000002900F09A80002C00F09780FEF7E4F80F
:101AA00004F155010646FFF794F8002800F08D80F8
:101AB00094F84790B4F844B0002E00F0898094F870
:101AC000607004F161014FEA1718424605A821F041
:101AD000F5F90220B4F842A00AF0FEFB08F1020575
:101AE0000446002871D0032243785FFA8BFB62F32F
:101AF00003034370BB1E03F00F0327F00F02A0F88F
:101B000042B01A43002E6AD008210F2B08BF90F86C
:101B1000463080F8479008BF0B4380F84B1080F8A0
:101B2000602008BF80F8463000F15F0900F1610BCA
:101B3000304604F1550194F84B20FEF7DDFFFEF727
:101B4000FFFFFFF724F894F846301B0701D5FEF796
:101B5000E4FF42465FFA8AFAA4F844A099F80030FC
:101B6000042A43EA071389F8003028BF04225846A4
:101B700005A921F0A3F9002384F88430002E52D166
:101B80000935237A204643F02003237284F8545009
:101B900084F85C50FFF786FC254BB4F8442006938C
:101BA000002307936368B4F8421043F08103636035
:101BB00006AB0294019394F884301E48009390F889
:101BC000740104F18503FFF76FFD09B0BDE8F08FE4
:101BD00094F85F7004F160014FEA171875E701216E
:101BE00080F84B1090F846100F2B41F0100180F850
:101BF000461008BF90F8463090F85A1009F00F09C7
:101C000061F07F0108BF43F0080380F8479080F837
:101C10005A1080F85F2008BF80F8463000F15E0956
:101C200000F1600B84E70A35ABE700BFAC5E002033
:101C3000D5D500089C8000202DE9F04FC36993B0F2
:101C40000793037EA44E099390F91330C6F8A002BF
:101C50000C93037806905A1F022A01D90A2B08D147
:101C6000079B079ADB79013BD371099B013BDBB2F0
:101C700009939A4BD3F8E87E079BC6F8A432099BD8
:101C800086F8B132069B1B7C86F8B432069B93F82B
:101C900011B0099B082B68D9079B099ADB799342FD
:101CA00063D80023BBF1010F86F8AD3222D0069B2A
:101CB00018780AF0E1F9002386F87401079958466C
:101CC00086F8B532FEF780FE0246012A584613D048
:101CD000FEF74FFE0546A0B9052A40F0C580BBF1CE
:101CE000010F079B40F0AC809B7AD80600F0B680CD
:101CF000A9467DE00320DEE7FEF73BFE002800F06A
:101D00009A800023079958460F93FEF74DFF04462B
:101D10005846FEF753FF0246601EC0B2032824D87F
:101D20005846FEF762FF18B394421ED001D20F2A24
:101D30001BD10FADDAB258460799FEF7E3FFE8541E
:101D40000133DAB29442F5D8042C15D19DF83F3016
:101D50005BB19DF83E209A4207D09DF83D209A4203
:101D600003D09DF83C209A4208D113B0BDE8F08F13
:101D70009442FAD30346DCE7032C14D19DF83E309D
:101D8000002BF2D09DF83D209A42EED09DF83C20E9
:101D90009A42EAD09DF83D30002BE6D09DF83C20D9
:101DA0009A4202D1E1E7012CF4D19DF83C30002B9E
:101DB000DBD058460799FEF7DCFD00283BD058469B
:101DC000FFF744F9437800F10109182B05460FD8B5
:101DD000434A1A41D40708D5032B09D104224148AC
:101DE00009F1020121F077F810B9FE2015F062F830
:101DF000D6F8A44258462146FEF7BBFD0246584697
:101E0000FEF7E2FD354BBBF1010FB3F8BA34824661
:101E1000DFF8C480059335D1237905998B4251D1E0
:101E200012B1637A8B425FD1002D6CD198F85F318B
:101E3000002B9AD032E058460799FEF777FFC1E7AA
:101E40005B7A13F01F037FF453AFBBF1000F15D182
:101E5000079B03F1110503F11209C9E7079B03F181
:101E6000120503F11309C3E7022A7FF441AF584674
:101E7000FFF759F9054600F10109B9E71D464FF092
:101E80000109B5E75846FFF795F9059B98420DD033
:101E9000002D5CD196F85F31002B79D0013B012BEE
:101EA00076D8BBF1020F7FF460AF71E0BAF1010F99
:101EB000BAD1002AB8D05846FFF79EF9059B984240
:101EC000E6D1B1E765BB96F85F31002B60D0013BEE
:101ED000012B7FF64AAF5BE09C800020AC5E0020C7
:101EE0007EFFFFFEDC6C0020002DECD02B789F2BBA
:101EF00048D0982B19D096F85F31002B48D0013B81
:101F0000012B32D944E02B789F2B3FF42EAF982B36
:101F10003FF42BAF98F85F31002B3FF426AF1EE063
:101F20002B789F2B2ED0982B2CD121465846FFF78B
:101F300063F9FF283FF419AF98F85F3143B3013BD1
:101F4000012B25D8BBF1020F22D075B90DE72B78F4
:101F50009F2BF1D0982BE8D096F85F31C3B1013BAD
:101F6000012B15D8BBF1020F12D0B9F1000F3FF4CD
:101F7000FCAE2B78012B65D199F80030032B07D0EC
:101F8000082B90E796F85F3113B1013B012BDCD9A8
:101F900014220021A44820F063F80023A34988F804
:101FA000AD3288F8CC322368D1F8E86E0422A0481C
:101FB00001F563610A93C8F8CD3220F08CFF10B1AF
:101FC000012388F8AD32BBF1020F3ED1237A03F032
:101FD0000503012B72D162792179120942EA0112BB
:101FE000B2F57A6F03DDA2F6A272032A66D8914A8F
:101FF00092F8AD12C90703D592F85F31012B5DD17C
:1020000021465846FEF759FE884A82F8A805002E58
:1020100000F06B8196F84720864981F8D22221464C
:102020005846FEF7D1FC0138DFF808A2072845D84A
:10203000DFE810F06101FE03350444004400440071
:102040004400A004002BA3D08FE6BBF1010FDFF802
:10205000E48140F0C88094F8059009F00F09B9F1C7
:10206000020F05D12046FBF787F90378012B25D015
:1020700098F8AD3213F00103C2D0059B002B00F09D
:10208000A88098F8D132002B00F0A380B9F1050F99
:1020900000F09D80B9F1080F40F082802046FBF7E8
:1020A0004EF90422C11C644820F015FF03460028A5
:1020B000A6D098F85F31002B40F089805D4C5846DF
:1020C000D4F8A46294F8AD9231468DF81490FEF7DE
:1020D0007BFC012840D15846FEF74BFC002800F05D
:1020E000CF855846FEF7B2FFBBF1020F037890F898
:1020F00001A031D894F85F81B8F1000F2CD009F01D
:102100004709B9F1010F27D10BF1FF32012A00F283
:10211000D585012B02D0042B40F0C685BAF1080FFB
:102120001AD0BAF1030F40F0B08531465846FEF799
:10213000FDFDB8F1010F064605D1C11C04223C4843
:1021400020F0C9FE40B13279F3781343727913431A
:10215000B279134340F0A885059B1E0644BF0123B6
:1021600084F8CC3294F8CC32002B14BF0123002326
:1021700084F8D53200F0F585BBF1020FDFF8AC80B2
:1021800000F0BE8598F8D03E002B00F0EA85069B53
:1021900093F9131093F90E000BF02CFC00F0E1BD45
:1021A00098F85F31002B89D0012B10D0B9F1010FC5
:1021B00084D12046FBF7C3F84378032B07D1C11C19
:1021C00004221B4820F087FE00283FF477AF00234D
:1021D00016E798F85F31002B3FF470AF012BF6D073
:1021E000B9F1080FE1E7BBF1000F7FF467AF94F896
:1021F000059009F00F03022B20D1237A03F01F036F
:1022000023445B7A012B3FF459AF98F8AD32DB07DA
:102210003FD5084B93F85F81B8F1010F39D019F021
:10222000800F29D151E000BF54830020AC5E002014
:10223000698300209C800020DC6C002098F8AD228F
:10224000D00726D5052B1CD0012BE2D119F0800F29
:1022500036D021465846FEF7F9FE0422C11CAA4892
:1022600020F039FE00283DD1059B6BB9A74B93F8B0
:102270005F81B8F1010F0CD0B8F1000F3FF41EAF31
:1022800007E0059B002BC4D0A04B93F8D132002B64
:10229000BFD021460020FEF710FDDFF87092804687
:1022A000D9F8A032187809F0E7FE811E4842984B11
:1022B000484148EAC01883F8A885C6B1FF23AEE6B6
:1022C00098F85F81B8F1010FE3D0A37A032BD3D143
:1022D0000422904804F10C0120F0FDFD00283FF499
:1022E000EDAEC9E798F85F81C3E7FF2294E6FF23CC
:1022F00089F8D232E2E70023BBF1020F94F807908D
:102300008AF8D33244D1B9F10D0F04D800227F4BA3
:1023100083F8AD22D2E658460FF038FA0028F5D0FF
:1023200021465846FEF702FD227AA9F10D0912F066
:10233000400318BF237BCAF8A8021CBF03F00703A1
:1023400001334B448AF8AC326379A079190201F465
:10235000706101430598814204D040F6FF708142CC
:102360007FF4ACAE9AF8AD121B0941F080018AF8F7
:10237000AD122179120643EA0113AAF8AE327FF5B5
:102380009DAE9AF8AD3243F020038AF8AD3295E65F
:10239000BBF1010F2ED1B9F10A0FB7D958460FF092
:1023A000F5F90028B2D02046FAF79BFFCAF8A80238
:1023B0002046FEF745FF18B1A07A00F00700013073
:1023C000A9F10B0948448AF8AC02637A059A934252
:1023D00002D0FF2B7FF472AE9AF8AD3243F0800347
:1023E0008AF8AD322379AAF8AE3294F90530002B81
:1023F000C7DB63E6B9F1090F88D95846FEF7B9FA89
:10240000002800F0EC81424A584692F8A83543F083
:10241000400382F8A835FEF7C7FB431EDBB2032B4F
:1024200080463FF673AFB9F10A0F3FF46FAF5846DD
:10243000FEF702FC58B15846FEF70EFF38B108F11E
:102440000D03DBB2994502D25846FEF7ECFC21465B
:102450005846FEF7FBFDDFF8B4902146C9F8A80204
:102460005846FEF70AFE89F8AC02237A059A2146FF
:1024700093425846089340F0AE80FEF79FFB80459C
:10248000024649D15846FEF755FA99F8AD32002870
:1024900037D063F05F03DFF8748089F8AD3298F8C5
:1024A000AD32013A43F0100321465846D2B288F8C3
:1024B000AD32FEF727FCDBB2DB07A8F8AE021CD476
:1024C00021465846FEF755FAB8B15846FEF7BEFD0C
:1024D0000378012B11D14378032B0ED198F8D43215
:1024E000022B1CBFD0F803300A930A9A074BC3F89B
:1024F0005B210122064B83F89C2F002E3FF4DEADBA
:1025000019E143F08003C6E7DC6C00209C800020CA
:10251000AC5E0020698300200F28EED15846FEF7FC
:1025200009FA28B199F8AD3243F0200389F8AD32A9
:102530009EB3BE4B5846D3F8A01206F13C0209F0F8
:10254000AFFD50B321465846FEF72EFB06F155016C
:1025500003465846FEF728FB83421ED1217996F8A0
:102560005D20914219D14FF0000806F15F095FFA32
:1025700088F2934207D8AD4A92F8AD3243F0800317
:1025800082F8AD3209E021465846FEF7BBFB19F848
:1025900001AF08F101088245E9D021465846FEF70F
:1025A0004BFBA24B68B193F8AD2242F0040283F8D2
:1025B000AD22002221465846FEF7A4FBA3F8AE0246
:1025C0009BE75846FEF7E7F90028F2D093F8AD22D2
:1025D00042F00202EBE7FEF7F1FA80465846FEF7BA
:1025E000E3FA804582467ED242465846FEF78AFB91
:1025F000059B984277D121465846FEF7EAFA002813
:102600004AD186B15846D9F8A01206F13C0209F029
:1026100047FD40B199F8AD3263F03F0389F8AD3220
:10262000052389F8D3320AF1FF3AD0452CD120791D
:102630007E4BA3F8AE02B8F1000F16D121465846E2
:10264000FEF70AFE88B15846FEF752FC68B94246CA
:102650005846FEF7A6FC10F0180F06D0734A92F801
:10266000AD3243F0200382F8AD3221465846FEF7E2
:1026700061F96E4A92F8AD3290B323F0280343F02B
:10268000280382F8AD3238E708F1010221465846A6
:10269000D2B2FEF737FBCBE7B8F1000F19D12079A2
:1026A000624B0AF1FF3AD045A3F8AE02DDD12146D4
:1026B0005846FEF7D1FD0028D7D05846FEF718FC43
:1026C00002460028D1D15846FEF76BFC10F0600F8F
:1026D000C3E708F1FF325846D2B2FEF713FBDFE73B
:1026E00043F00803CDE7002E3FF4E8AC4F4B5846CB
:1026F000D3F8A01206F13C0209F0D2FCD8B1214671
:102700005846FEF766FA002856D108F1020202F098
:102710000F0292450FD95846FEF7F4FA059B9842EE
:1027200009D1424B93F8AD2262F03F0283F8AD220B
:10273000012283F8D32294F80480059B98450DD09C
:102740000422204606F13E0120F0C5FB00287FF45C
:10275000B5ACB6F8423043457FF4B0AC334B584685
:10276000D3F8A01206F13C0209F09AFC00283FF4CD
:10277000A5AC21465846FEF721FAB6F84430024689
:10278000089883427FF49AAC5846FEF722FAD0B9F3
:102790005846FEF709FA831E03F00F039A427FF4AE
:1027A0008DAC224B93F8AD2262F03F0283F8AD224C
:1027B000032283F8D32281E4B8F1010FBBD9A8F139
:1027C0000202D2B2A7E7012A7FF478AC174B93F844
:1027D000AD2262F03F0283F8AD220122E9E75846BC
:1027E0000EF0D4FF00283FF491AD237A059A93426E
:1027F00002D0FF2B7FF462AC9AF8AD32A9F10A093E
:1028000043F080038AF8AD3223792146AAF8AE322C
:10281000584604F10903CAF8A8328AF8AC92FEF7C8
:1028200089F800287FF4ADAD48E400BF9C8000200B
:102830005846FEF778FC2146CAF8A8025846FEF72B
:1028400082FC21468AF8AC025846FEF788FA059ABF
:1028500003469042BFF432AC5846FEF78BFA03EBC6
:10286000C00082423FF72AAC501EC01ABBF1010FD4
:1028700080B20DD10A34C308E35C00F007000341C5
:10288000DC077FF51BAC9AF8AD3243F080037CE5A2
:10289000BBF1000F01D10934EDE70024EBE7012B78
:1028A0004ED89AF8AD32D80733D4DFF8B482D8F8CE
:1028B000E03D73B39A7B62B3A74A40F6FF7152685A
:1028C0001278012ADAF8A02208BFFF21B2F808C066
:1028D000D0881A8A944501D18A4201D0904218D1F9
:1028E00000229E489A73FCF7EAFA10B19B4814F054
:1028F0004BF9D8F8E00D0021448924F48C6343811E
:102900000FF002FBD8F8E03D24F480645C81FFF70F
:10291000D5BBBBF1010F13D19AF8AD3243F04003A0
:102920008AF8AD328E4B93F8A8259AF8D2329A42A3
:102930007FF4C4AB637A059A93427FF4BFABA2E7FE
:10294000002E3FF4BBAB5846DAF8A01206F13C0269
:1029500009F0A6FB00283FF4B1AB21465846FEF72C
:102960004BFC059B98427FF4A9AB9AF8AD3263F01B
:102970003F030AE50023BBF1010F8AF8D3327FF44D
:102980009DAB94F80B904FEA19130893013B032B6E
:102990003FF6BCAC089BE2790D339A42FFF4B6AC2B
:1029A000A37A99070B935AD59AF8AD3243F00403F2
:1029B00020468AF8AD32FAF7FBFCCAF8A802204696
:1029C000FAF713FDDFF89CA1059A8AF8AC02637A46
:1029D00009F00F0893420D93089B40F0C58098457D
:1029E0004FD194F90530DFF87C91002B9AF8AD3285
:1029F0006279B4BF63F05F0343F080038AF8AD32BD
:102A000099F8AD3208F1FF3154FA81F143F0100327
:102A1000097B89F8AD32DB07A9F8AE121BD402F0AE
:102A20000F03082B17D12046FAF789FC0378012BF6
:102A300011D14378032B0ED199F8D432022B1CBF4D
:102A4000D0F803300A930A9A464BC3F85B2101225F
:102A5000434B83F89C2F002E3FF430AB55E00B9B8B
:102A60005A0704D59AF8AD3243F00203A0E7204696
:102A7000FAF765FC2146CAF8A8025846FEF7FDFAA7
:102A8000A0E7B8F10F0FE6D194F9053094F80C9057
:102A9000002BBEBF9AF8AD3243F020038AF8AD3266
:102AA000DFF8C0A0002E53D00120DAF8A01206F102
:102AB0003C0209F0F5FA237928B396F860200899CA
:102AC000B1EB121F1BD196F85E209A4217D100235A
:102AD00006F1600104F10B0211F801CF12F8010FA9
:102AE00084450CD108980133DBB29842F4D81D4BD1
:102AF00093F8AD2242F0800283F8AD2200E0194B3A
:102B0000A3F8AE9201E0AAF8AE9294F80490059B67
:102B100099450DD00422204606F13E0120F0DBF954
:102B200000287FF4CBAAB6F842304B457FF4C6AA02
:102B3000B6F844300D9A93427FF4C0AA0B9BDB0792
:102B400040F19B80089B023B03F00F03984526E66B
:102B5000AAF8AE92FFF7B2BA049F0020386D0020A9
:102B6000AC5E00209C800020984553D204EB080303
:102B70001B7B059A93424DD10B9BD8072DD586B16F
:102B80000120DAF8A01206F13C0209F089FA40B1FE
:102B90009AF8AD3263F03F038AF8AD3205238AF824
:102BA000D332089B013B434518BF04EB0802524B4C
:102BB0000CBF2279527BA3F8AE2294F905304E4A1D
:102BC000002B92F8AD32BABF23F0280343F028035C
:102BD00043F0080382F8AD323DE7B8F1000F13D19E
:102BE0002279454BA3F8AE22089A013A4245E4D136
:102BF000089AA218127B51071EBF93F8AD2242F02B
:102C0000200283F8AD22D8E708F1FF3354FA83F3AA
:102C10001A7BE6E7002E3FF451AA374B0120D3F888
:102C2000A01206F13C0209F03BFA00283FF46DAF18
:102C30000B9BDA0718D5089A08F1020303F00F037B
:102C40009342BFF462AF23441B7B059A93427FF407
:102C50005CAF294B93F8AD2262F03F0283F8AD22BE
:102C6000012283F8D32250E719F00E0F3FF44DAF45
:102C7000A8F1020354FA83F3E6E7B8F1010FA3E5E4
:102C80005846FEF753F8FFF72FBABAF1290F0BD1C8
:102C900031465846FEF74AF804228118174820F0BA
:102CA0001AF900283FF458AA94F8AD8208F05708A2
:102CB00084F8AD828DF81480FFF74EBA012BF3D162
:102CC000BAF1080F3FF448AAB8F1010F06D1042267
:102CD0000A4806F10C0120F0FEF838B1727B337B14
:102CE0001343B27B1343F27B1343DDD1BAF1030FDD
:102CF000DAD1FFF731BA00BF9C8000206983002041
:102D0000069B1A7CAE4B5B681B78023B012B3FF69F
:102D100039AA032A00F01381042A7FF433AA5E46FD
:102D200098F85A36B3423FF42DAA30460AF058F9C3
:102D300098F8583603F0FD03092B05D198F85A3658
:102D4000B34218BF88F85A669E4809F051FDFCF757
:102D5000DCFB08B9FCF748FB94F8D532002B7FF474
:102D600011AA94F8AD3203F0C703802B18D1BDB17E
:102D70002B781F2B14D9944BD3F8E43D5D6921F0D7
:102D80008FFAEE6BAD6B21F001FBAE4208D1002251
:102D900094F8AD3284F8D52262F3C71384F8AD32CB
:102DA0005846D4F8A412FEF705FABBF1020FA4F8B6
:102DB00072010CD1D4F8A8324BB11B78012B01D091
:102DC000042B04D1A0F6A273032B7EF6CEAF94F9A8
:102DD000AD3294F8AD52002B1ADA7C4A7A4932F8B7
:102DE000606C91F89E3F864200F0AB8032F85C6CDC
:102DF000864208BF012302EB830222F8600C0133F4
:102E000094F8740103F0010302F85E0C81F89E3F10
:102E100094F8D5321BB100226B4B83F8382EAD06E7
:102E200056D509F03BFA0646002800F09A80D4F8FF
:102E3000A032654D5A7C1B6A012A14BF002295F806
:102E4000A825012B38BF012303650023032180F847
:102E50008430034658460EF0D9FCBBF1000F0AD16E
:102E6000D4F8A0329B7AD80742BF96F8463043F098
:102E7000010386F846300023C6E90533B4F8AE32C4
:102E80007289A6F8443095F8A83522F0070286F832
:102E9000473094F87431584613437381069BD4F835
:102EA000A4129B7B86F84F30FDF756FD00284AD0D0
:102EB00096F8463043F0020386F846307F2386F8C2
:102EC0004F30069B3046DB7C86F84D300FF084FB9C
:102ED00094F8D5629DF83050002E00F04E8394F89F
:102EE000AD3203F04202022A41D1AFB194F8D6329A
:102EF00093B1BBF1010F0CBF97F8600097F85F002A
:102F000020F00F0000EB80004000C0B2FEF7B5F9E2
:102F100001462F48FEF7CCF994F8AD3218077EF53C
:102F200024AF022094F8ACA209F0D6F9264B06464D
:102F3000002840F0368383F89C0FFEF716BF012669
:102F4000EEE6002357E7D4F8A8321A78012AB8D160
:102F50005A78182AB5D194F8AC22042AB1D1DB787A
:102F6000ADE784F8D50284F8AD02FEF7FEBE59063F
:102F700040F11A81002F3EF4F8AE07F155063146B4
:102F80005846FDF7F6FC002800F0A28097F8843040
:102F900097F85400BBF1010F03440BBF97F8602072
:102FA00097F85F2007F1610107F160010A2B7EF7B6
:102FB000DCAE02F00F030F2B0CD1B7F844800EE00B
:102FC000049F002004650020AC5E0020A46F002058
:102FD000553E0108B3EB121FEFD011F8038094F8AF
:102FE000D3329A0706D53C20FEF747F901469448AC
:102FF000FBF7AFFFD4F8A42258461146FEF7DAF8E3
:10300000404503D094F8D332002B85D01146584662
:10301000FDF7AFFC20B15846FDF70EFE84F8D7024D
:10302000BBF1020F5DD1069B92F90CA093F90E3013
:103030000593069B93F90D801B7C033B5FFA83F994
:10304000B9F1010F0DD81C237E48414603FB09004E
:10305000123011F015F818227B4B02FB093383F86C
:10306000F90831465846FDF70EFE002868D0764B29
:1030700097F85920B3F8BA349A4261D194F8D7320C
:10308000002B5DD101239B4584F8D6322FD197F8D0
:10309000603007EB131393F861305B074DD1314675
:1030A0005846FDF781FD022340F26A264FF00608DC
:1030B000464318FB003811F03FF97B89002803F0E4
:1030C00007030CBF00234FF4967308FB03602AE04C
:1030D0005846FDF7F7FB10B1B7F844808AE7804601
:1030E00088E74FF07F08C246CDF81480B9E797F81B
:1030F0005E301807D3D597F85F2007F160031209F7
:10310000995C0907CBD113445B7813F0600FC6D0EC
:103110004FF4616331465846FDF746FD4FF4966221
:1031200002FB00308000FEF7A8F801464748FEF792
:10313000BFF8002384F8D732EEE642F2AC63E9E749
:1031400031465846FDF715FCB0B994F85831FF2BBD
:1031500004D03D4B93F89D0FFAF766F9BBF1010FD0
:1031600020D8D4F8A032314658461B7807F13E02E9
:103170000FF024FB09F078FC354813F005FD4FF003
:103180007F33C4F8113394F8B43284F8105387F8BD
:10319000223001205346CDE90087059A2D490FF0D2
:1031A00087F9C6E70220E5E75A0755D5002F3FF417
:1031B000B3AE94F8D632002B3FF4AEAEBBF1010FA4
:1031C0003CD8D4F8A022584612F8023B07990FF0D9
:1031D000F5FA09F049FC7B685B0708D594F858318B
:1031E000FF2B04D0184B93F89D0FFAF71DF91848E0
:1031F00013F0CAFCD4F8A032D4F8A4125E7C304696
:10320000FEF72AF858B13046FDF772FE012806D1C4
:1032100000223046FDF703FF0368C4F8113394F829
:10322000B43284F8105387F822307F2301201A46E5
:103230000849019700930FF03BF96DE60220C8E7BB
:10324000386D002074830020AC5E0020553E0108DC
:103250004C6F0020AC830020079B5B7903F00F03C9
:10326000022B09D0D4E9A821BBF1010F40F038812D
:103270004B7AFF2B40F0628194F8AD32DA0640F1D0
:10328000CC800220D4F8A06294F8AC92D4F8A4A226
:1032900009F022F80746002800F0BF800322437897
:1032A000514662F30303437096F8118094F8B162BB
:1032B0004046013EA6EB0906F6B2FDF7CDFF30B160
:1032C0004046FDF779FE013E361A06F0FF06B8F1DA
:1032D000010F04BF06F1FF36F6B22F2E07F1550994
:1032E0003246514628BF2F2248461FF0E7FD0023F3
:1032F000494687F884304046FDF722FCFDF73AFC4A
:10330000FDF75CFCB8F1010F0BBF97F8603097F840
:103310005F3023F00F0323F00F0300F1FF320CBFE7
:1033200087F8603087F85F304046D2B2FDF771FC15
:103330000122FDF765FDFDF7C9FD04224046FDF7BA
:1033400001FE7F23002249464046FDF716FE7F23FB
:10335000012249464046FDF710FE7F2302224946DE
:103360004046FDF70AFE7F23032249464046FDF70B
:1033700004FE032197F84830B8F1010F43F004032D
:1033800087F84830D4F8A03208BF053E1A8918BF24
:10339000043EA7F84220DA88F6B2A7F844207A78EB
:1033A000B8F1010F61F303027A704FF0000287F861
:1033B000546087F8842000F0C880B8F1020F00F054
:1033C000C680B8F1000F05D10936F6B287F854600F
:1033D00087F85C603A7A384642F020023A72DA7B2B
:1033E00087F84B20DB7A87F84730FEF75BF8C14B54
:1033F000B7F844200F930023109381237B600FAB19
:10340000B7F842100297019397F88430009394F82C
:10341000740107F18503FEF747F9B74FD4F8A422EA
:1034200097F8E13E1146022B14BF002394F816339F
:103430005FFA83F8D4F8A0325E7C3046FDF78CFA50
:1034400008B148F0020894F8AD321146DB07304667
:1034500048BF48F08008FDF7B7FA052879D148F051
:10346000100894F8B832114648EA0303584684F825
:10347000B832FDF79FFE1368A4F8C002C4F8BC324E
:10348000B7F8BA34B71EA4F8C2320C9B84F8C43221
:10349000069B187808F0F0FD7E427E41BBF1020FDA
:1034A00014BF7F23069B84F8C60284F8C76209BF55
:1034B0009B7B84F8C83284F8C832069B0FA808BFEB
:1034C00093F90D3084F8C932D4F8A8320F9394F8E8
:1034D000AC328DF84030894B11930DF065FB1BE544
:1034E000BBF1000F10D10B7AFF2B3FF4C5AE917AE0
:1034F0001378480702D5012184F815135846079917
:1035000002320FF05BF912E0BBF1020F7FF4B4AEB0
:103510004B7989791B0203F470630B4340F6FF710A
:103520008B423FF4A9AE937A5E0703D4022009F0E0
:103530009BFAA1E6012384F81533F7E7917A137813
:10354000490748BF84F815B3D8E70A363DE70C367B
:103550003BE701280CD13046FDF74EFEFF2804D092
:1035600040F6FF7398427FF47CAF48F0040878E798
:10357000022808BF48F0080873E7002F3FF4CCACDE
:103580005F48FBF79CFC00283FF4C6AC94F8173367
:10359000002B3FF4C1AC5A4813F06EFF84F8176358
:1035A000BAE4012283F89C2F0322D4F8CD3200F133
:1035B0005507C4F85B31437894F8748162F30303D0
:1035C0004370099BD4F8A492A3EB0A02013AD2B249
:1035D0002F2A28BF2F22494638461FF06FFC52463B
:1035E00006F185037A2A28BF7A22D4F8A812184651
:1035F00086F884A005931FF061FC39465846FDF714
:10360000DDFA02465846FDF7F0FA00285ED0013A8E
:10361000D2B2FF2A08D15846FDF77FFA96F8463015
:1036200043F0080386F8463039465846FDF7F1FA6C
:10363000FDF702FBB0B15846FDF70EFE90B15846BB
:10364000FDF76CFC01280DD139465846FDF7B6FA56
:103650000F2814BF421C00222B46584618BFD2B276
:10366000FDF78BFC337AD4F8A09243F02003337239
:1036700099F80C3096F84820C3F3800363F3820274
:1036800086F8482099F80F30394686F84B3058466E
:10369000FDF78AFA05465846FDF7DEFD96F884A048
:1036A000002858D05846FDF7C7FA002849D0BBF18A
:1036B000010F3FD13846F9F72AFE033550FA85F558
:1036C000EDB22F2D28BF2F250A354DE05846FDF7C6
:1036D0006BFA013882422AD1BBF1010F12D196F860
:1036E000603006EB131393F8613059071FD048F090
:1036F00040081CE0D5D50008AC5E002054830020B3
:103700004C6F002099F809301B0710D599F80A1062
:1037100009F10B030909585C000708D10B445B78D9
:1037200013F0600303D0202BE1D148F020080132D0
:10373000D2B279E75846FDF73FFC2844C5B20335BD
:103740004EE05846FDF738FCBBF1010F2844C5B2E6
:10375000F5D10435B4E7BBF1000F3BD10235EDB232
:103760002F2D28BF2F250935EDB286F8545055442A
:1037700086F85C50524639465846FDF79EFA7A2A3A
:1037800028BF7A22D4F8A81286F8470005981FF0BF
:1037900095FBB9F808303046A6F84430B9F8063041
:1037A000A6F84230FDF77EFE164BB6F844200F9384
:1037B00000231093812373600FABB6F8421002967A
:1037C000019396F8843040460093059BFDF76CFF0B
:1037D000FEF7CBBA5846FDF72FFA0028AFD00235D6
:1037E000EDB22F2D28BF2F25BBF1020F86F85450C4
:1037F00005D0BFD8BBF1000F7FF466AFB3E70C353F
:10380000B2E700BF851A01080846C96908B50B7AF6
:1038100001F10C0213F040031EBF0B7B03F0070302
:10382000013313444361F9F73AFD0123C373BDE843
:103830000840FEF701BA08B5CB6908460A334B6168
:10384000F9F704FD0123C373BDE80840FEF7F4B99E
:1038500008B5CB69084609334B61F9F7C6FC01236B
:10386000C373BDE80840FEF7E7B9F1E708B5CB69D7
:1038700008460A334B61F9F7E9FC0823C373837ADE
:1038800043F010038372BDE80840FEF7D5B908B5D0
:10389000CB69084609334B61F9F7A7FC0223C373D0
:1038A000BDE80840FEF7C8B908B5CB69084609333A
:1038B0004B61F9F7CBFC0223C373BDE80840FEF768
:1038C000BBB908B5CB69084609334B61F9F78DFCE4
:1038D0000323C373BDE80840FEF7AEB908B5CB6952
:1038E00008460A334B61F9F7B1FC0323C373BDE803
:1038F0000840FEF7A1B90846C96908B50B7A01F17D
:103900000C0213F040031EBF0B7B03F007030133CF
:1039100013444361F9F7C3FC0323C373BDE80840B4
:10392000FEF78AB92DE9F84F8046FCF79DF98B46E2
:103930009246064698F84C30DFF8C09088B1A82B24
:1039400056D8022008F0C8FC0446002850D099F848
:10395000A635002B44D036B1F9F792FD0746052570
:1039600009E03F2BECE701210846F9F799FD40F00B
:1039700005053746EDB208F104017B2204F13C0055
:103980001FF09CFA63683A4643EA0B036360022324
:10399000638198F81C304FF0000884F854300123FC
:1039A000294689F8A63530462346C4F814A0C4F841
:1039B00018800DF02BFF94F85A3003F00F03052BFD
:1039C00006D194F88E3013F0020F08BF4FF07F0835
:1039D000204684F84F800EF0FFFD0120BDE8F88FEF
:1039E00098F80F70002EBAD13D0145F00505C0E7EB
:1039F0000123002089F8A635F0E700BFAC5E002067
:103A00002DE9F04F054689B00E46187859781746CB
:103A10001C4608F05DFE9DF848808146DDF850B0F8
:103A20009DF854A0F8B10023ADF816600126ADF85A
:103A30001E30139BADF8147006938DF81C600AF0CD
:103A4000A9F841468DF81D00CDE902B62046CDE922
:103A5000005A169B05AA0BF0C4FE003818BF0120BF
:103A600009B0BDE8F08F022008F036FCE0B1139BEE
:103A70000E4A43601268169B8262C0F830B080F82C
:103A80004FA080F824903A46CDE900830290234667
:103A900031462846FDF708FE0028E1D10122044BFB
:103AA00083F8AC0583F8A6250020D9E7945E0020B2
:103AB000AC5E00202DE9F7430446B0F8447090F85E
:103AC0002C0010F0D3FE054604F15501FDF794FBE0
:103AD000022D2AD194F85D8008F007086368627FA0
:103AE000590740F13781052A00F23481237A13F017
:103AF000100600F09F8023F01003237294F84630E4
:103B0000A08923F01803608184F84630002D00F06E
:103B10008180F9F7B5FC01210246234628460DF0C5
:103B200075FE002384F824306BE094F85A20012DB0
:103B300002F00F08D2D008F1FF33032B03D8DFE8DF
:103B400003F00D0404044FF00108002DC6D194F8D1
:103B50004630D9060AD51306C0D512E0160608D499
:103B6000002DBBD194F84630D906B7D413F0010F1D
:103B70000BE0002D4BD194F846304FF00808DE06DC
:103B8000F4D594F85E3013F0100F09D0237A23F0A7
:103B90000403237294F846306FF3000384F8463030
:103BA000A84B94F85910B3F8BA34994296D1160636
:103BB00094D5638903F00702032A8FD194F85C201F
:103BC000402A8BD8012123F0070343F002036381CD
:103BD00094F84630084623F0180384F84630237AD8
:103BE00043F004032372F9F75BFC002240F0080164
:103BF00023461046C9B20DF009FE237A23F00403D0
:103C00002372204603B0BDE8F0430EF0E5BC4FF050
:103C1000080863E700F00700A0F1020EDEF10000E3
:103C2000294640EB0E00F9F73BFC40EA08012A4622
:103C3000C9B272E7032ADFF8189233D8C0B2FDF791
:103C4000F5FB0523637799F8583194F84680FF2BEC
:103C500061D099F8503199F85601A4F84430FCF736
:103C600017FE0546FCF700F8638999F8512103F027
:103C7000180302F00F021D43531EEDB2032B28F070
:103C800018030746658184F8463014D938BB05F01F
:103C90000700851E684239466841F9F701FC40F08B
:103CA000010132E099F858010130C0B2FDF74EFB36
:103CB00089F85801C5E764494FEA021888B104F150
:103CC00061001FF0FBF8082184F86080F9F7D8FB49
:103CD00006462346324638460DF098FD91E701210D
:103CE000F4E704F160001FF0E9F805F00700A0F127
:103CF000020CDCF100004FF0010184F85F8040EB22
:103D00000C00F9F7CDFB40F0080101224D4BC9B280
:103D100083F8A625DDE728F0180384F8463055B16E
:103D2000F9F7AEFB01210246234628460DF06EFD51
:103D30000623637765E76389294623F0070343F089
:103D4000030328466381F9F7ABFB40F001012A46E3
:103D5000C9B2E9E7062A69D8227AD20766D503F004
:103D6000020304F1140243F001030192009304F1F1
:103D700085063246394694F88430B4F842000FF094
:103D800047FE002852D00027DFF8C48084F8547022
:103D9000D8F818034FF47A61C279836B42F020029D
:103DA0001A7040225F60DA70A36A03610523037012
:103DB0000FF0AEFE254BD8F81813C4E90537638918
:103DC000012D23F0070343F0020363818A796368BE
:103DD00001F1850143EA0203636011F87D2C10D1E3
:103DE000AA2A88BFAA22304684F884201FF066F8E9
:103DF00007236377F9F744FB05210246234628464B
:103E00006AE7402A28BF4022304684F884201FF009
:103E100055F807236377002DECD101210846F9F707
:103E20003FFB40F005012A46C9B2E7E77F230021A6
:103E30001A460846019400930EF03AFB03B0BDE821
:103E4000F08300BFAC5E0020EE810020A12C0208B0
:103E50009C800020024BD3F8E80E00B12AE67047A0
:103E6000AC5E0020094B33F8602C824209D033F855
:103E70005C2C824207D1012203EB820313F85E0C13
:103E800070470022F8E70120704700BFA46F0020B0
:103E90002DE9F04F91461E4653680D4603F0370753
:103EA00057604B4C99F80910804694F8142987B054
:103EB000042907D8DFE801F043030A0D100012F0CF
:103EC000010F71D1002007B0BDE8F08F12F0020F92
:103ED000F7E712F0040FF4E71206F3D5B4F830AAAE
:103EE000BAF1000FEED1AA2DECD8B4F8BA34B9F873
:103EF00000B0DFF8E890059309F547732A4641467C
:103F000018461EF0DBFF334B84F8405AC4F83C0AD5
:103F100096E8030083E8030099F8C633059A013355
:103F2000DBB25046A4F8322AA4F830BAC4F8347A86
:103F300089F8C63384F8823A0AF018F932E047F07B
:103F40002007C3F340130220C9F8047084F8AC358D
:103F500008F0C2F9014630B9002384F8AC350123DA
:103F600084F8A635AEE71C4B1B688362002380F8FB
:103F7000243099F80A304760DB0742BF037A43F0E8
:103F800040030372B9F800703846FFF76BFFCDE9C4
:103F90000161009543463A46B4F8BA14FDF784FB34
:103FA0000028D9D001208EE7B4F8BA344A46A9F8DF
:103FB000023000232946CDE90233CDE900334046E3
:103FC00033460BF00EFC003818BF01207BE700BF22
:103FD000AC5E002030690020945E00209C800020B0
:103FE0002DE9F04FADF5117DF822002152A81EF009
:103FF00037F8BA48FAF763FF10B1B84812F0C4FDB9
:10400000B74DB84ED5F8E43D52A91B69186821F0A8
:10401000A4FA012840F0B080882200210EA81EF0EA
:104020001FF8C0238DF8383000239DF8487109AC83
:10403000C4E90033132F00F28D81DFE817F0570039
:1040400078008B01A100F0008B01140021002D00ED
:1040500037008B0145008B018B018B018B016101C6
:104060008B018B018801012385F8EA3D9E4B204698
:10407000236011F02BFDFF27002840F02681F2E09D
:10408000012385F8EA3D984B2046236010F006FC9A
:10409000003818BF0120EEE7539B2660636008F0EC
:1040A000DBFA2146002008F04DFBF1E7539B224646
:1040B0009DF85211BDF850012660636009F01EFEA4
:1040C000003818BF012030E00022539B9DF85211A8
:1040D0006360864B9DF8500183F8C723012283F863
:1040E000C8232246266008F019F9E9E79DF8501127
:1040F000539B0020636001F03703890648BF01210C
:104100009DF8517143F0200348BF85F8AC15266037
:10411000CDE90073CDE902000494BDF8FC21B5F8A7
:10412000BA140DF5A973FFF76BFC0227A4E79DF8FD
:1041300002723846F9F7D6FDD0B9539B9DF851115C
:1041400063607F9B30AA30939DF850310DF5A970C4
:1041500031939DF8003226608DF8C8309DF8013209
:104160008DF8C9708DF8CA302346FFF791FEA7E796
:104170000A215A48FAF7EDFE0DF5117DBDE8F08FE2
:104180005A4F9DF8518107F2C933424618460DF542
:10419000A9711EF093FE03469DF85091C7F8803434
:1041A00009F0370E4EF0200387F885340023539A28
:1041B0002660626009F0200287F8732407F58F6299
:1041C000B5F8BAC494E8030082E80300484A87F8C7
:1041D0008634CDE9302387F874C487F884847FABB4
:1041E00007F287470DF5057A1A4603CA524538602B
:1041F0007960134607F10807F6D11068B8F1820F0D
:10420000386013793B712DD819F0010F4246714681
:1042100060460CBF374B30AB10F01EFA50E79DF8EC
:10422000FE713846F9F75EFD0028A1D19DF851A135
:10423000314852460DF5A9711EF040FE539B17F010
:10424000FB0F63609DF8FD31266007930AD00AF1E9
:10425000FF33712B06D8D5F8508F98F88C93B9F1AD
:10426000000F09D0022763688DF841700F93012376
:104270000EA88DF8403078E01F49524601F1F70052
:10428000B5F8BAB41EF01AFE2021013FCDE90C9911
:104290008DF83670194F079A8DF8321094E80300A4
:1042A00087E8030098F88C130BAB1037A3F800B025
:1042B0005A8009B10529D5D10121404630AA31974C
:1042C000ADF8C8A030930AF093FE2368002B4ED0BF
:1042D00095F8E93D013385F8E93D48E02C80002060
:1042E000AC5E002065E500084BE500089C800020DE
:1042F000E7C0010814850020658400204C8500205B
:10430000539B9DF8500163601E4B266093F85A2121
:10431000002A34D093F8A875012F30D1002203F27F
:10432000EC53D1B2884291BF002152A98918497A31
:104330000132052A03F8011BF3D110F019FA2146C6
:10434000012008F0FFF9003818BF012094E60FF0B3
:10435000A7FDB5E68822002130A81DF081FEC52307
:104360008DF8C4708DF8C03030A812F005FCD5F877
:10437000E43D52A91B69186821F00EF942E60127B5
:1043800071E700BF9C8000202DE9F04F734D064679
:1043900095F8F0350F4613F0010887B02CD170481E
:1043A00020F07CFE6F4B704C1B7884F8F1356F4B1E
:1043B000D3F83034C4F8F8350FF013FC01216C4AFF
:1043C000C4F8F40505F5B660F3F7AAFC95F8F035E6
:1043D0000A2168F3820305F5B66085F8F035FAF72F
:1043E000B8FD3223A5F8AE3595F8F03523F0030378
:1043F00043F0030385F8F035302296F800B05D4CA9
:1044000002FB0BF914F809A004EB0908BAF1000F3C
:1044100040F08980514640461DF022FE0123BE46F1
:1044200009F1180C04F80930C8F82C60A444BEE85F
:104430000F00ACE80F00DEF80030CCF80030337924
:10444000002B40F08180F37806F1010A002B6DD03B
:104450003A78012A6AD11146504604F0BBFD09F1B1
:1044600002015046214413F06FFB302303FB0B4342
:104470007A789978501A42424241DA70F378002BE8
:1044800041D04FF0300909FB0B493B78D9F82C009B
:10449000012B14BF797881F00101013089F80110F6
:1044A00010F00CFE0123103083401846039305F0F2
:1044B000A1FF2D4A039B92F8F115042923D1D2F8CC
:1044C000F4150B421FD0D2F8F8254046134214BF12
:1044D0000123002389F802307A78534089F80330A9
:1044E0002823C9F80430F9F776F895F8F0359B07DA
:1044F00009D40A212048FAF72CFD95F8F03543F04D
:10450000020385F8F035B3680593302303FB0B44B1
:10451000237E022B0FD00422184BCDF8008050468A
:1045200005A914F097FC07B0BDE8F08F7A78032155
:1045300082F0010290E7E36A5A79114B002A08BF22
:104540000422CDF80080EAE798F8193088F803A033
:1045500083F0010388F80230E5E700BFAC5E00207D
:10456000CC5C0308C89D00209C80002000C0035044
:104570002DD70008200900205C64002025E20008F7
:1045800011CB00082DE9F04FDFF89C918BB099F822
:104590000050002D40F0B28001264FF002084FF08D
:1045A000030A584C3146252084F800A084F8018085
:1045B00084F802A084F8058084F8068084F80980D5
:1045C000E5702671E5712672A672E572267304F015
:1045D000B5FD31463A2004F0B1FD4FF400724A4B6C
:1045E0004A4FCDE902234FF480332946384602AAC8
:1045F00004938DF8145005F08FFE33465146404623
:10460000042204F063FDDFF80CA1414BDFF80881C0
:10461000CAF81C373B6BBD66D8F818373343C8F867
:104620001837237A0BB3637994F806B00093E379D3
:1046300031467340384602AA8DF81230019305F0D6
:104640006BFE019B04225946009804F03FFD009B3D
:1046500043EA0B43CAF820373B6BC7F88850D8F8B9
:10466000183743F00203C8F81837237B1BB3274FD2
:10467000E67A657A94F80A800221384686F00106C7
:1046800002AA8DF8126005F047FE33460422284640
:10469000414604F01BFD1F4B45EA0845C3F824576B
:1046A0003B6B00231C4AC7F8A830D2F8183743F0F8
:1046B0000403C2F81837154E0F22336B42F20F7302
:1046C0000021F3610DF119001DF0CAFC012507233B
:1046D000304606A9ADF81A308DF8185005F0D8FD0F
:1046E0000E4A29460E48F3F71BFB00230D4AC4F877
:1046F000153084F84C3689F8005013710BB0BDE8C2
:10470000F08F00BFAC5E00200001030000C0045029
:104710000200030000C0035000D00350C1D70008BE
:10472000B8640020C15E0020A453002013B50446E5
:104730001EF02AFF0D4B0E4A1B6811689C4228BFD1
:104740001C460C4B421A1B6863439A4238BFC91877
:104750004FF0000334BF091A0121CDE90033064AA6
:1047600006481EF0EDFE02B010BD00BF9C5E0020AA
:10477000A0580020A45800208147010898860020F6
:104780002DE9F0411EF000FF064620F023FE124BFB
:10479000054693F81C4674B9104FDFF844803B6817
:1047A000D8F80020F31A93420AD20CB120F0F1FDA0
:1047B0000120FFF7BBFF2846BDE8F04120F015BE01
:1047C0001FF096FC3B68D8F800202043134414BF28
:1047D000012400243B60E2E79C800020A0580020D8
:1047E000A458002070B5EFF3108072B6294D2A4E00
:1047F00095F84030FE2B04BF2B7C85F8403020F02C
:1048000006FD95F840000FF0F5FC244B83F8B40248
:1048100007F044FD044638B3B6F8BA340321FF2B41
:1048200096F8A82503462CD902200CF0EFFF40F69D
:10483000FF7395F9411095F94200A4F8443009F04E
:10484000D9F86389204643F4007363810023C4E9E7
:10485000053384F88430124B1B68C6F83C3E0123B4
:1048600086F8383E0DF0B8FE96F84D0610F00100BF
:104870000ED1BDE8704005234FF4FA62022113F017
:104880000BBF01200CF0C2FFFF23A4F84430D8E78F
:1048900070BD00BF049F0020AC5E00209C80002003
:1048A000945E002000000000F8B555EC114B2DED92
:1048B000028B57EC106B00F06FF822462B46204617
:1048C0002946B0EE408AF0EE608A1DF0ADFB78B963
:1048D00000220023304639461DF074FBF0B100225F
:1048E0000023204629461DF06DFB40B19FED288B2B
:1048F000B0EE480AF0EE680ABDEC028BF8BD45EC5C
:10490000104B1CF0BDFD0028F2D0002200232046F1
:1049100029461DF061FB0028EAD02EE0B0EE480ADF
:10492000F0EE680A1CF0ACFDA0B10022002351ECAF
:10493000180B1DF047FB0028DAD047EC106B1CF079
:104940009FFD0028D4D045EC104B1CF099FD0028A9
:10495000CED012E047EC106B1CF092FD0028E4D0A2
:1049600045EC104B1CF08CFD0028DED053EC182BCE
:1049700051EC180B1DF058FB20B91DF06BFB2223E6
:104980000360B5E71DF066FB21230360B0E700BFBD
:10499000000000000000F03F2DE9F04F55EC114BF6
:1049A00025F0004393B053EA040057EC106B12D18A
:1049B000B31987F4002246495241984291411ED2D0
:1049C00022462B46304639461CF0DEFE41EC100BE9
:1049D00013B0BDE8F08F3F4827F0004ABB46B04611
:1049E000824511D93C4A5A4452EA0802E8D12319B7
:1049F00085F40021364849419A428841E0D39FED31
:104A0000320B13B0BDE8F08F29462246504601D143
:104A1000002ED5D1DFF8BCC06345E3D801D1002A10
:104A2000E0D1BBF1000F1FDB002A5DD1DFF8A4C08D
:104A300063450AD09146294A934240F0598400299F
:104A4000C0F2188547EC106BC2E7234B534453EA7E
:104A50000803D4D0224B9A4540F2D9840029C0F2F1
:104A6000528545EC104BB3E7DFF878C0634540F260
:104A70008483002A40F08D83164A9342E5D04FF09C
:104A8000020904910293009047EC106B1CF006FDA4
:104A90000098029B0499B8F1000F00F04D834FEA93
:104AA000DB7808F1FF3859EA080231D132463B463B
:104AB000104619461CF066FE02460B461DF044F9EE
:104AC00041EC100B84E700BF000000000000F03F45
:104AD0000000F0FF0000F07F000010C00000F03F79
:104AE000FFFFEF3FFFFF3F434FF0000904910293A8
:104AF000009047EC106B1CF0D1FC0098029B0499CD
:104B0000B8F1000F00F018834FEADB7808F1FF38A6
:104B1000D14A934200F24D83D04B00220BEA0303AB
:104B200053B9CF4B51EC100B1CF0E4FF6FF0340283
:104B300041EC100B10EE900A0315C0F31300C94F9F
:104B4000A3F2FF3307439A18C74B98420D9240F3E4
:104B50004A84C64B984240F3A1840132A7F58017DE
:104B600000260D929FEDA67B8DED087B9FEDA67B29
:104B70008DED067B9FEDA27B8DED107B5BEC10AB8A
:104B8000DDE90623504639461CF0FCFDBB46DDE955
:104B90000623CDE90A01504639461CF0F5FD0246D0
:104BA0000B460020AF497F101DF0CEF802460B46A1
:104BB00047F00057DDE90A01CDE90E231CF09AFF0A
:104BC0000A46014607F500230020CDE90212CDE98F
:104BD0000412002102460291991906460F460B461F
:104BE0009DED027B51EC170B8DED007B1CF082FFDD
:104BF00002460B46DDE90A011CF0C4FDDDE906238F
:104C0000CDE90A01304639461CF0BCFD02460B4690
:104C1000504659461CF0B6FDDDE90A67DDE9002380
:104C20001CF068FF02460B46304639461CF0AAFDD0
:104C3000DDE90E231CF05EFFDDE90467CDE9060126
:104C400032463B46304639461CF054FF82468B467E
:104C50006FA3D3E900231CF04DFF6FA3D3E900231A
:104C60001CF092FD52465B461CF044FF6CA3D3E956
:104C700000231CF089FD52465B461CF03BFF6AA3F3
:104C8000D3E900231CF080FD52465B461CF032FF46
:104C900067A3D3E900231CF077FD52465B461CF066
:104CA00029FF65A3D3E900231CF06EFD06460F46DD
:104CB00052465B46504659461CF01CFF02460B46C6
:104CC000304639461CF016FF06460F46DDE900ABBC
:104CD000DDE9040152465B461CF056FDDDE9062382
:104CE0001CF008FF32463B461CF04EFD524606467D
:104CF0000F465B46504659464FF0000A1CF0FAFE3C
:104D000002460B46CDE90A230022594B1CF03CFD1C
:104D100032463B461CF038FD8B4652465B46DDE989
:104D200000011CF0E7FE0022514BCDE90001504686
:104D300059461CF027FDDDE90A231CF023FD02463D
:104D40000B46304639461CF01DFDDDE904231CF0FE
:104D5000D1FE06460F4652465B46DDE906011CF0D1
:104D6000C9FE02460B46304639461CF00DFD06468C
:104D70000F4632463B46DDE900011CF005FD8B463F
:104D800050462FA3D3E900231CF0B4FEDDE9002335
:104D9000CDE90001504659461CF0F4FC02460B4692
:104DA000304639461CF0EEFC27A3D3E900231CF063
:104DB000A1FE06460F465046594625A3D3E90023D7
:104DC0001CF098FE02460B46304639461CF0DCFCCF
:104DD000DDE910231CF0D8FC82468B460D981CF0B0
:104DE0001FFE524606460F465B46DDE90001CDE94F
:104DF00004AB1CF0C9FCDDE908233BE0AFF3008005
:104E00000000000000000000000000000000F03F73
:104E1000EF4E454A287ECA3F65DBC9934A86CD3F9F
:104E200001411DA96074D13F4D268F515555D53F85
:104E3000FFAB6FDBB66DDB3F033333333333E33F1D
:104E4000000000E009C7EE3FFD033ADC09C7EE3F72
:104E5000F5015B14E02F3EBE0000E0410000F07F52
:104E6000000040430000F03F8E98030079B60B002D
:104E7000000008401CF088FC32463B461CF084FCD5
:104E8000002032463B4682468B461CF07BFCDDE927
:104E900008231CF077FCDDE900231CF073FC0246BC
:104EA0000B46DDE904011CF06DFCCDE9040109F1BC
:104EB000FF3353EA080300F016829FEDC77B8DEDA8
:104EC000027B002320462946CDE900450093DDE919
:104ED000008942464B461CF055FC5B4652461CF08E
:104EE00009FE06460F4622462B46DDE904011CF06A
:104EF00001FE02460B46304639461CF045FC424650
:104F000004460D464B4659465046A0461CF0F2FD5D
:104F100006460F462046294632463B46A9461CF027
:104F200033FCC14B04460D4699428B4640F3B78192
:104F3000BE4B0B44034340F0C98240464946A8A3F8
:104F4000D3E900231CF020FC32463B46CDE90001AA
:104F5000204629461CF016FC02460B46DDE90001FE
:104F60001DF058F8002840F0B1824FF400735B4404
:104F7000AF4CBBF1000F4FF00000C3F30A52C3F374
:104F80001301A2F2FF3241F4801144FA02F4C2F19B
:104F9000140241FA02FA04EA0301024630460B46C3
:104FA000B8BFCAF1000A39461CF0ECFB02460B46BA
:104FB00006460F46404649464FEA0A5B1CF0E4FBB2
:104FC0000D460024294688A3D3E9002320461CF07F
:104FD00091FD32463B46CDE90001204629461CF0B2
:104FE000D1FB02460B46404649461CF0CBFB80A352
:104FF000D3E900231CF07EFD06460F4620462946D5
:105000007DA3D3E900231CF075FD02460B46304614
:1050100039461CF0B9FB06460F4632463B46DDE9F1
:105020000089404649461CF0AFFB424604460D4607
:105030004B461CF0A7FB02460B46304639461CF097
:10504000A1FB2246804689462B46204629461CF075
:1050500051FD06460F466AA3D3E900231CF04AFD22
:1050600069A3D3E900231CF08DFB32463B461CF0BC
:1050700041FD67A3D3E900231CF086FB32463B4683
:105080001CF038FD64A3D3E900231CF07BFB3246FF
:105090003B461CF02FFD62A3D3E900231CF074FBF8
:1050A00032463B461CF026FD02460B46204629466A
:1050B0001CF068FB06460F462046324629463B4612
:1050C0001CF018FD00224FF08043CDE9000130466E
:1050D00039461CF057FB02460B46DDE900011CF087
:1050E00033FE424606460F464B46204629461CF0F4
:1050F00001FD42464B461CF047FB02460B4630463C
:1051000039461CF03FFB22462B461CF03BFB024677
:105110000B46002047491CF035FB0B46594402461C
:10512000B1F5801FC0F2CA811046DDE902231CF0F0
:10513000E1FC41EC100B4BE42BF04042DFF8F4C0F3
:10514000624503D0BAF1000F7FF4A9AC002907DA59
:105150000020384953EC102B1CF0F6FD41EC100BED
:10516000BBF1000FBFF634AC334B534453EA090391
:1051700040F0B68153EC102B9AE4DFF8C4C06345CD
:1051800060D8002A72D1B1F1804F00F07D81914644
:1051900077E447EC106B029100931CF07FF9009BC1
:1051A0000299B8F1000F00F05A814FF002094FF058
:1051B0000008224A9342224B40F2AD809A4540F2C9
:1051C0002181002940F32181002013B0BDE8F04F78
:1051D00000F08ABAAFF30080000000000000F03F4A
:1051E000FE822B654715973C00000000432EE63FEA
:1051F000EF39FAFE422EE63F396CA80C615C20BE06
:10520000D0A4BE726937663EF16BD2C541BDBB3ECC
:105210002CDE25AF6A56113F93BDBE166CC1663FAA
:105220003E5555555555C53FFFFF8F40000070BF97
:105230000000F0FF0000F03F000010C00000F0434D
:10524000FFFFEF3F4FEA235CACF2FF3CBCF1140FD1
:1052500040F3F380CCF1340C22FA0CFE0EFA0CFC75
:10526000944500F05481002A3FF4E4AB009147ECF0
:10527000106B1CF013F90099B8F1000F7FF416AC15
:105280002BF0404BCA4B9B4503D0BAF1000F7FF483
:105290000DAC0029C0F244814FF0000964E721F011
:1052A0000043DFF81CC3634540F2BE80C14B0B4492
:1052B00003430AD132463B461CF064FA42464B4651
:1052C0001CF09EFE00283FF450AE00220023DDE9D2
:1052D00002011CF081FE003818BF012013B0BDE8A8
:1052E000F04F00F0F9B99FED9E7B8DED027BE8E574
:1052F000B1F1804F00F0C880BBF1000FFFF6C1ABE9
:10530000AD4A91427FF4BDAB47EC106B13B0BDE8E2
:10531000F04F1CF0F9B89A4574D3A54B9A453FF667
:1053200050AF0022A24B51EC100B1CF02BFA82461E
:105330008B468DA3D3E900231CF0DCFB8CA3D3E9BF
:105340000023CDE90001504659461CF0D3FB002252
:105350009A4BCDE90201504659461CF0CBFB024660
:105360000B4685A1D1E900011CF00CFA52465B46C0
:105370001CF0C0FB02460B4600208F491CF002FACD
:1053800006460F4652465B46504659461CF0B2FB55
:1053900002460B46304639461CF0ACFB78A3D3E9F5
:1053A00000231CF0A7FB02460B46DDE902011CF0BE
:1053B000E9F906460F4632463B46DDE900AB50466A
:1053C00059461CF0E1F9002052465B4682468B4666
:1053D0001CF0D8F902460B46304639461CF0D2F98B
:1053E000CDE9040163E59FED687B00268DED087B28
:1053F0009FED677B8DED067B9DED087B8DED107B32
:10540000FFF7BCBB0029FFF6DFAE002066E70029EE
:105410009FED5D0BBFF6DCAA05F1004300EE104ADC
:1054200000EE903AFFF7D4BA634A934200F28E80BE
:10543000DDE9002393469246C3E5002A7FF416AFC8
:10544000CCF1140C43FA0CFE0EFA0CFC9C457FF4D4
:10545000F1AA0EF0010ECEF10209FFF7ECBA2BF023
:10546000404B534A934549D0BAF1000F46D04FF014
:1054700002099EE600204E4932463B461CF064FC81
:1054800041EC100BFFF7A4BA32463B463046394692
:105490001CF030FB41EC100BFFF79ABA9FED3E7BFE
:1054A0004FF480268DED087B9FED3D7B8DED107BCD
:1054B0009FED3D7B8DED067BFFF760BB504643ECD7
:1054C000102B00F081F851EC100B2EE60022002387
:1054D000DDE902011CF080FD003818BF012074E6F0
:1054E000B9F1010F7FF474AA10EE901A10EE102A91
:1054F00001F1004343EC102BFFF76ABA00291ADBD5
:105500004FF0020930E69FED200BFFF761BA0EF075
:10551000010ECEF10209002A3FF48DAAFFF7E6BA88
:1055200053EC102B002022491CF00EFC4FF0000918
:1055300041EC100B18E653EC102B00201C491CF01A
:1055400003FC4FF0020941EC100B0DE61B154FF464
:105550008012A3F2FE3342FA03F308E5AFF30080B2
:10556000000000000000F0BF000000604715F73F9A
:1055700044DF5DF80BAE543E555555555555D53F56
:10558000FE822B654715F73F000000000000000079
:10559000000000000000F03F0000004003B8E23FC0
:1055A00006D0CF43EBFD4C3E000000000000F83F6A
:1055B0000000F03F00346F3F0000E03F0000D03FAC
:1055C000FFCB904000000000F8B553EC102B0446D0
:1055D000C3F30A50194670BB23F000411046114333
:1055E00028D0394D19460022384B1CF083FAAC42C2
:1055F00002460B4650DBC1F30A5036384CF2503CA1
:10560000644522DC044440F2FE7084421DDC002C20
:1056100033DC14F1350F37DB2D48363416462D4B6D
:105620000840002240EA0457304639461CF062FA2E
:1056300041EC100BF8BD40F2FF7C6045DED1104616
:105640001CF0A2F841EC100BF8BD002B16A1D1E91B
:10565000000107DB14A3D3E900231CF04BFA41EC53
:10566000100BF8BD12A1D1E900010FA3D3E900236B
:105670001CF040FA41EC100BF3E71548084040EAF3
:10568000045343EC102BF8BD002B0BA1D1E9000112
:1056900002DA0BA1D1E9000107A3D3E900231CF032
:1056A00029FA41EC100BF8BD9C7500883CE4377E6C
:1056B0009C7500883CE437FE59F3F8C21F6EA501C3
:1056C00059F3F8C21F6EA581B03CFFFF00005043A4
:1056D000FFFF0F800000903C9FED010B1BF0F8BE18
:1056E00000000000000000109FED010B1BF0F0BE59
:1056F00000000000000000700348044B834202D009
:10570000034B03B118477047E4A00020E4A0002039
:1057100000000000064B0749C91A891048BF013133
:10572000491003D0044B0BB101481847704700BF24
:10573000E4A00020E4A000200000000010B5064C0A
:10574000237843B9FFF7D8FF044B13B10448AFF3F4
:1057500000800123237010BD449B00200000000046
:10576000E8CC030808B5054B1BB105490548AFF364
:105770000080BDE80840FFF7CDBF00BF000000007B
:10578000484E0020E8CC0308A3F5803A704700BFDC
:10579000174B002B08BF134B9D46FFF7F5FF002169
:1057A0008B460F461348144A121A1CF059FC0E4B34
:1057B000002B00D098470D4B002B00D098470020BD
:1057C000002104000D000D48002802D00C48AFF362
:1057D000008000F029F820002900F6F737FB00F0E0
:1057E00011F800BF000008000000000000000000E9
:1057F0000804002008040020809B00200000000016
:105800000000000008B5064B044613B10021AFF3B9
:105810000080044B1B6803B19847204601F00FFD40
:1058200000000000984F002070B50D4D00260D4C73
:10583000641BA410A64209D10B4D00260B4C1FF08F
:105840001FFF641BA410A64205D170BD55F8043B90
:1058500001369847EEE755F8043B01369847F2E7E2
:10586000DCA00020DCA00020DCA00020E0A00020C4
:105870007047FEE72DE9F04104460C264FF0010881
:10588000124D0CB314F001000BD0002024F00104E1
:1058900006FB00525768002FF3D09168C0B2B8479A
:1058A000EFE72246013020284FEA520201D0D30709
:1058B000F8D508FA00F20F2824EA0204E8D91038D3
:1058C00006FB0052B432E5E7BDE8F0810804002091
:1058D000074BD3F82404D3F8202403F500531040D9
:1058E00000F0553020F05020C3F82004C2E700BF7C
:1058F00000C00350074BD3F82404D3F8202403F549
:105900000053104000F0AA3020F0A020C3F820047B
:10591000B0E700BF00C003501A4B2DE9F0411F6DE6
:105920005B6D1F4000D5FEE701260025164CDFF811
:10593000608037421CD0C8F850602368C3B1A168AA
:10594000284601316268A1609847637B012B0FD123
:1059500070B90E4B03EB451393F8F42160F3410249
:1059600083F8F42193F8042260F3410283F80422BF
:105970000135082D4FEA460604F11004D9D1BDE8DF
:10598000F08100BF000004507005002008040020D2
:10599000002004504369406CDA1C1438B2FBF0F26A
:1059A00003EBC203CA1DB2FBF0F20333B3FBF0F307
:1059B0000132023301EBC20100FB0310704773B5E3
:1059C00006460D460024F36B01225B6901A92819E4
:1059D0009847019B013309D1736C043462196A4002
:1059E0005B421A42EFD0204602B070BD0024FAE7B5
:1059F0002DE9F341154690F842201E46012A0CBFBE
:105A0000022304235D43CF7D2C1D844605F002054F
:105A1000BFB915B1012724F00304486808342044B5
:105A2000DCF83C30012A5B6927D101A9984717B1FE
:105A3000BDF806300193BDF80430336002B0BDE814
:105A4000F08155B124F0030400230D7E01F1200EF6
:105A5000D8B2854203D80020E2E72F46F4E73EF8AB
:105A6000330003F10108A04204D901EBC303D86954
:105A70000834D4E74346241AEAE70122314602B04B
:105A8000BDE8F0411847D01E009B42424241187EBB
:105A9000824211D11A688A420ED85A688A420BD3C0
:105AA0005A6901325A61D3E9030282423FBF9868C2
:105AB00040F8221001321A610120704700234FF094
:105AC000FF3230B544689C4202D10023037230BDDE
:105AD000016801EBC30541F833206A600133F2E746
:105AE0000023F0B545689D4210D00468DF0054F8EB
:105AF000332004EBC306B2F1FF3F08D0C2F3130218
:105B0000914204D14FF0FF33E3517360F0BD013394
:105B1000E9E710B5032A029C07D1A26A5340626CE0
:105B20005242134201D1FFF7DBFF012010BD0023D9
:105B3000F0B545689D4202D14FF0FF300EE0046899
:105B4000DE0054F83340671C09D0C4F31307B94290
:105B500005D1240D1470036833445868F0BD013337
:105B6000E8E773B5164600F108040D4620460968BB
:105B70000DF10702FFF7DBFF032E05D16B688342AF
:105B800002D12046FFF7ACFF012002B070BD00BF7C
:105B90002DE9F043466886B3056898464FF0000C3F
:105BA000A946AE4655F83C400CF1010CC4F313076E
:105BB000013401D0B94217D066450EF1080EF1D17B
:105BC0002F46002403E0A64207F1080712D055F83B
:105BD000343001340133F6D1C1F3130141EA0851E5
:105BE000C7E90012BDE8F08341EA0851CEE900128E
:105BF000BDE8F083B8F1030F03D101230372BDE8C0
:105C0000F083002303E09E4209F10809F5D055F81E
:105C100033400133C4F30754032CF4D1C1F313030D
:105C200043EA0853C9E90032BDE8F08308B50830FB
:105C30001346D1E90012FFF7ABFF012008BD00BFFA
:105C40002DE9F0410646406882B0C0B10F4690464B
:105C50000024336853F8345003EBC403C5F30752F0
:105C6000C5F31301013504F1010406D05B68304629
:105C7000CDF80080B84710B170688442E9D302B013
:105C8000BDE8F08141F671320121064BDA6303F57C
:105C90000052D1600022DA634FF48032A3F518334A
:105CA0009A66704700000350704737B5054601F10A
:105CB0000C04436901A9012220469847BDF804302D
:105CC0000122009369462046AB69984703B030BD76
:105CD000202A0B681EBF4FF0FF3191408B435908BB
:105CE00001F055315B1A03F033319B0803F0333375
:105CF0000B44017803EB13130A444FF0013103F016
:105D00000F334B43A2EB13620270704737B5044662
:105D100000251B22011D0DF107008DF80750FFF72C
:105D2000D7FF63689DF80720B2EBD36F03D123F050
:105D3000784003B030BD1B2204F108018DF80750F4
:105D4000FFF7C6FFA0689DF80730B3EBD06F0ABF1E
:105D5000C0434FF0FF3020F07840EAE74BF29A2240
:105D6000036810B5B2EB134F044613D19BB2012B5D
:105D700015D1FFF7CBFF013011D04FF6FF72E0686D
:105D8000B2EB104F4FEA10430BD180B2C01A18BFCC
:105D9000012010BD013314BF04200320F9E70420C3
:105DA000F7E70220F5E7F0B50546002687B0EC6975
:105DB000013CB44203D80C46204607B0F0BD01B107
:105DC0004C1E6F6C2868EB6B05225B6901A907FB11
:105DD0000400984701A8FFF7C1FF0128ECD921462C
:105DE0000136E4E770B50025044686B00562E36934
:105DF000AB4202D8206A06B070BD666C2068E36BC7
:105E000005225B6906FB050001A9984701A8FFF779
:105E1000A5FF012898BF236A05F101059CBF013346
:105E20002362E4E7F0B504460D46466CE36B006878
:105E300087B005225B6901A906FB0500984701A808
:105E4000FFF78CFF012804D801A8FFF75FFF07B018
:105E5000F0BD29462046FFF7A6FF0646676C20687E
:105E6000E36B05225B6901A907FB0600984701A8BF
:105E7000FFF74CFF431CEAD0B54238BF0130E6E7DC
:105E80002DE9F0430646994689B0036908460F4656
:105E9000904698470446002867D1D9F804305B0A39
:105EA000012B22464FEA530304F10104F8D899F874
:105EB000035099F802302D03DB0203F4006305F46C
:105EC00080551D43B9F800304FF00009C3F30A03B1
:105ED00052032B4492B29D18294B0DF107001B224F
:105EE00028F0784402A9039302948DF80790FFF7F5
:105EF000EFFE9DF807306FEA054544EAC364049459
:105F00006FEA08041B2224F0784402A902948DF859
:105F10000790FFF7DDFE9DF807306FEA154544EA6C
:105F2000C3644FF0FF3301220594069307A9B369B8
:105F3000079507F11000984701220446B36905A9A7
:105F400007F1080098470122484518BF0446B36985
:105F500004A9381D98470122484518BF0446B36973
:105F6000384603A9984728B1044639463046FFF71A
:105F70009CFE01E0002CF8D1204609B0BDE8F0837A
:105F800001009AB238B50446456C006804F140033C
:105F900005FB0101E06BFFF773FF05462046FFF7A5
:105FA00021FF284638BD174B10B50446D3F8200111
:105FB00000F0070006281FD8DFE800F0040A0E21D1
:105FC00012161A00012304B1206001B10B6010BD4C
:105FD0000D4B18680523F6E70B4B58680323F2E7CF
:105FE0001DF060F80723EEE7074B18680623EAE781
:105FF000054B58680423E6E700231846E3E702232D
:106000000248E0E700800050509D0020002D310143
:106010000E4BD3F8403103F00303022B0DD0032BBA
:106020000FD0012B0BBF0A2301234FF400420022A3
:1060300000B1026001B10B60704709234FF40042C8
:10604000F6E70B234FF47A72F2E700BF00800050AE
:1060500010B504461FF020FB431C15D0B0B90C4B03
:1060600020469A6801230A3202F01F02934023F06F
:1060700003032344984201D1002010BD50F8042BA3
:106080000132F7D03E20F8E76E20F6E77120F4E702
:106090000080E00F0022094B83F8E802A3F8E92210
:1060A00083F8EB22C3F8EC22C3F8F022C3F8F42201
:1060B000A3F8F82283F8FA22704700BF08040020F2
:1060C00038B5202204460D460C3000211BF0C8FFD5
:1060D0004FF0FF33C4E90035A36038BD174B0629E4
:1060E00093F8FC2242F0080283F8FC22144A105C68
:1060F0000A44927883F8000383F8012393F802237B
:1061000010D1CAB9012283F8022393F804234DF277
:10611000D861002A83F8030308BFC82103F5427041
:10612000F8F717BF42B1002203F5427083F802234B
:1061300083F8032310F028BD704700BF0804002037
:10614000B4560308002373B51A4619461E46224C5E
:10615000C4F8483304F5537050F8045B8D4204D9F9
:10616000B5F5805F3CBF29460123013292B22B2A4C
:1061700040F8046CF0D10BB1C4F848138123D4F873
:10618000F8038DF8033020B300230DF1030101AAB9
:1061900001931EF093F8019B01462BB14FF0E023D1
:1061A0004FF08052C3F8042D012912D1D4F8000415
:1061B00078B10023019394F8FC3301AA99401EF0B2
:1061C000B5FF019B2BB14FF0E0234FF08052C3F895
:1061D000042D012002B070BD0804002008B5294B31
:1061E00083F30A884FF48041274B284A9A60D3F8FA
:1061F000882042F47002C3F88820254A91664FF047
:10620000FF31244A1166244951660221C3F8D01097
:10621000BFF34F8FBFF36F8F01204FF440331F49FF
:10622000C1F88001D3600860A2F5005213611C48D8
:106230001C4BC01A80100EF092FE1B4B1B498B4268
:1062400012D300201A4B1B498B4218D3FFF7A0FA38
:10625000186850F82240586840F822400132986887
:106260008242F5D30C33EAE70022F8E71C6844F8D1
:10627000220001325C68A242F8D30833E4E700222E
:10628000F8E700BF0800002000ED00E00060000813
:106290000090005000A000447FFF7F0100E100E07B
:1062A000D062000870610008F0CC0308FCCC030841
:1062B000FCCC0308FCCC030810B5044644EA0103F7
:1062C00013F00303084609D1934201D1002010BD09
:1062D00054F8231040F823100133F5E721469200CB
:1062E0001CF0ECFDF2E708B538B11EF053FD0028B4
:1062F00014BF6FF01D00002008BD6FF01B00FBE70E
:1063000073B5044640B150238065C3651FF016F88D
:10631000064628B1002323660126304602B070BD30
:10632000626D02F00803D20714D4002BF2D10120D1
:1063300023463246314600901EF0C5FF05461FF049
:10634000ACF8002DE6D0216D11B128461DF09CFD62
:106350002566E2E7002BDDD10423024601460093C7
:10636000012023461EF0AFFF05461FF096F8002DD2
:10637000D0D0216D11B128461DF086FD45F00105F4
:10638000E6E7BDE74FF098435B6C13B5D9021CD527
:106390001DF00EFE0238012817D8174BD3F86444BD
:1063A0009CB11EF0CBFF0346F8B10023204601A9A3
:1063B00001931DF0BBFF012807D1019B2BB14FF0CA
:1063C000E0234FF08052C3F8042D4FF098435A6CED
:1063D000D202FCD55B6D094A03F470239360082256
:1063E000074BC3F8882102B010BD02460146204683
:1063F0001EF0E4F8E9E700BF08040020509D0020EB
:1064000000E100E038B5A8B1056E25F001041EF0EA
:1064100095FF78B9012D0DD920461DF053FD20467A
:106420001DF050FD94F8463023B92046BDE83840B1
:106430001FF078B838BD37B50C460546002844D162
:10644000022922D006292BD001291CD1F3F782F88A
:10645000054670B92020F2F7ABFE0223CDE90043D8
:10646000FF2310F0FF012A4608BF19462846F4F71B
:10647000FBFB314B93F8FC2242F0020283F8FC2232
:10648000FF2283F8682403B030BD2B4B93F8FC2225
:1064900042F0040283F8FC22FF2283F86924F2E729
:1064A0001020F2F785FE0128EDD02846F3F752F8C8
:1064B0006228E8D8012303226321CDE90032FF23BB
:1064C0002A461046F4F7D0FBDDE7022919D0062949
:1064D00020D00129D7D10020F3F73CF840B10223A6
:1064E0000022CDE900431146FF231046F4F7BCFB20
:1064F000114B93F8FC2242F0020283F8FC220022A6
:10650000BFE70D4B93F8FC2242F0040283F8FC2213
:106510000022C2E71020F2F74BFE0128B3D0002082
:10652000F3F718F80128AED9032301210022CDE9A1
:106530000013FF23C5E700BF08040020F0B50E28B4
:1065400005464FF000024FF05C0008BF464B474C39
:1065500008BF93F86C540F46AFB004F10C0100FB78
:1065600002F35E5CAE420ED001320E2AF7D15C22FD
:1065700000210DEB02001BF073FD5C220021684638
:106580001BF06EFD06E023445C22684603F10C011B
:106590001CF094FC344E9DF8022096F86E340FB92E
:1065A0009A4235D30A2D30D8DFE805F0062F2F2F79
:1065B0002F2F2F34554741000020F2F7CBFF05461F
:1065C0000320F2F7F5FD012807D0032807D000B912
:1065D0002DB100238DF8083017E0002DF9D02220CE
:1065E000F2F7E6FD204490F8143503208DF80830CA
:1065F000F2F7DEFD08B9242000E02320F2F7D8FDF1
:10660000204490F81D358DF803306846F8F7CEFC2D
:106610002FB0F0BD96F8CE34012B22D0022B02D041
:106620001BB90823D6E70A23D4E70923D2E796F853
:10663000CE34234493F81435D7E72220F2F7B8FD7F
:10664000204490F814358DF8083096F8CE341C4468
:1066500094F81D35D7E70520F2F7AAFD08B9032302
:10666000B8E70523B6E700BF08040020B4560308C6
:106670000022034B0121022083F8C8245EE700BFFB
:1066800008040020F7B54D4C054694F8C864002E68
:1066900049D0022872D1002304F59A6084F8C834E6
:1066A00010F072FA94F8C934012123B9284603B0D6
:1066B000BDE8F04042E70846FFF740FF94F8C934D0
:1066C000013B062B5AD8DFE803F0040C10145918CC
:1066D0002300032094F8CE1403B0BDE8F04011F07D
:1066E0008EB8222094F8CE14F6E7232094F8CE1426
:1066F000F2E7242094F8CE14EEE71F2094F8CE544D
:10670000F2F756FD854239D81E2094F8CE14E3E7FF
:106710001E2094F8CE54F2F74BFD85422ED31F2055
:1067200094F8CE14D8E702282AD10F68012F25D17A
:1067300094F8103573B13046F2F70CFFB0FA80F0E0
:1067400040094042C1B2334632463046CDE9007579
:10675000F4F78AFA1320F2F72BFD01280ED194F8F2
:10676000123594F81325134308D1312011F0C6F8DF
:10677000642384F81435022384F8123503B0F0BD85
:106780000328FBD10B68012BF8D141F288328968CC
:106790009142F3D131460520C4F8C964A4F8CD6410
:1067A00084F8C834FFF7CAFE42F2107104F59A600B
:1067B00003B0BDE8F040F8F7CCBB00BF08040020F0
:1067C000F0B5A34C87B094F8A82594F81515E2B15C
:1067D000D4F8B8350022013B032B78D884F817256C
:1067E00079B994F816350133DBB2132B81BF01233D
:1067F000984A84F8161584F8153594BF84F8163530
:10680000D3600023C4F8B83503E084F816250029C6
:1068100072D194F8C83673B194F8C906F7F7D2FC70
:10682000012840F08780D4F8CC360133B3F5FA7FE5
:1068300073D2C4F8CC3694F8D036A3B194F8D1060C
:10684000F7F7C0FC012879D1B4F8D23601339BB2F6
:10685000B3F57A7FA4F8D23605D30021032084F85B
:10686000D016FFF76BFE94F81435002B6CD0642221
:10687000013BDBB284F8132584F8143513B93320B7
:1068800011F03CF8D4F8D4369B69DB8843B194F816
:1068900012352BB994F81455002D65D084F8D836EC
:1068A0006D4B5A6C920700F1CC805B6C5B0700F17A
:1068B000C88094F8101541B994F811350133DBB252
:1068C000072B00F2B48084F8113507B0F0BD84F8CE
:1068D0001625002995D094F817350133DBB2042B27
:1068E00081BF84F8172584F815250222594B94BFDF
:1068F00084F81735DA6084E794F817350133DBB292
:10690000042B81BF84F8172584F815250222514BEA
:1069100094BF84F81735DA607BE700250520C4F8BA
:10692000CC5684F8C85610F0F3FD29460820FFF72E
:1069300005FE80E7002384F8C8367CE70023A4F82E
:10694000D23684F8D0368EE794F81335002B99D0E0
:10695000D4F8FC3213B1642384F8133594F813355A
:10696000013B84F813358DE794F8D8360133DBB258
:10697000042B93D994F8FC3284F8D85613F0080706
:106980000FD0364A94F8001394F801030EF0FAFE83
:10699000012885D094F8FC3265F3C30384F8FC32F7
:1069A0007EE713F0020616D0012294F86834202105
:1069B0008DF81730294BCDE90022029328480DF1BC
:1069C00017030EF0A9FE01283FF46AAF94F8FC32D9
:1069D00067F34103E2E713F0040516D0012294F8AF
:1069E000693420218DF817301C4BCDE90022029329
:1069F0001C480DF117030EF08FFE01283FF450AF35
:106A000094F8FC3266F38203C8E7D9077FF548AFF4
:106A10002846F2F745FD014613480EF0B5FB002865
:106A20003FF43EAF94F8FC3265F30003B6E7012370
:106A30000D2084F8111584F8103507B0BDE8F0403A
:106A40007CE5002384F8113584F810353DE700BF5C
:106A5000080400200040005900C00350715801088C
:106A6000DC5B0308EC5B0308D99600080B1F012BC5
:106A700001D9FFF733BB70472DE9F341744C05464C
:106A800094F8C8740E46002F75D050B904F59A607A
:106A900010F0F2FC94F8C934002B41D102B0BDE8EB
:106AA000F08103281AD094F8C9349BB3063B012B1C
:106AB000F4D80428F2D10020F4F702FC0020F2F709
:106AC000EFFC9FED647AD0ED0E6AC6EE877AFCEE9D
:106AD000E77A17EE903A84F8CE34DFE704F59A604F
:106AE00010F0CAFC94F8C934063B012BD6D8B36821
:106AF000B3F57A7FD2D11622002094F8CE346321E8
:106B0000C3F1640303EBD373CDE90002C3F347037E
:106B1000012223E00228C1D10B6884F8CB34BDE701
:106B200094F86C24062A05D12946072002B0BDE856
:106B3000F04103E594F8CE2494F8CD14914210D995
:106B4000013284F8CE24063B012B11D801231622F2
:106B50000020CDE900321A4694F8CE14F4F784F8F8
:106B60009CE794F8CA24D107EDD594F8CC24E8E743
:106B700000210E20DAE702283DD1D1F80080B8F1DB
:106B8000010F0DD141463846FFF755FCD4F8D436F5
:106B90009B691B78B3B9312010F0B0FE84F81285E0
:106BA0003168022922D194F8FC3243F0040384F8BE
:106BB000FC32FF2384F869340020C9B202B0BDE87A
:106BC000F04153E71320F2F7F3FA0028E8D194F8E4
:106BD000123594F813251343E2D1312010F08EFEC4
:106BE000642384F8125584F81435D9E74B1E022B20
:106BF0003FF654AFE0E7032815D18B68B3F57A7FF1
:106C00007FF44CAF94F8D936384643F0010306219F
:106C100084F8D936FFF70FFC0621384602B0BDE8EC
:106C2000F041FFF75BBA04287FF438AF94F8D93607
:106C3000DB0706D53846F4F743FB07213846FFF754
:106C40004DFA94F8D9366FF3000384F8D93625E766
:106C5000080400200080F743F0B5C24C054694F8C4
:106C6000C8040E4685B0002800F03E8155B904F5F1
:106C70009A6010F001FC94F8C934012B00F20F81E6
:106C800005B0F0BD032D1AD094F8C93473B3063B98
:106C9000012BF5D8042DF3D10020F4F711FB0020CF
:106CA000F2F7FEFB9FEDB07AD0ED0E6AC6EE877A62
:106CB000FCEEE77A17EE903A84F8CE34E0E704F57C
:106CC0009A6010F0D9FB94F8C934063B012BD7D851
:106CD000B368B3F57A7FD3D11622002094F8CE346E
:106CE000CDE9000201225B081146ECE0022DC7D17C
:106CF00094F8CB34013B062B00F28B80DFE803F0E5
:106D000004213C55618DAE00022384F8C93494F807
:106D1000CA34222043F0010302A984F8CA34F2F7EE
:106D200029FA00210A209DF80C3084F8CE34029B09
:106D30001A7D1B7C84F8CD2484F8CC34FFF7FEFB4D
:106D400067E00323232084F8C93494F8CA3402A9E5
:106D50006FF3000384F8CA34F2F70CFA9DF80C3094
:106D6000002184F8CE34029B09201A7D84F8CD24BA
:106D70001B7C84F8CC34E1E7012384F8C93494F80F
:106D8000CA34032043F0010302A984F8CA34F2F79D
:106D9000F1F9029A0021137C127D062084F8CE348A
:106DA00084F8CD2484F8CC34C8E7042384F8C934AB
:106DB00094F8CA3424206FF3000384F8CA3402A97B
:106DC000CAE7002594F8CA34684865F3000384F8DC
:106DD000CA3484F8C8540FF0D7FE102010F098FB86
:106DE00001210846FFF7AAFB1020F2F7E1F980B174
:106DF0002846F2F7AFFB0138C0B2612809D8012359
:106E000003262A46CDE900366321FF232846F3F7FF
:106E10002BFF002384F8CB3432E7062384F8C934EF
:106E200094F8CA341E206FF3000302A984F8CA3410
:106E3000F2F7A0F9029B1625197C1B7D84F8CE146D
:106E400084F8CD34012384F8CC141A460020CDE90F
:106E50000035F3F709FF00210B206FE7072384F8C3
:106E6000C93494F8CA341F206FF3000302A984F8D0
:106E7000CA34F2F77FF9029B1620197D1B7C84F837
:106E8000CE1484F8CC34012384F8CD141A46CDE90D
:106E900000300020F3F7E8FE00210C204EE794F8C4
:106EA000CE2494F8CC14914210D2013A84F8CE2426
:106EB000063B012B11D8012316220020CDE9003218
:106EC0001A4694F8CE14F3F7CFFED9E694F8CA2404
:106ED000D107EDD594F8CD24E8E700210E2005B0C8
:106EE000BDE8F040FFF72ABB022D41D10F68012F0A
:106EF0000DD139463846FFF79EFAD4F8D4369B694F
:106F00001B78B3B9312010F0F9FC84F812753168A0
:106F1000022922D194F8FC3243F0040384F8FC32B5
:106F2000002384F869340120C9B205B0BDE8F040FF
:106F30009CE51320F2F73CF90028E8D194F81235CB
:106F400094F813251343E2D1312010F0D7FC6423C9
:106F500084F8125584F81435D9E74B1E022B3FF6FE
:106F60008FAEE0E7080400200080F743D808002037
:106F7000032D15D18B68B3F57A7F7FF481AE94F839
:106F8000D936062143F00203012084F8D936FFF7F1
:106F900052FA0621012005B0BDE8F040FFF79EB887
:106FA000042D7FF46DAE94F8D9369B0705D5F4F720
:106FB00087F907210120FFF791F894F8D9366FF38C
:106FC000410384F8D9365BE6024B93F8C93603B91E
:106FD00052E541E608040020024B93F8D13603B98C
:106FE0004AE539E6080400200E4B07B593F815353D
:106FF0009BB10020F2F7AEFA90B92020F2F7D8F852
:1070000010F0FF0108BFFF2101230222CDE9003269
:107010000022FF231046F3F727FE03B05DF804FBC0
:107020000021F1E708040020542807B50DD1F2F73C
:10703000BFF818B101210320FFF780FA00210846AC
:1070400003B05DF804EBFFF779BA1E2807D1F2F719
:10705000AFF80122C1B20020F3F7AAFFEEE71F2824
:1070600007D1F2F7A5F80122C1B20020F4F716F813
:10707000E4E7102815D1F2F79BF80028DED00020B5
:10708000F2F768FA0138C0B26128D7D80123032289
:10709000CDE900320022FF2363211046F3F7E4FD1F
:1070A000CCE704280DD1F2F783F801220C4B20B96C
:1070B00083F8C90683F8D126C0E783F8C9260022E1
:1070C000F8E70528BAD1F2F773F8003818BF0120A5
:1070D000034B93F8E8328342B0D0FEF7DBFFADE715
:1070E0000804002070474FF000639B6A03F1784268
:1070F000B2F5C04F03D21968064A914203D000236B
:10710000037083607047012202709A689B69426035
:10711000F7E700BF07B0CD5E1FB54FF000639B6A75
:1071200003F17842B2F5C04F1CD21C6B04F17843D6
:10713000B3F5C04F16D2002301A8CDE90233FFF703
:10714000D2FF039BDB030DD5029B1A0E0AD0012A46
:1071500003D1C3F307430A2B04D9236C04B0BDE861
:107160001040184740F2011004B010BD70B5224D18
:10717000044695F8DA66012E3BD1FFF7CDFF0130CA
:107180000BD0FFF7C9FF40F20113984205D01B4B0B
:107190001B4A5E66D368DE07FCD42268194B1A6668
:1071A00062685A66A268C3F87021E2681A642269AC
:1071B0005A64E269D00744BF00229A60124BDA6831
:1071C000013207D195F8DB2622B910494968C90771
:1071D00048BFDA6062690E4B5A66A2699A66D5F8B2
:1071E000DC3683F31188BFF36F8F002385F8DA361E
:1071F00070BD0123FAE700BF0804002000900040A2
:107200000000044000800044509D002000C0055054
:1072100000800050BFF34F8F0549064BCA6802F447
:10722000E0621343CB60BFF34F8F00BFFDE700BFA9
:1072300000ED00E00400FA054FF0FF307047FEE774
:1072400000207047002070470020704710B500B341
:107250000378DBB1013BDBB2022B1CD80F4AD35CB5
:107260004278D340DB0716D5EFF31184302383F344
:1072700011880122017840785943094B82405A50C5
:1072800084F31188BFF36F8F002010BD40F2FF130D
:10729000E6E72220F9E72120F7E700BF025C0308B8
:1072A00040D0035010B500B30378DBB1013BDBB233
:1072B000022B1CD80F4AD35C4278D340DB0716D58B
:1072C000EFF31184302383F3118801220178407891
:1072D0005943094B82405A5084F31188BFF36F8F92
:1072E000002010BD40F2FF13E6E72220F9E721203D
:1072F000F7E700BF025C030840E0035038B50546DD
:1073000044692146FEF746FB6A6CE31D143AB3FB61
:10731000F2F3013304EBC304204438BD0368F0B535
:10732000CC1A436C0646B4FBF3F4002587B0F3692E
:1073300037685A1E9542706C06D3736C306803FB35
:107340000400143007B0F0BD0134B4FBF3F203FBCA
:107350001244F36B05225B6901A900FB0470984796
:1073600001A8FEF7FBFC0128E7D90135DFE72DE98D
:10737000F041D0E90A369E42044686B028D1142254
:10738000C369456802FB1355284606B0BDE8F08185
:107390002068676C331AB3FBF7F3E26B07FB03005B
:1073A000D2F8148001A90522C04701A8FEF7D6FC37
:1073B000012804D0636C1D44013B3340ED1A314673
:1073C0002046FFF7ABFF0646A36AB342E0D1DBE7F6
:1073D0000025F9E710B423F0030422449B070A4474
:1073E000436C18BF04325B4282EA0104234202D09C
:1073F0005DF8044B92E710465DF8044B70472DE9A9
:10740000F04F97B0CDE908230D460A69416CD31DB2
:107410001439B3FBF1F3013302EBC302036B0446EF
:107420009342C0F0CF820023DFF8C0920C93E36A4E
:10743000AD4819460693FEF743FED5E9033703939B
:10744000099B022B40F02681CC2F40F0A682089B9E
:10745000002B00F0F18000266868E36B01225B6975
:10746000119611A908309847B04694F84230012B84
:1074700040F0AD80632E2DD9119B666C069A129355
:10748000731E1340F61AE36B01225B69686814A946
:107490009847149B13F07E0F14BF04230823782F02
:1074A000059340F20781012200234FF0080A04925D
:1074B0002A68C9F8F076C9F8E026099A032A00F08C
:1074C0001F81022A00F0C780049A002A14BF0022FC
:1074D0000722C4E0612E08D814AB32462946204664
:1074E000FEF786FA9DF8503023B314AB3246294696
:1074F00020468DF84C80FEF77BFA94F84230DDF898
:1075000050A0012B52D14FF6FF739A4500F09280A4
:10751000082214A913A8FEF7DBFB9DF84C20CAF340
:1075200007239A4240F086805FFA8AFA119B5344FF
:1075300011937FE094F84230012B2DD13246294639
:10754000204612ABFEF754FA2946204613AB721CB4
:10755000FEF74EFA2946204614ABB21CFEF748FA55
:107560000823102213A90DF143008DF84330FEF7D4
:10757000AFFB102214A9FEF7ABFB129BDAB2002A74
:1075800051D19DF84320B2EB132F4CD1DDE91332DA
:1075900003EB0243119346E0302E2BD943E09DF8D4
:1075A0004320B2EB134F3ED1139BF3E7BAF1FF3FF9
:1075B00040D0102214A913A8FEF78AFB9DF84C2096
:1075C000CAF307439A4235D11FFA8AFAAEE7312E41
:1075D0003FF652AF89D014AB324629462046FEF71B
:1075E00007FABDF85030002B7FF47FAF94F842309B
:1075F000012BA3D032462946204612ABFEF7F8F9FC
:107600002946204613AB721CFEF7F2F91023202204
:1076100013A90DF143008DF84330FEF759FB129B7F
:107620009AB2002ABBD094F84230012B14BF012338
:1076300002231E44013618E7039B01221B684FF00A
:10764000080A12932B680492C9F8E03608230593C0
:10765000089BC9F8F076049AC2F10202D2B289F806
:10766000F4264FEA9A020E92069A019200220A929A
:107670000D9207920B92606C019A411E1140421AC2
:10768000002F3FD053449A4247D8236B1B1A0B4418
:1076900023635BE1666C069A731E1340782FA6EB9A
:1076A000030619D8EB7D8BB9089B002B7FF4EBAE5A
:1076B000042305933B1DB3421AD9F7B1082E3FF6B8
:1076C000F2AE042300229A460492F1E6089B002BB6
:1076D0007FF4D9AE0823ECE7089B002B7FF4D3AEF0
:1076E00008230593DFE600BFE80A00200804002015
:1076F000002304934FF0040ADAE604230497F9E721
:10770000099AACE75245C0D3B846019B5344029353
:10771000079B002B18BF032314E0A2EB0A02019B76
:107720009742B846534428BF904697420293EFD9F8
:107730000123D9F8F02689F8F736974243D1019A08
:10774000C9F8E426079399F8F736002B3DD099F84D
:10775000F8260199D31C09EBC303C3F8E416079973
:107760000132A3F8E88683F8EA1689F8F826B8F11A
:10777000000F14D0099B022B2BD10A9B7BB90D9BC8
:107780004344032B0BD9E36B01229B69029812A996
:1077900098470646002840F01B8101230A9399F878
:1077A000F4362E68884A012B02EAC61628F07C4B74
:1077B00040F289809A1E012A03D908F1070303F0D9
:1077C0007F031E4385E00223BCE7019BC9F8E43632
:1077D000CDE7089B002B31D1039BB8F1030F03EBDE
:1077E000080B28D9DDE90201E36B4FEA98029B6997
:1077F00098470646002840F0CA8018F003025FD080
:10780000039B28F0030633440393029B1E444FF06E
:10781000FF33039913A813931BF050FBE36B30461F
:1078200001229B6913A998470646CDF80CB0002E9B
:10783000B5D0029B6FE04246029EE8E705F12003C7
:10784000DDF808B00F93EB7D68689BB100232E7EB6
:107850000B9AD9B28E4211D90F9903F1010C31F86C
:107860003310914226D9059905EBC303D8690A4420
:10787000104403E00B9B059A13441844E36B012268
:107880005B6913A99847139B012211930B9B5846E0
:1078900004330B93E36B11A99B699847029B06463F
:1078A0004344A3EB0B03042B07D9002872D10BF13F
:1078B000040BC8E76346521ACBE7CDF808B0B6E729
:1078C000CDF80CB06BE7079A43EAC263334343F049
:1078D00060464FF000038DF84C30049BCDE9146BEB
:1078E000002B49D0202214A913A8FEF7F1F91A227F
:1078F00015A9FEF7EDF99DF84C304BEA836315931B
:10790000E36B0E9A9B69019814A99847019A061E89
:107910000C9B18BF134652460C93204643460199D0
:10792000FFF758FD236B08F10302A3EB0A0322F0D3
:1079300003029B1AC9F8E8062363002E48D10D9B69
:10794000A7EB080743440D93029B0193204601993E
:10795000FFF7E4FC00230190002F7FF48CAE1B4A5C
:107960002968D2F8E83604F10800E362D2F8E42688
:10797000099BFEF70DF911E01B2214A913A8FEF7CD
:10798000A7F99DF84C3046EAC3661496B8E7CDF8DF
:107990000CB04EE7CDF808B04BE77027384617B06B
:1079A000BDE8F08F002754E02A69616CD31D1439BB
:1079B000B3FBF1F3013302EBC302236B9342BFF439
:1079C00036AD61E01C27E9E780FFFF0708040020CF
:1079D0003D2E59D104F1080301932768069B2046E8
:1079E000E16AD4F844A0A3EB070BFFF797FCA26A67
:1079F000BBFBFAFB8242D7D0616CD9F8E82601F1D3
:107A0000FF3C02EA0C0C226B0C9B521A624422636C
:107A10002268E0629A1AB2FBF1F8C345C2D10AFBB0
:107A20000877069B07F1140BB3EB0B0711D0E36B40
:107A3000BA0859469B6998478246E26A069B3A44CF
:107A4000E262226B0198D21A5A442263FEF736F89A
:107A500057462368616CE06B01FB0831FEF725F99E
:107A60002046FEF7BFF92046FFF781FC2063002F78
:107A70009AD02A69616CD31D1439B3FBF1F3013339
:107A800002EBC3029042A8D2374687E72DE9F043C4
:107A90004FF6FF79D0F8248004460E46C84514BF3F
:107AA00045460025002787B0E369BB4202D807B0EE
:107AB000BDE8F083E26B2368606CD2F814C000FB71
:107AC0000530052201A9E04701A8FEF747F9022881
:107AD00006D0C8450CD1721C29462046FEF752FA42
:107AE000E3690135B5FBF3F2013703FB1255DBE720
:107AF00029462046FEF796F9B0F1FF3F14BF024633
:107B000032460132E8E703460846EFF3108172B6C9
:107B1000024ADB6BC2F80C17DB6818470804002028
:107B2000036813F07E0F03D1406820F07C4070475B
:107B300013F078001CBF03F07F03D81F70472DE9B6
:107B4000F04F144607460E468BB00393C36B0122D9
:107B50005B6907A960689847FB6B01225B69304647
:107B600006A99847079B5D1C07D10022A360A27558
:107B7000627500200BB0BDE8F08F0122A2750022D3
:107B8000217E069D04EBC101CE610A846068C5F3C5
:107B9000D31CB04205F07F010CD14FF0FF33C4F885
:107BA00000C02175A360237D043B022B26D800234F
:107BB000A375DEE794F814E020688E4503D1A0EBAE
:107BC0000C004242424103F07F0001288CBF00209C
:107BD000012001298CBF00210121884218BF002209
:107BE00015F07E0FA27503F07E0304D1002BDAD0CE
:107BF0000023A375D7E7002BD5D1F9E715F07E0F49
:107C00000FD1FB6B022230465B6908A9984708A890
:107C1000FFF786FF237D032B51D8DFE803F0150F14
:107C2000045906A8F4E7CC22237E04EBC3031A848C
:107C30000123634A134493F848350AE0237E04EB9A
:107C4000C30318840023F4E7237E04EBC3031884E2
:107C50000123149A1370069A12F07E094FEAD26A31
:107C6000227E37D1FB6B04EBC2020AF003055B698D
:107C7000B2F8208082F8225008A9022230469847A4
:107C800020220DF117000DEB02018DF81790FEF781
:107C90001FF81A2209A9FEF71BF89DF81730099A58
:107CA0004FF0080BB3EB926F0CBF012300236375F9
:107CB000637D33BB0023A3754FF0000950E0227EA3
:107CC000013BDBB204EBC202052B1084C0D8B0E745
:107CD0000223AEE7002504EBC202B2F8208082F84E
:107CE000225006A91B2208A88DF82050FDF7F0FFAE
:107CF0009DF820204FF0040BA2EB0A02534253419F
:107D0000D5E794F81690B9F1000FD5D0B8F1000F6F
:107D100008D1D5B10123627EE37552BB9D4218D1D3
:107D2000657614E07B6C06EB0B02594286EA020092
:107D300008421CBF0021A175591E0A409B1A4345E9
:107D4000B8D3A37D002BE4D1B6E7E37D43B94FF070
:107D5000000943465A4631463846FFF73BFBA060D0
:107D6000A27D237E5AB9012B27D801332376A07D2B
:107D700000E7012DF4D0032DE9D1A376E7E72269CE
:107D8000012B4244226118D801332376039B002B38
:107D9000EDD0E37D002BEAD0B9F1000FE7D1032D40
:107DA000E5D0A1684B1CE2D0149B224600933846D4
:107DB0000123FFF7C4FEA075D9E70023A375D6E71A
:107DC000B456030813B50C46002121760093616870
:107DD00013462246FFF7B3FE18B1E37D03B1A07E40
:107DE000A075A07D02B010BD2DE9F04F0F469A4658
:107DF000002389B004464FF0FF31104690468DF8BD
:107E00000B30FEF75DF9B7F5801F20D2394603AA83
:107E100004F10800FDF78BFE451C014605D1237CCB
:107E2000BBB92D2009B0BDE8F08F4046FEF748F9F8
:107E30000122414620460DF10B03FFF7C3FF002846
:107E4000EDD09DF80B308AF800300020EAE7B81C2E
:107E5000E5D1E66A711C2CD12046616AFDF7A3FFCB
:107E60000646BB1C18BF0123DFF8C4B00093636A49
:107E7000626C0193236803A902FB0639E36B484651
:107E800005225B6909F114099847002549464B1CF6
:107E900005D0636C81EA09025B4213420FD0314680
:107EA0002046FDF780FF019BB3422FD085BB0646DD
:107EB000DDE72368F61A636CB6FBF3F6D1E71B48DF
:107EC000FEF7FEF82046009A18490DF10B03FFF764
:107ED00079FF8446B8B1BA1C03D0DBF8E036BB4268
:107EE00011D145469DF80B30DFF840E08AF80030AC
:107EF000BEE80F000FC5BEE80F000FC59EE80700E3
:107F000085E807006546DBF8E816C0E7002D88D055
:107F1000B7F5801F99D239469AF80030D8F8042076
:107F200004F10800FDF734FE8FE700BFE80A0020E7
:107F3000080400202DE9F341089C032A174626680F
:107F400006D1237A012B25D0012002B0BDE8F081B3
:107F5000DFF8988030460DF1070308F5E262FFF77D
:107F600043FF60600028ECD12568D8F81437A96A6F
:107F7000D5F844C04B40CCF100021340207AE0D148
:107F8000012809D1E068D8F82027024470698242AC
:107F900002D92374207CD8E72868EB6A1B1A081AD8
:107FA000B3FBFCF3B0FBFCF083420BD1706CF36AC3
:107FB000421E1340326B121A134428463363FFF7F4
:107FC000ADF9E862D8F82027E36808321344E3608B
:107FD00001223B4604492068FFF711FA606000283F
:107FE000AFD00020B1E700BF180B0020080400202C
:107FF000032A2DE9F34106460D4617461C4606D1D5
:10800000237A012B24D0012002B0BDE8F081DFF8F3
:10801000608009680DF1070308F5E262FFF7E4FEEE
:1080200060600028ECD19DF80720237A032AE7D06E
:10803000D8F814176A689142E2D1012B2969D4F863
:108040000CC007D172690CEB0103934202D9207472
:10805000207CD9E708316144E1603B460122294692
:108060003046FFF7CCF960600028C9D00020CBE78C
:10807000080400202DE9FF410C4617461E46054620
:1080800090B390F834308BB3B1F5801F30D2DFF865
:1080900064800121FFF737FD214628460DF10F03CB
:1080A00008F23C72FFF7A0FE044678B99DF80F3045
:1080B000012B12D1D8F84C379E4213D102460090C2
:1080C0003346394628460DF072FA0446E86B0FF045
:1080D000BDFF204604B0BDE8F081022B14BF2D2463
:1080E0006024F3E76324F1E72124F2E71124F0E7A9
:1080F0002924EEE7080400202DE9F04385B00C4662
:1081000017461E460546DDF83080A0B390F834309F
:108110009BB3B1F5801F32D2DFF868900121FFF7E1
:10812000F2FC214628460DF10F0309F23C72FFF7DD
:108130005BFE044688B99DF80F30012B14D1D9F8A5
:108140004C2706EB08039A4213D30090434632466D
:10815000394628460DF02BFA0446E86B0FF076FFFF
:10816000204605B0BDE8F083022B14BF2D24602407
:10817000F3E76324F1E72124F2E71124F0E729244F
:10818000EEE700BF080400202DE9F3411F4600235D
:108190000C46164605463B6058B390F8343053B34E
:1081A000B1F5801F29D2DFF858800121FFF7ABFC21
:1081B000214628460DF1070308F23C72FFF714FE32
:1081C0000446A0B99DF80730032B10D0022B0AD12A
:1081D0000123336004233B60E86B0FF037FF204638
:1081E00002B0BDE8F0813060D8F84C37F3E72D24B9
:1081F000F2E72124F3E71124F1E72924EFE700BF98
:108200000804002073B50D46D11E4A421C461B7E51
:108210004A419A4228D129682368994224D3636845
:10822000994221D8124E0DF1070306F5E262FFF7DD
:10823000DBFDC8B9D6F814276B689A4214D19DF8B3
:108240000730DA1E53425341227E93420CD16369B8
:1082500001336361D4E90323934205D22968A268FC
:1082600042F8231001332361012002B070BD00BF2A
:10827000080400202DE9F743044616461F460D4624
:10828000DFF87480816AE36A8B421ED04B1C1CD0DD
:10829000DFF860904846FDF713FF0122494620466B
:1082A0000DF10703FFF78EFD30B13B4620469DF8E8
:1082B00007201049B04740B1D8F870174A1C07D0C2
:1082C000012D0DD0E36A9942E4D103B0BDE8F083FB
:1082D000D8F86C172046FFF721F8012D0146D2D1BE
:1082E000D8F86C3781EA0302636C5B421A42ECD126
:1082F000C9E700BF700B0020080400202DE9F04101
:10830000036B9046826B07689A4288BF8363426C16
:10831000436A92B002FB0377C36B0E46052203A9A2
:108320005B6904463846984703A8FDF717FD012806
:108330000146307070D0656CE26B2368606AD2F8D9
:1083400014C005FB0030052208A9E04708A8FDF786
:1083500005FD01284FF000053CD0D4E90A32012187
:108360009342CDE90D458DF83C8010958DF8441071
:1083700043D119462046FEF7D1FF236B626C1433BC
:108380009B1AE06223630E9B1BBB9DF8443003B332
:10839000636A626C2568D4F83C8002FB03550C3597
:1083A0000122D8F8143001A9284698474FF6FF72E9
:1083B000019B99B291420CD11B0C1B0443F4254341
:1083C00043F0A503029301222846D8F8183002A9E9
:1083D00098470E9DE36B05225B6903A938469847D1
:1083E00003A8FDF7BBFC30702846236BA26B9A42B2
:1083F00088BFA36312B0BDE8F081237C33B91D4967
:108400000DAA04F10800FDF71BFCBCE720461A4A40
:108410000DABFFF72FFFB6E7237C23BB224617499E
:1084200004F10800FDF70CFC616A2046FDF7FAFC38
:10843000616A421C2046FDF7A5FD054620B9236B65
:10844000626C1344143B23632046A16AFEF766FF67
:108450002368A062C01A636CB0FBF3F06062204630
:10846000FEF785FFB6E700232046054AFFF702FF27
:10847000DAE700BF357F0108F17F0108135B0108CF
:10848000635B01082DE9F0474FF0FF334FF6FF72B1
:108490000025044600F1080AC0E909238AB0C36236
:1084A0000562056350460F46FDF708FB2046FDF7C1
:1084B00099FC18BB20463946FFF7E8FA2046FDF73D
:1084C00091FC18BB5E200AB0BDE8F087E26B606CDF
:1084D0002668536905A9052200FB0560984705A891
:1084E000FDF73CFC012828D129462046FDF79AFCDF
:1084F000421C29462046FDF745FD0135E3699D42B2
:10850000E4D32046FDF76EFC0028D3D000254FF0C1
:10851000FF394FF6FF73C8462F46C4E90853E36995
:108520009F4214D3A5EB0905012D30D84FF6FF72F9
:10853000636A93423DD16720C5E70338C0B2012882
:10854000DBD829462046FDF76DFC0246D1E7E26BF9
:10855000606C2668536905A9052200FB07609847EF
:1085600005A8FDF7FBFB01280FD805A8FDF7CEFBFA
:10857000404538BF6762814528BF8146854238BF84
:1085800005468046236A013323620137C7E74FF669
:10859000FF7300256362E3699D42C7D2676C206860
:1085A000E36B07FB050005225B6905A998470135C8
:1085B000F1E7E26B676C206855696946052207FBA5
:1085C0000300A847626A616C23684F4D01FB0233C8
:1085D0001433A3624FF0FF336FF00101E3622046D2
:1085E00005AB05F5E262FFF7FFFB002851D1D5F896
:1085F000185729462046E562FDF7E1F9206320B9C6
:108600002046E16AFEF78AFEE06229462046FEF730
:1086100085FE0546A36A9D423DD16569626CE91CF1
:10862000143AB1FBF2F1002705EBC1050335B5FBA8
:10863000F2F5B8460235E36998453ED3AF4258D2C9
:108640002046616AFDF7AFFB4FF00008064604F1D3
:10865000400A474512D8626C2368694602FB063916
:10866000E36B05225B69484698476846FDF74EFB79
:10867000534602464946E06BFDF702FC3146204670
:10868000FDF791FB08F10108A8450646E1D36420F7
:1086900019E7A56AADE729462046FDF790F9236B57
:1086A00029460344074623632046FEF737FE054666
:1086B000002FAFD1C4E90B07ACE7626C236805A9B2
:1086C00002FB0839E36B05225B694846984705A819
:1086D000FDF744FB012809D8204609F11401FDF7F4
:1086E0006EF9636C143B984208BF013708F101082A
:1086F000A1E75046FDF7E2F9002320461946034A58
:10870000FFF7B8FD0020DEE6080400202D5C01081C
:108710002DE9F8430023A44F0E46D7F8948704466A
:10872000C7F8943718B921252846BDE8F88390F892
:1087300034500DB309680268914240F02A81716893
:108740004268914240F02581B1688268914240F0D0
:108750002081F168C268914240F01B813169426911
:10876000914240F01681B169C26B914240F0118193
:1087700072691D468261D7E768222946D0F8389091
:1087800019F06EFC336804F1080023607368C4F8C4
:1087900038906360336963617369A361D6E902232A
:1087A000C4E90223FDF78AF9B36904F14000E363E9
:1087B0009B68984700284CD1616C11B16368B3FB8A
:1087C000F1F194F84330E161002BACD00023656CEB
:1087D0002366002D00F0E580002900F0E280236888
:1087E000B3FBF5F205FB1233002B40F0D480D4F834
:1087F0000490B9FBF5F605FB1696002E40F0CB80F1
:108800002046FEF77BFDA369043303449945C0F07D
:10881000C48040F634726369CC3B934200F2BF805F
:10882000B5F5805FC0F0BD8003212046FFF76BF9EE
:10883000D4E90001E36B1B6898470546E36B02200F
:10884000DB6898473DB184F83460E06B0FF0FEFBC5
:108850006AE72946B5E741462046FFF713FE64283C
:10886000054604D141462046FFF70CFE0546636CE1
:10887000143B8DBB226A204602FB03F6FEF73EFD49
:10888000A369043303449E4203D284F834505A252A
:10889000DBE70123D4E9009684F83430D7F8983721
:1088A000D7F89C870133C7F89837EFF7A1F91F2E47
:1088B00016D8BFF35F8F05223C4BC3F894205A6A49
:1088C00042F480325A62BFF34F8FBFF36F8FBFF312
:1088D0004F8FBFF36F8FB8E7002384F83430B4E7CD
:1088E0004FF0000C19F01F0F06F1FF3618BF29F0EA
:1088F0001F0109EB06030CBF49462031DA062B4A5B
:1089000018BF23F01F035FFA8CF0804526D8D2F8F9
:10891000C00021F01F0120F47F4040F48070C2F8B5
:10892000C00041F00301EFF31186302080F311887D
:10893000D7F89C0723F01F0343F00303C2F8980005
:10894000C2F89C10C2F8A03086F31188BFF36F8F75
:10895000D7F89C370133C7F89C37AAE7C2F89800CC
:10896000D2F89C00D2F8A06020F01F00884226F0C8
:108970001F0601D19E429CD08E4201D3984298D9C5
:10898000D2F898000CF1010C20F0FF00C2F898001A
:10899000B9E75D25C8E65925C6E65A25C4E65F2530
:1089A000C2E65B25C0E600BF0804002000ED00E041
:1089B00001490248ACE600BF609D0020A80B0020E2
:1089C00070B5514C054694F8DA3686B023B10223CF
:1089D00084F8DA3606B070BD0126CDE9013384F89B
:1089E000DA66EFF31183302282F31188C4F8DC36A3
:1089F00094F808386BB9FFF7DBFF50B908234349F7
:108A000004F60C0204F5F460FFF734FB08B984F8AF
:108A100008683F4B5A6E6A619B6E3E4AAB614FF4E9
:108A2000804393663C4B5968E9613C499960196EF3
:108A30002960596E6960D3F87011A960196CE960FA
:108A4000596C29613649086C1864496C59640121D4
:108A500051661B6E9E043BD5324AD368DD07FCD4B9
:108A6000314BDA68511C38D04FF4801393402F4AB1
:108A7000136604222D4B4FF400011A664FF4007266
:108A80001A6608221A664FF480521A664FF0006286
:108A9000956A1A66596605F17843B3F5C04F07D257
:108AA000002303A80593FEF71EFB059B5B0526D458
:108AB000029A1E4B1A66019A5A6694F80828002AF0
:108AC00088D0D4F80C281A66D4F810285A6681E7A2
:108AD000174AD368D807FCD4C2E794F8DB36002BDA
:108AE000C7D14FF400720B4B5A6603F5A6235B689F
:108AF000002BBED14FF480120C4B1A66B9E72B6CD9
:108B000001A902A89847D3E70804002000710800D3
:108B100000800050009000500080004455CEAC0012
:108B200000C0005400000440509D0020009000440C
:108B30000000045070B54FF00064A36A03F178425E
:108B4000B2F5C04F28D21A68154B9A4224D1154D60
:108B500095F8DB3613F0FD0F02D00024204670BDDF
:108B600005F61400FFF72CFF01264FF480330E4A60
:108B70000E49C2F88061CB6016600D4A1361A36A8A
:108B8000DB699847044605F61400FEF7EFFA002C5F
:108B9000E4D185F8DB66E0E74FF48174DEE700BFDF
:108BA00007B0CD5E0804002000E100E000A0004412
:108BB0000090004438B54FF00065AB6A044603F1FD
:108BC0007842B2F5C04F12D21B6B03F17843B3F574
:108BD000C04F0CD20648FFF7F3FEAB6A20461B6B72
:108BE0005B689847BDE838400148FEF7BFBA38BD1A
:108BF0003C0C00202DE9F0418EB0054601A80C4642
:108C0000FFF7D8FF9DF80C30012B26D145EA04036D
:108C1000C3F30C03002B3CD1B4F5002F17D805F19A
:108C20007843B3F5002F12D81D4B2E199E420ED853
:108C30004FF480381B4F2846C7F868801CF02CFD85
:108C4000044620B905F50055B542F4D101E040F2E3
:108C5000024420460EB0BDE8F0814FF00066B36AD2
:108C600003F17842B2F5C04F16D21B6B03F1784383
:108C7000B3F5C04F10D20C48FFF7A2FEB36A2146ED
:108C80001B6B2846DB6B984704460748FEF76EFAD5
:108C9000DFE740F20444DCE740F20114D9E700BF0B
:108CA00000000808009000503C0C00202DE9F04125
:108CB0000F4616469846044688B060B390F8345084
:108CC000FDB10121FEF71FFF00210E9BCDE905112B
:108CD000CDE902379DF83C30CDF804808DF81C308A
:108CE000237C04968BB90D4901AA04F10800FCF716
:108CF000A7FFDDE90553E06B002E08BF1D460FF00E
:108D0000A5F9284608B0BDE8F0812046044A01AB29
:108D1000FFF7B0FAEDE70546F3E700BF875A010811
:108D2000058201082DE9F34104461F461646884690
:108D30002C4D4FF0FF3105F5E260FDF7C1F99DF8CC
:108D400020300022204605F5E261C5F82077C5F8FD
:108D50001087C5F81C67FEF752FB236E0746002BF1
:108D60003BD02046FEF7CAFA636E256B03449D4252
:108D70008CBF00230123854294BF00252D1A656511
:108D8000257C002684F8503084F85850D5B1DFF89F
:108D9000588033463246314620460196CDF8008051
:108DA000FFF784FF01230546CDE9008332463346B1
:108DB00031462046FFF77AFFE36805449D4294BFA1
:108DC0003546ED1A94F85030E56513B994F85830EB
:108DD0001BB1236E04F150009847384602B0BDE83D
:108DE000F08100BF08040020FFFF0F002DE9FF41C4
:108DF0000F4690461E460546002847D090F834306E
:108E0000002B45D0B1F5801F44D2234C0221FEF740
:108E10007AFE04F23C72394628460DF10F03FEF744
:108E2000E3FF024620B16B699E4219D9622410E02B
:108E30009DF80F30012BF6D1D4F84C178E42F2D1A9
:108E400000934146334628460CF0B1FB0446002807
:108E5000E9D1E86B0FF0FAF8204604B0BDE8F081E4
:108E600028460EF04DFE31462846FCF793FD2C6B4C
:108E7000844209D3012342460093394633462846AB
:108E8000FFF750FF0446E4E71C24E2E72124E3E770
:108E90001124E1E72924DFE70804002007B5204872
:108EA00090F8DA3603B9FEE700236A46CDE90033CD
:108EB0001C49082300F5F460FFF7DCF8E8B91A4A0A
:108EC000D2F84031D2F840211F2B4FF001030FD9C7
:108ED000203A9340019A1A43019208236A461149A5
:108EE0001248FFF783FF124B124A1A60FEF792F9FD
:108EF0009340009A1A430092EFE72D28F3D10A4AD3
:108F0000D2F84031D2F840211F2B4FF0010385BF2A
:108F1000203A93409340019398BF0093DDE700BF50
:108F2000080400200071080000800044A80B002005
:108F3000000000200B020FF07FB50C46054648B339
:108F400090F8343043B3B1F5801F27D20221FEF7E9
:108F5000DAFD21462846124A0DF10F03FEF744FFC1
:108F60000646A8B99DF80F30032B11D028460EF005
:108F7000C7FD032321460093324633462846FFF7B8
:108F8000D1FE0446E86B0FF061F8204604B070BDD6
:108F90002D24F7E72124F8E71124F6E72924F4E744
:108FA000440B0020034B5A6812B19A6A002AFAD186
:108FB000704700BF0040065030B40446EFF3108005
:108FC00072B6256885EA02030B406B40236030BC13
:108FD0001CF01DB92DE9F0418846164604460028CC
:108FE00068D00F2968D80378002B58D0013BDBB23A
:108FF000022B61D8324A134493F84E356278D3403D
:10900000DB0759D52F4AD2F81053002D56D1EFF374
:109010001187302181F31188D2F8100308F1FF3055
:109020000E28237894F801C03FD80120594300FA54
:109030000CF00A44002E35D002F5825210604246F0
:109040000F21BCF1070F03EB430388BFACF1080C01
:109050004FEA03131C4895BF4FEA8C0C4FEA8C0C67
:1090600004330C3302FA0CF201FA0CF11844FFF746
:10907000A3FFB8F1000F0BD10122302063782178D3
:109080009A40104B00FB01338EB103F582531A60F6
:1090900087F31188BFF36F8F2846BDE8F08140F257
:1090A000FF13ABE702F50152C8E72A46C8E703F50C
:1090B0000153ECE72225EFE72125EDE70225EBE759
:1090C000B456030800C0035030C0035070B40125EB
:1090D0003026124C8D4006FB00449BB104F58254AF
:1090E00000EB4000072925604FEA00134FF00F0501
:1090F0000B480AD889008A40043305FA01F1184464
:1091000070BC59E704F50154EAE7A1F10804A40092
:109110000C33A24005FA04F1F1E700BF00C0035090
:1091200030C00350044BD3F88420D206FBD4D3F8CC
:109130008400C0F38110704700400050430905D0FF
:10914000012B0CD0022B084B18BF002300F01F008E
:1091500039B103F58053012282401A607047034BF6
:10916000F4E703F50053F6E7688000506480005090
:1091700038B5174CFF28A26A28D8A36D154D13F4F3
:10918000803F18BF4FF48031134B18BF99624FF0E6
:1091900080719962A36995F92C5023F47F030544EB
:1091A00023F47F4343EA002385F3080543EA05439C
:1091B000A3610A48FFF700FFA36DDB0304D54FF45A
:1091C00080310648FFF7F8FE002038BD2120FCE77B
:1091D0000040005A509D00200050005A2840005A7C
:1091E00038B50F4C0F48A26AA36D13F4803F18BF27
:1091F0004FF480310C4B18BF99624FF08071996227
:10920000A569FFF7D9FEA36DC5F30725DB0304D5D8
:109210004FF480310348FFF7CFFE284638BD00BF2A
:109220000040005A2840005A0050005A014B83F871
:109230002C007047509D0020014B93F92C00704783
:10924000509D00204FF4803310481149826A8B6290
:10925000836D03F00303032BFAD14FF080730D48A5
:109260008B620A4B996D30EA0101FBD1012008495C
:109270000865996D8907FCD4044B996D8807FCD566
:10928000996D8907FCD50449044895E60040005AC9
:109290000050005A03000100000001012840005A5C
:1092A000164B10B5D3F82831044603F00703013BF1
:1092B000052B04D8DFE803F00A161E120E1A00234D
:1092C000184604B1206001B10B6010BD0C4B18684A
:1092D0000523F6E70A4B18680623F2E719F0E2FEC9
:1092E0000723EEE7064B58680323EAE7044B586868
:1092F0000423E6E702230348E3E700BF00800050B1
:10930000509D0020002D31011FB50023B0F5807F56
:10931000019300F0328165D858285CD858285DD870
:10932000DFE810F072005C005C005C005C005C0038
:109330005C005C005C005C005C005C005C005C004D
:109340005C005C005C005C005C005C005C005C003D
:109350005C005C005C005C005C005C005C005C002D
:109360005C005C007200FD007200FD000C010C014D
:109370000C010C010C01FD0019017C003C01AB004B
:109380007C00FD00FD00FD005C005C005C005C00FA
:109390005C005C005C003C01FD00FD00FD00CC00B9
:1093A0005001FD005C005C005C005C005C005C0047
:1093B0005C005C005C005C005C005C005C000C011C
:1093C00072007200720041017C007C005C01D800D8
:1093D0009200E900E900802800F09280019805B031
:1093E0005DF804FBB0F5E06F00F0EC8057D8B0F505
:1093F000607F00F09B801CD8B0F5007F00F0848077
:1094000005D8B0F5C07FE9D119F0B8FE7AE0B0F523
:10941000207F00F08480B0F5407FDFD119F0AEFEF0
:109420008F4B1B6FC3F380230133B0FBF3F0400875
:1094300068E0B0F5B06F00F08E8017D8B0F5806F9F
:109440007CD0B0F5A06FC9D10021854B0391D3F832
:10945000203203F00703042B06D8022B77D8012B08
:1094600071D0022B00F0D080039B90E0B0F5C06F6C
:1094700000F09480B0F5D06FB0D1794BD3F80032C2
:1094800003F00700032800F098805B0700F18F804D
:10949000013801288CBF00200120C00332E0B0F564
:1094A000206F00F09B800DD8B0F5086F00F0C380EE
:1094B000B0F5106F77D0B0F5F06F8FD1684BD3F85F
:1094C000603182E0B0F5306F00F0A4800CD8B0F5C8
:1094D000286F83D10021624B0391D3F8703203F0DF
:1094E0000303012BC0D18BE0B0F5386F56D0B0F537
:1094F000406F7FF473AF002101A8FFF7D1FE6DE745
:1095000019F01EFE019069E719F01AFE544BD3F8CA
:109510009030C3F304630133B0FBF3F0F2E719F0CA
:109520002DFE4F4B1B6FC3F38023F4E719F008FEA9
:109530004B4BD3F88030C3F30113ECE7002101A8B3
:10954000FCF731FD4AE703A8FFF7AAFE8CE74FF4CA
:109550000043039388E70021414B0391D3F8803106
:1095600003F00303022B53D0032B4DD0012B7FF4C8
:109570007BAF03A8FCF717FD76E702934FF0E023DB
:109580001B695A0705D519F0F9FD0290029B01935A
:1095900024E703A902A8FCF73BFDF7E7002101A897
:1095A000FCF736FD1AE72E4BD3F8083268E704289B
:1095B00006D119F0E3FD800AA4E74FF47A70A1E721
:1095C00000209FE7264BD3F8403203F00303032B20
:1095D0002ED0003B18BF0123DB03D8E70023039301
:1095E0001F4BD3F8603203F00703013B032B3FF618
:1095F0003BAFDFE803F002040D090021B9E70021C9
:1096000003A8FCF705FD2FE719F04CFD03902BE7AD
:10961000144B9EE7124AD2F8902202F00302012A6C
:1096200004D0022ACCD119F03DFD6BE70D4869E763
:109630004FF47A73ABE70A4BD3F8003103F003031E
:10964000022B06D0032B07D0012B07D1064B5B68FA
:109650009DE74FF400439AE7044B98E7002396E711
:1096600000800050002D3101509D002080D5430224
:1096700008B58020FFF748FE034B98429EBF4FF489
:109680008032024B1A6708BD005A620200A00050E7
:109690004FF48032104B10B59A66A3F580531B6FC0
:1096A000C3F3033303FB00000C4BDC69144041F6A9
:1096B0007132DA635A6822F4401259B90849884273
:1096C00094BF00200120000502435A600CB1002223
:1096D000DA6310BD0349F2E7009000500000035028
:1096E000005A6202002D3101024A536B0342FCD141
:1096F000704700BF0040095070474FF00042104BC8
:1097000070B55D6E03F580535A664AF6CD33044654
:109710000C4980204E6C0B64FFF7E6FF0B6A23F4C4
:10972000F85343EA04230B62F30744BF064B0B6470
:10973000002DA2BF4FF00042044B5A6670BD00BF1F
:1097400000800050004009503254FFFF00A000503C
:109750000123F0B5C4B2214DA340D1F800C08F7AE7
:10976000CC7A0E7B2B65850005F1A04505F5882593
:10977000C5F804C030256843240591F80DC044EABB
:10978000074400F1A04000F5802044EA465422F04E
:109790000302C0F860C0C4650267EFF3118485F36B
:1097A00011880F4A087A536500B11364487A00B1F2
:1097B000936308798A7942EA0042084882614D79C8
:1097C000CA79074942EA05428A61064A43639364BB
:1097D00084F31188BFF36F8FF0BD00BF00200450E9
:1097E00000100450000004500123C0B28340EFF386
:1097F0001181302282F31188074AD06A184209D1B8
:10980000526B93430CBF0120002081F31188BFF3FA
:109810006F8F70470020F8E70000045070B5940087
:10982000224605460E461BF03BFF431C0AD058B9A2
:1098300022463146284619F04EFB002814BF3D2031
:10984000002070BD6E20FCE77120FAE74FF48032F3
:10985000054B9A6641F6713203F51C33DA63012237
:1098600003F50053DA6070470090005008B5FFF729
:10987000EDFF002008BD114321F0F8014904044B1D
:10988000490C41F44021063043F82010704700BFD6
:1098900000800350021E30B54FF000000CBF0C25B5
:1098A000042547F60774084952B9831D51F823303F
:1098B000234023B101308542F6D14FF0FF3030BD57
:1098C00000F11203F2E700BF008003503AB122F02A
:1098D000030202F1A04202F5603209B9106070473C
:1098E0000002FBE74FF48032064B5A6603F5E6238D
:1098F0009B69C3F38512827003F03F021B0B427019
:109900000370704700900050D24CD34BD34DC4F835
:1099100080380C33C4F8B438D14B2DE98048ED1AA7
:10992000D04BED105D43D4F85478023595B0C4F8AF
:10993000D4062846C4F8C0781BF0E6FD0026C4F81B
:10994000C808284684F8C4681BF0DEFDC4F8D008B7
:10995000284684F8CC681BF0D7FD0321C4F8D8084A
:10996000304684F8D468EEF7F6FC3146BE48EEF790
:109970007BFA94F8C43804F62C1884F8DC38D4F850
:10998000C8380125C4F8E03894F8CC3884F8E438B5
:10999000D4F8D038C4F8E83894F8D43884F8EC38DF
:1099A000D4F8D838C4F8F03804F6DC03C4F8283901
:1099B000EFF74AFFA0223146404618F051FB0C2336
:1099C00084F8513904F51663C4F85439202304F59A
:1099D00013600493049BC4F85C791BF069FC84F861
:1099E0004859C4F84C89FAF7CDFD30460AF097F98A
:1099F000C4F8CC0928460AF092F90327C4F8D00924
:109A000084F8D4690DF05FFF04F51E631A46194609
:109A1000384684F8E079013FC2E903661071D680C8
:109A2000167202F11002F6D194F8E45994F8F40990
:109A3000EA1E18BF01220328C4F8141A94F8041A65
:109A400002D0032900D03ABB4FF0010C1E794EB969
:109A5000DE883EB91E7A2EB9844E1A69B24201D10F
:109A6000DE68CEB10CF1010CBCF1040F03F1100360
:109A7000ECD1032D00F0AD81032800F0AC81032967
:109A80000AD102230022794904EB031383F8E42965
:109A9000C3F8F019C3F8EC29002575482946C4F825
:109AA000185AEEF7E1F92946B222724818F0D8FAAE
:109AB000714B012103F150020095052084F8CE5A24
:109AC00084F8CF5A84F8D05A1BF0FDFB6B4B082169
:109AD00003F15002C4F82C0B009502201BF0F3FB9D
:109AE000D4F8C038D4F82C2BC4F80034C4F89C3B0C
:109AF0000423C4F8F82384F8983B032294F8A03B8D
:109B00000025052B4FF005034FF0020984F8FC23D4
:109B10005B4A87BF84F8A03BC4F8A42BC4F8A42BED
:109B200084F8A03BC4F8A85BC4F8900BC4F8940B6D
:109B3000544EF1F775FB544805A9CDE90655CDE91A
:109B40000855ADF81490FAF71FFC0FCE0DF1280C54
:109B5000ACE80F00304650F8043B0AA9CCF80030BE
:109B6000FAF712FCDFF82C8106F114000AA9FAF7C3
:109B70000BFC06F124000AA9FAF706FC3022F021BA
:109B80004248C8F84090FFF717FA04234FF4407298
:109B9000C8F840304FF470613C48FFF70DFA0121DE
:109BA0003B4E3A20FFF7CAFAD6F820332A200B435F
:109BB000C6F82033FFF7C2FA2A20FFF7A5FB4CF2C4
:109BC0004F331844984284BF4CF25033B0FBF3F04B
:109BD000DFF8C4C00AAE88BF00F1FF35BCE80F0053
:109BE0000FC6BCE80F000FC69CE80300032386E8FD
:109BF00003008DF82B3040F6E4430D930123032D31
:109C000028BF03252A208DF83830FFF77DFB5FFA47
:109C100085F801354CF24F32B0FBF5F31344934213
:109C200086BF4CF25032B3FBF2F3002340F2FF3216
:109C300088BF03F1FF33934294BF0C930C920FAD96
:109C40000AAE0FCE0FC533682A202B60FFF75CFBEE
:109C500024E000BF08040020809D0020106600085A
:109C600090630008CDCCCCCC0D6E00087D99000827
:109C70005D670008240E0020DC0E0020380F002055
:109C8000085C03082C5C03081C5C030834C0035008
:109C900000C0035000D00350705C0308B14BB24ABF
:109CA000034493422ABFB3FBF2F3002603F1FF36CD
:109CB000032E28BF0326F6B2464538BF46460BF0B2
:109CC00053FA2A20FFF720FBA74DA842C0F0858059
:109CD000B0FBF6F0A54B00F5742000F23F20B0FB7E
:109CE000F3F0002201387F2828BF7F209146DFF85B
:109CF0008CB2330743EA0043CBF808300AADCBF807
:109D00001020CBF82020AA6895F80080984B039289
:109D1000984A2A20B8F1000F08BF1A469246FFF76A
:109D2000F3FA06F1010CB0FBFCF00AF1FF3C6044D1
:109D3000B0FBFAFC40F2FF33824598BF0CF1FF3CC8
:109D4000634528BF6346039ADFF850E291B2994217
:109D500038BF19468A460BEB09118B6CEA7803EA87
:109D60000E0E08F003034EEA030E6B784FEA09105B
:109D70009B0003F01C034EEA030EAB781B0303F4B5
:109D8000E0434EEA03034FEA024E0EF4E02E43EAAC
:109D90000E0395F810E04FEA4E5E0EF4600E43EAB3
:109DA0000E0395F804E04FEA0E7E0EF0405E43EAA3
:109DB0000E038B64896C704BC1F3023101390429A5
:109DC00000F2F080DFE811F0EE00EE001F00B500B9
:109DD000C100002356E6012354E600287FF47AAF41
:109DE0002A20FFF791FA50B1A8427FF673AF634B78
:109DF0009B68C3F302730133B0FBF3F06AE7012001
:109E000068E7C1467FE7D3F88011090CB8F1000F6D
:109E100000F0388109F10503CAF309010BEB0313C4
:109E20004FF0010859601435B9F1000FE9D0544DD5
:109E3000C5F804800BF098F9302348F20102CBF802
:109E40007030DBF82C3023F48B3323F4807343F42D
:109E50008053CBF82C30DBF80430C5F80480DB07E6
:109E6000CBF8982001D40BF07FF901216960EFF362
:109E70001183302282F3118894F8AC5B002D00F03E
:109E8000358183F31188BFF36F8F94F8AC3BF3B146
:109E9000EFF31182302383F311883A4B1D7B002DA1
:109EA00040F05B814FF0010AC4F8B07B04EB071768
:109EB00087F874A1C7F8685182F31188BFF36F8FD8
:109EC00094F8AC3BD4F8B08B002B40F051812E4A73
:109ED00001212E48EDF724FF0A212C48F5F739F827
:109EE00000212B4A2B48EDF71BFF94F8D106F4F71D
:109EF00069F9012808BF84F8D00694F8C906F4F778
:109F000061F9012808BF84F8C8060520EFF750F969
:109F1000003818BF012094F8E832834201D0FCF7E2
:109F2000B9F80420EDF7B4FF1B4C20460BF04EFCB3
:109F3000FBE7D3F88411B8F1000F7FF46BAFD3F8CF
:109F40008C3189B21B145B009FE0D3F88411B8F107
:109F5000000F7FF45FAFD3F88C31090C1B1403EBB7
:109F6000430392E0FF596202005A620240420F002E
:109F700080969800404B4C000080E00F0040005954
:109F80000050005970050020C1670108BC0F002077
:109F900071660108D8080020A80F0020E08F18CFB4
:109FA00000000000D3F88011B8F1000F7FF432AF49
:109FB0005FED057A89B20B044FF001035844806CC1
:109FC00021F4C048C0F3820000F1010E03FA0EF341
:109FD00006EE103A4FEA8848B8EEC66AF6EE006A16
:109FE000914B48BF48F00048002853D1D3F88C313A
:109FF0001BB207EE103AB8EEC77A77EE877A002ADE
:10A000005DD105A8FFF76EFC9FED887ADFED885AD9
:10A0100067EE277A85EE867A9FED866A27EE067AC6
:10A02000B1EE006AB8F1004F07EE867A0BD09FEDD3
:10A03000826A07EE901A77EE065AFAEEE87AB0EEE8
:10A04000467A17EEA57AB5EEC07AF1EE10FACBBFDC
:10A05000B1EE477A76EEC76A37EE667AFDEEE67ABB
:10A06000C8BFFDEEC77A17EE903AB3F5003F33DB79
:10A070006FEA58436FEA434309F1050109014BF8C0
:10A080000130C7E6D3F88C311B1407EE903AF8EE96
:10A09000E77A90E7D3F8900166EE265A00B207EE11
:10A0A000100AB8EEC77A77EE677AD3F8883187EE70
:10A0B000A57A1BB207EE903AF8EEE77A9DE795EDA8
:10A0C000037A9FED5E5AB8EE477AC7EE055AB7EEAF
:10A0D000045A85EE257A99E713F5003FAABFC3F32A
:10A0E000110348F4003343EA0803C5E784F8AC1BC6
:10A0F00083F31188BFF36F8F202084F8745184F8A4
:10A10000845184F8945184F8A45184F8B45184F8AB
:10A11000C45184F8D45184F8E451FFF70FF821209A
:10A12000FFF70CF8FF22464B4FF4800659609D6004
:10A130009D619A624FF000429D631D645A654FF025
:10A14000FF32404D03F500531A6508211620C5F86B
:10A150008061EDF7C0FA2E6097E60137082F03F112
:10A1600010037FF49BAE82F31188BFF36F8FAEE6CE
:10A17000B8F1070F3FF6ABAE04EB081999F874314C
:10A18000002B3FF4A4AE304B04EB4816059306F5C4
:10A19000F473102229461846CDE90655089517F0A4
:10A1A0005FFF0221294A2A4FC6F8E821C278C6E992
:10A1B0007B7761F38302C270132206F5FC7CC260D8
:10A1C0000FC88CE80F006FF00301D6F80422214B72
:10A1D00061F39F02C6E97F37C6F80422C6F8EC3166
:10A1E0004FEA481B1C4BA7F5B27240465A4405A9DA
:10A1F000C9E95A35C9F8705189F875A1FFF7A8FA6D
:10A20000C4F8EC52A4F8E952A4F8F852C4F8485340
:10A2100084F8E85207F8615C47F85C5C47F8585CE2
:10A2200007F8525C53E600BF0080E00F3D3B843FDF
:10A2300000008043000020440000004900007A44F0
:10A240000000045000E100E001000A00A002100339
:10A2500054070020744000594561010807B50146C4
:10A2600001A8FFF73FFB9DF8063001220B804FF459
:10A27000807300204B80054B9B680A3303F01F035B
:10A2800002FA03F34B6003B05DF804FB0080E00FBB
:10A2900010B5036BDC0702D503695A06F9D4012215
:10A2A00000F500531A63036B9B07FCD40B794A88B3
:10A2B0001B0243EA82438A7A13434A7843EA8213B1
:10A2C000CA7A43EAC2130A7B43EA42134A7B43EA4F
:10A2D00002138A7B43EAC203CA7B43EAC2238A7918
:10A2E00043EA0243CA7943EA42430122436000F54C
:10A2F00080531A630A780AB90223C36000234362B9
:10A300004B790C7A1B01497A43EA84030B4383603F
:10A310000AB10123C36010BDF0B5036BDC0702D5A1
:10A3200003695B06F9D4012400F500531C63036B39
:10A3300013F00203FBD1D479557A240544EA0514BD
:10A3400095792C43D57A44EAC54400EB41152C6637
:10A35000147A002C45D02C6E177B44EA47442C66B7
:10A36000214C9678A0420FD0204B984233D003F571
:10A370008043984231D003F5804398422FD003F5B3
:10A380008043984210D10423012F4FF0060714BFD9
:10A3900007FB031307FB0311154C0ABF360204EB3E
:10A3A000830404EB81046665012300F58050036398
:10A3B000537811781B0643EA8163D17843EA01336D
:10A3C000117943EA81235179927A43EA012343EADE
:10A3D00082036B66F0BD0123D6E70223D4E7032393
:10A3E000D2E72B6E2B66DFE70080045000C00450DC
:10A3F00000810350014BC3F82404704700D0035080
:10A400000020704747F6FF739A42F0B570D00929D3
:10A4100070D8394B0B4493F8E435032B6AD8374D89
:10A42000DE0005EBC30393F8F40B93F8F61B012849
:10A4300015D1002593F8F70B401A854202D3084442
:10A44000C0B2F0BD441BD3F8F86BA0EB540436F94E
:10A4500014609642D4BF254604F1FF30EDE7D3F8EF
:10A46000F80B0028EDD0B0F90040A24204DCB0F9AE
:10A4700002409442B8BF144683883544FF2B19BF6D
:10A48000C8232827B0F90630B0F90870A3EB0403FD
:10A490000CBF0122002293FBF7F395F8F56B1344F0
:10A4A0001BB29E4201DD002B01DA731E1BB24FF47A
:10A4B0007A7C00EBC305EA88AD685F1C14FB02528E
:10A4C0001D4622EAE2723BB25C329E42B2FBFCF2D3
:10A4D00004DD00EBC307BF88BA42EAD900EBC5032D
:10A4E0009888904228BF1046884238BF0846A7E7A0
:10A4F000FF20A6E70020A4E7B456030808040020C4
:10A500000929F0B55DD8304B0B4493F8E4150329C5
:10A5100057D82E4B03EBC10393F8F40BD3F8F81B79
:10A52000012811D193F8F70B93F8F64B904294BFA2
:10A53000C4EB0003C4EB0203001BDBB28342C8BFC1
:10A54000002331F91300F0BD00293AD093F8F60B3F
:10A55000904202D3B1F90200F5E793F8F74BB1F955
:10A5600000009442EFD993F8F54B8B88013CA3F19E
:10A57000FF06734201F10405E4B2734101F10C07D7
:10A58000DEB2B44216D805EBC3034FF47A756A43C2
:10A59000B3F902405B68D21A04EBD47302EB630296
:10A5A00092FBF4F29042CEDBB1F902009042CADC99
:10A5B00010B2C8E737F833C05E1C9445E3D3334686
:10A5C000DEE70348BFE700BFB456030808040020D5
:10A5D0000080FFFF334B2DE9F3419B6819F0E8FC45
:10A5E0000128074630D91AF0BEFE061E04DA0124FF
:10A5F000204602B0BDE8F0812B4890F81C3C002BAF
:10A600004CD100F54260FBF77BFE0446B0B9002355
:10A61000254DC5F80434C5F80834502305F2144814
:10A62000C5F80C84C5F810341AF088FE0446C0B191
:10A6300000230124C5F86434012FD9D930461AF01B
:10A640000AFF0028D4DAD2E7174890F81C3C3BBB3D
:10A6500000F54260FBF754FE04460028C8D10646C8
:10A66000D5E70323024601460093012043461AF032
:10A670002AFE80460028DBD0D5F8041409B119F071
:10A6800003FC01214320C5F86484EDF724F8082277
:10A69000064B9A60012385F81C3CCDE70024CDE7EA
:10A6A0000024A5E7509D00200804002000E100E000
:10A6B000036810B513F0704208D1C3F30E030B60AA
:10A6C00013B943686BB10B6000200BE003F05044FA
:10A6D000B4F1004F07D0B2F1304F04D0B2F1404F87
:10A6E00001D0212010BD03F07F03E8E7002337B538
:10A6F0000D4601A904460193FFF7DAFF28B9226845
:10A7000012F0704203D1019B2B6003B030BDA468EE
:10A71000B2F1004FC4F38033C4F3403404D103EBEF
:10A720004403019A5343EFE7B2F1204F01D1234490
:10A73000F7E7B2F1304FFAD0B2F1404FF7D0212015
:10A74000E3E72DE9F34705680F680446BD420E466E
:10A7500090469A4605F070492AD0B9F1004F06D0CC
:10A76000B9F1404F03D0212002B0BDE8F08785EA5F
:10A770000703B3F1805F0CD3BAF1000F2FD1B8F10A
:10A78000000F18D0A368B268534013F4E04F12D002
:10A79000E9E70023204601A90193FFF789FF00287C
:10A7A000E1D1019AC2F30E0215431743BD42DAD13B
:10A7B000B9F1000FE0DB0023204601A90193FFF768
:10A7C00077FF0028D0D1009069463046FFF770FF30
:10A7D0000028C9D1DDE900329A42C5D0C3E7B2688A
:10A7E000B8F1000F03D0A3685340D904BBD493043D
:10A7F000E1D4B8E7002337B50B600368054603F0E2
:10A8000070430B60C2680C4622B1032A0DD143F09D
:10A8100080630B60D5E90232980103F0407107D5DF
:10A82000B1F1407F07D0002A62D1212003B030BDB2
:10A83000B1F1407F55D1002AF7D04FF04073226824
:10A8400022F040721A432260EB68032B09D12B6976
:10A85000F62BEAD91B0403F47F0322F47F0213438F
:10A860002360AB681B0442BF236843F400432360AA
:10A87000EB68032B09D023682A6823F4FF4323F0F5
:10A880007F03C2F30E02134323602B68AA68002BD8
:10A8900031DB12F4C84FC8D12B6803F0704303F1C9
:10A8A0000043B3F1804F05D2530542BF236843F400
:10A8B000806323600023284601A90193FFF7F8FE77
:10A8C0000028B3D12B6813F0704226D12368019A77
:10A8D00023F4FF4323F07F03C2F30E0213432360EC
:10A8E000A4E703F08073002AA9D1002BA7D09CE72E
:10A8F0004FF00073A3E7500402F4005106D400297E
:10A9000093D0236843F400532360C5E7236843F4DE
:10A91000804323600029BFD0F3E703F05043B3F135
:10A92000004F06D0B2F1304F03D0B2F1404F7FF468
:10A930007CAF019B2268013B03F07F0322F07F0282
:10A94000CCE7012337B54B60C36805460C469BB97D
:10A9500001A90193FFF7CAFE60B9019B6A699A4297
:10A9600007D32A6962B1226043F000530020A3603C
:10A9700000E01D2003B030BD032B01D10023F5E71B
:10A980002120F7E7436813B9416070475B685A6854
:10A99000012AFBD15960704770B5144D144E95F8DB
:10A9A000843C03F0FF04E3B919F002FB012802D94B
:10A9B0001AF0D9FC044695F8843C5BB9D5F8DC3C28
:10A9C0000C4843F00103C5F8DC3CB36C9847012305
:10A9D00085F8843C19F0ECFA012802D920461AF0D7
:10A9E0003AFDF36C0348BDE87040184708040020A6
:10A9F000509D002090100020044890F8843C23B122
:10AA0000034B00F688401B6D184770470804002070
:10AA1000509D0020A0F50320A0F58070064A430950
:10AA200002EB83020123D2F8EC1C00F01F008340EC
:10AA30000B43C2F8EC3C7047080400202DE9F043BA
:10AA400080460E461F46154689B00AB100231360A2
:10AA50000FB100233B604FF01009002332464146FE
:10AA60002748CDF80090FDF747FB0446F0B932685F
:10AA7000244B9A4225D14FF0180901464A4602A8B4
:10AA800017F0EEFA234641461D48CDF8009002AA81
:10AA9000FDF732FB044648B9069B7360DDE90423E9
:10AAA000C6E90223184B336025B9184C204609B07B
:10AAB000BDE8F083C5F8009032689A421BD0144C70
:10AAC000F4E7114B15B99A42F0D0F8E7C5F80090B9
:10AAD00032689A42F3D1002FE8D03B4641460848FD
:10AAE00002AAFDF751FB48B93B682A68934204D398
:10AAF0009B1A3B60DAE7054CEDE702200446D5E7F8
:10AB0000A80B0020D175E105105D175EFEDF00F097
:10AB1000FFDF00F02DE9F04F93B007468846FDF7C0
:10AB200047FF044600284CD13A4D95F8003D0BBB39
:10AB30000146402202A817F093FADFF8F090364A57
:10AB40004B4609F110094A4528BF4A460026013AFA
:10AB5000009232481022019602A9FEF7A7F8824619
:10AB60000DF1080B564515D12D4B9945E7D1012321
:10AB700085F8003D95F8143D93B12A4B53E9022323
:10AB8000984508BF97420BD1D5F8106D304613B0E9
:10AB9000BDE8F08F5BF8040BFFF73CFF0136E1E7FF
:10ABA000DFF88C90DFF88CA0630905EB8303D3F802
:10ABB000EC3C04F01F02D340DB0704D40134812CA9
:10ABC000F2D1194EE2E7002304F5032606F580765C
:10ABD0001A46304602A9FFF731FF08B148450ED1A9
:10ABE000DDE90423984508BF9742E7D1012385F8A2
:10ABF000143D0C4BC5F8106D43E90278C6E750458B
:10AC000001D06328DAD131460448FEF795F90028CF
:10AC1000D4D0D6E70804002081310800A80B00201A
:10AC2000903108001811002082310800003108001E
:10AC3000FEDF00F0FFDF00F070B586B006460D467F
:10AC400014460021102202A817F00AFA0023CDE9C9
:10AC50000033FFF7A1FE30462946FFF75BFF0F4B9D
:10AC6000984206D96FF08B04FFF7C6FE204606B067
:10AC700070BD01AB6A4602A9FFF7E0FE084B98429F
:10AC8000F0D010B1013B984205D1039B6360019B5A
:10AC900023600024E8E76FF09104E5E781310800C4
:10ACA000FFDF00F0F0B587B0102207460E4602A87D
:10ACB000002117F0D5F90023CDE90033FFF76CFE32
:10ACC00038463146FFF726FF234B0446984206D903
:10ACD0006FF08B04FFF790FE204607B0F0BD01AB8C
:10ACE0006A4602A9FFF7AAFE1C4B9842F0D028B191
:10ACF000013B984202D06FF09104EBE7039B012BDC
:10AD000026D0174D214605F5F460FEF715F9002809
:10AD1000F1D195F8143D4BB1D5F8082DD5F80C3D7F
:10AD2000B34208BFBA4208BF85F8140DA4F503204A
:10AD3000A0F58070430905EB83050123D5F8EC2CC1
:10AD400000F01F00834053400024C5F8EC3CC1E7ED
:10AD50006FF08404BEE700BF81310800FFDF00F020
:10AD600008040020F8B5134642880C460732072A2B
:10AD70004FEAD20101D0A1424DD1D0E90167058847
:10AD800020221846002117F06BF9360A0346002EE0
:10AD900044D1002C3FD041F20102954205D0B5F5D7
:10ADA000885F02D0B5F5905F02D15C60002011E0B1
:10ADB000B5F5105F07D1182C03D0202C01D0102C32
:10ADC00029D11C60F1E705F44F42B2F5824F02D061
:10ADD0006FF08500F8BDEAB2412AF9D1202CF7D1F5
:10ADE000104A25F0FF05B5F5E24F02600CD0B5F52D
:10ADF000824F10D14FF4005217F4705F09D017F44E
:10AE0000864F04D09A60E3E74FF48042F4E742F4BF
:10AE100080629A60CAE76FF08600DBE76FF08B0014
:10AE2000D8E700BF200000B02DE9F0411C46436880
:10AE300007461B0A8846154688B055D1038823F07B
:10AE4000FF02B2F5824F2CD14688413BDBB2073678
:10AE5000012B4FEAD60607D90B78042B1AD06FF0D6
:10AE6000860008B0BDE8F081B542F8D122463146EF
:10AE70003846FFF777FF0028F3D1033525F00305A7
:10AE8000C4E90308656176B920220021204617F045
:10AE9000E7F8E4E7013DB5EB460F01F10108E5D025
:10AEA000DDE72E46E2E701462022684617F0D8F893
:10AEB0006A4631463846FFF755FF0028E4D123683B
:10AEC000009A9A42E0D16368019A9A42DCD1A36861
:10AED000029A9A42D8D1A369069A9A42D4D1E369D8
:10AEE000079A9A42BDD0CFE76FF08B00B9E708B55B
:10AEF00038B118F089F9002814BF6FF01D00002048
:10AF000008BD6FF01B00FBE72DE9FF4703212D2053
:10AF1000ECF7E1FB4FF480124FF400515E4B5A66A0
:10AF20005E4A5F4B536713675E4AC2F884115160F3
:10AF30005D4A5E4C5367FDF7FDFDFDF739FD0CF0F2
:10AF40002DFE0CF02BFEF0F709FFF0B94FF416724E
:10AF5000D4F8183D5343564A03F5742303F23F23B4
:10AF6000B3FBF2F3C4F81C3DD4F8203D04F62452A0
:10AF7000D4F81C1D013042F8041BC0B2D4F81C1DCB
:10AF80000A280B44F4D1C4F8203DFFF723FB494EB7
:10AF9000494B4A48B3644A4BF3644A4B3365FBF769
:10AFA000AFF9B36C48489847B36C4848984794F851
:10AFB000783E03F0FF05B3B918F0FAFF012802D973
:10AFC0001AF0D1F9054694F8783E2BB9B36C3B489A
:10AFD0009847012384F8783E18F0EAFF012802D947
:10AFE00028461AF038FAF3F709FB002840F0DD8014
:10AFF000F36C35489847054600286DD0F36C32480D
:10B00000984794F87C3E5A0700F12E8294F87C3ED3
:10B010009F071AD500274FF001094FF003082C4D68
:10B020002846C5F81C9085F818800137F3F74EFBC9
:10B03000062F05F12805F3D1002384F8783F94F812
:10B040007C3E23F0020384F87C3E336D1E48984713
:10B05000F36C1E48984794F87D3E1E4D13B1284668
:10B06000ECF764FC002108222846736D84F87D1EED
:10B0700098471648336D9847F36C1348984794F8EF
:10B080007C3E1148DD0744BF23F0010384F87C3E79
:10B09000336D984789E000BF009000500060005A6F
:10B0A000010000A000E100E00050005A0804002068
:10B0B00040420F00509D002083630108541100207E
:10B0C000E7620108EFAE0108B81100201C12002051
:10B0D000901200208812002094F87C3EDF070BD4E9
:10B0E000FFF778FA002818BF6FF0920594F87C3EBD
:10B0F00043F0010384F87C3E336DB548984700283F
:10B100007FF47CAFF36C002D7FF478AFB0489847A4
:10B1100000287FF473AF94F87C3E98075FBF01224C
:10B1200043F0020384F87C3E84F8782F336DA848FE
:10B13000984700287FF462AFF36CA5489847002831
:10B140007FF45CAF336DA24894F87C5E984700288A
:10B150007FF454AFF36C9F48984700287FF44EAFBC
:10B1600094F87D3E3BB9E90705D59B48ECF7DEFB3B
:10B17000022384F87D3E336D9648984700287FF47B
:10B180003DAFF36C9248984700287FF437AF94F8AE
:10B190007C3E8F485A075CBF43F0040384F87C3E32
:10B1A000336D984700287FF429AFFFF713FA8B48D7
:10B1B00016F0FBFF48B98A4D884F0FCF0FC50FCF50
:10B1C0000FC597E8030085E80300012016F0F1FFA2
:10B1D0000EF0ECF84FF400314FF05022B76D814B78
:10B1E000781C08BFD3F894707F4808BFB765116713
:10B1F000DA6E07F0040822F0300242F02002DA662C
:10B200005A6F22F440725A6719F048FF4FF000520B
:10B210004FF6FF711368C4F87C3F11804FF20F02A4
:10B22000B2EB134F04BF4CF23C33A4F87E3FF90756
:10B2300000F13B8117F4D06540F03181BA0700F18D
:10B240001E817B0600F12F813D0740F1128103250D
:10B25000664884F8805F19F021FF654F4FF00009C0
:10B260003B6B84F8829F03F00803002B15BF01237A
:10B2700000234FF0100A4FF0080A84F8813F0CF0C9
:10B2800009FC18225B4BDA62BA6A9A62A3F5805312
:10B29000C3F82CA04FF48002574B5A60502201276C
:10B2A0004FF0020A83F8362349463422534816F0F9
:10B2B000D7FE34224946524884F8587884F85BA86F
:10B2C00016F0CEFE03224F4B84F88C78C4F88438F5
:10B2D0000C33C4F8B8384C4B84F88FA884F8B07895
:10B2E0005A62B8F1000F03D003F5E0339B6873672F
:10B2F0000023032084F8833F84F8005986F87850AF
:10B3000008F00DFD94F8833FC4F8840F4BB994F80E
:10B31000883F33B9012284F8893F84F8882F84F864
:10B320008A3F01212D20FDF709FF384AD2F800326B
:10B3300023F0070343F00303C2F80032344A354BCD
:10B34000D16110212C4A82F82B134FF40061C2F80E
:10B35000841151605A68002A40F0A9804FF42022DD
:10B360002C4B9A605A69002A80F2AB80012008F0C9
:10B37000A7FC0123284A1946D4F8840F08F0CEFD13
:10B3800094F88A3F002B5BD140F20123A4F8F838EF
:10B39000224BC4F8FC3894F8833F002B50D194F82A
:10B3A000883F002B4CD094F8893F032B48D81C4B86
:10B3B0001C4903F1600201921122029300921A4883
:10B3C0004FF41072A3F5D1631AF071F8C0B32DE0F9
:10B3D000B81100201C12002088120020A45C030871
:10B3E000FC0F002000400050CC5C0308D05C030838
:10B3F000004009500060095000E100E0600C0020AE
:10B40000940C0020AC9D00200040065000800050AD
:10B410000050005B0040005BD29D0020D45C03081C
:10B4200094130020A85603080999010894F8893F4D
:10B43000C4F8F408013384F8893F012384F88A3F73
:10B44000254B4FF4B0620293244B254901932D23E1
:10B4500024480093244B1AF02AF80123002084F892
:10B46000833F04B0BDE8F08723F0040384F87C3EFA
:10B47000CCE5B8F1000F14D1B8040ED50A251B484D
:10B4800084F8805F19F00AFE00231946184A42F832
:10B4900023100133202BFAD1DFE6FF25D8E609255A
:10B4A000EDE70125D4E60725D2E60525E7E75A6A48
:10B4B000002AFCD101210F4A51605A689107FCD43F
:10B4C0004CE75A6AD207FCD401220A4B5A600A4A56
:10B4D00053689B07FCD449E7F41C0020B4200020EB
:10B4E000AC560308C9FC0008FC0C0020D05C030823
:10B4F000000008500060005B0040005B10B543187E
:10B5000000EB5101884200D110BD027813F8014DC3
:10B5100000F8014B1A70F5E778B1094B1B7863B15D
:10B52000084B1A7A824206D01B78834205D101204B
:10B530000138C0B270470220FAE7FF20704700BF11
:10B540008D6D00207D6D002008B5FFF7E5FFFF2819
:10B5500009D0054B1B7833B9044A02F83030044A4D
:10B560001378013B137008BDB28300207D6D00206D
:10B570008D6D002010B5094B00F1100250F8044BFE
:10B58000904243F8044BF9D1054B01F1100251F8F8
:10B59000040B914243F8040BF9D110BD808A0020BE
:10B5A000908A00200023837070477047002230B5D6
:10B5B0000C49002311F8015F45FA03F010F0010077
:10B5C00008D19C1806D0084BB3F85231A34200DDD5
:10B5D000A0B230BD0133082BEED10832D02AE8D119
:10B5E0000020F6E7B78B0020808A002010B5054CBC
:10B5F0000846D4F8543111461BB198470023C4F8CB
:10B60000543110BD808A0020002330B5074C821CC5
:10B61000123012F8015F14F8011B824229440B44D6
:10B620001370C3F30F23F4D130BD00BF506B030878
:10B6300090F88C33042B01D0022B18D190F8DA301B
:10B6400013F0060F13D0D0F8FC2082B1B0F880338D
:10B6500033B1B0F884335BB1B0F888333BB902231F
:10B66000927800EB830080F88223A0F88013704763
:10B670000123F5E77047A0F58073B3F5806F05D31C
:10B6800040F6FF73C31A5842584170470120704773
:10B69000094A0A4B11680A481B680268016053B1E5
:10B6A000881A511A5A68824294BF002252185A606E
:10B6B0001B68002BF6D17047945E00208481002027
:10B6C00088810020F0B5134D00262C469DF814709B
:10B6D00095F802C0BCF1000F15D095F800C0844564
:10B6E00011D195F801C08C450DD147B11C2202FB48
:10B6F0000642043203CA186001205960F0BD95F873
:10B7000004C09445F2D001360F2E05F11C05DFD19F
:10B710000020F3E75469002041F2017300B50029CD
:10B720008BB0ADF81C3014BF042305238DF81E30F8
:10B73000002308AACDE903320293CDE9083305229C
:10B740000323CDE900320649064A098892F85821B8
:10B7500007AB0120F8F754F90BB05DF804FB00BF0C
:10B7600066630020808A002000B5164B8BB01B78E2
:10B77000DB0723D5144B15491A788378012A81F801
:10B7800058318DF81E30124B41F2016108934FF091
:10B790000003ADF81C1008A9CDE9033102934FF066
:10B7A000050109934FF00303CDE90031094938BF82
:10B7B00001220120098807ABF8F722F90BB05DF8E8
:10B7C00004FB00BFF9640020F6810020808A00207D
:10B7D00019B701086663002008B50B4A08B9107054
:10B7E00008BD01231370FFF797FE0128F8D1074B1E
:10B7F00007499A681A60DA685A600A78013A0A704A
:10B8000000229A60DA60EBE7B28300207D6D0020B1
:10B810008D6D002010B5044C20460BF0B5F90123C6
:10B8200004F8043C10BD00BF4886002001480BF01E
:10B83000ABB900BFDC8B00200148F3F75CBB00BF55
:10B840004C6E002010B5044608F076FD40F2D11190
:10B8500040F25553002818BF1946034804FB011154
:10B86000BDE81040F3F775BBDC8B002038B5294CE0
:10B87000FFF7DCFF94F89C31DA1E012A0FD808F09C
:10B880005BFD40F2D11340F25552002818BF134619
:10B890004FF4FA60B0FBF3F0BDE83840D2E7012B7B
:10B8A0001BD100221C4B1A701C4B1B88BBB984F89F
:10B8B0009C3100201A4B184D18701A4B18702B78B9
:10B8C000012B07D0184B1B7813F0300F08BF012055
:10B8D0000BF0B0FD00232B7001E0002BE9D0D4F871
:10B8E000A03194F89C0143B10C4A1188984794F810
:10B8F0009C3113B9C4F8A03138BD94F89C31012BA8
:10B90000FAD1064B1B88E82BF6D8032384F89C3128
:10B91000B5E700BF808A0020FB810020666300201D
:10B92000B283002063840020F964002008B5FFF78B
:10B930007DFF074991F89C31033B012B07D800227A
:10B9400081F89C211046BDE8084011468EE708BDED
:10B95000808A00200423F0B5224F0E4689B00546A8
:10B96000144687F89C31FFF761FF00221E4B022E20
:10B970001A7088BFAA781D4988BF1A701A7801F119
:10B980002103002A08BF0B460620012158701970B8
:10B990002078C7F8E83110F0020F154818BF0325CA
:10B9A00006904FF000000790987808BF0D4600B948
:10B9B000997099785818C27000200431CDE90200BE
:10B9C000C9B2009106AA0B490492019522890988FF
:10B9D000F8F716F8024610B90221FFF747FF09B041
:10B9E000F0BD00BF808A002063840020248C0020EA
:10B9F0006DB8010866630020084B09491B78097877
:10BA0000024653EA010007D1064B1B7813F0300FB2
:10BA100008BF90780BF00EBD704700BFFB8100207F
:10BA200070830020F964002010890BF01FB80022F9
:10BA3000024B1A601A7108F09BBE00BF8886002076
:10BA400070B50E4614461D467BB193420DD8134681
:10BA50000A4601460748006808F0A2F90021621B67
:10BA60007019BDE8704016F0FBBA2246002130463E
:10BA7000F7E700BF906D002008B50C4B1B7803F072
:10BA8000FD03092B11D10A4B1B8863B1094B1B78AD
:10BA9000002B0CBF00200320F3F737FD28B9BDE8C9
:10BAA0000840F3F7A1BC0120F6E708BD249F002061
:10BAB000666300207C6D002070B50D46044628B9F1
:10BAC000062202210CF0CBFBFFF7D6FF044BD3F884
:10BAD000EC3123B129462046BDE87040184770BDBF
:10BAE000808A002012890AF0E6BF12890AF0E3BFBB
:10BAF000118910780AF0CABF118910780AF0C6BF00
:10BB00001146064B064A1B7892F89C21134304D138
:10BB10001A46832009890AF08BBF7047FB810020F9
:10BB2000808A002037B5052304460D4601A8074A40
:10BB3000074901930AF04EF92A46214601980AF076
:10BB400096F801980AF088F803B030BD004440042C
:10BB5000808A00202DE9F8430F460026DFF8308068
:10BB6000451EA8F11009B742F3B201D1BDE8F88330
:10BB700013F00F0403D141460548FFF7D3FF09EB4B
:10BB8000040315F8012F1B7C013653402B70EAE7A4
:10BB9000908A0020F8B507460E4610481146144614
:10BBA0000025FFF7BFFFAE42EBB206D1330713D03B
:10BBB00021462046BDE8F840B4E703F00F03E25CFD
:10BBC000795D0F2B82EA0102E25403D1214620461F
:10BBD000FFF7A8FF0135E6E7F8BD00BF908A002017
:10BBE0002DE9FF411D4606460F469046002390F87A
:10BBF000B822B2B190F8A622424512D1B0F8A422E0
:10BC0000BA420ED196F8C82090F8B7120A41D2076E
:10BC100007D5162202FB036303F5297004B0BDE8C3
:10BC2000F08101330A2B00F11600E0D17DB36946A3
:10BC300018480AF064FA0024162206F52E7302FB57
:10BC400004F1595C49B101340A2CF8D19DF8003057
:10BC5000B3FBF4F204FB1234E4B21623002F18BF36
:10BC600002255C43331983F8B85283F8A682A3F8FF
:10BC7000A47296F8E02004F2A721064883F8B722C0
:10BC8000314404F529740AF03AFA3019C6E7284617
:10BC9000C4E700BF708C002030B5024604460D4654
:10BCA000002385B092F8291181B1B2F822012988C8
:10BCB00088420BD1B2F824016988884206D12A2231
:10BCC00002FB034303F5807005B030BD01330A2B3E
:10BCD00002F12A02E6D1694614480AF010FA00235C
:10BCE0002A2104F2291201FB03F0105C48B1013350
:10BCF0000A2BF8D19DF80020B2FBF3F103FB1123CE
:10BD0000DBB22A2201215343E21882F82911298843
:10BD100003F58073A2F822116988E018A2F82411B3
:10BD20009DF8011082F82711CEE700BF708C00202B
:10BD300010B51446FFF7B0FF90F82930012B05D05D
:10BD400090F826301B1BDBB2012B03D980F826406C
:10BD5000012010BD0020FCE7F8B500F1D6070C4625
:10BD600016468A7839460546FFF7E2FF80B1394624
:10BD70002846FFF791FF132EE37819D9D90708D485
:10BD80009A0704D52846B5F8D810FFF751FCE0789B
:10BD9000F8BD0246231D04F1140153F8046B8B42D5
:10BDA00042F8046BF9D1042380F82930E378E7E7FF
:10BDB0009B07ECD5022EEAD9E4E700232DE9F041F8
:10BDC00007460E46244C88B0CDE9063304F50878C2
:10BDD000C4F82032C4F82432C4F81C32A8F8083061
:10BDE000A4F81612A4F81402C4F81822082106A810
:10BDF00009F0F2FE00233946009330469DF81820E2
:10BE000004ABFFF75FFC05460028EFD1982384F8C8
:10BE100020328023114A84F8213206AB03CB0E3A3C
:10BE2000C4F8220202ABC2F8121040460A21CDE942
:10BE30000255F8F72DF860B12A463946304606AB70
:10BE40000AF03CFD01234FF4FA72022128460CF05F
:10BE50003DFF08B0BDE8F081808A0020A28C002060
:10BE6000F0B500251D4C8646104604F50B72C4F84B
:10BE70002C52C2E901550F88B1F802C08979A4F8A3
:10BE80002E72C4F830120121A4F82CC284F83612A4
:10BE9000134C144994F8006189B0CDE9061ED9B25B
:10BEA00006ABBEB1049394F8F53062460393D4F820
:10BEB000FC300293D4F8F830CDE90013034639463C
:10BEC00094F8F400F7F79CFDC4E93E55A4F8F4504B
:10BED00009B0F0BDF7F7DCFFFAE700BF808A002069
:10BEE0004085002031F70108F0B587B017460E46AF
:10BEF000FFF7D2FE9F232B4C054684F838320223ED
:10BF000084F8393290F8273084F83B7284F83A325A
:10BF1000FB071ED503232F4680F8293002A904F51C
:10BF2000F8700AF0ECF802AB0DF1180C1A4603CACF
:10BF3000624538607960134607F10807F6D12B4651
:10BF4000194A05F1100153F8040B8B4242F8040B17
:10BF5000F9D195F82730154A013385F8273094F840
:10BF60003B32A2F1140013F0010F4FF00003C4F8AC
:10BF70004C32C2E901333188CDE90033A4F84E12C6
:10BF800071886B46A4F84C12B179C4F850124FF086
:10BF9000010184F856120CBF04211421F7F778FF31
:10BFA00007B0F0BD808A0020BC8C0020CC8C002023
:10BFB00070B498260C4C80B284F8BC620526D4F884
:10BFC0007032D4F8605284F8BD621D406BB2ED0748
:10BFD00048BF23F0010384F8BE3202F0010370BCB5
:10BFE0000A46032108F06ABA808A002010B5074C7F
:10BFF00094F85832092B07D008F0C6FB092384F8BF
:10C0000058320023C4F85C3210BD00BF808A002083
:10C0100038B50E4D2C6844B92B680D488BB1596862
:10C0200079B1BDE83840F2F794BF63683BB9A368C3
:10C030000BB1E06898472146284607F0C1FD246807
:10C04000E9E7BDE838400AF09FBD00BF84810020C9
:10C050008C810020074A08B513680BB1196811607C
:10C060009A680AB1D8689047FFF712FBBDE808400C
:10C07000CEE700BF8481002002380C280CD8DFE80E
:10C0800000F00909090D07070B0B0D0B0D0D0D0035
:10C09000042070470220704701207047032070473A
:10C0A00010B5C9B180B90C7813789C4211D1CB7A04
:10C0B00083B1C87B032802D1D07A98420AD0907A03
:10C0C0008B7A4340D80607D4C87AD37AC31A584229
:10C0D000584110BD0120FCE70020FAE703680BB1CE
:10C0E00040681847704710B588B009B1214B1970E6
:10C0F000214B22481A78E72A09D900221A70002217
:10C100001C4B1F48197808B0BDE81040E6E7D1087D
:10C11000415C02F0070421410132C90792B2EAD51D
:10C1200098781A7010F00100E9D1164B16491B7867
:10C1300006ACC3F340130B70144BCDE90304CDE9F7
:10C140000630134B02901B78124943F400630193AD
:10C15000114B1B780093114B09781B68F7F750FCC3
:10C16000024628B90221034B20461970FFF7B6FF9B
:10C1700008B010BD22850020F38100202385002017
:10C18000148500200F85002058640020E7C00108B6
:10C190002185002010850020208500201C8500209E
:10C1A00008B5002201210348FFF798FFBDE80840C9
:10C1B000FFF730BB7C8D002010B5144649B9BDE8AF
:10C1C00010400848084B4CF2706103640430F2F7E9
:10C1D000C0BEFFF71FFB2246BDE810400121034807
:10C1E0007CE700BF44860020A1C101087C8D0020AF
:10C1F00013B5184CD4F8043353B900930421032029
:10C2000004F5427304F5567219F05DF8C4F804039E
:10C21000D4F864334BB9042100930F4B084603F163
:10C22000500219F050F8C4F864030C4C236843B969
:10C2300000930B4B0421032003F1500219F043F843
:10C2400020600021074A084802B0BDE810400AF00B
:10C25000E7BB00BF808A0020E88D0020686B0020CB
:10C26000488E00204D240208386D002038B50A4C55
:10C27000D4F8045318F014F8AD6B18F087F8D4F81C
:10C28000644318F00DF8A46B18F080F8EC420CBF72
:10C290000120002038BD00BF808A002000239020AC
:10C2A00010B50B4900FB03F28C1894F82444E40702
:10C2B00008D40848835C23F00F0343F0030383543E
:10C2C000104410BD0133042BECD10020F9E700BF6E
:10C2D000808A0020A48E0020022818D10E4A1378EC
:10C2E00013F0010308D092F83431D90710D592F831
:10C2F0006832DB070ED403464FF49A714B43D15C8E
:10C30000D01821F00F0141F00501D1547047C5E765
:10C310000123F1E700207047E486002010B50446B1
:10C320000120184B7F2983F864064FF0180083F82A
:10C3300065064FF0000083F8660614BF0846032028
:10C3400083F86706104B86B01878022802D00328BD
:10C3500018BF01200D4B1B781BB1022B14BF4220CC
:10C360002220CDE9031211230022CDE9013204235A
:10C37000074900932246074B0988F7F741FB06B0AF
:10C3800010BD00BF808A00206484002063840020E8
:10C3900066630020E490002030B52E4C89B094F8FC
:10C3A0006836002B51D0D4F8E8118B78DB00DBB273
:10C3B00098422FD3002584F86856F3F755FCA8421D
:10C3C0000CBF01220322244B84F866561A70012305
:10C3D00084F86436072384F8653603231F4A84F8FB
:10C3E0009C31CDE9062506AACDE903520295D4F881
:10C3F000B0261B49CDE900321A4894F8AC261A4BF6
:10C4000009880078F7F7FCFA0246F0B90221FFF735
:10C410002DFA1AE001EBD002D27800F007052A418C
:10C4200012F0010F00F1010511D0104B84F86906DC
:10C43000069300237F2106AAA8B20793FFF76EFF99
:10C4400018B90A210A48F2F784FD09B030BDE8B2F4
:10C45000AEE700BF808A0020648400206DB8010828
:10C4600066630020489F0020E490002075C4010806
:10C47000EC900020094B93F8690659B10121D3F8DB
:10C48000E83100F0070203EBD0039140DA7822EAAA
:10C490000102DA700130C0B27EE700BF808A00205E
:10C4A00008B50AF071FB044B93F86906BDE8084033
:10C4B0000130C0B270E700BF808A00202DE9F84348
:10C4C000314D164695F8682604460F46002A58D185
:10C4D0000B1F1E2B55D883781D2B52D8B17B2B4BAD
:10C4E000104619700223114685F89C31FFF7BEF9FA
:10C4F0000123274885F868360378042B02D10430DD
:10C500000AF042FB307AFFF767F90023DFF88C90DE
:10C51000DFF88C8089F80030F3F7A6FB00280CBF09
:10C520000123032388F80030A37803F01F020332AD
:10C53000974204D92344DB7889F80030FBB91548C9
:10C540003A462146C5F8E80116F0B8FCA378002069
:10C5500003F01F031A1D974282BFE418237988F85D
:10C560000030338985F8AC36337813F0020F0CBFF6
:10C5700001230323C5F8B036BDE8F8430CE70648AD
:10C58000DEE7BDE8F88300BF808A0020489F0020D6
:10C5900044860020248C0020458C002063840020E9
:10C5A00064840020F8B5002501261F4C1F4F04F5B8
:10C5B000D273C4F8E831386084F8A66184F8A751D2
:10C5C00084F8C76184F8C851F3F74EFBA8420CBF4A
:10C5D00032460322164B31461A7004F26C60154A3B
:10C5E0000AF01EFA2A46314613480AF019FA3B6847
:10C5F00031461A78114B04F5AE701A70104B114A7F
:10C600001D700AF00DFAFFF711F90F4B0F4A1D705C
:10C610000F4B84F89C511D700E4B84F8685684F8BB
:10C62000B4561A60F8BD00BF808A0020786D0020E3
:10C6300064840020A1C4010848860020F964002019
:10C64000B18300202DB90108FB810020A5F8010865
:10C65000B28300204085002010B50C480C4C052307
:10C6600022460221006807F09BFB00210A46631D59
:10C6700013F8010DE82884BF01211A70A342F7D1F5
:10C6800019B1BDE8104008F073B810BD906D0020DE
:10C690008886002070B50C4B04461B78012B12D005
:10C6A00000260A4DFFF7B6F885F89C61FFF7BEF843
:10C6B000FFF7D2FFA1783246023905F53F70C9B2C3
:10C6C000BDE870400AE570BD44860020808A0020E5
:10C6D000012810B501D0042826D1154B1B8833B191
:10C6E000144B93F8B53613F0070318BF0123124A11
:10C6F000126892F8B904A0B10D20104A12F8014B4B
:10C70000A1420FD0013810F0FF00F7D14BB1002348
:10C710000B4A12F8014BA14208D00133DBB20A2BBD
:10C72000F7D110BD0120F1E70020FAE70120F8E77A
:10C7300066630020808A0020FC6D0020606B030887
:10C740006D6B03082DE9F041224A034616788AB042
:10C75000002E37D0204D2C78012C33D102222A70A4
:10C760001E4A03C982E8030000228DF8272041F207
:10C770000152ADF820201A4A11681279CDF8221022
:10C780008DF826201BB3FF234FF008088DF82730C3
:10C790000027144B304606930797F7F763FB06AB69
:10C7A000CDE903730523CDE900830F490297324693
:10C7B000098808ABF7F724F928B901232B700B4B34
:10C7C000C3E9BF00002420460AB0BDE8F0814FF065
:10C7D0000708DDE7F6810020448600207C8D0020DC
:10C7E00088860020B9C1010866630020808A002085
:10C7F00008B588B1037803F0FD03092B0ED1007949
:10C80000032808D0074B188850B1FEF734FF0028E2
:10C810000CBF0020032008BD0420FCE70020FAE73D
:10C820000120F8E7666300202DE9F84FDFF8BC80AF
:10C830009B4698F800300F461146002B4ED15FFA08
:10C8400080F94846FEF768FEFF280446244D09D1CA
:10C85000244A1378012B31D82C780133003C18BFBF
:10C8600001241370002322B205EBC20045F83230D8
:10C87000D600436005EBC402584605F83490937126
:10C88000FFF7FAFB91F800A04FEAC4090AF00F0A7B
:10C890004AEA00105070BAF1000F12D1FE239370D3
:10C8A000F3F7E2F920B94D44EB7960F30003EB7143
:10C8B000012388F800302046BDE8F88F0A4B1C7829
:10C8C000D0E7B31C2B4452461846013116F0F6FA55
:10C8D000002FE5D15146FEF711FEE1E7FF24EAE71C
:10C8E0007D6D00208D6D0020B283002051830020DB
:10C8F000E82811D8094B50B10138C0F3CC029B5C39
:10C9000000F0070043FA00F000F001007047587F84
:10C91000003818BF01207047002070472A6E0020A1
:10C92000E82870B504460D461AD8FFF7E1FFB8B104
:10C93000E0B20AF00DF813200A4A04F0030300FBEA
:10C94000032329880848A3F8C716A1084C23BDE88B
:10C950007040006802F2B66201F5007107F0DEBABD
:10C9600070BD00BF808A0020906D002070B5054624
:10C97000C0B20C46164609F0EBFF1321194B05F027
:10C98000030201FB023321461A4604F1100051F85C
:10C99000044B814242F8044BF9D10978124C1170D2
:10C9A0003288A908A3F8112020684C230D4A01F50C
:10C9B000007107F0B3FA2846FFF79AFF80B95DB11E
:10C9C00029460A48F2F756FA20681E23BDE870404F
:10C9D0000421064A07F0A2BA0122044B5A77F3E772
:10C9E00070BD00BF36910020906D00202A6E00209F
:10C9F00038B50546FFF77CFF0C46014628B92046AE
:10CA0000BDE83840112215F02BBBE8B209F0A0FFB9
:10CA100013222046074B05F0030502FB053303F103
:10CA2000100253F8041B934240F8041BF9D11B7801
:10CA3000037038BD3691002038B504460D46FFF727
:10CA400057FF08B9088038BDE0B209F081FF132212
:10CA5000044B04F0030402FB0433B3F8C7362B8005
:10CA6000F1E700BF808A00202DE9F04F5E4B82463F
:10CA700093F8684687B0002C44D1012842D85B4F18
:10CA80005B4B17F830801B7801AE434514BF454619
:10CA9000002511222146304615F0E2FA314628469B
:10CAA000ADF80040FFF7A4FF69462846FFF7C4FF32
:10CAB0009DF801308DF8048013F0030F4FEACA0986
:10CAC0000FD007EB09014A785B0122F0700242F0B7
:10CAD00020024A708A7903F0600322F06002134357
:10CAE0008B713046042407EB09035A784FEACA08D1
:10CAF00002F00F0207EBCA0A417800F1010E22B9D9
:10CB0000FE2916D107B0BDE8F08FD44600230CE013
:10CB100079B99A42F6D00133DBB2042B0CF1010C47
:10CB2000F0D09A421EF8011FF2D99CF802B08B4552
:10CB300057D0013C14F0FF0400F10400DCD1A24600
:10CB40005FFA8AFB29465846F4F7C6FB06AB03EBAF
:10CB5000800010F8133C33B10AF1010ABAF1040F56
:10CB6000EED14FF0030B58462946F4F7B5FBB94414
:10CB700099F801B082461BF00F0306D1FE21012473
:10CB800006AA02EB800202F8131C4FF001090420F0
:10CB9000002210FB0A9008F1020132501A1B2044B7
:10CBA000D2B221449C4288BF00223944304416F05E
:10CBB00085F90BF0F00B9DF80030BBF1010F09FA7D
:10CBC0000AF98ABF43EA090023EA0900C0B2E82D46
:10CBD0008DF8000096D86A4631462846FFF7C6FE13
:10CBE00090E7FE2996E700BF808A00207D6D002037
:10CBF000F681002070B5174C8678C57886B084F829
:10CC000002672EB31122002101A815F029FA30463F
:10CC100001A9FFF7EDFE94F802170846FEF794FC11
:10CC20009DF80400884213D100236946ADF8003016
:10CC3000FFF702FF9DF80130013503F0030343EADB
:10CC40008503694694F802078DF80130FFF768FE06
:10CC500006B070BD808A002030B5184D837887B04B
:10CC600011220021C47801A885F8023715F0F8F9DF
:10CC7000002001A9FFF7BCFE95F802379DF80400DB
:10CC8000984218D1032C16D80025FEF75DFC6946A2
:10CC90002846ADF80050FFF7CFFE9DF80130013473
:10CCA00003F00303E4B243EA8403694628468DF89F
:10CCB0000130FFF735FE07B030BD00BF808A00208D
:10CCC0001C232DE9F041204AD15C49B101335C00BD
:10CCD000537F4BB101251D4FAE000021B6B216E0C7
:10CCE000013BF1D2BDE8F081012188B2FFF700FEDF
:10CCF00030B1164B4FF40071186808F099FEE9E75F
:10CD000001310429F1D1E5E7013104290AD0701875
:10CD100080B2FFF7EDFD0028F6D0386805F5007108
:10CD200008F086FE0135AC42D6D81D220021064807
:10CD300015F096F9BDE8F04104481E230421024A8B
:10CD4000006807F0EBB800BF2A6E0020906D00204D
:10CD50002DE9F047C378054613F0700F8846444F1D
:10CD600086B04FEA131AC3F3021608D1837887F806
:10CD70000237ABB9FFF7A4FFFEF759FE02E097F8C0
:10CD800002378BBB3B480378012B6ED04CF27061AD
:10CD9000394B0430C36306B0BDE8F047F2F7D9B8A9
:10CDA000012436480021FF22864610F801CB9C451D
:10CDB0001CD11AF0040F97F80297E3D11CB1E422BA
:10CDC0002F4B03F809201122002101A81FFA89F92D
:10CDD00015F046F9484601A9FFF70AFEEB78ACB911
:10CDE00003F0070200231FE00024DAE7BCF1000F84
:10CDF00002D1FF2A08BF0A4601310529D5D1FF2AF1
:10CE0000D7D00EF8023007F0B3FCD2E797F802272C
:10CE10008DF8042013F00702E4D1FE2106AB03EBEA
:10CE2000860303F8131C012301A901EB86060136D2
:10CE3000281DD9B291422CBF0021C15CF1540133AD
:10CE4000D9B20429F5D100234246ADF80030284676
:10CE50006B4697F8021709F0B1FDB9F1E80F04D855
:10CE60006A46484601A9FFF781FD06B0BDE8F08794
:10CE7000808A002044860020A1C101088886002005
:10CE80006963002010B50D4A537FB3B100230C4CE9
:10CE90000421537720681E2307F040F8012188B24F
:10CEA000FFF726FD48B901310429F8D120684FF475
:10CEB0000071BDE8104008F0BBBD10BD2A6E002017
:10CEC000906D00207FB5002304460E4E0D46CDE93F
:10CED0000133ADF80C3003210A23306801AA06F0B3
:10CEE0005FFF0CB1236801930A230321306801AA74
:10CEF000ADF8085007F012F810B9019A024B1A6009
:10CF000004B070BD906D0020DC6C002038B5054683
:10CF10000C46FFF7D7FF0A4A136833B128685568F3
:10CF20005DB10146224628469847064B4FF4006102
:10CF30001868BDE8384017F0F7BF21469847F4E776
:10CF4000086F0020FC64002038B5124B93F8684647
:10CF5000FCB9114A1278E2B107291AD9012583F8E0
:10CF60009C5143885BBA99B2A1F58072B2F56A6FA1
:10CF70000FD80A4A1380436809480360FFF7C6FFC9
:10CF8000084B2246214620461D70BDE83840FEF77A
:10CF90006DBC38BD808A0020FB81002066630020C4
:10CFA000DC6C00207C6D0020002330B504460B4D66
:10CFB00085B0CDE90133ADF80C3001AA0A23032175
:10CFC000286806F0EDFE0A230321286801AA8DF8DF
:10CFD0000A4006F0A3FF05B030BD00BF906D0020F1
:10CFE000002330B504460B4D85B0CDE90133ADF8D3
:10CFF0000C3001AA0A230321286806F0D1FE0A2377
:10D000000321286801AA8DF80B4006F087FF05B0C0
:10D0100030BD00BF906D0020002330B504460F489E
:10D0200085B00D46CDE90133ADF80C3003210A235C
:10D03000006801AA06F0B4FE60B9094B019A9C424F
:10D0400007D1019B236015B1BDF808302B8005B0D6
:10D0500030BD1A60002CF4D1F5E700BF906D0020C0
:10D06000DC6C00200246054808B51021402300680A
:10D0700006F096FEB0FA80F0400908BD906D0020E1
:10D08000F0B50025044693B001A80F468DF8045072
:10D0900007F09EFB9DF80430234023D0661E14EA5F
:10D0A000060121D114F087001AD0402202A876117F
:10D0B00014F0D6FF46EA540602A8FFF7D3FF06F0A5
:10D0C000030602AB03EB061303F110041A4603CA6E
:10D0D000A24238607960134607F10807F6D10120B3
:10D0E00013B0F0BD1846FBE72846F9E71FB58020CE
:10D0F0000F49FFF7C5FF044620B9014610220C482E
:10D1000014F0AEFF10225521684614F0A9FF6846BE
:10D110000849FEF707FD1022AA21684614F0A0FF77
:10D1200068460549FEF7FEFC204604B010BD00BF6E
:10D13000808A0020839100209391002010B5102850
:10D1400004460B4690B03ED00BD8032824D00428C8
:10D150002DD0022810D00120B0FA80F0400910B084
:10D1600010BD112836D01428F5D12022FF216846A1
:10D1700014F076FF20230DE0194A6946D2F8270003
:10D1800092F82B2000908DF8042020460522FEF70F
:10D1900057FC05236A4610E000226946CDE90022CB
:10D1A000ADF808200A22FEF74BFC0A23F2E71E2204
:10D1B0000C49FEF745FC1E230A4A0B48214600682D
:10D1C00006F0ACFEC8E74022FF21684614F048FF95
:10D1D0004023DFE701226946FEF732FC0123D9E74D
:10D1E000506B03082A6E0020906D002008B50021C6
:10D1F0000220FFF7A3FF90B100210320FFF79EFF5D
:10D2000068B100210420FFF799FF40B100211020F0
:10D21000FFF794FF18B100211120FFF78FFFBDE841
:10D22000084008F071BB8378032B09D0054BD0F878
:10D2300088001B68C01A0028CCBF0020012070475E
:10D2400001207047945E002030B50E4B0E4C1B68D9
:10D2500085B093F8B95400230321CDE90133ADF82B
:10D260000C3020680A2301AA06F09AFD38B90A2377
:10D270000321206801AA8DF80C5006F04FFE05B07E
:10D2800030BD00BFFC6D0020906D00202DE9F04FF7
:10D29000DFF828818BB070B1D8F80040DC22002183
:10D2A00004F5297014F0DCFE4FF4D272002104F56D
:10D2B000807014F0D5FE00234FF4FA721846022154
:10D2C0003D4D0BF003FD282200216846D8F80040B0
:10D2D00014F0C6FE40F209534FF4A0626946286874
:10D2E00007F09DFA04F52974814627464FF4A0669D
:10D2F00040F20A5A3B7D2BB116233A463146286844
:10D3000006F00CFE0136564507F11607F2D1EA4643
:10D3100000264FF0160BB1452F6832D1282200218C
:10D320006846D8F8006014F09BFE384640F2094386
:10D330004FF48062694607F072FA06F580768046FF
:10D3400037464FF4806440F20A4997F829302BB1F0
:10D350002A233A462146286806F0E0FD01344C4570
:10D3600007F12A07F1D16C4600274FF02A09B8458A
:10D3700014D10022022110460BB0BDE8F04F0AF094
:10D380006EBF5AF8041BA1F5A0630BFB03431B7D82
:10D3900013B9384608F04CFB0136BCE754F8041BBF
:10D3A000A1F5806309FB036393F8293013B928685A
:10D3B00008F03EFB0137DAE7906D0020FC6D00209D
:10D3C000064B1B6893F88E2332B993F88C0320B177
:10D3D000053818BF0120704701207047FC6D002000
:10D3E000054B1B78082B8EBFFF20044AD05CB0FA97
:10D3F00080F04009704700BF388300206869030847
:10D4000038B50A4605460C46014641F60F50F1F77D
:10D4100015FD2B19020A2A55587038BD382330B52E
:10D420000C490D4A0C7892F8B851013BA54203D142
:10D4300092F8B951854205D013F0FF03A2F108021A
:10D44000F1D130BD054A02EBC30393F82E300B70C7
:10D45000F7E700BF388300207C6B0308506B03089C
:10D4600008B520B1044B5B690BB100219847BDE8BA
:10D4700008401A20D2E700BFBC82002070B598B1E6
:10D48000144B93F83831DB070ED40E20FFF7C6FF9C
:10D49000114B93F8222022B1012283F8672001204A
:10D4A00015E009F09FF9FAE701250A4C0144814291
:10D4B0000CDD04EBE00292F8386100F0070305FA96
:10D4C00003F33343C82882F8383101DD002070BDF2
:10D4D0000130ECE7808A0020BC82002010B50446B1
:10D4E00008461146002286B0CDF80E20CDF8122055
:10D4F00004930A4BADF81620CDE90132089A084B87
:10D50000ADF80C40C3F8542101AB03AAF6F7C0FCF8
:10D51000431E5842584106B010BD00BFEDB501088A
:10D52000808A002010B50A4CD4F8240790F897346C
:10D5300000F26F4200F1E201FEF792FC30B194F884
:10D540002837013BDBB284F8283710BDFF23FAE708
:10D55000808A0020CB0448BF41F48061816070471D
:10D5600010F18B0F06D028B110F1950F0CBF6FF0A2
:10D570009400C8207047082802460CD8B8B1421E53
:10D58000072A14D8DFE802F01504130F1313131140
:10D590004FF00710704710280DD0084B0848802A1C
:10D5A00008BF184670470748704707487047044847
:10D5B0007047064870470648704700BF01000700E3
:10D5C000FFFF07000A0007000D0007000400070026
:10D5D000100007002DE9F34700248846134E144F2E
:10D5E000C6F8240780F8C84006F229793D784946F4
:10D5F0002846FFF745FD70B12846FFF7BCFF002322
:10D60000D6F824A70093CDF804800146094B504674
:10D610007A7808F028FF0134032C07F10207E5D1DE
:10D620000023C6F8293702B0BDE8F087808A0020C1
:10D630003C6D0308A991002070B505460F4C0121EF
:10D64000D4F82407FFF7C6FFD4F8242704F5EE63C7
:10D65000D2F8E200D2F8E610C4F86C5703C3D2F84F
:10D66000EA00186092F8C43004F26C7084F87C37D9
:10D67000034BBDE870405B68184700BF808A0020FC
:10D68000489F0020082809D818B30138072820D857
:10D69000DFE800F00C101F131F1F1F17102814D0F5
:10D6A000802816D101F5E0200130704701F5E02017
:10D6B0000430704701F10710704701F5E0200A308F
:10D6C000704701F5E0200D30704701F5E020103083
:10D6D00070470148704700BFFFFF070010F18B0F34
:10D6E00008B509D0C82809D095300CBF02230423FF
:10D6F000034A536206F082FA0123F9E70323F7E7AE
:10D700000000085010B50246044615488AB0202390
:10D710000321006806F044FB00211C2203A8CDE988
:10D72000011114F09DFC4FF4E02001AA02A907F0BA
:10D730000BFA18B1FFF714FFFFF7D0FF019A202A68
:10D7400004D00A22074B5A6206F058FA214602A872
:10D7500015F0C1FB10B10B22024BF4E70AB010BD6B
:10D760008C1300200000085030B4104BD3F824274D
:10D7700092F88F13012906D192F8C42012F01E0FDF
:10D7800001D030BCBEE793F8EC37002BF9D103464B
:10D79000074C04F12005224603CAAA4218605960CA
:10D7A000144603F10803F6D130BC7047808A00208C
:10D7B0007492002010B5044686B0002118226846F5
:10D7C00014F04EFC69462046F1F71AFB18B1FFF73A
:10D7D000C7FEFFF783FF039806B010BD03681BB1B7
:10D7E000406800B118471847704703461A68084652
:10D7F00022B15B680BB11846104710477047024BC7
:10D80000014618700148F0E7F6810020006F002003
:10D8100010B51A4B1A4C8AB0187023880DF1060106
:10D820001848ADF80630FFF7F7FBBDF80630238047
:10D83000FDF7F0FF1122002105A814F011FC05A945
:10D840000020FFF7D5F89DF81400FFF7D8FFFEF78A
:10D8500003FF00230C48CDE90233ADF8103003215B
:10D860000A2302AA006806F09BFABDF80C00FDF737
:10D8700002FF064B18700AB010BD00BF249F0020A5
:10D8800066630020DC6C0020906D00207C6D002021
:10D890002DE9F041C37886B0112204460F4601A855
:10D8A00000211E09C3F3021503F0070814F0D8FB8A
:10D8B000002001A9FFF79CF806F0040655B176B3E5
:10D8C000204B93F89C3113B10120FDF7BBFF06B04C
:10D8D000BDE8F081E4221C4B83F8E820A078FFF734
:10D8E0008EFF1A4B1B788DF80430002EE8D1B8F16A
:10D8F000000F14D1FE238DF80530144B1B78EBB1CB
:10D9000000253A46294620466B46ADF8005009F0FE
:10D9100055F86A46284601A9FFF728F8D0E701AB79
:10D9200003EB85050023211D984594BF0022CA5CA6
:10D930000133042B05F8012FF6D1DEE7FFF7A2FA39
:10D94000BEE700BF808A002069630020F6810020C6
:10D95000002307B501A88DF8043006F039FF9DF8C3
:10D960000410044B04481970FFF73FFF03B05DF843
:10D9700004FB00BFC0670020106F002038B50024F2
:10D98000044D55F8040B08B1FFF728FF0134062CAD
:10D99000F7D138BD086E002080F0FF0383EA102322
:10D9A00083EA1343FF2AD8B215D0012A15D145289E
:10D9B0000BD00CD80A2808D003F0DF03052B0AD1BE
:10D9C00003E00B4BD340DB0705D5013003E0A0F1AA
:10D9D0004A021B2AF5D9C0B270471AB1022AFAD1FD
:10D9E000FF29F8D803F0BF030A2BEED05528E6E74D
:10D9F000010800080023034A60F3070361F30F23C3
:10DA00001362704700000850037CF7B513F0010360
:10DA100004465B4D28D00023052001A9019308F09E
:10DA200014F895F814389DF904005A1C012BA073C2
:10DA300085F814285BD80A22524B0330B3F90A3018
:10DA400040B293FBF2F37F2BA8BF7F23834205DA1A
:10DA500058B27F21A073FFF7CDFF48E06FF00503B8
:10DA60009842B8BF1846F4E785F81438F1F7F4FC8B
:10DA7000454B444FD3F8F20100906846F1F7BEFCE5
:10DA80003E792278032E1DD01C20B11E9DF9035033
:10DA90003E4B4E424E4100FB0630294684F823504F
:10DAA000657306F0EDFA1822394B02FB0633187540
:10DAB000E37B032B10D194F9133084F82430A37343
:10DAC00003B0F0BD02AB062A18BF013313F9085C9E
:10DAD00084F823506573EBE740F6FF730A2622892A
:10DAE000B7F90A709A4297FBF6F606D1A67394F935
:10DAF0000E3084F82430E374E2E70023052001A906
:10DB0000019307F0A2FF9DF905107F2EA8BF7F2685
:10DB10007F299DF9040005D1033040B2B04228DDD1
:10DB200070B222E015F1800FF8D011F1800FF5D01E
:10DB3000CBB203F17802D2B2822AEFD86FF0400262
:10DB40009542A8BF15466FF065029542ACBF5B1BBE
:10DB50009B1A5BB25A1DDFDB1A2B08DC052BDBDDC1
:10DB60000A2B04DC0937DBDB0020A07373E70338E2
:10DB7000D3E76FF005039842B8BF1846F5E700BF3A
:10DB8000808A002004650020506B03087C830020FD
:10DB900090670020084B1B681B79590707D49A0728
:10DBA00007D413F0010005D1DB099800704703206A
:10DBB00070470220704700BF6C80002038B50F4BC3
:10DBC00005461B68BBB10E4A546BA4B11B78012BF0
:10DBD00004D80C48002D08BF204638BD022B0AD1BE
:10DBE00010B904F10800F8E7FFF7D4FFA84202D10A
:10DBF00004F11000F1E70348EFE700BF6C8000205C
:10DC0000FC0C0020486D03082DE9F843374B04460F
:10DC10000D461E68364F33780021282202303B70B3
:10DC200014F01EFA012325703978637011F0300F5B
:10DC300005D011F0100F0CBF20234023E3702D4BB3
:10DC40002D4F5B6838881A78023A012A8CBF00226F
:10DC5000012252002271FDF70EFD40B95323A3703B
:10DC6000E37842F0010263F06303E3702271B6F8D7
:10DC700001300020A4F80530CB0748BFA37804F199
:10DC8000070944BF63F07F03A370FFF797FF042DDC
:10DC90000CBF2223232302780ABFC8464FF0000896
:10DCA00004F10809934228BF1346002106461D4689
:10DCB0000A46CBB29D420AD8B8F1000F03D0531CDC
:10DCC00088F80020DAB2D01DC0B2BDE8F8837368CE
:10DCD0005C5C982C03D13888FDF7CDFC18B9531C37
:10DCE00009F80240DAB20131E3E700BF786D0020A5
:10DCF000F9640020049F0020666300202DE9F043B2
:10DD000004460D4693B00021174607A82A2214F0B6
:10DD1000A7F92046F6F7A6F8AB0644BF01221F4B31
:10DD2000064648BF1A701E4BDFF8788093F8B49609
:10DD300005F01705B9F1000F19D00026012107A839
:10DD400083F8B466FFF760FFFF2C0CBF7F233346D8
:10DD5000009022460220CDE90337CDE90156B8F8FC
:10DD6000001007ABF5F74CFE13B0BDE8F0830428B4
:10DD70000CBF0421012107A8FFF746FFFF2C0CBFB1
:10DD80007F230023CDE90159CDE9033700902246D6
:10DD90003046B8F8001007ABE4E700BF5864002035
:10DDA000808A00206663002013B5174C134694F850
:10DDB00068260ABB154A127812F0FB0F1CD0022904
:10DDC0001AD98278D10717D511490978012915D1B7
:10DDD00012F0020F10D10022CDE90022012284F8B6
:10DDE000B4261A78188912F0020F08BF10216A466B
:10DDF00018BF1221FFF782FF02B010BD0229EAD13D
:10DE000012F0040FE6E700BF808A0020FB810020AB
:10DE1000708300202DE9F041164E904604460D46D1
:10DE2000014630461F4605F0CBFEFDF731FC336856
:10DE300000221946C4E90158E76059B96AB9214678
:10DE40000C4805F0BDFE336823603460BDE8F04146
:10DE5000FEF7DEB809680132EFE75A68AA42EED849
:10DE60001A461B6813B15968A942F9D92360146096
:10DE7000ECE700BF848100200346014A0148C9E75E
:10DE800075F7010808860020F7B5FDF78FFB314CC8
:10DE9000C0B294F82730002850D0042B04D103B02E
:10DEA000BDE8F04008F0EEBC0920FFF7B7FAFDF737
:10DEB0007DFB28B9052003B0BDE8F040FFF7AEBAFE
:10DEC00094F830200F2A43D8552384F81538C823F6
:10DED000002584F81638C0F3022343EA02131E4ECD
:10DEE0001E4F84F8173884F818080023324641F290
:10DEF00088313846FFF78EFF94F8263000950422CB
:10DF00001749208C43F00103FFF7E8FA30B994F881
:10DF100039301BB1013B84F83930E6E70123052095
:10DF200084F85C30FFF77AFA4FF448710D4B0E4AD3
:10DF3000A3F1100003B0BDE8F0406BE7042B07D05D
:10DF40000320FFF76BFA03B0BDE8F04008F0F8BB20
:10DF500003B0F0BD808A002089DF0108E482002040
:10DF600095920020DC8A0020A9DF010808B501464F
:10DF7000044805F025FEFDF78BFBBDE80840FEF7E1
:10DF800047B800BF8481002008B50548FFF7EEFFC1
:10DF90000022044B1A70BDE8084008F073BC00BFB3
:10DFA000E48200203883002010B504780848FFF789
:10DFB000DDFF0820FFF732FA34B1FDF7F7FA18B1A8
:10DFC000BDE8104008F05EBCBDE810405CE700BF53
:10DFD000CC8A0020F8B506460F4600250B4C14F8F5
:10DFE0000A3C6BB114F80C3CB34209D114F80B3C59
:10DFF000BB4205D10023204604F80A3CFFF7B6FFD8
:10E0000001350F2D04F11C04E9D1F8BD6069002031
:10E010002DE9F04700264E4C8CB0257CCDE90866F2
:10E020001A2DCDE90A66CDE90466CDE906660746F4
:10E0300084BF01261A25082108A807F0CDFD00237A
:10E0400094F8029094F800809DF8202000934146B7
:10E05000484602ABFDF736FB02460028EBD14FF0F5
:10E06000010A49464046CDF800A00AABFDF72AFB5D
:10E0700000285FD049464046FFF7ACFF5246217862
:10E08000A07808AB08F01AFC002F56D094F8523054
:10E0900003F00F0343F030032A46E1686F1C2D485C
:10E0A00084F82E30FFB214F009FF2B4808A9FDF7C1
:10E0B00061FA39462948FDF74DFD002E0CBF81233A
:10E0C000C12384F82A306388254884F82B302388BC
:10E0D00008A984F82C3084F82D70FDF74BFA691DDF
:10E0E000204804AAC9B2FDF755FD982384F82430CE
:10E0F00094F82A301C4A84F8253008AB03CB05F18C
:10E100000B03C4F8260051609DF8281005F10C0699
:10E1100054FA83F3023A83F82410B71804AB03CB04
:10E1200090517960E3682B44E360237C5B1B1435DA
:10E130002374E8B20CB0BDE8F08736B194F85230E1
:10E1400003F00F0343F01003A6E73346A4E700BF34
:10E15000DC6800200B690020939100200A690020F0
:10E16000839100200669002002690020F0B54C4C24
:10E1700085B060740138062805D8DFE800F0202259
:10E180004D6550528300002342F21071454A4648C3
:10E19000FFF740FE454B022102930023404A0393C0
:10E1A000434802ABF5F774FE10B90720FFF7DEFF16
:10E1B000022342F21072194600200AF087FD05B0D2
:10E1C000F0BD394D00272846FFF7D0FE0020FFF7AD
:10E1D0001FFF064615F8141CA078FFF7FBFE354B11
:10E1E000039702931EB90720FFF7C0FFE7E7314608
:10E1F00002ABA5F1140205F11000F5F749FE002865
:10E20000F1D0237C002BDAD03B4642F21071284635
:10E21000244AFFF7FFFDCBE7237C002BCFD1062359
:10E220006374002520482580FFF7A0FE02222846BF
:10E2300011460AF014F829461F4AA2F1080005B059
:10E24000BDE8F040FDF74ABF174D2846FFF78EFEA8
:10E250000120FFF7DDFE15F8141C0646A078FFF735
:10E26000B9FE164B009300230193002EBBD06B46E2
:10E270003146A5F1140205F11000F5F709FE00285A
:10E28000B1D09CE7002508482580FFF76FFE0222E9
:10E290002846114609F0E3FF0221074ACDE700BFF7
:10E2A000DC680020C1E20108F0680020C5E2010836
:10E2B000506D0308DDE20108386900200DE3010814
:10E2C000072053E7044B5B7C23B9002914BF0720C8
:10E2D00001204BE7704700BFDC68002070B40A4D96
:10E2E0000E466B7C1446022B0CD10FCC5C350FC54F
:10E2F000002E94E8070085E8070070BC14BF0720D3
:10E30000032033E770BC7047DC68002070B40A4D0E
:10E310000E466B7C1446042B0CD10FCC5C350FC51C
:10E32000002E94E8070085E8070070BC14BF0720A2
:10E3300005201BE770BC7047DC680020F8B5FEF7CD
:10E34000D5FE00240322184B064618489A7083F81D
:10E350008E20C3F88840C3F81441FFF707FE7822E7
:10E360002146134813F07CFE1048FFF7FFFD78228A
:10E3700021460F4813F074FE27460E4DAF7005F18D
:10E380000C000134FFF7F2FD0F2C05F11C05F5D14F
:10E3900002220020114609F062FF01220221002022
:10E3A00009F05DFF3046F8BDC4670020F06800202A
:10E3B000DC680020546900202DE9F04F694D8DB0D4
:10E3C0000024064685F8B506FFF7C2FA06F0DCF928
:10E3D0000923C5F85C4285F85832FFF7AFFF1C22CD
:10E3E0002146C5F8740203A8029413F039FE2021D7
:10E3F00002A807F0F1FB224602A905F5F87007F024
:10E400005BFE594B05F64C081F6840F2BC422146A2
:10E4100040463FBA13F024FEC5F81879534F4046E2
:10E420002146FFF7D7F8C7F80080DFF85081AA220D
:10E43000214608F11800C8E90044C8E90244C8E9C7
:10E44000044413F00DFEDC22214605F52F60C8E9D7
:10E450003C44C8F8F84088F8FC4013F001FE28223C
:10E46000214602A813F0FCFD414840F209534FF445
:10E47000A062006802A906F0D2F94FF0160B0190D5
:10E480000DF1080905F52F6A394BD3F80080019B7F
:10E49000A3424ED13C684FF4D27204F5807400213F
:10E4A000204613F0DDFD2822002102A813F0D8FD3C
:10E4B000404640F209434FF4806202A906F0AFF9EA
:10E4C0004FF0000881464FF02A0B0DF1080A284B47
:10E4D000C145186839D100230321CDE90233ADF8D5
:10E4E000103002AA0A233C6805F05AFC18B99DF8BE
:10E4F000103084F8B9341F4B1F4A02215A600022A1
:10E50000104609F0ACFE002316F0780F85F868324B
:10E5100085F8083D0AD116F0870F07D0022385F849
:10E52000093D012385F80B6D85F80A3D0DB0BDE866
:10E53000F08F59F8041B1623A1F5A06240460BFB8F
:10E5400002A205F02DFC01349EE75AF8041B2A2391
:10E55000A1F580620BFB024205F022FC08F10108E4
:10E56000B5E700BF808A0020DC6C0020FC6D002035
:10E57000906D0020489F0020A1E5010844850020FF
:10E5800008B5FF2007F0E8FF0120FEF77FFE034BF0
:10E5900093F8B506BDE808400EE700BF808A00206A
:10E5A000036813B5062B2ED8DFE803F0702D042D79
:10E5B0002F5E4B00437D3A4C7BB10021E02204F6F4
:10E5C0001450A4F80C1D13F04BFD832384F8143D64
:10E5D00002B0BDE8104007F0A3B9027E01A984F89B
:10E5E000F42D427E84F8F52D827E84F8F62DC27ECD
:10E5F0002C4884F8F72D2C4A00680192C4F8FC2DB1
:10E600001A4615F0DBFF02B010BD254CD4F8003ED1
:10E6100093B1264B1B7833B1037C23B9022384F8D2
:10E62000083DFFF7ADFF224AD4F8003E00201188D4
:10E6300098470023C4F8003E02B0BDE81040FEF742
:10E6400055BD174CD4F8003E4BB1032284F8082D79
:10E65000174A0020118898470023C4F8003E02B0F2
:10E66000BDE81040FDF7C2BC0D4CD4F8003E4BB1E4
:10E67000022284F8082D0E4A0020118898470023B2
:10E68000C4F8003E02B0BDE8104079E7FDF7AEFCEB
:10E69000FDF7CCF80022024B83F89C21B3E700BFC2
:10E6A000808A0020686B0020310A02087C6D0020FF
:10E6B0006663002000232DE9F743B74C94F85862B5
:10E6C00094F85822C4F85C3223B300239642A4F88D
:10E6D000783284F87A3284F88032A4F8883284F868
:10E6E0008A3284F8903284F8983284F8A03284F820
:10E6F000A832A4F8B232C4F8B43284F8B83200F0C8
:10E7000033824FF48031A54B186803B0BDE8F04365
:10E7100016F00ABC013A112A00F2B380DFE812F0C9
:10E7200012005700F200B500EF00F200FE000C01ED
:10E730002701B1008501BA01D401F601F801FF01FA
:10E7400022021D0294F88A520DB313230025944827
:10E7500084F85832C4F85C52FFF708FCD4F88C32C5
:10E760009048C4F86C3205F0EFFE2A46D4F86412E3
:10E77000D4F86C02FDF71CFC802007F0EDFEFEF7DC
:10E78000B5FC894B1B6883F8B854022312E094F857
:10E79000B232002B75D01323814884F85832C4F864
:10E7A0005C52FFF7E3FB94F8683201223BB1062389
:10E7B000C4F8702284F85832C4F85C5261E084F8DE
:10E7C000082D072284F85822C4F85C3259E0D4F8A6
:10E7D0009C22D4F86C329A4236D194F898329BB38A
:10E7E000002513236E4884F85832C4F85C52FFF7B2
:10E7F000BDFB6E4805F0A8FE6D4AD4F86432156082
:10E800005560C4F8183E0423D4F86C1284F81D3EF9
:10E81000684B1581CDE90035A4F8141E6B46022122
:10E820006548023AF5F734FB10B9012384F88932C0
:10E83000D4F87032D4F860221340C4F87032042344
:10E8400084F858320023BFE794F8893213B994F85A
:10E85000B33263B113230025514884F85832C4F809
:10E860005C52FFF783FB0323C4F87052A2E7D4F88D
:10E870007022D4F860321A4203D194F88832002B07
:10E88000E8D1D4F85C3201331AE794F8685265B9DC
:10E8900094F8883263B31323414884F85832C4F89B
:10E8A0005C52FFF763FB072384E794F88932002B5F
:10E8B000D0D194F8B452002DCCD1D4F89422D4F80D
:10E8C0006C329A42DDD194F89032002BD9D01323C8
:10E8D000334884F85832C4F85C52FFF747FB0122F2
:10E8E000D4F86412D4F86C02FDF762FB052361E7EB
:10E8F00094F88932002BADD194F8B432BFE794F884
:10E9000088321BB1072384F85832BAE794F8892279
:10E91000002AB6D0C4F870320323F4E7132300258D
:10E9200084F85832D4F87032C4F85C52C4F87432A7
:10E9300005F0ECFD11233DE794F88A3233B113233F
:10E94000002584F85832C4F85C5207E794F878320E
:10E95000002B96D013230025184884F85832C4F8A9
:10E960005C5205F0F1FD0123C4F8745222E794F8DB
:10E970007852002DEED194F87A721FB3132384F8E5
:10E980005832D4F87C320E48C4F86C32C4F85C5269
:10E9900005F0DAFD0B230DE7808A0020FC640020DF
:10E9A00084980020338D0020FC6D0020348D0020E1
:10E9B0009698002085EB0108526D0308328D0020E7
:10E9C000358D002094F8803243B3132384F85832F5
:10E9D000982384F8BC320323042084F8BD32C4F8A1
:10E9E0005C7284F8BE72FFF7E9F805460278416868
:10E9F0005F48D4F86C82D4F8649214F05FFA2978F6
:10EA0000012303314A46C9B21FFA88F005F056FDCA
:10EA10001223C4F85C7284F8583232E794F87932E1
:10EA2000002B3FF42EAF08236DE7D4F8A422D4F8CE
:10EA30006C329A4219D194F8A032B3B11323002555
:10EA40004C4884F85832C4F85C52FFF78FFAD4F877
:10EA50007032DA0704D5484805F076FD0C23A9E6A4
:10EA600000230E22C4F87032ACE694F8893223B940
:10EA700094F8B532002B3FF404AF132300253D4832
:10EA800084F85832C4F85C52FFF770FA0E23C4F8C9
:10EA900070528FE694F8B632002BEED194F889527A
:10EAA000002DEAD194F88832002B3FF4EAAE13230C
:10EAB000304884F85832C4F85C52FFF757FA2F48B0
:10EAC00005F042FD102375E694F88932002BD4D16D
:10EAD00094F8B732002BD0D1D4F8A412D4F86C2219
:10EAE00091427FF4CEAE94F8A022002A3FF4C9AE42
:10EAF00013222048C4F85C3284F85822FFF736FA13
:10EB0000D4F87032DB07ABD50F2399E60F23FAE672
:10EB10001323002584F85832C4F85C5208E7D4F86F
:10EB20006C22D4F8AC329A4214D194F8A8328BB14A
:10EB3000132300250F4884F85832C4F85C52FFF7BD
:10EB400015FA94F86832002BDED00D4805F0FCFC75
:10EB50000D232FE694F8B8328CE7B4F88832002BF6
:10EB60003FF48FAE0923CEE603B0BDE8F08300BFCB
:10EB70003F8D002084980020368D0020388D0020A5
:10EB8000378D002008B50122054B31B983F8882262
:10EB9000FFF790FDBDE808408CE583F88922F7E790
:10EBA000808A002008B50122064B41B983F88822EB
:10EBB000FFF780FDFFF77EFDBDE808407AE583F8AA
:10EBC0008922F5E7808A0020044B984204DB073352
:10EBD00098423CBF012303706CE500BF328D0020DA
:10EBE0000148FFF7C3B900BFA098002070B5104CD2
:10EBF0000546FFF7F5FFD4F824070021FEF7EAFCED
:10EC00000523D4F82427C4F86C37D2F8E200D2F8F0
:10EC1000E61004F5EE6303C3D2F8EA0084F87C57EB
:10EC20001860044B04F26C705B68BDE870401847D4
:10EC3000808A0020489F002037B51C4D1C4C284678
:10EC4000FFF794F9002341F288311A4A1A48FFF776
:10EC5000E1F8002394F87A2084F822306376608902
:10EC6000A37B1649B2B122880732009143F0010319
:10EC70001349D2B2FEF732FC0028E0D0A37B042B6C
:10EC800002D06389FF2B08D10A2003B0BDE83040D1
:10EC9000FEF7C4BB22880632E7E7044800234FF49E
:10ECA0007A71084AFFF7B6F80520EEE7BC8A002023
:10ECB000BC82002089DF0108E4820020ABB5010896
:10ECC00095920020C9EC010870B51C4C94F82310F3
:10ECD000237E81B10025202084F8243084F823503D
:10ECE000A4F87850FEF79AFB63695BB12946BDE84A
:10ECF00070400220184794F824209A4203D1636997
:10ED0000002BF4D170BD94F8763063B1636984F858
:10ED10007610A4F878100BB102209847BDE8704037
:10ED20001F20FEF77BBB1E20FEF778FB94F87630A1
:10ED3000013384F87630BDE870407DE7BC82002066
:10ED40002DE9F341404C207E002851D104F04BFFC7
:10ED500000F00F000022231883F858202F223B4B8D
:10ED6000207683F8302EA27B910647D5272283F8A0
:10ED7000302E258C93F8306E0001B54284BFAA1B5B
:10ED800097B24FF055028EBFB046A8462F4683F883
:10ED90001528C5F3022262F03F0283F8162883F893
:10EDA00018084246E1692A4883F81758E780A4F812
:10EDB000008014F083F808F104012648C9B2FEF778
:10EDC0001FFBB7FBF8F2D3B208FB127292B20AB182
:10EDD0000133DBB2B54263764FF0000311D81C203B
:10EDE00084F87A30FEF71AFB02B0BDE8F04123E761
:10EDF0000130C0B2102828BF0020ABE7D206B5D53D
:10EE0000B7E741F28831144A1448FFF703F8228823
:10EE10001349A37B0632009160890E4943F0010338
:10EE2000D2B2FEF75BFB60B10E4B18201B68A4F852
:10EE30007430012384F8223002B0BDE8F041FEF7BF
:10EE4000EDBA02B0BDE8F081BC820020808A0020CB
:10EE5000999200209592002089DF0108E482002029
:10EE60006BEE0108945E00206AE710B5184CB4F808
:10EE7000742032B1174B1B689B1A03F59673A4F8E4
:10EE8000743094F8682032B1002384F86830BDE80B
:10EE9000104005F065BB94F867302BB184F867200B
:10EEA000BDE8104007F09EBC94F82410227E9142E9
:10EEB00006D10948FFF75AF80023A4F8743010BDB2
:10EEC000B4F87410054A04480F31FEF7A3FFF3E7C6
:10EED000BC820020945E002004830020E1EE010843
:10EEE0002DE9F7433C4C3D48FFF740F8E3880BB968
:10EEF000238CE3803A4DB4F8068095F8309E464660
:10EF0000C84528BF4E46207E2680231893F85830E7
:10EF1000012B5ED05521228C85F81518A2EB080331
:10EF2000C2F302219BB261F01F0185F8161885F823
:10EF30001728E169C3F3022242EA0012194485F856
:10EF4000182805F61A003246A38085F8193805F608
:10EF5000150713F0B3FF711D3846C9B2FEF750FA1A
:10EF6000C84509D801231C2084F87A30FEF756FAE8
:10EF700003B0BDE8F0435FE6002341F28831194A4F
:10EF80001948FEF747FF22881849A37B07320091F2
:10EF90006089394643F00103D2B2FEF79FFA80B18F
:10EFA000E38895F8302E2088934224BF9B1AE38093
:10EFB000E388B3FBF0F100FB11339BB2CAB233B963
:10EFC0006276182003B0BDE8F043FEF727BA01329D
:10EFD000F6E703B0BDE8F083BC820020BC8A0020C5
:10EFE000808A002089DF0108E48200206BEE01089E
:10EFF0002DE9F04F90F88C3304461546A7B0052B49
:10F0000000F20682DFE813F006003E026B02040203
:10F0100071020600002940F0E5802E683146FCF7B9
:10F020003BFE04F1D601002800F0F28090F8293070
:10F0300003F0FD03042B40F0EB8090F82820B37A16
:10F040009A4240F0E5802A686E6813682889C4F8FF
:10F05000D63053684B6093688B600223C4F8F0602D
:10F06000A4F8F40084F88D33022384F88C3394F8E8
:10F07000DA30D80707D504234FF6E851204684F844
:10F080008C33FEF7F9FE204604F1D601FCF704FEAE
:10F090009F2384F891330323002784F8923390F858
:10F0A000273084F8947384F8933390F82930064617
:10F0B000042B04F2913B04F2953840F077827A48B1
:10F0C0000AA90EAD07F01BF8A846334606F1100753
:10F0D0002A4618685968083303C2BB421546F7D15F
:10F0E00094F8E030424604EB8313203330460AA9FB
:10F0F00007F037F894F8E03004F2973786F82830B4
:10F10000062386F82930122384F89533412384F8A6
:10F1100096330AAB1D4603CD4545386079602B46D2
:10F1200007F10807F6D10127162504F2A73894F84D
:10F13000DA3013F0060F2DD0D4F8FC3053B3B4F806
:10F14000D830B4F880239A4218D0B4F884239A4275
:10F1500014D0B4F888239A4210D0032388F80030E2
:10F16000432388F80130D4F8FC3003359B7801370D
:10F1700088F80230ADB2FFB208F1030894F8DA3033
:10F18000590707D594F88D33022B03D1D4F8FC002E
:10F19000FCF73AFAD4F8FC30002B00F015821A7D07
:10F1A000022A40F01182002119750423023501372B
:10F1B000C4F8FC10ADB288F8002088F80130FFB226
:10F1C00094F8943343F0010384F89433013F17F02B
:10F1D000FF0700F0FC8194F8963363F07F0384F816
:10F1E0009633F3E7032939D12B89022B40F21081A2
:10F1F0006B6829689A78FCF79BFD002800F008816D
:10F2000001222968204627B0BDE8F04FFCF76CBE0C
:10F2100040F20123A4F88C332A68288913686E68A9
:10F22000C4F8D63053684B6093688B60A4F8F40040
:10F23000C4F8F0602046FCF72FFD1C4990F82730F9
:10F240000831032220468B7000F097FA4FF6E85100
:10F25000204627B0BDE8F04FFEF70EBE042915D1B9
:10F260002868696803682A89C4F8D6304368C4F8F6
:10F27000DA3083682046C4F8DE30C4F8F010A4F811
:10F28000F42027B0BDE8F04FFCF766BD013907292F
:10F2900000F2BE80DFE811F00C00CC00BC00BC0026
:10F2A000BC00BC00D500EB00708C0020489F002003
:10F2B000D5E9002013682989C4F8D63053684FF087
:10F2C0000309C4F8DA3093689278C4F8DE30C4F8E1
:10F2D000F0000123A4F8F41020460021FCF780FC84
:10F2E000022384F88C339F2384F891330123FF2673
:10F2F00084F894334323C4F8FC0084F8929384F890
:10F30000936384F8959384F896338378B4F8F45033
:10F3100004F566782A460746D4F8F01084F8973347
:10F32000404613F0CBFD07230F35ADB20DF1580B5E
:10F3300001950093CDF808B004F2913A5346B4F821
:10F34000D820B4F8D610204605F0DAF90523099341
:10F35000F97C974A04EB81111031054609A806F0A3
:10F3600039FDD4F8FC1012AA4944099806F07FFC34
:10F37000099806F071FCD4F8FC00FCF745F900236D
:10F3800094F8B824CDE90993D4F8FC30002A42D18E
:10F39000D97C884A04EB811109A806F01BFDB4F85A
:10F3A000F4300AAA049203F10802CDE90282CDE901
:10F3B00000835A46ABB2099812A906F0BBFA94F83A
:10F3C000B834BDF8285013B9099806F045FC00235D
:10F3D000794AE91DC2F83C3EB4F8D6305046A2F84E
:10F3E000363EFF23A2F8343E94F8DC3002F6346255
:10F3F0005360724BC9B2CDE90E340EABF4F748FD41
:10F4000030B9022120460EAA8DF83C10FFF7F0FD1E
:10F4100027B0BDE8F08FDA7C0121042A97BF684B42
:10F4200030469B1893F80402FEF72CF90990B6E7D2
:10F430002979B1FA81F1490927B0BDE8F04F02F00E
:10F4400057B90A21FEF718FD2A681368C4F8D630A8
:10F450005368C4F8DA309368C4F8DE300023C4F887
:10F46000F030A4F8F430052384F88C33D0E7052B72
:10F47000CED100230222C0F8FC3080F88C3300F19A
:10F48000D601BFE602290AD12979012930D100230A
:10F4900080F88C334B48FEF769FD297905E008298F
:10F4A00009D10023022184F88C33204627B0BDE81F
:10F4B000F04F02F03FB90429AAD12B68B0F8D6204A
:10F4C00019889142A4D15A88B0F8D8309A429FD175
:10F4D0002A896968FCF740FCC50799D5C4E502296B
:10F4E00096D1002380F88C33D7E7022907D12979F8
:10F4F00009B9E988ACE6002384F88C33D5E70529FF
:10F500002CD12B68B0F8D6201988914280D15A8826
:10F51000B0F8D83093427FF47BAFB0F880239A42A2
:10F5200007D0B0F884239A4203D0B0F888239A42D7
:10F530000CD194F88D334BB10023A4F8F43094F837
:10F54000DA3023F0010384F8DA308DE500231D481A
:10F5500084F88C33FEF70AFD0521A6E7082903D1BC
:10F56000002180F88C13A0E704297FF451AF2B68A9
:10F57000B0F8D620198891427FF44AAF5A88B0F883
:10F58000D8309A427FF444AF2A896968FCF7E4FBDB
:10F5900000283FF43DAF022804BF0023A4F8F43054
:10F5A00094F88D33002B7FF45FAD7AE70425BEE538
:10F5B0000044400400015005808A002031F7010812
:10F5C000506B030808860020002F7FF4F9AD0BEB89
:10F5D0000509A046CA46002704F10C030793B8F8B2
:10F5E0008023B4F8D8309A4222D10023204619460D
:10F5F00098F88223FCF7F4FAD0B113238AF800308C
:10F60000C2230AF1030211468AF8013098F88233C6
:10F6100001378AF80230FFB2C31C133053F804CB11
:10F62000834241F804CBF9D100239246A8F88033F5
:10F63000079B08F104084345D1D19FB113227B1EDB
:10F640005343013319F8032002F07F0209F8032025
:10F6500007EBC70307EB430794F8943343F0020327
:10F6600084F89433B4F8F420D4F8F01009EB0700D0
:10F670000DF1580813F022FCCDF80880B4F8F430EE
:10F68000204608332B443B449BB2CDE900535B46F4
:10F69000B4F8D820B4F8D61005F032F812A9824692
:10F6A000304606F02CFD03230022CDE9082394F810
:10F6B000B83494F8E0105BBB1B4A04EB811109A835
:10F6C00006F088FBB4F8F43008AA3B44049203F136
:10F6D0000802CDE90292CDE9009342461FFA8AF36F
:10F6E000099812A906F026F994F8B834BDF82060FC
:10F6F00013B9099806F0B0FAAA195946204692B2F1
:10F7000000F03BF894F88D33013B84F88D337FE6AD
:10F71000042997BF054BFF205B1893F804020121D1
:10F72000FDF7B0FF0990CDE700015005506B0308CD
:10F73000F0B50F460646114685B0A2B114460C4DF1
:10F740000FCC0FC594E8070085E807004FF4FA7363
:10F750000221304601AA8DF80870ADF80A30FFF793
:10F7600047FC05B0F0BD1C22014812F079FCEDE722
:10F7700018860020002208213AE430B500F1D605B1
:10F78000134685B00A4629460446FCF769FB50B18A
:10F7900029462046FCF780FA90F82730013380F89C
:10F7A000273005B030BD0221204601AA8DF808108F
:10F7B000FFF71EFCF5E71FB55C1EC72C0FD890F8AD
:10F7C0008C430CB1052C0AD10292019101AA0021AF
:10F7D000ADF80C30FFF70CFC012004B010BD002088
:10F7E000FBE72DE9FF411E462A4B0D461F681446D4
:10F7F00097F88C339DF834800BB1052B47D1AA2D97
:10F8000045D82A460146244813F058FB0023CDF87A
:10F810000930039363886268ADF8043023888DF85B
:10F820000A20ADF80630237A8DF80830637A013B60
:10F830008DF80E30B8F1000F10D00121174B83F86E
:10F8400000119DF82810C3F8F82083F8F4100C9AE2
:10F850009DF82C10C3F8FC2083F8F51026B196E82B
:10F8600003000F4B83E803002B4638460A4A01A9E0
:10F87000FFF7A1FF044630B1002342F210720221CB
:10F88000184608F009FF204604B0BDE8F0810024C6
:10F89000F9E700BFFC6D00205C850020408500205A
:10F8A000448500202DE9F04F076806793B7885688C
:10F8B0006C2B8DB03CD16A7B531E022B38D87B78E1
:10F8C000012B35D13B79012B01D0042B30D1A94933
:10F8D000BB7891F8400E03F03F03984228D081F89E
:10F8E000403E8DF81E304FF41B71FF23ADF81C1005
:10F8F0008DF81F3029890023ADF824109E498DF81A
:10F900002D200988CDE90233ADF826100521019399
:10F91000AA7B07A8009209AA8DF820300A918DF8D9
:10F920002C308DF82E30FFF75CFF043E0437F6B222
:10F930003B78042B00F0658208D8002B00F0408251
:10F94000012B00F053820DB0BDE8F08F552B40F035
:10F950005B820023874CDFF8208204F64269C4F8FA
:10F96000423EC4F8463EA9F808302A898348A4F8E4
:10F97000422EB8F8002041F28831A4F8442E2A78AB
:10F9800084F8492E252284F8482E7D4AFEF742FA53
:10F99000FDF726FD78B17B4BB4F8422E5B8993428C
:10F9A00009D1B8F800209A4205D21420FDF736FD9F
:10F9B000012384F84C3EB4F8423EB4F8442E9A42F7
:10F9C000C1D0C82EBFD86F4DD4F8422EC5F86A20DA
:10F9D000D9F80420C5F86E20B9F80820A5F87220DF
:10F9E000B4F83621934200D022B9B5F8782093427A
:10F9F0001ED0EAB194F8493E93B9634B1B78042BAF
:10FA0000A1D00B20FDF70AFD95F822301BB1012390
:10FA100085F8673097E70DB0BDE8F04F06F0E2BE1D
:10FA2000042B05D10C200DB0BDE8F04FFDF7F6BC5E
:10FA300094F830207B78102A0ED103F0F802E02AE7
:10FA40000AD1BA7803F0070302EB0323C82B01D9CC
:10FA50000D20E8E70E20D5E7DFF82CB19BF8000079
:10FA6000002855D0012853D0484BDA7A0AB34FF01A
:10FA7000000883F80B801023DFF820A1C4F82A8047
:10FA8000CAF8048084F830300123C82241460AF1C4
:10FA90004300AAF8088084F8358184F83930A4F846
:10FAA000368112F0DDFA1A2241460AF5877012F00B
:10FAB000D7FAD9F80410364BD4F8420EB9F808201A
:10FAC00003C367631A8084F838603A7897F8019026
:10FAD000552A97F8028097F803A03B797FF433AF5B
:10FAE00009F0F802E02A00F0B38014D8C02A36D01A
:10FAF000C82A7FF428AF1620FDF790FC95F8242043
:10FB00004FEA1813B2EB181F40F007810F208AE765
:10FB1000FDF784FCA8E7E82A00F02781F02A7FF4AB
:10FB200012AF2B7E2B4493F85830012B00F0B0809D
:10FB30001B20FDF773FC2B7E0021022085F824306A
:10FB4000FFF793F96421002308FB0111114A1248C1
:10FB500084F831800DB0BDE8F04FFEF75BB994F842
:10FB60004C3E13B12B7E85F82430062E18D8012088
:10FB700059E700BF808A002066630020E4820020ED
:10FB800089DF0108BC82002038830020489F0020C4
:10FB9000A08A002069EE0108F4820020AA8A0020D1
:10FBA0003246394641F60F50EFF748F90028DED1CA
:10FBB00094F830304FEA1A15B3EB1A1F02D0102B0D
:10FBC0007FF446AF09F0070908EB0929B9F1C80F1E
:10FBD0003FF63EAF00269E4B4FF44871A3F1100054
:10FBE0009C4AFEF717F984F83050254485F85D608B
:10FBF00094F838501A22063D3146EDB2964884F802
:10FC00003551A4F8529112F02BFA616B238C043118
:10FC10002A469248A4F8363113F050F9304694F849
:10FC20003511FDF72BFC00287FF48DAE94F83521BB
:10FC3000B4F852319A4207D10320FDF7EFFB0DB023
:10FC4000BDE8F04F06F07CBD002384F85C307AE616
:10FC500094F84C2E12B12A7E85F82420072E0593A5
:10FC600085D93246394641F60F50EFF7E7F80028BC
:10FC70007FF47DAF04EB1A1292F85D20059B012AF8
:10FC80004FEA1A1106D19BF80030012B7FF45BAECE
:10FC90001520C8E694F83020914202D0102A7FF453
:10FCA000D7AE0AF0070A073EF6B203EB0A2A84F839
:10FCB00035615644C82EE6DC09F0070908EB09292E
:10FCC000B9F1C80F3FF6C4AE614B4FF44871A3F1D0
:10FCD0001000604AFEF79EF8504694F83511FDF783
:10FCE000CDFB00287FF42FAE616B5C4894F8352182
:10FCF00005315044A4F8529113F0E0F894F83531EE
:10FD0000B4F85221534493429EDB1220FDF786FB48
:10FD10000DB0BDE8F04FFEF7B7B82A7E9A427FF4E7
:10FD2000F5AE228CB5F878309A4204D0B4F836316A
:10FD30000BB1102077E64FEA0828494808F4E0683C
:10FD4000FEF714F94AEA080A1120A5F802A0FDF707
:10FD500065FB95F822301BB1012385F86830F2E588
:10FD60000DB0BDE8F04F04F0FBBB1620FDF756FBCD
:10FD700095F824304FEA1816B3EB181F3FF4C6AEBF
:10FD80002B7EB3427FF4C2AE228CB5F878309A4213
:10FD900003D0B4F83631002BCBD13148FEF7E6F86A
:10FDA0002B7EB3420AD1012300212E4486F858301D
:10FDB0006B69A5F878100BB108469847222032E607
:10FDC00028890DB0BDE8F04F06F050BE08339342CD
:10FDD000BFF4B9AD187879788842F7D12A46314610
:10FDE00038465B680DB0BDE8F04F18471D4B1E4A02
:10FDF000EDE7187879788842F0D008339342F8D349
:10FE0000A1E51A4B1A4AF9E71F2B7FF69CAD9F2EEE
:10FE10003FF699ADDFF85C80E022002108F614502F
:10FE200012F01EF908F6C4543246394608F6185046
:10FE300088F8C26D13F042F80FCD0FC42B68236011
:10FE4000802388F8143D0DB0BDE8F04F05F068BD83
:10FE5000DC8A0020A9DF0108B88B0020ED8A002091
:10FE6000BC8A0020F062000860630008606300083C
:10FE700090630008808A002008B5FEF7B1FE184B99
:10FE800093F82827D3F82407013A83F8282790F815
:10FE9000C1209F2342F0010280F8712490F8C42011
:10FEA00080F86F3480F874240022062380F8EC2058
:10FEB0000122B0F8C21080F87034A0F8721480F8F3
:10FEC000973480F8E62000F1E20100F26F42FFF77C
:10FED00072FCBDE808404FF47A7005F09BBD00BF8E
:10FEE000808A002010B50A4CD4F8240790F8973483
:10FEF00000F26F4200F1E201FFF75DFC30B194F8CF
:10FF00002837013BDBB284F8283710BDFF23FAE71E
:10FF1000808A00202DE9F04FA14CC3B00022D4F814
:10FF20002467A04B96F88E131D78A94202D0142D99
:10FF300040F075835D88A84203D0B5F5047F40F09A
:10FF40006E835A79142A03D0914218BF86F88E2303
:10FF50001B79013B102B20D8DFE813F019001F009C
:10FF60005C0350031C0022002B007000DC002C01FD
:10FF70008C02A002F1023103540311005A03D6F897
:10FF8000F030987843B0BDE8F04FFEF72FBE96F8FA
:10FF90009003F7E7002386F8E63043B0BDE8F08F22
:10FFA000FEF71EFE40F6B83043B0BDE8F04F05F056
:10FFB00031BD0025FEF714FEFF2006F0CDFAD4F87F
:10FFC0002427794BD2F8E200D2F8E610C4F86C5737
:10FFD00003C3D2F8EA00754A43F80C091846526880
:10FFE0009047D4F824379F2193F88F2383F86F1418
:10FFF000B2FA82F25209520083F8C02042F00402A1
:020000040802F0
:1000000083F8712494F8092D052183F8722494F85B
:100010000A2D83F8701483F8732494F80B2D83F859
:10002000B85483F87424062283F89724032384F8B1
:100030002837FDF777FA45F6C050B5E7FEF7D0FD53
:10004000D4F82407D0F8F030DA78511E11425DD18F
:1000500094F8091D0A4259D080F8C2201A79511E1D
:10006000114255D194F80A1D0A4251D080F8C3209C
:10007000597969B9B0F8E220A2F5807292B2B2F56E
:100080006A6F0AD8012004F023FB40F20B2045E7F9
:1000900094F80B2D31EA0202F4D180F8C4109A785A
:1000A00091072FD590F88F23002AEBD15A7980F849
:1000B000C420012280F8C5209B7880F8C1309F239E
:1000C00080F86F34082300F2724020F8023CFDF7FC
:1000D0004BFBD4F8243793F88F23012A07D193F8E8
:1000E000C42012F07E0F1CBF0022A3F8722423222A
:1000F00083F89724032384F82837FDF713FA4FF485
:100100007A7051E7012280F88F23CFE70220BAE707
:100110000320B8E7FEF764FD45F6C05005F07AFC11
:10012000D4F82457D5F8F03005F59360DA1C114661
:10013000233351F8046B994240F8046BF9D1022340
:10014000D5F8E200D5F8E610C4F86C37164B02F18A
:10015000200703C3D5F8EA0043F80C0B1E461068CD
:100160005168083203C6BA423346F7D12023A4F8B7
:10017000823795F8C4300E4884F8803713F00603B0
:100180001FBF95F88F33B3FA83F35B099B0084F8A4
:100190008137064B5B6843B0BDE8F04F184700BF9E
:1001A000808A00205A6D0308F0910020489F0020AB
:1001B000EC91002096F88F33012B04D196F8C430CF
:1001C00013F01E0F55D194F8EC37002B51D1D4F811
:1001D000F00700234FF48042029302A9A74BEEF7E9
:1001E000A9FD054600283CD1029DB5F800B02BF0D2
:1001F000FF03B3F5E24F02D0B3F5E44F04D16B88AF
:100200000733B3F5847F39D2D5E9089A6F683F0A7E
:1002100040F0C1804FF020083946424612A811F044
:100220001FFF424639461AA811F01AFF42463946C6
:1002300022A811F015FF282239462AA811F010FF34
:10024000B9F1000F0BD00BF4E043B3F5804F6A888F
:1002500005D0D11DBAEBD10F4FEAD1030CD26FF00C
:10026000860520218648EEF765FA0298EEF744FDF0
:1002700098E04FF4E020ACE7202B02D96FF089051D
:10028000EFE747F241118B4540F08580FF2A40F0AF
:1002900082807C4A28461A92794A2393CDE92628FF
:1002A0004946524606F5936612ABCDE91E68FAF749
:1002B000BBFD05460028D4D14FF400532AA81C9357
:1002C00014F0AEFF034610B16FF09205C9E7024685
:1002D0001AA912A8FAF735FA002859D105A91AA8BF
:1002E000FAF7E6F9002853D1664A1299059B914224
:1002F00018BF5B00202BB2D800234FF0606204A926
:1003000012A8CDE92A232C933293FAF773FA002826
:100310003ED104992AA821F4F061049114F087FFDA
:1003200003A922A8FAF766FA002831D103992AA86E
:1003300014F07DFF01230A934FF0005309A92AA866
:100340000B93FAF71FFB0CA912A8FAF7FAFAF8B9FF
:100350000CA92AA8FAF716FB06A91AA8FAF7F1FAC7
:10036000B0B906A92AA8FAF70DFB0FA922A8FAF737
:10037000E8FA68B90FA92AA814F062FF03252AA891
:1003800012F08CFF012802D1013DF8D167E728B1B6
:1003900048287FF464AF6FF0850562E70298EEF7B6
:1003A000ABFC05462846FDF7DBF808B1FDF796F9EA
:1003B000334B03F12002114653F8040B8B4242F8F1
:1003C000040BF9D1D4F824372F4903F5936203F5D0
:1003D000976352F8040B9A4241F8040BF9D12B4869
:1003E00022ADFDF7C1F92B46D4F82477284A07F54A
:1003F000936702F1100C2E4610685168083203C64C
:1004000062453546F7D12AADA846224A02F1200CB2
:100410002E4610685168083203C662453546F7D14A
:10042000194A32AE02F1400C354610685168083264
:1004300003C562452E46F7D1062219461A921AA81C
:10044000154A05F0C7FC3B46602241461A9805F064
:100450005BFC1A9805F000FC00220123D4F8240765
:100460001146CDE9003200F5936305F0FCFF182337
:1004700084F8283743B0BDE8F04FFDE400000209DE
:10048000CD980020200000B0A9910020C991002043
:100490008C690308ED9800200002C003FEF7A0FB62
:1004A000D4F82437D3F8F0205178052917D1D07823
:1004B00094F8091D884210D1107994F80A1D8842D9
:1004C0000BD1507994F80B1D884206D193F8C010D7
:1004D000907841F0050290420ED00720D3E50C2918
:1004E0000AD1927802F00302022A05D0092004F012
:1004F000EFF840F20A2011E593F8C41029B940F250
:100500000F200BE5520083F8C52093F8C520114257
:10051000F8D09F2183F86F14092183F8701400210B
:1005200083F8712483F8EC100322012183F89724C7
:1005300083F8E61084F82827FFF7D4FCDFE5FEF700
:100540004FFBD4F82437D3F8F01093F8C5508A78CD
:10055000954201D00A2096E52846033106F08CF832
:10056000D4F82477284697F8C53000255B0087F833
:10057000C530FDF700F8D7F8F06001460336334682
:1005800001223846CDE9005505F06DFF10222946BD
:10059000304611F065FD9F22D4F8243783F86F248C
:1005A0000B2283F87024022283F89724012283F817
:1005B000E65083F8EC20032384F82837BCE7FEF7E5
:1005C0000FFBD4F82437D3F8F02051780C2904D14C
:1005D000927802F00302022A88D19F2283F86F24C6
:1005E0004FF486720021A3F87024032283F8EC10E4
:1005F00083F8972483F8E61084F8282743B0BDE8F1
:10060000F04F6FE4042043B0BDE8F04FFDF714B89D
:100610000620F8E743B0BDE8F04FFCF783BF033294
:10062000B42A03F106037FF47FACB6E47FB5254C12
:10063000254B04F64C061D6840F2BC4200213046B2
:1006400011F00EFD2DBA30460021C4F81859FCF700
:10065000C1FF1E4B00251E601D4BCDF80A50C4F88B
:10066000003E1C4BADF80E501A8825238DF80A3039
:10067000FF23CDF806508DF80E30ADF8042001AB05
:1006800003CBC4F82E0918680123C4F8360940F2D8
:100690000120A2F58072B2F56A6F84F8DB3B98BF47
:1006A00094F80B3DC4F8246798BF03F07E03C4F8A8
:1006B000321984F8DC5B98BF84F80B3D04B0BDE8C8
:1006C000704027E4808A0020DC6C0020FC6D002054
:1006D000B9BA0108666300202DE9F041394F05469B
:1006E0003C8854B9FDF74CFF28463988FBF7E4F9FC
:1006F000354BC3F8A041BDE8F0812046FAF7BBFFB7
:1007000028B121462846BDE8F041FBF7D5B92E4C6B
:1007100094F8B566002D3DD14FFA86F816F007061D
:1007200016D1B8F1000F4ADA31460920EDF714FB73
:1007300094F85832082BDED1244B84F8086DC4F8A5
:10074000903E012384F87832BDE8F041FDF7B2BF56
:1007500029460920EDF700FBB8F1000F1B4E0BDB1B
:100760001B4BC4F8006E1B6840F20E20C4F82437FF
:10077000BDE8F041FFF7CEBB94F85832082BEFD11B
:10078000012384F8085DC4F8906E84F87832FDF790
:1007900091FFE5E7012D12D1320684F8080D0AD544
:1007A00094F85832092B06D1084B84F87952C4F8D2
:1007B000903EFDF77FFF730701D0FFF737FF3988C1
:1007C000A0E700BF66630020808A0020B9BA010854
:1007D000FC6D0020012908B50CD9FFF727FF064B57
:1007E00040F20E201A68054BC3F82427BDE80840E4
:1007F000FFF790BB08BD00BFFC6D0020808A002081
:10080000044B40F203201A68034BC3F82427FFF778
:1008100081BB00BFFC6D0020808A00202DE9F84FCD
:10082000374C054694F89CB18846BBF1000F60D167
:10083000DFF8DCA0334F344E8AF80000002846D0A1
:100840000428DFF8D09012D1304BC4F8EC11C4F872
:10085000A031FDF77DF89AF80030012B21D100235B
:10086000337089F800303B7084F8EC3722E00623BF
:100870005A460221584608F029FA244BC4F8EC8164
:10088000C4F8A031FDF764F89AF80030012BE6D0E7
:10089000022D11D0032D18D08AF800B086F800B0D0
:1008A0000CE003F0DDFA012389F800B03B7084F816
:1008B000EC373370BDE8F88F0123337089F800B04E
:1008C00087F800B084F8ECB7F4E70223F5E70622D6
:1008D0000221387084F8EC0707F0C1FC0B4B35702F
:1008E000C4F8EC81C4F8A031FBF780FBBDE8F84FF9
:1008F00086E70022BDE8F84F11461046FAF7B6BF6A
:10090000808A0020FC81002070830020D906020824
:10091000FB8100206D83002010B5154B1B7833B38D
:10092000072924D9134A438811885BBA9BB299429C
:100930001DD100240121104B104883F89C11214641
:1009400014800460FCF7E2FA0D4B1C70FFF758FFAF
:100950000C4B1B6883F8B944FCF776FCFDF710FEDE
:10096000224621462046BDE81040FAF77FBF10BD61
:10097000FB81002066630020808A0020DC6C002060
:100980007C6D0020FC6D002038B5214B93F8684643
:10099000002C3BD11F4C2478002C37D0062935D9A8
:1009A0001589012281781C4C83F89C21D0F80330F2
:1009B0001A4821800360FCF7A9FA2488E4B91022C0
:1009C0002146174811F04CFB164B1C70164B1C604F
:1009D0005C60FBF72CF8FCF755FAFCF771F9204640
:1009E000FCF70DFFFFF70CFF104B1B6883F8B944B1
:1009F000FCF72AFCFDF7C4FD002210461146FAF769
:100A000035FFE8B2BDE83840FAF7E6BE38BD00BFB2
:100A1000808A0020FB81002066630020DC6C0020BF
:100A20007D6D00208D6D0020446F0020FC6D002046
:100A30000A4B0B4A1B68C2F8243703F29C4102F6AA
:100A4000F85203F5936312F8010D01F8010D994274
:100A5000F9D140F20220FFF75DBA00BFFC6D002023
:100A6000808A0020F8B54E4A0346C2F824074A7926
:100A7000D70700F1948090F88E53012D08D10A68B1
:100A8000C0F8E2204A68C0F8E6208A68C0F8EA2088
:100A9000B3F8E4004A88904240F08180897AD3F824
:100AA000F04083F8EC106078021FD2B2092A76D8A1
:100AB000002D74D03B4DB3F8F46005EB820292F840
:100AC0007273B74205D940F20A20BDE8F840FFF73B
:100AD00021BA92F87363022E20D1A678F6074CBF94
:100AE00092F8752392F87423012A1BD0914226D1E3
:100AF000421F072AE9D801A151F822F05B0B020836
:100B00005B0B0208CB0A0208670B0208CB0A02083B
:100B1000CB0A0208750B0208890B020892F874735D
:100B2000012F12D106290AD80D4495F8962393F87F
:100B3000C6109142DCD093F8C5100A42D8D10720E4
:100B400003F0C6FD40F20B20BFE7B942D0D0012E22
:100B5000F5D192F875238A42C9E7A3781B0203F402
:100B600080731843B1E7A078000200F4807040F071
:100B70000800AAE740F2072093F8C52093F8C43094
:100B80009A4218BF0B20A0E793F8C52093F8C43011
:100B900052421A4240F2052018BF0C2095E7F8BDDA
:100BA000808A0020506B03082DE9F04FD0F800B088
:100BB00005469BF800600479982E8768E7B000F03E
:100BC000AF839F2E40F052850023CDE910339F4B19
:100BD0000DF13C081B88A8F800303B89A8F80230CA
:100BE0003B7813F00C0F14BF0122002288F8073065
:100BF00088F8052003F002023B7B42F0050288F8EA
:100C0000062088F808309BF800309F2B40F0858341
:100C10009BF80130062B23D19BF8053013F0060F0B
:100C20001ED18B4D95F8EC17D1B98A4B142241A8EF
:100C30004093209111F014FA44F2010140A8FCF70E
:100C400089FC854B05F5FE61439303F075FE08B101
:100C50008B3005D18149D5F8F00720AA03F074FF45
:100C60007F4BCDF84CB01E689BF80130ADF850407A
:100C7000022BCDF84880079329D0032B2DD0012BD0
:100C800040F0318398F80530DA070DD4022C0BD9E7
:100C9000414630469BF80220FBF74AF820B1414616
:100CA0003046079AFBF720F99BF80130013B022BF5
:100CB00000F22E83664CE022002104F6145011F05D
:100CC000CFF9842384F8143D04F02AFE25E304219F
:100CD000304612AAFEF78CF9E6E70025CDE91C554F
:100CE000CDE91E55CDE92055CDE922559BF80330BD
:100CF0000B2C0A93D8D998F80530DB0715D50A9B39
:100D0000DF0722D412AA06213046FEF771F9504AB5
:100D1000BDF83E30C2F82467B6F8E4209A42C3D149
:100D20004FF40170FFF7F6F8BEE7414630469BF8F6
:100D30000220FAF7FDFF0028B6D041463046FAF708
:100D4000ABFF0A9B0546D8076FD54FF00008042774
:100D50000BF1040999F800A05744BFB2FB1D9BB2E8
:100D60009C42A1DDBAF1000F9ED099F8012002F05B
:100D70003F03032B39D0042B49D0012B51D175B33C
:100D800095F82930032B2AD1BAF1120F27D109F196
:100D900002030DF1800C09F1120E624618685968C1
:100DA000083303C273459446F7D12B460DF1700CFE
:100DB00005F1100E624618685968083303C273457E
:100DC0009446F7D1052385F8293095F82830284630
:100DD00006EB831320331CAA20A905F0C2F999F968
:100DE0000130002B3EDAD144B4E7BAF1030F7FF4AF
:100DF0005BAF9DF841303046DB4399F80220BDF8E7
:100E00003E1003F00103FAF7EBFE8046E7E7BAF184
:100E1000020F7FF449AF3046BDF83E10FAF708FCE8
:100E2000DDE751063FF540AFD9E798F8058018F0A7
:100E3000010840F0F881002D00F0FB8095F8293082
:100E4000053B012B00F2ED8004271DE066630020C6
:100E5000808A00204171FF00000002097492002086
:100E6000FC6D00209DF84130DA0740F18C80B8F12C
:100E7000000F00F0D88198F81420012A40F0CA81B0
:100E800098F80230ADF83C30E31B9BB20DF5807949
:100E9000089330465B46CDE90149BDF83C20BDF8DA
:100EA0003E10009703F02CFC0B90BDF82C300BEBA0
:100EB000070A0993002D00F0BF8096F88C334BB9D8
:100EC00095F82930052B05D15146089A06F2913044
:100ED00011F0F4FF4FF0030996F8C83095F8282078
:100EE0001341D80729D518A9284605F008F9042385
:100EF0000E9396F8B83495F82810002B50D1B64AC6
:100F000006EB81110EA804F065FF089B0DAC0833B9
:100F1000CDE902A3089B0E98CDE900A30494BDF887
:100F20002C3040AA18A903F03BFA953096F8B83453
:100F300042D113B90E9804F08FFE96F88C335BBB48
:100F400095F82930062B27D095F82830089A0133D8
:100F5000DBB2032B28BF002306F2913185F828303D
:100F6000504611F0ABFF95F82830284606EB831366
:100F700020331CAA20A909F1FF3905F0F2F819F075
:100F8000FF09A9D108E0002D00F0378195F829303C
:100F9000053B012B7FF678AFB8F1000F33D140E06D
:100FA000042997BF8D4BFF205B1893F804020121A1
:100FB000FCF768FB0E90A8E7278813B90E9804F099
:100FC0004BFE002FB9D0062395F8282085F829304C
:100FD0008DF846200FABB8F1000F1FD09DF84120CF
:100FE00042F002028DF8412098F81420022A11D113
:100FF000159307213046C6F8FC8015AAFDF7F8FFC7
:10100000099B002B66D1022388F81430022385F84F
:1010100029304FE04046FAF7F7FAF1E7099B002B39
:1010200058D1022385F829309DF84130DC073FF57F
:1010300069AE01230793E7E003230E9398F813109A
:10104000674A06EB811110310EA804F0C3FE18AAFE
:1010500008F103010E9804F00AFE0E9804F0FCFD5E
:101060004046FAF7D1FA042315950E9398F8131019
:10107000594A06EB81110EA804F0ACFE089B15AC92
:101080000833CDE902A3089B4A46CDE900A30E9898
:10109000BDF82C30049418A903F082F995300CD1D6
:1010A0000E9804F0D9FD98F813308DF846300223DD
:1010B00088F814309DF84130B2E00E98278804F08B
:1010C000CBFD98F813308DF84630002FEFD0099BF8
:1010D000002BECD00A9B13F0020446D0D04600242B
:1010E00098F800904C44A4B2BC423FF6DDADB9F193
:1010F000000F3FF4D9AD98F8013003F03F02022A07
:101100002FD19DF84130D9073FF5CEADB9F1130F7E
:101110007FF4CAAD012398F80220BDF83E10304696
:10112000FAF75EFD08F10303C21C08F1130153F83E
:1011300004CB8B4242F804CBF9D14FF00103037585
:1011400095F82830C3749DF84130DA0703D443F092
:1011500002038DF8413098F90130002B42DAC8447F
:10116000BEE75B063FF5A0ADF5E70521304612AAC4
:10117000FDF73EFF1AF804200AEB04059F2A7FD1F1
:101180006B780E2B7CD09DF84110C8073FF58CADD5
:10119000112B4FD0132B61D00D2B68D10E239DF84E
:1011A000460086F86F24013086F87034C0B2FCF730
:1011B00005FD04784168262C3FF676AD224606F2FE
:1011C000714011F07BFEA31CDBB206F26F42304689
:1011D0000FA9FEF7F0FA67E500015005506B030810
:1011E000004440043F1BBFB20521304612AAFDF760
:1011F000FFFE002F3FF458ADBCE7B8F1000F3FF4FD
:1012000018AF022388F814303046079A0FA9FAF76E
:101210006BFE77E5022288F81420002D7FF4F6AEED
:10122000DD07F1D56EE5002D3FF46CAD022385F8A6
:10123000293067E5022F7FF437AD96F8B93440AA1C
:10124000002B079B08BF0123079341F29F23ADF8B2
:101250000031079B8DF802310323B8E7032F7FF499
:1012600023ADAB7886F8B934FBF7EEFF1CE5C6F882
:10127000F050A6F8F4700FA93046FFF7F3FB13E522
:1012800040AC14220021204610F0EAFE9DF84330C5
:10129000012F8DF80031BDF83E30ADF80831BDF8B2
:1012A0003C30ADF80A319DF844308DF80C319DF892
:1012B000463003F101038DF80D313FF4F5AC9DF894
:1012C00041302095990744BF01225A4B8DF8847014
:1012D00048BF1A70584B22941B68002B3FF4E4ACB3
:1012E00020A89847E0E496F88C331BB1079B072BA6
:1012F0007FF4DAAC98F80530DA073FF5D5ACFF2378
:101300004146C6F8F0B0A6F8F44088F80A30B3E7D2
:10131000FCF756F800287FF4CDAC67B0BDE8F08F3D
:10132000464B1A78002AF8D19BF801303E78402BC2
:1013300006F002063D7A46F021066BD00AD8042B4F
:1013400042D0062B23D0022B56D067B0BDE8F04F19
:10135000FDF7B0B903F0BF01812977D0802BF4D11C
:10136000092CF2D9364C374B2188A942EDD1197896
:1013700060888842E9D10BF10203284605F09EFA05
:10138000637C012B4DD80220FCF7F0FEDDE77B7B70
:10139000042BDAD12C4F97F85832022BD5D1112CCF
:1013A000D3D980200BF1020105F066F9FCF7C6FFE6
:1013B00010B10123C7F874320123C7F86462C7F87B
:1013C0009C5287F89832C0E70792FFF719FAFAF7AC
:1013D0002DFA1D4B079A022C83F89C2109D9012272
:1013E000C3F86462C3F87022C3F88C5283F88A226F
:1013F000ABE7FAF7FBFDA8E77B7B042BA5D1124BEB
:10140000C3F884220122C3F86462C3F86C5283F8E3
:1014100080229AE70B4B324628461978FAF7CDFC22
:1014200093E7032B04D0022B8FD1237C002B8CD08D
:101430000420A9E7B1830020408500207C6D0020B6
:10144000DC68002066630020808A0020A4F1140874
:10145000944B5FFA88F8B8F1800FCDE91822CDE9F6
:101460001A22CDE91C22CDE91E22B3F8009000F229
:10147000A0800BEB040313F809CCDBF80200DBF8C7
:1014800006105FFA89F918AB03C300922946624639
:101490004846FAF717F9002800F08B80484629469D
:1014A000FCF798FD804A1046FBF7BDFE30B9537833
:1014B0004B4503D11378AB4200F08B807B48FBF7A0
:1014C000B2FE40B992F88D304B4504D192F88C3081
:1014D000AB4200F081807448FBF7A5FE002874D170
:1014E0007248FBF7A0FE002863D00121DFF8BCA101
:1014F0008C204143501855546D4A80F80190126871
:1015000002F51C521032C0F8882000228AF802200E
:101510009AF8022022B19AF884202244942A48DCC6
:101520009BF801208DF80291A4F113090BF10A0335
:101530005FFA89F919468DF8002141A84A460793B8
:101540008DF801518DF8039111F0B8FC594818A994
:10155000FAF710F8A4F10F011CAAC9B240A8FAF7D3
:1015600019FBA4F10801082259441CA811F0B3FC8E
:101570000890F0B9504818A9F9F7FCFF49460798B8
:10158000FAF7E8FA9BF80A2012F010095CD09306EB
:1015900025D402F00F028AF8032001228AF8848001
:1015A0008AF802200BF10B0142460AF1040011F007
:1015B00085FC9BF80130C12B7FF4AFAE394B32462E
:1015C00028461978FAF7F9FBA7E60021DFF8D8A03A
:1015D0008EE7DFF8D4A09BE7DFF8D0A098E79AF871
:1015E00002100129E5D19AF8031002F00F0291428E
:1015F000DFD102229AF884908AF802200AF10401CD
:101600004A4620A811F05AFC20AB03EB0900A4F1D4
:1016100014020BF10B0111F051FC0322089BC14491
:10162000CAF888308AF802205FFA89F8B8F1000F0A
:10163000BFD0042340A87B7320AB40938DF8048176
:101640004297FFF7B1FAB4E7A4F114020BF10B01D2
:1016500020A811F033FC032202218AF80220484618
:101660000122CAF8889006F0FAFDDFE76C2E9BF89D
:10167000011001D101290ED03046FBF729F80028CE
:101680007FF44BAE0D4B1B7813B11F2E3FF645AECA
:101690009E2C3FF642AE284667B0BDE8F04FFEF7FD
:1016A00001B900BF66630020C467002050680020B5
:1016B000945E002083910020939100207C6D002097
:1016C00090F88E23094B0A2AC3F824070BD193F80C
:1016D000283740F20920013BDBB2FE2B38BF4FF424
:1016E0000270FEF717BC40F20920FAE7808A00205A
:1016F0000F4B93F82827C3F82407FF2A06D10322AB
:101700004FF4027083F82827FEF704BC52B190F81A
:101710008E330A2B06D000290CBF4FF402704FF411
:101720000370F1E7C1F50370013080B2ECE700BF50
:10173000808A002070B50D46D9B14B1F59425941DE
:10174000FFF7D6FF0022104C0221104606F087FD5D
:10175000E66886B130460022216904F1140383E86B
:101760000300C4E903222946BDE870401846FAF791
:10177000B5BC0121E4E7294604F1D802201DFAF79F
:10178000ADFCC4E9016670BD40850020F7B5044694
:101790000F46EFF7CBFA3946057846782046EFF743
:1017A0002BFD194A0346918810689279022C00900B
:1017B000ADF804108DF8062014D140F6FF72934264
:1017C0001FD1012D01D0042D1BD16A46002312F830
:1017D000011BB14215D00133DBB2052BF7D100203C
:1017E00003B0F0BDFF2B0CD1012D0AD16B460022B6
:1017F00013F8011BB14204D00132D2B2072AF7D14B
:10180000EDE70120ECE700BF9D6903082DE9F041F9
:101810001C46064601F00F0500BB090983F8471076
:10182000052D00F08E802046EFF73CFE6368013DF9
:1018300013F002011EBF94F8462042F0020284F821
:101840004620072D00F20A81DFE815F02B001D026B
:10185000B50008018400080108012201022802D114
:1018600083F84720DCE71B7A94F84600DB0963F332
:101870008200012D84F8460058D1636813F080037C
:1018800040F08180052953D0A4F85A3084F84720CD
:1018900084F84B102046EFF705FE63689A0700F1C5
:1018A0008380012284F84B201A40002A0CBF0120BB
:1018B0000320617808BF002260F303016170704962
:1018C00018BF01220878C0F3001100F0200040EAA0
:1018D000811128B194F8480040F0010084F84800D4
:1018E000012E00F0BD80022E00F08980002E40F015
:1018F000AF80217A03F080004D0705D594F846109B
:1019000041F0010184F84610002A40F0888028B197
:1019100094F8463043F0100384F84630002209233F
:1019200084F8543094F884300933A6E0052933D183
:10193000636813F040037FF479AFA4F85A3084F859
:10194000472063689F0705D594F8462042F00202BD
:1019500084F8462005225B0684F84B2002D42046FA
:10196000EFF7A0FD0122637862F303036370002E9A
:1019700000F0CA81964271D10A2384F8543094F859
:1019800084300A3336E00023A4F85A30102384F858
:10199000472084F84B307DE7002384F84720A4F8E3
:1019A0005A3084F84B103BE794F8462042F002028C
:1019B00084F8462075E7334B721E1B68012AC4F871
:1019C0003E30314B1B88A4F842304FF0030384F8BB
:1019D0004B302E4B1B7805D8012E84F847300CD0A5
:1019E0000D2305E023F00F0384F84730B6BB09232D
:1019F00084F8543084F85C3030E00A23F8E772B998
:101A0000180605D594F8463043F0100384F84630A4
:101A10000C2384F8543094F884300C332DE0227A6F
:101A200094F84610D20903F0800362F38201002B80
:101A30000CBF0122002284F8461004D0CBB243F040
:101A4000100384F84630002E3FF469AF022EDFD039
:101A500094F8463062F3C30384F84630BDE8F08161
:101A600094F85B3023F070030B4384F85B300A2357
:101A700084F8543094F884300A3384F85C30E7E713
:101A8000F9640020DC6C00206663002054640020B0
:101A90000023012E0CBF04F15F0004F15E0003700F
:101AA0006368590624D594F8863004F185074F2BD6
:101AB0004FEA131581BF042503F00F0343F04003E1
:101AC00084F886303946AA1C11F0F8F994F884207D
:101AD000EB1C9A42D1BF0022033A521BD2B2A5F1AD
:101AE0007901384684F8842054FA81F111F003FA20
:101AF00094F84630658943F0100384F846306368F3
:101B000004F1550713F0010F0CBF01220322637883
:101B1000012E62F30303637005F0600366D0227A3E
:101B2000520742BF94F85E2042F0100284F85E2013
:101B3000002B00F09580784BB4F842201B889A4225
:101B400040F08E8039463046EFF743F8002800F029
:101B5000878094F8088018F010087FD1012E6DD08E
:101B600039463046EFF74CF9424639463046EFF7F2
:101B70006DF9012239463046EFF77CF96389424618
:101B800003F0600339463046EFF78BF9638923F0A1
:101B90006003638139463046EFF706F8394605465B
:101BA0003046EFF759FB002866D0631993F8603090
:101BB000033505EB131505F0FF0501232F2D28BF75
:101BC0002F259E4284F84B3084F8545034D0022E96
:101BD00057D0002E7FF442AF093594F88430EDB22F
:101BE00084F854501D4484F85C5037E7002B3CD0F7
:101BF000494BB4F842201B889A4205D139463046F9
:101C0000EEF7E7FF0028A4D139460120EEF7CCFF1C
:101C100005463846EFF714FB88B3631993F8623032
:101C2000043503F0070353FA85F5EDB208232F2D91
:101C300028BF2F2584F84B300A35CEE794F8603062
:101C4000C5F3411504EB131393F86120154383F892
:101C50006150638923F060036381D5E7012ED3D0FF
:101C600039463046EFF7DFF894E794F8602004EB4C
:101C7000121282F86130C7E70235EDB29DE70335F5
:101C8000D3E70C35A9E7022384F84B3029B194F847
:101C9000463043F0020384F846300122637862F351
:101CA00003036370CEB196427FF4D8AE272384F845
:101CB00054301D2384F85E30184B04F15F0203F1A9
:101CC0001C0153F8040B8B4242F8040BF9D11B782A
:101CD000137094F8843027338CE6262384F854302C
:101CE0001D2384F85D300D4B04F15E0203F11C01ED
:101CF00053F8040B8B4242F8040BF9D11B78137094
:101D000094F88430263375E6092384F8543094F827
:101D1000843009336EE600BF66630020238500200F
:101D20002DE9F0436E4E85B03468002C5CD001285C
:101D3000628922D002280ABF012300236949A377C0
:101D400008BF81F8943E9005A37F3AD5002B4ED072
:101D50000021654A012B11700DD0022B36D1614A4A
:101D6000D2F8981E012906D81820604A00FB0122EB
:101D7000916801319160022529E05A4B616B83F82B
:101D8000940E0223A37794F82030013384F8203096
:101D9000574B1B685B1A029394F83830002BD2D053
:101DA000029BB3F5966FCED212F0600F03D104F10F
:101DB0003C00EDF7D3FE0121306805B0BDE8F043EB
:101DC000A2E0012BD7D0022BC9D083B10125227804
:101DD000D10619D57F23B5FA85F01A460021019462
:101DE0000093400900F064FB05B0BDE8F0833D4A74
:101DF000D2F8982E012A05D818214A433B48815829
:101E0000013181500025E2E76268D2075AD594F883
:101E10004B20052A56D033B10121364805B0BDE824
:101E2000F043EFF745BA3360334B94F82C001C6055
:101E300002F01CFD0128074694F884503DD12B3553
:101E400004F1550841463846EEF793FD0646D0B1F9
:101E500001222A4B1A7002F06FFA414600283846D8
:101E600014BF4FF496760026EEF7B3FE58B1414604
:101E70003846EEF7A3FE414681463846EEF794FE1B
:101E8000814508BF3D25637803F00F03012B0ED970
:101E90000023042103A8039303F09EFE039B05EB9C
:101EA0004502B3FBF2F102FB11332E44F51828462C
:101EB000EFF7E3F901461248B0E708B92A35BFE762
:101EC0002E35BDE7204606F033FF04F11400294605
:101ED0000C4AFAF703F9204605B0BDE8F043B6E234
:101EE0008C6C0020808A0020E46C00209067002029
:101EF000945E0020AD270208946D002072830020BC
:101F00009D2702081C9900202DE9F843AA4B0E4694
:101F10001860037A0546D90642BF438923F060035F
:101F2000438190F82C0002F0A1FC0128074624D040
:101F3000022800F09C8095F84B2095F84F3000283F
:101F400040F01D816C89A873600604F0600100F107
:101F50000881A00600F1F88004F00704032C00F0CB
:101F6000E580022C40F0C080002940F03B81032A2C
:101F700000F0F08085F84E60EFE0904B1C782B78F5
:101F800003F00E03022B03D195F82030002B44D030
:101F9000DFF83C8298F8B84EEDF766FEF8B195F898
:101FA0004C2095F85C30D207854A58BF02335268FE
:101FB00058BFDBB21078012811D1824911F804C052
:101FC000BCF1000F06D0BCF1010F3BD0012388F813
:101FD000943E04E0085512897B4B23F814202B789B
:101FE00003F00E03022B03D195F85E30FF2B0FD0C8
:101FF00098F8943E63B14FF0030901F0F4FDB0FB93
:10200000F9F303EB4303C01AC0B28442F5D004468F
:10201000002388F8B84E88F8943E6B89032C28BFBB
:10202000002413F0600F18D00F3413F4806FB5F84C
:102030004420E4B204D10E2143F48063A9736B8180
:102040002A820CE00C221933B3FBF2F35E4A04330C
:1020500032F814209342C2DBB8E70C34E4B213F434
:10206000007300F0C280012685F84E60C5E06B89E0
:10207000564A13F0600F917812791DD002290ED0C4
:10208000032A15D16A6812F4005F0CBF08240924E2
:1020900013F4806FB5F84420D2D10921CCE7032A8C
:1020A00008D16A6812F4005F0CBF09240824EFE726
:1020B0000824EDE70924EBE7022908D0032A0FD111
:1020C0006A6812F4005F14BF07240624C7E7032AD6
:1020D00008D16A6812F4005F14BF06240724BEE723
:1020E0000624BCE70724BAE7002960D1032A0ABF07
:1020F0003E4685F84E6085F84E7001247E2B18BF51
:102100001F4695F84B3003F00F03052B40F0D480A9
:1021100095F85E30980740F1DA806B68990675D4BF
:10212000B5F84430FF2B08BF7F276FE000293AD174
:10213000032A06BF3E4685F84E7085F84E6005249A
:102140007E2B18BF1F46DCE7002943D1032A144623
:1021500040F0A6803E4685F84E707E2B18BF1F4685
:10216000CFE700293AD1032A06BF3E4685F84E70D4
:1021700085F84E6004247E2B18BF1F46C1E76C898A
:1021800014F0600400F085800024B5F84410032AA0
:1021900008BF0026298285F84E60002C40F0878019
:1021A0005FBB0224D9E70524B5F84410EFE701240A
:1021B000B5F84410EBE700BF8C6C00205083002082
:1021C000049F00208E74002092740020046500207B
:1021D000808A00200324B5F84410D8E70424B5F819
:1021E0004410D4E7B5F84410D1E795F84B20032A02
:1021F0007FF43AAF1E4685F84E3095F84F307E2B6F
:1022000008BF0023022F1F467FF47BAF204685F8CE
:102210004F70EDF7B1FC85F82300002C00F0D08062
:10222000002385F83C30A4F10C03022B05F13C0798
:102230004FD885F83C400A2495F84C30DB0740F134
:102240009280614BD3F8982E012A06D818215F4B53
:1022500001FB02335A6801325A60EDF705FD95F82B
:102260004730002876D1A21F012A76D995F85A2046
:1022700095F8461022F0100201F00100C1F3800130
:1022800042EA001243EAC11385F85A2085F85B3010
:1022900042E0032A7FF4E8AE264685F84E40ACE7DC
:1022A0007E2B18BF1F46032485F84E6029E77E2B3E
:1022B00014BF1F46002724E76A689206A6D4B5F823
:1022C0004420FF2AA2D1032B18BF7F279EE77F2738
:1022D0009CE7A4F10F03022B13D8384685F83C4045
:1022E000EDF794FC00286BD1072344F6206202210D
:1022F00006F0D2F90122364B85F838601A70BDE835
:10230000F883A31F012B02D885F83C4094E7E31E15
:10231000012B07D885F83C402E4B384653F8243023
:102320009847DFE795F84C30A4F10802012A03F042
:10233000010381D8DFF890802BB198F8B93E13B92A
:102340003846FBF761FB95F84C30C3F3000388F87F
:10235000B93EDFE785F85D30DEE7384685F85E3068
:10236000FBF752FBD8E795F84B30013B072B27D8FA
:10237000DFE803F021180F26042626212046EDF77A
:10238000BAF8154B03EB8003D3F8A03338469847CF
:10239000C2E72046EDF7AFF80F4B03EB8003D3F80D
:1023A000B033F3E72046EDF7A6F80B4B03EB8003C1
:1023B000D3F8C033EAE739462046EDF7B9FB91E799
:1023C0000220BDE8F843ABE4808A0020906700203B
:1023D000B3830020EC670308506B030870B5164800
:1023E000ECF76DFD014630BB144C256835B16B89A7
:1023F0005B0520D52846BDE8704085E5104E214696
:10240000D6F8640313F0C8F8012802D129462068E1
:10241000F1E70C4B25601D686DB92146D6F8040321
:1024200013F0BAF80128014604D1074B20681B6855
:102430004363E0E7256070BD386D00208C6C0020A0
:10244000808A0020946D0020945E0020C6E7154B22
:1024500013B51A680021824204BF00221A60124B91
:102460001A68824204BF00221A6090220FF0F8FD21
:10247000F9F7FCFE40B107220221002005F0EFFE33
:102480000A4CF9F7F3FE18B902B0BDE81040A5E711
:10249000206801A913F080F80128F5D1019B984725
:1024A000EFE700BF8C6C0020946D0020686B00206B
:1024B0002DE9F7430B9C074620460E469846914669
:1024C00006F036FC94F83C30224D063B012B8FBFC2
:1024D0007F2194F84F3094F9491085F8B13E9DF969
:1024E000283094F82C0088BF85F8B11E85F8B21EFC
:1024F00085F8B39E85F8B48E85F8B53E02F0B6F93E
:10250000EFB1E6B13368C5F8A13E00253279124B30
:102510001A716B46D4E90501104A83E80300184696
:102520002946F9F7DBFD0E4804F02EFB2046FFF7A5
:102530008EFF00220B4B1A7003B0BDE8F083022817
:1025400001D1E57FE5E7A37F002B14BF022501251C
:10255000DFE700BF808A0020219900201C9900201D
:102560004C6F00207283002037B5054611F098FEAD
:10257000EC6911F00BFF0194164C0123002201A914
:10258000D4F8040312F01AF8019A052192F82430C5
:102590002846013382F82430002212F0AFFCD4F830
:1025A000BC3EAB4211D0D4F8C03E9D420FD0D4F80F
:1025B000C43E9D4205D1022304EB83040023C4F8EA
:1025C000BC3EFFF70BFF03B030BD0023F4E701234F
:1025D000F2E700BF808A00202DE9F7430546324B21
:1025E00001901868314A8542116818D1002018609E
:1025F00001238D4204BF002111602A782C4F02F084
:102600000E02022A0FD10023D7F864031A4601A94B
:1026100011F0D4FFFFF7E2FE03B0BDE8F083681AC3
:1026200043424341E5E76A6812F480422CD0D7F870
:10263000BC6E3EB1D7F8C03E23B3D7F8C43E002BE2
:10264000E8D102262C20D5F8309012F05DFF044628
:1026500068B14FF0000880F8288012F0EBF9154BB4
:10266000C4E906952360144BC4F814802362134B0D
:1026700007EB8606012120461A68C6F8BC4E12F008
:102680003DFCC7E70126DDE7D7F8040353B101237A
:1026900001A911F093FF019A92F82430013382F8D6
:1026A0002430B7E71A46F3E78C6C0020946D0020C5
:1026B000808A0020A569030869250208945E00202D
:1026C000012370B50446324E90F82C0086F8943EF3
:1026D00002F0CCF86378054603F10F0202F00F0216
:1026E00062F3030363701B0744D0032A42D894F8B3
:1026F000463004F13C006FF3000384F84630EDF7F8
:102700002DFA637803F00F03012B03D92046BDE8AF
:10271000704061E715BB638903F00702032AF5D116
:102720001C4AB4F8421012889142EFD194F95A2011
:10273000002AEBDB94F85C20402AE7D896F868265C
:10274000002AE3D123F0070343F00203638194F8E6
:10275000463043F0010384F84630D7E7022DD5D147
:10276000A37F002B08BF01256368E57743F440533E
:102770006360CBE7002294F84C3020466FF30003EF
:1027800084F84C30044B1A70BDE87040F1F792B9F0
:10279000808A00206663002072830020024B186844
:1027A00000B18DE7704700BF946D0020024B1868A0
:1027B00000B185E7704700BF8C6C00202DE9F04F19
:1027C000DFF884B185B0CDE901329BF800300646D0
:1027D0000D46002B40F0AD80EEF7CBF8019B824612
:1027E000012B02D1002800F0A48029463046EEF7E4
:1027F000E1FC514B1B88834203D129463046EEF75A
:10280000FBFCC1B20846F8F787FEFF280446DFF854
:102810003C910DD149480278012A28D899F8004006
:102820000132003C18BF01240270454A82F8C84EAC
:10283000002022B209EBC20749F832004FEAC20871
:10284000786009F83410E700BAF1000F6AD05EBB77
:102850006A7A120717D429463046EEF7A5F9824660
:1028600009EB070282F801A005F10B0128E0354AC7
:10287000127832B9324A92F8C84EB4FA84F4640934
:10288000D4E70124D4E7A97A09EB070205EB11117B
:10289000097B304601F01801917129460392EEF749
:1028A00083F9039A8246DDE729463046EEF77CF944
:1028B00009EB0702012E82465070D5D105F10C01BB
:1028C00008F10208C8445246404610F0F7FA29467B
:1028D0003046EEF77EF918B151464046F8F70EFE45
:1028E0000198F9F7C9FB09EB07014A7842EA00129F
:1028F0004A7086B995F90520002A02DA6A7AD30669
:1029000015D4029B1A7A02F0010209EB0703D97968
:1029100062F30001D97101238BF80030204605B025
:10292000BDE8F08FFE2109EB07029170D8E7012284
:10293000EBE7FF24F2E700BF666300208D6D002007
:10294000808A0020B2830020518300207D6D00200A
:10295000074B1B68587A50B1064A1168DA68521A58
:10296000002A4FF0000201DC5A727047104670478F
:10297000B8360020945E0020021E08BFEF2270B51A
:10298000114B1C68114B19799868914217D01E7C25
:102990001D7B9642596914D01E7E66B1012D0CD163
:1029A000001B091B8842B4BF002001200C2101FB41
:1029B00000331A7170BD0120F8E70020F6E700200F
:1029C000F8E70120F6E700BF945E0020B83600204B
:1029D00003460846C1B10A3351F823309BB19868C9
:1029E00038B1197891420CD950F82200003818BF3C
:1029F000012001215B6801FA02F21A4218BF084661
:102A000070470020F5E71846704728B191423EBF55
:102A1000002309B240F8213070470A3150F82130C4
:102A200033B1187890428CBF00200120800070479D
:102A3000012070470338C3B2012B08D81C22044B75
:102A40001860044B02FB00335A6801325A60704729
:102A50001899002074830020054B1B68012B05D8B2
:102A60001C2253430349CA580132CA50704700BF61
:102A70001899002074830020094B5B681B78022B97
:102A800003D1032828BF03207047032B07D1032855
:102A900004D0042814BFFF20012070470020704795
:102AA000049F002002291CD003D8012908D000234C
:102AB0000DE003390129FAD8D31CDB00642203E0BE
:102AC000D31C502253436022B3FBF2F39BB2064A5D
:102AD0000133D26902EB8002916911FA83F39361A9
:102AE0007047931C0522EFE704650020028810B5AB
:102AF00002F4E043B3F5005F2CD1C2F30223042BB0
:102B000028D181F0AA6383F4807333F47E1328D034
:102B100081F0AA6383F4007333F47E1321D0002381
:102B2000134C21F47E11A14218D1B2F5105F15D1DA
:102B3000428822F04001802902D0B2F5807F13D173
:102B40001A1F0C2A10D813F0010F0CBF00206FF0D1
:102B5000860010BD42F204039A42E0D16FF0850076
:102B6000F7E7C1F30543DBE76FF08600F1E700BF4D
:102B700000014005074A92F8543053B1002306493A
:102B800082F854300B68013B0B6013B9D36D5B685E
:102B900018477047B8360020A00B0020094B93F867
:102BA0008B20910708D593F98A20002AB4BF02220E
:102BB000012283F88D20704712F0080F14BF042201
:102BC0000322F6E7B836002020F0FF03B3F5E24F0A
:102BD0000ED1C0B241280BD1FF2A09D10B7823F0C6
:102BE00007030B70CB7F03F07F0343F04003CB77E9
:102BF0007047194B1A68194B197B187E41B19968B7
:102C0000891A00290FDC4FF47F4199800021197344
:102C100000B359698A1A002A10DC4FF47F421A82E5
:102C200000221A76704770B15869821A002A07DCB0
:102C30004FF47F421A8200221A7604E06FF00041BE
:102C40009142A8BF11466FF00043994202D0044858
:102C5000ECF77FB9704700BF945E0020B8360020C3
:102C6000BC800020C5E70148FAF7B8BD3C810020D0
:102C700010B40A4A92F8B330012B0BD802EB43048C
:102C8000013384F8B40082F8B33084F8B5105DF8ED
:102C9000044BE8E75DF8044B704700BFB8360020EE
:102CA0000B4670B4094C02F11806254610685168AD
:102CB000083203C5B2422C46F7D11068002B2860B9
:102CC000194670BC0CBF04200620D1E770370020E5
:102CD000002110B504460120FFF7CAFF144A154B26
:102CE00092F8DD101B6892F8950131B920B1D2F845
:102CF0009821D31A002B14DC10BDD2F8E010C91AA9
:102D00000029F3DD20B1D2F89821D31A002B0ADC78
:102D10006FF000439942EFD02046BDE81040ECF739
:102D200018B96FF000419942A8BF1946F0E700BFFB
:102D3000B8360020945E002070B5194C194DB4F8D7
:102D40004432012B19D8B4F84432012B14D1154D5B
:102D500094F84762286810F04CF886420CDA94F830
:102D60004722002310492868013210F036F8B4F8E1
:102D70004432013BA4F8443270BD286810F039F8A1
:102D800094F846229042DED300230749286810F0C9
:102D900024F8B4F84432013BA4F84432CFE700BF32
:102DA000B8360020109F0020549F00202DE9F047E6
:102DB000A2B08046DDE92A6491461F468A4611B9D1
:102DC0006FF086042AE00028FAD010AD20220021FE
:102DD00028460FF045F9B8F80030CDE914A9B3F54D
:102DE000105FEDD1B8F80230C02B1BD0B3F5807F57
:102DF0001AD0802B40F0868010239945CDE91033FE
:102E0000DED3002CDCD02822002118A80FF028F9EE
:102E100018A812F005FA48B16FF09204204622B0CB
:102E2000BDE8F0871823E8E72023E6E72C9B0F2B6B
:102E300065D9364BCDE90C00CDE90E00CDE918304F
:102E40001A90209009A92846F7F7D4FC02460028DA
:102E50004ED1099918A812F0EAF9314618A812F0D3
:102E6000E6F94FF001084FF00053694618A8CDF875
:102E700004800293F7F786FD284603A9F7F761FD62
:102E80000246002834D103A918A8F7F77BFD46F0C5
:102E9000005606A918A80697CDF81C800896F7F7E3
:102EA00071FD1B4B09A918A80CAE0996CDF8288016
:102EB0000B9312F0C5F918A810F0F0F90246B8B952
:102EC00037463B4603CBAB42206061601F4604F1AE
:102ED0000804F6D10023B3540132102AFBD1002498
:102EE0002D9B1A6018A812F09BF9002896D093E742
:102EF000212A14BF6FF092046FF08604F2E76FF09E
:102F000089048BE76FF0850488E700BF00000404A4
:102F10001000002010B5044660B1074B07481B683D
:102F200098472046EBF7D2FBBDE81040044B03481E
:102F30001B68184710BD00BF9C9D00205411002045
:102F4000A09D00200023F7B50779136004460E46C4
:102F5000436927B1FF2F1AD16FF0860514E0002BCB
:102F6000FAD1A36823F47F4323F00303002BF3D1AA
:102F70004FF6F87362889A422ED8194B19481B688D
:102F8000984750B16FF08F05284603B0F0BD6FF041
:102F90004042013B9342DFD2E3E707B901A8314643
:102FA000EBF788FC104B05461B680E48984710B19C
:102FB000002DE9D1E6E7002DE6D10FCCD6F800C010
:102FC00066460FC694E8030086E80300002FDBD1B5
:102FD000019BCCF81430D7E76FF08505D4E700BF2C
:102FE0009C9D002054110020A09D00202DE9F04F51
:102FF000884B87B007461B6887480291984704466C
:1030000028B16FF08F04204607B0BDE8F08F3B7900
:10301000002B00F0E780D7E90886B8F1000F00F038
:10302000F080002E00F0ED80B6F5005F80F0EC80BF
:1030300006F1240A51460120E4F752FC0546002817
:1030400000F0E580754A8460136841460360536868
:10305000243040F8203C7B68324640F8183C3B88DE
:1030600020F8143C7B8820F8123CBB6840F8103CE8
:10307000FB6840F80C3C3B6940F8046C40F8083CA5
:103080000FF01CFFD7F814B02146584604AAF7F7F2
:10309000D3FD8C300ED051462846EBF79EFA6FF0E8
:1030A0008A045F4B5C481B6898470028ABD0002C13
:1030B000A9D1A6E740F26C739A4510D8F7F76CFCDB
:1030C00021465846F7F726FD06F134088146414669
:1030D0000120E4F705FC064640B9F7F78DFC5146A0
:1030E0002846EBF77AFA6FF09804DAE74246214671
:1030F0000EF0B6FF4B4B994559D94B480368D90799
:1031000015D4DFF83491494BC6E902B4336000238B
:10311000019316E05A0950F8222003F01F01CA401B
:10312000D20705D409F5032909F20119EBE70023B9
:1031300099460133812BEDD16FF08D03DFF8FC90C0
:103140000193002352462946736006F110000FF0E8
:10315000B5FE4346324649463548F5F747FE80BB43
:1031600003904846F7F756FC4246039930460EF066
:1031700077FF3046E4F7C2FAF7F73EFC019B002BDD
:10318000ADD15846194604AAF7F756FD064620B9B0
:10319000049B9A4522D06FF0980600215846F7F715
:1031A00081FD51462846EBF718FA344679E70023AB
:1031B00031461A464846F7F741FC58B11D4B984234
:1031C00008D04246002130460EF04AFF3046E4F770
:1031D00095FA82E77368012B99D1F2E751462846A8
:1031E000EBF7FBF97B69029A13603B7E012B0FBF63
:1031F00002230023029A6FF096040CBF3B76136003
:103200004FE76FF086044CE76FF08D0449E76FF0ED
:103210008C0446E79C9D002054110020586F030841
:10322000A09D002081310800F4100020105D175E81
:10323000A80B0020FEDF00F00031080082310800FA
:103240002DE9F0479EB00446DDE92795DDE92978B0
:1032500092460E4629B96FF0860630461EB0BDE88C
:10326000F087002AF7D00DB9002FF4D12388B3F5E9
:10327000105F40F091802822002114A80EF0F0FE8B
:10328000202200210CA80EF0EBFE14A811F0C8FFBC
:1032900000287AD13146524620460CABF7F7C4FDE0
:1032A00006460028D9D10C9B23F00802102A01D031
:1032B000202BD0D1A9455CD209F110039D4255D2F3
:1032C0000F2FC8D94946102228460FF014FEA946F0
:1032D0000023334A09A90CA8CDE9142316931C93A3
:1032E000F7F788FA0446002833D1099914A811F099
:1032F0009EFF102114A811F09AFF4FF0010A4FF021
:103300000053694614A8CDF804A00293F7F73AFBDE
:1033100003A90CA8F7F715FB0446D0B9214C03A963
:1033200014A8F7F72FFB06A914A8CDF81890CDF82C
:103330001CA00894F7F726FB09A914A80995CDF855
:1033400028A00B9411F07CFF14A80FF0A7FF0446EF
:10335000F0B13A46002128460EF082FE0023012CEF
:10336000C8F8003011D16FF08B0676E70F2FAFD879
:1033700071E70F2F7FF66FAF002DA9D13A4629468E
:1033800028460EF06DFEC8F800506FF0920664E714
:103390001023C8F8003060E76FF085065DE700BFD6
:1033A00000010004100000202DE9F04FAFB01E46D0
:1033B000DDE93B958046CDE900123D9FE8B10388E9
:1033C00003F4E042B2F5005F1AD1C3F30222042AEB
:1033D00016D186F0AA6383F4807333F47E1306D08B
:1033E00086F0AA6383F4007333F47E1311D1C6F31D
:1033F0000544AC4201D8102C0CD96FF0860A60E06D
:1034000042F20402934204D186F0052383F4801330
:10341000EAE700242D1B09EB050B2246594618A8A4
:103420000FF04CFD009B002BE7D031464046FFF7E4
:103430005DFB8246002844D10146282224A80EF0D4
:103440000FFE202251461CA80EF00AFE24A811F0FF
:10345000E7FE002839D1DDE9001240461CABF7F742
:10346000E3FC824668BB3E9A954200F2A480B945CF
:1034700007D2BB4505D949462A4638460FF03BFDE1
:10348000B946504A26F47E16964240F0978014F0D2
:103490003D0FB2D014F00102AFD14B4978198842E8
:1034A000ABD84A491CA8CDE9241215A926922C9222
:1034B000F7F7A0F960B121289FD02C2805D16FF033
:1034C000940A50462FB0BDE8F08F6FF0920AF8E7EB
:1034D000159924A811F0ABFE44F4502124A811F052
:1034E000A6FE3A9924A811F0A2FE294624A811F0BC
:1034F0009EFE4FF001084FF0005203A924A8CDF81A
:1035000010800592F7F73EFA06A91CA8F7F719FAFA
:10351000064620B121283FF470AF2C28CEE706A93B
:1035200024A8F7F72FFA3A9B399ACDF8249045F062
:103530000059CDF82880CDF82C900C9243F0005221
:10354000CDF834800E92389A0FA90F92204A24A801
:10355000CDF840801192F7F715FA0CA924A8F7F7D7
:1035600011FA09A924A8F7F70DFA12A924A81297AD
:1035700044F00054CDF84C80CDF8509011F060FE2E
:1035800018AA15A924A81592CDF858801794F7F712
:10359000F9F924A80FF082FE044610B93F9A15608D
:1035A0008FE72A46314638460EF05AFD212C3FF46B
:1035B00024AF2C2C82E76FF0890A82E76FF0880A2B
:1035C0007FE700BF00014005000001200000060465
:1035D0000D0000202DE9F04FABB01D46DDE937842A
:1035E000DDE93973A3428146CDE9001205D86FF0B9
:1035F000890A50462BB0BDE8F08F009B07EB040B07
:1036000023B118B1B8F1000F03D1C4B36FF0860A2B
:10361000EFE7A4B3002FF9D0B9F8003003F4E0428B
:10362000B2F5005F2FD1C3F30222042A2BD185F01B
:10363000AA6383F4807333F47E1306D085F0AA6303
:1036400083F4007333F47E1326D1C5F3054629466F
:103650004846FFF74BFA82460028CAD10146282285
:1036600020A80EF0FDFC2022514618A80EF0F8FC10
:1036700020A811F0D5FD88B16FF0920AB9E7BBF12F
:10368000000FC9D1C2E742F20402934204D185F08F
:10369000052383F48013D5E70026D8E74846DDE903
:1036A000001218ABF7F7C0FB82460028A1D13A9B65
:1036B0001A1BB2429BD34745DFF8609125F47E1573
:1036C00035D908EB0402974224D2224641463846B7
:1036D0000FF011FC4D4540F09780B846002C2FD1DB
:1036E000022E1ED0102E1CD816F0010219D1484906
:1036F0003819884215D8474918A8CDE9201215A9CC
:1037000022922892F7F776F8F0B1212809D06FF0CD
:10371000920A08E04D4577D1002CE1D0B8F1000FB6
:103720000ED16FF0860A00223B9B1A6061E74D457F
:103730006AD1002CD4D0B8F1000FF2D0002FF0D015
:10374000B4F5803FCCD3ECE7159920A811F06FFDBC
:1037500046F4502120A811F06AFD369920A811F0F6
:1037600066FD214620A811F062FD01254FF00052B0
:1037700003A920A804950592F7F704F906A918A84B
:10378000F7F7DFF80028C0D106A920A8F7F7FAF864
:10379000369B359ACDF8248044F000580A95CDF830
:1037A0002C800C9243F000520D950E92349A0FA982
:1037B0000F92194A20A810951192F7F7E3F80CA977
:1037C00020A8F7F7DFF809A920A8F7F7DBF846F0FB
:1037D000005212A920A812971395CDF85080CDF869
:1037E00054B01695179211F02BFD15A920A811F0D1
:1037F00027FD20A80FF052FD212892D0002886D165
:103800003B9B34441C60F4E66FF0880A8BE700BFF2
:1038100000000120000005040D000020000140050B
:1038200070B58EB0054601A80C46F5F7C3F99DF8B2
:103830000C30012B27D105F17843B3F5002F03D8C5
:10384000224B2A199A421CD940F2024420460EB05B
:1038500070BDEA58013233D104339C42F9D874B1B7
:1038600045EA04039B07EFD14FF48032184B2846FA
:103870009A661849224611F013FF0028E4D100246B
:10388000E4E70023E9E74FF00066B36A03F178420A
:10389000B2F5C04F17D21B6B03F17843B3F5C04F9D
:1038A00011D20D48F5F78CF8B36A22461B6B2846F7
:1038B0009B6B0849984704460748F3F757FCC5E750
:1038C00040F20344C2E740F20114BFE700000808D9
:1038D00000900050805100203C0C00202DE9F3475F
:1038E000074689461446002A3DD000F00308C8F177
:1038F0000406964228BF16464FF0FF3A32460DEBBB
:103900000800CDF800A00FF0D9FAB44292BF00250C
:103910003D1905F00305CDF804A0A4EB050A2A46DD
:1039200009EB0A0101A8A7EB08080FF0C7FA042267
:103930006946404611F0B4FEA8B9AB199C4208D8BC
:103940008DB1042207EB0A000DEB020111F0A8FE75
:1039500009E0A21B521B09EB060108F1040011F05B
:103960009FFE0028ECD002B0BDE8F087F8B5044611
:103970004518073549420D40A5F108063046E3F7E2
:10398000D5FFA188301B628801EBE00189B2A2EB70
:10399000E00225F8041C25F8062CA288C310A2B169
:1039A000A4EBC2025788D180D9195180E2889AB11C
:1039B000D31A9BB204EBC20425F8023CA380084A48
:1039C0009368034493603046F8BD15F8082C42F024
:1039D000020205F8082CE9E725F8022CEFE700BF02
:1039E00050520020034BD3F8480210B1002110F0D0
:1039F0009DBC7047B836002010B5FFF7F3FFBDE857
:103A00001040024BFE209B69184700BF0465002050
:103A10002DE9F04E2F2B8A46814611461F469DF810
:103A200020C009D8364E96F8D4404CB196F88C3167
:103A30002BB1022386F84C320020BDE8F08E012421
:103A4000B8234FF0010B14FB03FE63432D4A2E4DA8
:103A500002EB0E002860F518A5F81691A5F8D6908F
:103A60004FEA1C1985F8DB900CF00F0985F8DA9005
:103A70000CF002094FEACC0C1344A5F8D4B0A5F819
:103A800018A1A5F8D8A00CF0080C49EA0C0C93F882
:103A900046900EF1850E29F00A094CEA090C83F8CC
:103AA00046C00823724486F84C42C5F80C2185F8BC
:103AB000583147B13A468D300FF000FA95F8583139
:103AC0003B4485F85831B823FA2203FB0464D4F848
:103AD0000C3108379A70099A84F8DC7004F5827307
:103AE00092E8030083E80300084B1B68C4F8E43045
:103AF000FFF7B9F896F84C020130C0B29DE700BF5D
:103B0000B83600208C370020B4830020945E00205B
:103B10001C4A38B5156803464A19C26001200C4694
:103B20005872E1B1184A92F8DD1051B102F1D40196
:103B30008B4206D0D2F8E010491B002901DDA142DA
:103B40000CDD92F8951171B110498B420BD0D2F86F
:103B500098315B1B002B06DDA34204DC38BDBDE8B9
:103B60003840FFF785B80A48EBF7A9F918B10021EA
:103B70000120FFF77DF82146BDE838400448EBF707
:103B8000E8B900BF945E0020B83600204438002019
:103B9000FC8000200020024BD860EBF711BC00BF76
:103BA000000008500A78497802F00F0303EB012364
:103BB00002F0F002134401460A2298B20FF07CB9D9
:103BC00003686BB18B4207D11B6803607047994251
:103BD00002D10B68136070471A461B68002BF6D1A0
:103BE000704700207047044B187880F0AA0011300D
:103BF000C0B21870704700BFA0740020BFF34F8F91
:103C00000549064BCA6802F4E0621343CB60BFF378
:103C10004F8F00BFFDE700BF00ED00E00400FA0594
:103C200037B5124CD4F84852ADB903232A46009355
:103C30002946012004F5147311F045FBC4F848022D
:103C400020B907220A4B5A62FFF7D8FF2B462A46B3
:103C5000294610F0B3FC0021D4F8480210F024FDEE
:103C6000013818BF012003B030BD00BFB8360020B6
:103C700000000850004870470014080008207047F2
:103C8000142070470020704740F6B7320A4B5B683B
:103C90009BB293420CD84FF47A72B3FBF2F3074A0B
:103CA0001344187A052805D0031F5842584170471D
:103CB0000020F9E7022070470080E00F586F0308EA
:103CC000094B5A69002A0EDB50B95A6AD207FCD454
:103CD0000122064B5A60044A53689B07FCD4704784
:103CE0000122034B5A6070470040005B0060005B9C
:103CF0000050005B1FB50023044601A8CDE9013345
:103D00000393F3F7F0F9BDF80E3003F00103A3605D
:103D10009DF804302370029B636004B010BD38B579
:103D20004FF4FA73174D1849044628464B61F4F7CF
:103D3000EFFC28BB022C16D0032C1DD0012C09D07F
:103D40004FF6FF72114BC3E9AA25C3F8A40203F58D
:103D5000287038BD4FF482210D480E4B8563C0E9B1
:103D60000C132C30F5E74FF4A02209480A4B856468
:103D7000C0E910233C30ECE7F5F768FD0748E8E7B9
:103D80000020E6E7A80B0020609D0020B836002048
:103D9000549F0020FFFF0400FF9F0500709F00203C
:103DA000F8B50D4614461E46002851D04168876874
:103DB0002944B9424CD8002A4AD0002B48D0077871
:103DC000022F03D9032F08D00120F8BDC068F4F7F3
:103DD00051F9003818BF0120F7E7013D042D1AD82A
:103DE0001C4B03EB45039989B1F5505F15D101F1E7
:103DF00000615A22204601F5F6210FF05FF8164DBA
:103E0000164A5A34134603CBAB42206061601A460F
:103E100004F10804F6D10020D7E701F47043B3F5AC
:103E2000805F08D1C1F30B01F2B241F07E61204600
:103E30000FF044F8EFE701F46043B3F5005FEAD117
:103E4000C1F30B0141F00061F2B241F4FC21EEE755
:103E50000420BAE7586F030870E4070860E4070815
:103E600010B50D4C237A33B90C4810232246032198
:103E70000068FFF795FF237A63F03F032372E37A2C
:103E800023F00103E372237B63F03F032373E37B9F
:103E900023F00103E37310BDFD8100208C1300208B
:103EA00010B500248CB0CDE90744CDE90944ADF844
:103EB0002C40FFF7D5FF164B16489B68CDF82A30EB
:103EC000154B1A7807ABAAB142F2046204937F2320
:103ED000ADF82820CDE902434FF480520623CDE906
:103EE000003240F6FF7201880AAB0420EFF788FD2C
:103EF0000CB010BD0193102342F201620093ADF8A3
:103F000028200A23FF2109AA0088FFF781FDEFE797
:103F1000FD810020666300207C6D0020F8B50C4612
:103F200015461E46002846D0416887682144B9429C
:103F300041D80778022F03D9032F08D00120F8BDFC
:103F4000C068F4F753FF003818BF0120F7E7013CC1
:103F5000042C2ED8194B03EB44039889B0F5505F1D
:103F60000FD100F100605A22294600F5F620FFF734
:103F7000B5FC1022124805F15A01FFF7AFFC0020F2
:103F8000DDE700F47043B3F5805F06D1C0F30B00AA
:103F900040F07E6032462946EFE700F46043B3F517
:103FA000005F06D1C0F30B0040F0006040F4FC203D
:103FB000F0E70020EEE70420C1E700BF586F0308D8
:103FC00060E407082DE9F04105468CB02822002165
:103FD00002A80EF045F825B32B78022B14D84FF029
:103FE0000008CDF80480AB680A2200936B68E8688B
:103FF00002A9F4F75BFE0024064602AFB44207D1E3
:10400000002CEED1204600E001200CB0BDE8F0818C
:1040100057F8041BE868F4F78FFF0028F4D1013447
:10402000ECE70420F1E770B50446124D40B1286872
:104030000EF029FD052803D10F4B06201B69984778
:10404000EFF31186302383F311880122214628687B
:104050000EF01BFD0022094B28681A700122114640
:104060000EF0C9FEFFF7BEFC86F31188BFF36F8F19
:1040700070BD00BF109F0020046500200165002076
:1040800070B5027843788618B1700021D41A0132D5
:1040900002F0070202700A4604F00704072C04BF6E
:1040A000013303F0070304F1010508BF4370CC1886
:1040B00004F00704044494F9024001318D42224483
:1040C000F5D892FBF5F040B270BD064B5B681B78EB
:1040D000022B04D0032B0CBF0220032070470420C6
:1040E000704700BF049F002070B500242646114B86
:1040F00011491A680968114D1960891A104AFFF7A9
:10410000E4FFA04200D870BD13881BB18B4205D9D3
:104110005B1A1380013402320135F0E72B78012B52
:1041200005D102232B70074B5B68DB88F1E72E700B
:104130001680EFE79C740020945E00208E740020AF
:1041400092740020049F002038B5234B234A5B68FB
:104150001B78032B03D0022B1CD103291AD11388FF
:104160001F4A00EB8000B2F90A40C3EB40031BB2C8
:104170009C42A8BF1C466FF03B039C42B8BF1C4644
:10418000184D28680CF000FD21462868BDE838402D
:104190000DF0F2BF7F2804D1134B1B881E3B1BB2CE
:1041A00005E008B17E280ED10F4BB3F9003012881C
:1041B000C2F10E0213440D4A1BB2B2F900409C42F8
:1041C000A8BF1C46DCE7C0EB4033C0EB8300084BC4
:1041D0001B8803EB4003E2E7049F00208C7400205F
:1041E00004650020109F0020006E00202A9F002000
:1041F000026E0020094B5B681B78022B07D1032855
:104200000BD1074B1B79022B08BF04207047032BEF
:1042100003D100280CBF032004207047049F002016
:1042200004650020092810B5114C09D00B2819D0BD
:10423000212819D9102200232270C4E9013310E08B
:1042400000220C4B03EB820319448A7D0F2AF2D81B
:104250000C21084B01FB0233403393E8070084E84C
:10426000070010BD0122ECE7024B03449A7FEDE703
:10427000049F0020586F0308064B042293F9051091
:1042800005487F2902BF054B5B6893F902100DF0CA
:10429000E7BE00BF04650020259F0020049F00208A
:1042A00070B50021044686B04FF0FF300EF062FE7C
:1042B00010B9124E14B9347006B070BD104D01AC77
:1042C0000FCD0FC42B684FF0FF3001A923600EF013
:1042D0004EFE10B100203070EEE706214FF0FF30A7
:1042E0000EF06CFC0028F5D101214FF0FF300EF0EC
:1042F00041FEB0FA80F04009EDE700BF48520020CF
:104300005870030808B5074B18680EF0BCFB10F096
:10431000010305D010F0060F14BF0120002008BDD6
:104320001846FCE7109F0020024B9B690BB1C8B2F6
:104330001847704704650020034B586818B18088FF
:10434000003818BF01207047049F00202DE9F84372
:104350000646FFF7BAFE0F460024DFF83C80DFF880
:104360003C90C5B2E3B29D4201D8BDE8F88300227B
:10437000D8F80000A1B20EF0AFFB5CB999F800309C
:104380000A3B012B06D83146D8F800000EF0EFFCAE
:104390000134E7E73946F7E7109F0020049F00202B
:1043A0002DE9F04F8FB0CDE90823DDE91A67189B9E
:1043B0008B460A93199BDDF870900B930546F9F72D
:1043C000F9F90022C9F800208246EAF721FA0446EA
:1043D00000286DD153464FF4007228460DA9EAF724
:1043E000A9FC0446002863D1334A2AF47E11914285
:1043F0000D9D13D1D5E9081268685FEA102818D01E
:10440000B8F1020F30D021463A4630460DF028FE72
:104410002846EAF771FC6FF0860404E02846EAF7C4
:104420006BFC6FF085042046F9F79AF8F9F756F916
:1044300030E00B9B284604930A9BCDE90679039351
:10444000099B05960293089BCDE900B35346FEF7FE
:10445000ABFF10F1860F044617D13A46414630466D
:104460000DF0FEFD0D98DAE70B9B284604930A9B9E
:10447000CDE906790393099B05960293089BCDE944
:1044800000B35346FEF790FF04460D9D44B92846FD
:10449000EAF732FC20460FB0BDE8F04FF9F760B8FC
:1044A0003A46002130460DF0DBFD2846EAF724FCB1
:1044B00014F1950FEED0B6E70001400573B5002565
:1044C0000E4C9B00C4F8B65284F8B9320C4BC4F8B9
:1044D000B252CDE90035A4F8B002C4F8B4226B465C
:1044E000084804F52C72A4F8BA52EFF7D1FC18B9B9
:1044F0000122054B83F8312002B070BDB836002090
:10450000A5EB01083C8D0020D88C002010B50A4C8A
:1045100022686AB1094B1978012903D10849097841
:10452000490706D1074B00201988904700232360D4
:1045300010BD00221A70FBE7109900208897002018
:104540003591002066630020034642F21071024A52
:104550000248F9F75FBC00BFC9EB0108849800204E
:10456000F7B5334C217E631893F85830012B5CD09B
:104570005520304B65881A78278C22802A44BA420D
:10458000C8BF7A1B2C4BC8BF2280C7F3022262F03F
:104590001F025A70C5F30222268842EA0112E1691D
:1045A0001870DA702944324624489F701D710EF04D
:1045B00085FC711D2048C9B22E44F8F721FFB7428F
:1045C0000CD101251D2084F87A50F8F727FF84F8D4
:1045D000235003B0BDE8F040FAF72EBB0023184A81
:1045E000184841F28831F9F715FC94F82220A37B92
:1045F0006089B2B1228814490732009143F0010367
:104600000D49D2B2F8F76AFF012340F2DC5184F879
:10461000233000230D4A0E4803B0BDE8F040F9F7FF
:10462000F9BB22880B490732E7E703B0F0BD00BFB2
:10463000BC820020B0980020959200209A92002021
:1046400089DF0108E48200206BEE0108C9EC010853
:10465000BC8A002061D40108F7B5074602201E4637
:104660000C461546F7F738FE0023F8B1154A80F8D6
:1046700021309178137063F30001A307A0F8427012
:10468000917015D5FF23104AA0F84430137824F018
:10469000030423F00203137044602B46CDE900604D
:1046A00001210220094AECF72BFF012003B0F0BDE5
:1046B000022124F0010444602B46CDE90060034A46
:1046C0000846F0E7F3810020218500206584002062
:1046D0009F22094B1B6883F86F24072283F87024FC
:1046E000032283F8900383F8710483F89724034B23
:1046F0001A70F8F717BF00BFA4910020A8910020FE
:10470000F8B5BDF81850BDF81CC03A2D089C2DD83E
:1047100041EA020EBEF1FF0FCFB2D6B222D9120A81
:10472000A2700422090A21706770E67090F8CF1019
:10473000A718A154B0F8CE10961D7970D0F8CC10FF
:10474000023D090AB970D0F8CC102A46F9704FEA38
:104750001C21397187F805C0991CA0190EF0AEFB19
:10476000A819F8BD022227706670DFE70020F8E77D
:10477000034805230221034A0068FFF7CFBB00BFAF
:10478000906D0020888600201322104B01211A70A2
:104790000022C3E90212C3E905225A6083F82820E7
:1047A0001A8683F8322083F8382083F8402083F873
:1047B000482083F85020A3F85A20DA6583F8602057
:1047C0001A74DA611A8483F822207047D88C00208A
:1047D0000246054808B5112101230068FFF7E0FAF9
:1047E000B0FA80F0400908BD906D002038B50D4644
:1047F0000446062128460EF098FB4FF0303305346E
:1048000044F8053C04F8013C2B18AB4201D00528C4
:1048100000D938BD13F8012D04F8012DF5E7F7B5DF
:104820000D461E460446F8B147688068D319834296
:104830001AD83E44B04217D3207802284FF0000027
:104840000AD8CDE900600A22E068F4F72FFA294679
:1048500005EB8002914201D103B0F0BD0B686568A1
:104860005B1B41F8043BF5E70020F5E7094A0346E6
:104870005268107868B101280BD0022805D143B9DD
:10488000054B18784000C0B27047032814BF0320BE
:1048900002207047049F00207C6D002070B5224BE1
:1048A0000546187892B040B3204B1C78002C36D1C6
:1048B0001F4B1B78022B34D11E4E21462A2207A8FB
:1048C0000DF0CEFB338807A8B3F5807F34BF0121FC
:1048D0000421F9F799F92323014620468DF81D306C
:1048E000FFF7C4FF0228368809D00B463046FF2167
:1048F000CDE9004507AAFFF78BF812B070BD7F2302
:10490000CDE902434FF4805340F6FF72CDE9001326
:104910000495314607AB0420EFF772F8EDE700206D
:10492000EBE72046E9E700BFFB810020E89000208C
:10493000708300206663002000232DE9F04F9BB0B8
:1049400000930B60438805468846002B00F0F980F1
:10495000038803F4E043B3F5804F00F0F28069462A
:1049600001AAFEF7EFFA044668BB009E6B68326A44
:104970003AB1D6E9089A6968090A28D06FF0860426
:1049800064E01B0A40F0D78028886F8800F4E04379
:10499000B3F5805F11D0B3F5005F0ED020F0FF00BB
:1049A000B0F5E24F40F0CA80F91D3046C908E9F77A
:1049B0007AFE04460028DCD005E03946E9F744FEDB
:1049C00004460028F0D00098FEF7A4FAA8E02B884F
:1049D0005A0427D503F4E043B3F5805F22D0B3F542
:1049E000005F1FD0B9F1000FC8D0BAF1000FC5D0D9
:1049F000B5F802B00BF10702072A4FEAD20711D02F
:104A0000B3F5804F0ED020220DEB02000DF028FBF5
:104A10003946284608AAF6F7A5F9044690B110F1E0
:104A2000860F13D12B8803F4E043B3F5805F02D0E7
:104A3000B3F5005F7CD151464846E9F77BFE04465A
:104A400020B965E0BA450AD26FF08C04306A10B123
:104A5000716AE9F7C2FD0023C6E90833B3E72822EB
:104A6000002110A8CDE90C9A0DF0FAFA10A810F068
:104A7000D7FB10B16FF09204E8E74FF0007312908B
:104A8000CDE91030189005A908A8F5F7B3FEC8B90C
:104A9000059910A810F0CBFB012303934FF00053AE
:104AA00002A910A80493F5F76DFF05A908A8F5F76A
:104AB00048FF38B910A805A910F0C2FB10A80EF0E5
:104AC000EDFB38B148282FD110A810F0A9FB002821
:104AD000A8D0CFE76B681B0A04D15A4649462888FC
:104AE000FEF772F800226B6872621B0AECD12B8809
:104AF00023F0FF02B2F5824F04D1413BDBB2012B20
:104B000088BF0137776210A810F08AFB0028B1D166
:104B100041463046FEF76AFA044600287FF453AF58
:104B200020461BB0BDE8F08F10A810F079FBA1E77C
:104B30006FF085048AE76FF0860444E76FF0850420
:104B400041E76FF08604EBE700232DE9F04FA7B0B3
:104B500013600F46904669461A46EAF7EBF8054699
:104B6000C0B9009CB4F8009019F4804F0DD0D4E97E
:104B700008A663681B0A08D109F4E043B3F5804F27
:104B800000F0F380BAF1000F08D12046EAF7B4F83C
:104B90006FF08605284627B0BDE8F08F002EF4D0D0
:104BA000014620220CA80DF05BFA32465146204601
:104BB0000CABF6F739F9054638B110F1860F00F065
:104BC000D4802046EAF798F8E4E709F44F43B3F5B8
:104BD000824F2AD1A9F14105EDB2012D94BF0025E4
:104BE00001250DF1500C0DF1300EBEE80F00ACE8C0
:104BF0000F009EE80F008CE80F002023002219937D
:104C0000169B01A923F0807323F4804343F40053DF
:104C100007EB050B14A8CDE9172B16930192F5F7B6
:104C200065FD014618B1204628E00125D9E7019B22
:104C300005EB0309B9F1200FCDF8049005D9204602
:104C4000EAF75AF86FF08905A4E728221CA80DF0AE
:104C500007FA1CA810F0E4FA0028E4D1012314A9F3
:104C60001A460CA8F5F76DFD68B1012876D11CA88D
:104C700010F0D6FA009B00284AD00098EAF73CF8DA
:104C80006FF0920586E70E9B13F4C04F46D04A4B57
:104C90001E90CDE91C30249009A90CA8F5F7AAFDB7
:104CA0000028E2D109991CA810F0C1FA012304934D
:104CB0004FF0005303A91CA80593F5F763FE06A95E
:104CC0000CA8F5F73EFE0028CFD106A91CA8F5F7E1
:104CD00059FE02A914A8F5F709FD0028C5D1029BC9
:104CE000202B1BD8012243F0005309A91CA8CDF8A2
:104CF00024B00A924FF0030B0B9310F0A1FA1CA8FA
:104D00000EF0CCFA012827D1BBF1010BF7D1AEE7A9
:104D10001846E9F7F1FF6FF08B053BE71CA810F090
:104D20007FFA009B0028A8D11846A7E70DB10423FD
:104D30003B70C8F800901CA810F072FA009B002885
:104D40009BD11846E9F7D8FF054623E72046E9F747
:104D5000D3FF6FF085051DE70028E7D04828DDD197
:104D60001CA810F05DFA002887D12388009C03F46A
:104D7000E042B2F5804FE9D144F2010223F4405100
:104D8000914207D003F44F43B3F5824F02D0B3F5FD
:104D9000844FDBD1202E3FF652AF32465146384683
:104DA0000EF08CF80021C6F12002B8190DF058F968
:104DB0002046C8F80060C5E70000010210B5B2B097
:104DC0000446B222002105A80DF04AF940F27A53B8
:104DD0000E48ADF81C300E4B90F8A5201B7801A9A9
:104DE0009B1A8DF81E309430230A8DF81F308DF8F1
:104DF0002040E4F7A7FD0521064A01AB07A8E4F728
:104E0000CEFB80F00100C0B232B010BDE89D0020A2
:104E10007E51002029730008134607B588B1426807
:104E20001144826891420CD80278022A0BD8C068DB
:104E300001AAF3F7A9F9003818BF012003B05DF803
:104E400004FB0420FAE70120F8E7094B5A68D00771
:104E50000DD5EFF31182302181F31188596AC9070A
:104E60005CBF0121D96082F31188BFF36F8F704757
:104E70000040005B094B186F00F00700431E032B36
:104E800003D8DFE803F00608090400207047082073
:104E90007047022070470520704700BF0080005017
:104EA000F0B54FF00066B36AADF5337D03F178429B
:104EB000B2F5C04F01D21B6B2BB94FF401742046E1
:104EC0000DF5337DF0BD1A48F3F77AFDB36A40F271
:104ED000C1221B6B00205B6A01A998470446144855
:104EE000F2F744F9002CEAD1114FB36A03F178428A
:104EF000B2F5C04FE1D21B6B03F17843B3F5C04F5D
:104F0000DBD23846F3F75CFDB36A00211B6B01A8C6
:104F10009B6A984705463846F2F728F940F2012384
:104F20009D42E2D040F203239D4218BF2C46C6E7C3
:104F30003C0C00204FF000639B6A014603F178426D
:104F4000B2F5C04F08D21B6B03F17842B2F5C04FE7
:104F500002D200209B6818474FF481707047054AC1
:104F6000054B013800D2704753F8041B42F8041B6C
:104F7000F7E700BF809B00207061000800232DE947
:104F8000F04789460B60002800F094804A4F7B6808
:104F9000984280F08F80073020F00705EFF3118AE8
:104FA000302383F311887E69AEB133787288DB07D2
:104FB0004FEAC20204D5F3886BB106EBC306F4E7EF
:104FC0009542F8D816F0070303D045EA03018A4258
:104FD000F1D3EB1806D18AF31188BFF36F8F192034
:104FE000BDE8F08772883969C3EBC2020139272A0C
:104FF00039614BD99D4205F1080842D0082130465D
:10500000FEF7B4FC0446A0444046E2F78FFC6288F9
:1050100005F10F01A2EBD102A8F80220E288CB082B
:10502000A8F804307AB3D31A9BB204EBC202A8F8F2
:1050300006309380B8F80430ED08E3803246002350
:1050400041461D486580E2F775FCBB680833BB60CC
:10505000237843F0010323703B6901333B6162888D
:10506000BB6803EBC203FA68BB60934288BFFB6076
:105070008AF31188BFF36F8F08340020C9F800400D
:10508000AEE73446BFE7A8F80620D3E79D420FD02D
:1050900008213046FEF76AFC04462378324643F086
:1050A00001032370214601230348E2F743FCD6E7BE
:1050B0003446F2E7212093E75052002030B50346F2
:1050C000264A0078D2F8102328B95B78052B19D02E
:1050D0004FF0FF303CE0012804D15B78012BF7D181
:1050E00003200FE0022807D15B7893B3052B32D061
:1050F000072BEDD1082005E00328E9D15B78022BCE
:10510000E6D109200122154B00F11005D3F83044F7
:10511000AA4024EA0204C3F83044D3F83044A9403A
:1051200011402143C3F83014D3F82C141143C3F8B1
:105130002C140B49CB6E03F03003202B1FBFCB6E1A
:1051400023F0300343F01003CB66064BC3F8202452
:1051500030BD0620D6E70720D4E700BF00C00350CB
:105160000040005000E00350054B5A69D101FCD4C7
:105170000121044A51605A689207FCD4704700BF6D
:1051800000400059006000592DE9F04306460D46E5
:1051900089B019B9002009B0BDE8F08308684968F2
:1051A00002AB03C32C78A8682F7914F00C04B5F86F
:1051B0000290186007F07F0701D00120EBE721463D
:1051C00001200DF1030301AA01948DF80340E3F7D8
:1051D00083FA9DF80380B8F1000FEED0B8F1010F0B
:1051E00008D1019B1A884A4504D19B7803F07F03BC
:1051F000BB42E2D02748E9F762FE274B30B31F4697
:105200004FF0000C3A68964219D1D7F804E005AA8D
:10521000DEF80000DEF8041003C2DEF808001060BB
:105220009DF810204240520609D11A48E9F747FE7E
:105230000028C2D1FA211748E9F78BFEBDE70CF12F
:10524000040CBCF10C0F07F11007DBD11A6882B116
:105250001A696AB11A6A0AB902240AE00D48E9F724
:105260002EFE002896D1FA210A48E9F772FE91E74E
:10527000012421015E50019903EB041291605560F5
:1052800082F80C80054A1168002996D103EB0413BB
:105290001360CFE7AC5000207C500020AC4F0020C2
:1052A00008B58378A3F16402D2B29A2A14D9003BDC
:1052B00018BF0123094A5B42DBB21370084A13701E
:1052C000084A1370E3F7CAFF5023074907480B73D6
:1052D000FFF75AFF012008BD0020FCE71450002012
:1052E00015500020ED520020A6530020099600081A
:1052F0002DE9F04F00244E4FDFF854E185B0002532
:105300004FF0010AA9464B4B00941968ADF80440D0
:10531000D1F80480087AEBB2984208D80023464AB4
:105320004B600B7213709DF90230002B5EE0062279
:1053300002FB03FC08EB0C06B27838F80CC002F054
:105340007F0296F805B0013A002B3DD1D0B2062875
:1053500013D80AFA02F2ADF802308DF8043062F385
:105360000603ADF800C08DF802308DF805B03B683B
:10537000E14601333B600135CCE79DF802202E4821
:1053800063F3C712037013068DF802202FD54B78F4
:10539000BDF800208DF8083001238DF809308B7896
:1053A00026488DF80A302649264B09681A8000687D
:1053B000254B02AACDF80CD0E2F766FF003818BFE3
:1053C000012005B0BDE8F08FCC455FFA82FB10D11B
:1053D000BBF1060F1CD9C01A4E6008721B4A13603D
:1053E0000022154B1A709DF902309342CFDB022048
:1053F000E7E7C01ABBF1060F9DF902204E60087264
:10540000ECD801230C48002A0370BFF678AFBEE742
:105410009DF802300AFA02F2134363F07F038DF81D
:1054200002303B685A1E4EF822404EF823409EE759
:10543000A05300206C5300207C53002074530020A4
:105440007853002068530020358C0008405300201A
:10545000485300202DE9F0410025C6B01922294605
:1054600001A800950CF0FCFD344B354F1D70354BF9
:105470001C78354B641B18BF01241E683C70AA2E93
:1054800058D82946F82208A80CF0EAFD2F4B3246DE
:1054900009932F4B0DF12A0019688DF829600DF042
:1054A0000DFDE3F71BFB2B4D0128286044D92A4B47
:1054B00093F80080B8F1000F3ED1284B1E68B36905
:1054C000187910F0070333D0254B44F002041B6811
:1054D0001B788DF8D530FF238DF8D430E2F72CFF00
:1054E00004238DF8D6003C708DF8203000223068FF
:1054F00008A9E9F7CCFC003818BF012046B0BDE888
:10550000F081E3F7D5FA017811B16846E9F7B2FC0A
:1055100001342B689C42F4D303236C4635AD8DF8DF
:1055200020300FCC0FC594E80F0007C52B70DDE7C6
:105530001C46EEE70120E1E70220DFE75E53002092
:10554000705300207253002078530020B98C00085B
:1055500074530020645300207C5300209C5300208F
:105560006C5300206C23084A0849137101235371BE
:10557000074B09781B7803F03F0343EAC11393718B
:10558000044B1B78D3717047240E0020FA52002080
:10559000FB5200209853002008B531B10422E2F7F5
:1055A000AFFCB0FA80F0400908BD0120F9E72DE911
:1055B000F04F9A468BB09DF85030DFF858B1029307
:1055C000DBF81030804653450D461646C0F09B80F0
:1055D000D146DBF804300193B9F1000F00F08F8061
:1055E000D8F83C3001225B6907A901989847079BCE
:1055F000DBF80010C3F3D312914240F0878013F020
:105600007E0F1CD1D8F83C3002225B6908A90198B2
:10561000984708A8F2F784FA08270446019B029AE3
:105620003B44002A3CD1A6420FD9361B14464046C3
:105630000199F1F773FEA9EB04090190CCE707A8E3
:10564000F2F76EFA04270446E8E7A41B544528BF86
:105650005446032C03EB0607AAEB040A4FEA940214
:105660001CD9D8F83C30294638465B69984724F065
:10567000030304F003061F441D44002ED7D0D8F8BE
:105680003C3001225B6908A93846984732462846D3
:1056900008A935440DF012FC0026C8E72646ECE7C1
:1056A000274604F00302039223442A190492059327
:1056B000049BDD1B059BD81B039B9F420FD1002F32
:1056C000B5D0D8F83C30012208A95B6998473A4622
:1056D000284608A90DF0FFFB78B93D44A7E7D8F8A4
:1056E0003C30012208A95B6998470422284608A992
:1056F0000DF0F1FB08B9043FDAE74FF036094846F0
:105700000BB0BDE8F08F4FF06309F8E74FF06F0979
:10571000F5E700BF440B00202DE9F041884617460D
:10572000AAB09DF8C0400546962200210DF1120056
:105730001E460CF095FC8DF810808DF81170FCB1B0
:10574000224631460DF112000DF0B8FB0234E4B2EE
:105750001022002168460CF083FC9DF8C4302146DD
:1057600003F001038DF80D30329A6B4604A80195C1
:10577000E3F715FF80F00100C0B22AB0BDE8F08168
:105780000224E5E730B50F4C87B094F8BC3200F046
:1057900087005D1C8DF814300B4B84F8BC521B78CD
:1057A000029240EAC310032201238DF81500CDE9CF
:1057B00000238DF8161005AB5B210020FFF7ACFF2E
:1057C00007B030BDB83600200C0700202DE9F041AD
:1057D000047806462CB14FF0FF33C4F1200423FABD
:1057E00004F4254D0EF086FB0EF05AFD2B6893F85D
:1057F0005C30022B1DD10EF0C9FD0EF00DFE0EF037
:105800004FFD2B689F6D2B6893F85C30022B01BF16
:105810002A68936DA34393652B68002583F85C5039
:105820000EF0B4FD3C4022D1B3681BB3BDE8F0419B
:10583000184701272B689A6D9A652B6883F85C706E
:105840000EF0A4FD39464FF0FF300EF0E1FB0EF0F4
:10585000E3FD0028D3D10FF09CFDD0E724FA05F337
:10586000DB0703D5736853F8253098470135337843
:105870009D42F3D3BDE8F0815C0C0020F8B5164DD5
:10588000164F2A680446D7E90003B2EB533F0E4691
:1058900012D20B195B0BA96801338B426B600BD0E2
:1058A0004FF4005100EB4230F3F7A4F96B68AB60A2
:1058B00010B92B6801332B6016F00301386814BF50
:1058C000C1F104013146204418BF8919FDF7A8FF32
:1058D000BDE8F840F3F7BABF105800201C5800206C
:1058E00002280BD003280CBF02230323044981F8AC
:1058F0005230044B4C3118680DF08DBB0423F5E792
:10590000549F0020109F0020034804230021034AD5
:105910000068FEF703BB00BF906D0020806903089C
:10592000002202490248E9F7B2BA00BF949700206A
:10593000208000202DE9F04F8FB01D46DDE91A6769
:10594000189B8A460993199B9346DDF870800A9349
:105950000B90F7F72FFF0022C8F800208146E8F7E8
:1059600057FF044620BB4B464FF480720B980DA99D
:10597000E9F7E0F90446D8B9254A29F47E119142A5
:105980000D9811D1D0E908124468240A18D0022CCD
:105990002FD06FF086043A46002130460CF060FBB1
:1059A0000D98E9F7A9F903E0E9F7A6F96FF0850486
:1059B0002046F7F7D5FD0FB0BDE8F04FF7F78EBEE4
:1059C0000A9BCDE906780493099BCDE900ABCDE9AC
:1059D000025305964B46FDF7FDFD10F1860F044678
:1059E000D9D00D98002CD6D1E9F786F90FB0BDE8D3
:1059F000F08F0A9BCDE906780493099BCDE900ABB3
:105A0000CDE9025305964B46FDF7E4FD0446E8E771
:105A1000000140050A21034B41431B68024A034829
:105A2000F8F7F8B9FC6D0020C1160208A098002014
:105A300050B1436819448368994205D80378022B12
:105A400002D8C068F3F778BA7047034B033053F8B5
:105A500020300B60704700BF0000085007B50020E1
:105A600001A9FFF7F2FF9DF80500003818BF0120DB
:105A700003B05DF804FB07B5002001A9FFF7E5FFBF
:105A80009DF80500022805D0031F5842584103B075
:105A90005DF804FB0120FAE707B50B4B5B681B7848
:105AA000023B012B0DD8002001A9FFF7CEFF9DF886
:105AB0000500033801288CBF0020012003B05DF8E9
:105AC00004FB0020FAE700BF049F00202DE9F0430B
:105AD0003D4F06463B7897B01BB9002017B0BDE894
:105AE000F0833A4B18780028F7D10DF11E01F7F733
:105AF00093FABDF81E80B8F1000FEED1344B1D783B
:105B0000012DEAD141462E220AA80CF0A9FAFFF78E
:105B1000C3FFDFF8C090044600283CD004210BA846
:105B2000F8F772F83B780546042BCDF828800AD1A7
:105B3000FFF7A1FF00280BBF2723282310221822DC
:105B40008DF82D308CB308ABB9F8008000274FF0EA
:105B50007F0904934FF4805340F6FF724146CDE92C
:105B6000005304200BABCDE90279CDE90877EDF7BE
:105B700047FF4FF440530446CDE9005340F6FF720F
:105B800041460420CDE9039602970BABEDF738FFB1
:105B90002040C0B2A2E729460BA8F8F735F83B78B9
:105BA0000546042B0A94C3D01122CDE900262B1DF3
:105BB000FF2199F80000DBB20AAAFDF729FF00389F
:105BC00018BF01208AE700BFFB810020E890002079
:105BD000708300206663002008B5E8F7ABFD20B1B4
:105BE0000522024B5A62FEF709F808BD0000085072
:105BF000002313B504460193A8B104210DEB010065
:105C0000FFF7EAFF019BB3F1404F3CBF43F0404335
:105C10000193019B5A1CF0D01A0E22701A0C62706C
:105C20001A0AA270E370019802B010BD08B50220F4
:105C3000FEF775F8054B186038B1182200210448AA
:105C40000CF00EFA0122034B1A7008BD206E0020E2
:105C5000086E0020046E002008B5E8F7EFFF28B1B9
:105C6000F7F77EFCBDE80840F7F738BD08BD002314
:105C700070B58CB0CDE906330D461646214B4FF476
:105C8000807207A9E9F756F80446079814B1E9F7B6
:105C900033F80AE04368D0E908121B0A0DD0022B42
:105CA0001BD0E9F729F86FF086042046F7F758FC77
:105CB0000CB0BDE87040F7F711BD06AB049310239C
:105CC000CDE90045CDE9026308ABFDF7B9FA10F163
:105CD000860F04460CD10798D9E706AB049310232E
:105CE000CDE90045CDE9026308ABFDF7A9FA04460A
:105CF0000798E9F701F8002CD7D108B10446D4E79A
:105D00000CB070BD00444004F0B51D46002387B0C0
:105D100004930E4617462E4B4FF4806205A9E9F70F
:105D200009F8044688B90598038803F4E042B2F5FF
:105D3000005F28D113F4E06FC3F3022223D00124C3
:105D40009440032C14D86FF0850410230020049392
:105D5000C0F11002212128440CF082F90598E8F7DF
:105D6000CBFF84B32046F7F7FBFBF7F7B7FC2CE03B
:105D7000142CE8D8102C23D84368D0E908121B0A49
:105D800004D0022B12D06FF08604DEE704ABCDE91D
:105D90000243CDE900753346FDF708F810F1860F90
:105DA0000446D0D0002CD0D10498D1E704ABCDE983
:105DB0000243CDE900753346FCF7F8FF0446F1E7EE
:105DC0006FF08904C1E70028CDD107B0F0BD00BF56
:105DD0000002C0032DE9F047804688B00F46144604
:105DE0000021182202A80CF03BF9D8F8000002A903
:105DF000E9F706F8002800F0E680D8F80050774B65
:105E0000A5F5E026B6F5803F754A029320D394426B
:105E100017D0744B9C4261D14FF4407102A8F7F740
:105E200099FB714B0593033D032D26D8FDF72CFFFD
:105E300002284FF0000367D14FF48072039207935A
:105E40001BE04FF4805102A8F7F784FB0594EAE7C2
:105E5000039B0795D9B2002930D0944234D14FF436
:105E6000805102A8F7F776FB5D4B0593FDF70CFF19
:105E7000022845D140F20113039300236946C8F874
:105E8000003001AA02A80093FDF75CF8044660B94F
:105E9000009E039B326A002A3AD0D6E9089A039BF7
:105EA00075881B0A3ED06FF086040098FDF732F823
:105EB0002046F7F755FBF7F711FC84E023F0FF03CA
:105EC00043F001030393C8E7464B9C4206D14FF4CD
:105ED000407102A8F7F73EFB434BC6E7434B9C4299
:105EE00009D14FF4807102A8F7F734FBB6F5803F73
:105EF0000594BBD397E709223D4B5A62FDF77EFE1E
:105F00000128BAD10390B8E70128B6D1039396E7E8
:105F10001B0AC8D110213046E8F7C5FB044600280B
:105F2000BBD0C2E7BDF8080000F44F43B3F5824F81
:105F30000DD1002FB7D0C0B24138012804D81DB10F
:105F40000735ED08102DAED16FF08504ADE700F4F4
:105F5000E043B3F5805F02D0B3F5005FF4D1002DCC
:105F600008BF80252946E8F76FFB044600289CD12E
:105F7000EB1DDB08102B96D1BAF10F0F2AD94B4637
:105F800007F1100257F8041B974243F8041BF9D19C
:105F9000102373627388CBB97580BDF808301BB1CC
:105FA00032889A427FF47FAFBDF80A301BB1728805
:105FB0009A427FF478AF41463046FDF717F8044621
:105FC00000287FF472AF08B0BDE8F087AB427FF4E1
:105FD0006AAFE2E76FF0890467E700BF0024800042
:105FE0000002C003000150050001480500444004C0
:105FF00000000850052373B50C4615460146084AB3
:1060000001A80193FFF7E6FE019E2A46304621468D
:10601000FFF72DFE304602B0BDE870401CE600BF21
:10602000004440042DE9F047002688B080460F4622
:106030001C22314601A800960CF012F808F1010468
:1060400008F11105EA46D14606EB0A0208F11001F3
:10605000414506D00B780133DBB201F80139002B42
:10606000F6D021462846FFF7C5FF1EB37B1E1F371B
:106070009AF8002013F8011F4A40BB420AF8012B8E
:10608000F6D12B4604AA4D4603CD954218605960BF
:10609000A94603F10803F6D1234608AD144603CC04
:1060A000AC4218605960224603F10803F6D108B0EB
:1060B000BDE8F0871026C5E770B504460D4662B10D
:1060C0004B1E013A01F11F0013F8011F12F8016F76
:1060D000834281EA06011970F6D11022002104F1F1
:1060E00011000BF0BDFF0021601C10220BF0B8FF67
:1060F0000023237029462046BDE8704092E770B522
:1061000005460C46002188B01C2201A800910BF026
:10611000A7FF691C05F11002AA4206D013780133CB
:10612000DBB202F80139002BF6D06E466A4605F163
:106130001100FFF75FFF224604AC334603CBA342B6
:10614000106051601E4602F10802F6D120220021A3
:1061500068460BF085FF69462846FFF763FF08B0E5
:1061600070BD2DE9F047AEB00AAD07460C462E468D
:106170009846524B03F1100EAC4618685968083324
:10618000ACE8030073456546F6D123461EAD04F125
:10619000100C2C4618685968083303C4634525461B
:1061A000F7D122AC02F1100523461068516808327D
:1061B00003C3AA421C46F7D1062331466846404A2B
:1061C0000093FFF707FE009C06AB204620221EA985
:1061D000FFF79AFD2046FFF73FFD02AB1C46394D05
:1061E00005F108061A4628686968083503C2B542F1
:1061F0001346F7D12868A9881060AA7900259980EC
:106200009A71CDE90E55CDE91055CDE91255CDE97C
:10621000145526AE94E80F0007C626F8023B1B0C67
:1062200033708DF8A7502AAE94E80F0007C633806C
:106230001B0C06F8023F01238DF8B730062306A990
:1062400001A81F4A0193FFF7C5FDDDF804A00EADBC
:106250000DF198092B46494650462022FFF754FD80
:1062600095E80F0089E80F000DF1A80C94E80F00E5
:10627000ACE80700ACF800301B0C3370022312AE00
:106280004946202250468DF8B7303346FFF73CFD93
:106290005046FFF7E1FC95E80F0016AC1AAD84E814
:1062A0000F0096E80F0085E80F0042462146384669
:1062B000FFF702FF2EB0BDE8F08700BF266F03088E
:1062C0000002C003376F0308F7B5089F15461E4646
:1062D000019058B1A0F5E024B4F5803F04D23B46CC
:1062E00032462946FFF710FD03B0F0BD062301A892
:1062F000074A0193FFF76EFD019C3B46204632465C
:106300002946FFF701FD2046FFF7A6FCECE700BF9A
:106310000002C0032DE9F0430746884614468BB0BF
:10632000129D994602F1080602AB9C46106851681E
:106330000832ACE80300B2426346F6D1012330686C
:10634000CCF80000B188B2793846ACF804108CF86B
:10635000062041468DF81730CDF80090102302AA90
:10636000FFF7B2FF4B460DF1080C09F1100E624623
:1063700018685968083303C273459446F7D122461A
:1063800006AB9C46106851680832ACE80300B24284
:106390006346F6D102233068CCF80000B188B279A8
:1063A0003846ACF804108CF8062041468DF82730AA
:1063B0000095202302AAFFF787FF2B460DF1080C5A
:1063C00005F1100E624618685968083303C2734518
:1063D0009446F7D1224606AB9C46106851680832B5
:1063E000ACE80300B2426346F6D1032330681035AF
:1063F000CCF80000B188B2793846ACF804108CF8BB
:10640000062041468DF827300095202302AAFFF789
:106410005BFF2B4602AD03F1100C2A461868596841
:10642000083303C263451546F7D1224606AB1C4626
:1064300010685168083203C4B2422346F7D10423DE
:106440001068206091889279A180A2718DF8273020
:10645000139B414600933846202302AAFFF734FFDE
:106460000BB0BDE8F0832DE9F04F022A87B09E46BD
:1064700006468C4617469DF840309DF8449029D832
:10648000940104F1200A103400EB82188244044481
:106490001BB32D4D02AB05F108091A46286869683F
:1064A000083503C24D451346F7D12868A988106006
:1064B000AA7999809A71714643466046CDE900A455
:1064C00002AAFFF727FF012296F8C830BA4013430B
:1064D00086F8C83007B0BDE8F08F1C4D02AA05F160
:1064E000080B134628686968083503C35D451A46DA
:1064F000F7D12868A9881860AB79918093717146AB
:1065000043466046CDE900A402AAFFF703FFB9F1B4
:10651000000FD8D00E4B0121DD5D2846F7F7B2F809
:106520000C4A4146029002A8FFF754FC022128467B
:10653000F7F7A8F821460290064A02A8FFF74AFC9E
:10654000012386F8B834BEE7376F0308476F0308A6
:10655000546D03080001500537B50024054601A815
:106560008DF80440FEF734F900284AD0FF2D4AD1B7
:106570002D4B21462D481C70F7F737F92C48E8F7CA
:106580005DFB2C48E8F75AFB4FF00710E8F756FB85
:106590002948E8F753FB2948E8F750FB2848E8F773
:1065A0004DFB2848E8F74AFB2748E8F747FB274810
:1065B000E8F744FB2648E8F741FB2648E8F73EFBAE
:1065C0002548E8F73BFB2548E8F738FB2448E8F77F
:1065D00035FB2448E8F732FB2348E8F72FFB234834
:1065E000E8F72CFB2248E8F729FB9DF80430214806
:1065F0001C4011210123006801AA8DF80440FDF719
:106600008DFC03B030BD9DF80430002BF9D0E94378
:10661000CCB21940044B05481970F7F7E6F8284644
:10662000F6F7A9FFDFE700BFC0670020106F00206A
:1066300001000700040007000A0007000D00070022
:10664000100007000200070005000700080007000F
:106650000B0007000E0007001100070003000700F1
:1066600006000700090007000C0007000F000700E4
:1066700012000700906D0020F0B5441E10EA0407D8
:1066800005460E4693B04BD110F0870F48D04022FC
:10669000394602A80BF0E4FC02A8F6F7E3FC002858
:1066A0003ED0641144EA550404F0030402AB802D8B
:1066B00003EB041036D13346044606F11007224698
:1066C00018685968083303C2BB421446F7D1184C06
:1066D00040231021206802AAFDF720FC00BB8DF8A2
:1066E00000006846FEF774F8D0B19DF80010114F15
:1066F000294311483970F7F778F83B786A468DF8E6
:106700000030112101232068FDF708FC40B928461C
:10671000F6F731FF31460190084A01A8FFF75AFB0E
:1067200013B0F0BD102239460BF09AFCCFE700BF42
:10673000906D0020C0670020106F00200002C00391
:1067400030B5234C87B0237C0F2B3ED84EF6550234
:1067500000251B0141F288311E48ADF808208DF854
:106760000A301D4A0023F7F755FBA379009502A9CB
:106770000322208843F00103F6F7B0FE0122237CB8
:1067800004F12C00234483F83D201023A4F8165173
:106790002374F7F7EBFB0520F6F740FE0F4B94F858
:1067A000322114F84D1B83F8C052A3F8C8120C49CB
:1067B000A3F8CC52098803F5307303A859810394D8
:1067C0008DF810200593FAF7EFF907B030BD00BF40
:1067D000A08A0020E482002089DF0108B83600206A
:1067E000666300204FF2550330B585B02048ADF800
:1067F0000C3041F2883100231E4AF7F70BFB1E488C
:1068000090F822309BB1437E1C4A8DF80E3090F8F0
:1068100070300092B0F86A00032243F0010303A92C
:10682000F6F75CFE0620F6F7F9FD05B030BD144A18
:10683000117C10290BD0B2F8321192F81551B1FB2E
:10684000F5F405FB1411E3B209B10133DBB2537463
:1068500000228DF80E3090F870300092B0F86A0087
:10686000032243F0010303A9F6F738FE0520DAE717
:10687000E482002089DF0108BC8200206BEE010861
:10688000A08A002010B50C4CC822002120460BF035
:10689000E7FBA4F14D031422002118460BF0E0FBA6
:1068A000102200210274A0F816111A2204F1CB0064
:1068B000BDE810400BF0D4BBED8A0020F0B41E46BA
:1068C000214D12B32B460024DF78CFB19F78BFB1A2
:1068D0001F78874214D15F788F4211D11C235C430B
:1068E000306871680122231D2B4403C342F21071EA
:1068F0002B199A700C34154A2819F0BCF7F78ABA8C
:1069000001340F2C03F11C03DED100240E4B9F78C1
:106910009FB91C235C432B19DA70285559703068D5
:106920007168221D2A4403C2012204F10C009A70EE
:1069300042F21071054A2844DFE701340F2C03F1BD
:106940001C03E4D1F0BC704754690020A5B50108D0
:106950002DE9F843DFF8608000F0FC0498F8585007
:10696000E82C06464FEA90074FEA95050AD804F14D
:106970000309A0B2F5F7BCFF60B94C4502D0013461
:10698000E92CF6D1AF4211D04C22FF2108480BF080
:1069900067FB09E0AF4209D006484C23044A00686F
:1069A00007F50071FDF7FCF988F85860BDE8F88339
:1069B00036910020906D0020549F002070B5054650
:1069C000084619461C461646F6F736F8AB78F3B17A
:1069D000EB782078190903F00F03F61A042E17D963
:1069E0002B441A792A7231B96378C2F3410223F039
:1069F0000303134363700322237849008A4023EA88
:106A000002032A7AC2F3C1028A401343237070BD85
:106A100020F0030343F00103237008232B72EAE7FD
:106A200013460A4601460148E8F776BC4C6E002042
:106A30002DE9F0411D461646074688460A4CE022DD
:106A4000002120460BF00CFB2A46314604F10900D8
:106A5000A4F80680277125720CF030FA8223237087
:106A6000BDE8F041FEF75CBF94970020054B064A55
:106A70001B7812780146134302D11A468320D7E7C8
:106A8000704700BFFB8100201C8C0020002313B541
:106A90000C46CDE9003383074CBF072105216A4628
:106AA0002046F7F72BF9002321461A468220FFF7EC
:106AB000BFFF02B010BD05292DE9F04705460E467F
:106AC000904650D9294F2322002107F190000BF066
:106AD000C7FAEB7807F1880913F0040025D143F0D9
:106AE0000403EB702B68C7F88830AB88A9F8043032
:106AF00097F88D3087F88E30FCF750F8062E87F81F
:106B00008F002ED0B31F232B94BF34462924A91DF8
:106B1000A21F07F190000CF0D1F9631F4146BDE8B8
:106B2000F0478420124ADBB282E72B2E344628BF7E
:106B30002B242946224648460CF0C0F997F88B30A2
:106B40009B07EAD4FCF72AF82A2E87BF2A242B2693
:106B5000661CF6B2621F0748691D0CF0AFF9344697
:106B6000DBE70824D9E7BDE8F08700BFB83600208E
:106B70004537002046370020014600220148E8F74B
:106B800086B900BF007E002010B50446C06A58B127
:106B9000002203210EF0B2F930B194F83010A06B4E
:106BA000BDE81040E8F7C5B910BD08B50023437231
:106BB000074B93F8DD2052B993F895313BB905485E
:106BC000E8F77DF918B1BDE808400248DCE708BDE8
:106BD000B8360020FC8000202DE9F041AE4C94F83E
:106BE000B330BBB194F8B420013B84F8D42294F8BC
:106BF000B52084F8B33084F8D522B4F8B620A4F8D0
:106C0000B4200025B827A54E012D84F84C5204D994
:106C1000BDE8F08184F8D432F3E707FB054315FBA8
:106C200007FC93F8D43006EB0C02013B2260062BE4
:106C300036D8DFE813F007002E003500450092003B
:106C4000E8000501002307FB054585F8D43095F8D9
:106C5000DB30012B24D8D5F80C31D97811F00F0195
:106C600010D09D784FF0C80832230139C9B218FB03
:106C70000138FCF7B8FF6B1CB0FBF3F101FB13010B
:106C800008EB41011046FCF743FF022223681A700B
:106C900006E094F8D432012B07D0062B00F0AB802D
:106CA00094F84C520135EDB2AEE7FBF751FE0028E7
:106CB000F6D0B823042203FB054383F8D42045E033
:106CC00094F8D432002BEBD1B82101FB054191F8A7
:106CD000DA0010F0400E3CD10CF1850C06EB0C03F1
:106CE000C1F80C3191F8DB3010F0080F43F02003AD
:106CF00082F885304FF0400308BF4FF47A6182F884
:106D0000883018BF4FF4FA614FF0050C0123C2F828
:106D100089E0B82000FB054080F8D4C060480370CB
:106D20001046FCF7F5FE20685E4A43888179A0F89A
:106D30004230838801F0F701A0F844303830ECF796
:106D4000F1FD0028ACD1072223681A70FBF78BFFF6
:106D5000A6E74FF0060CC821DBE794F8D432013BDC
:106D6000052B9DD801A252F823F000BF856D0208C3
:106D7000A16C0208E16D0208A36D0208A16C020873
:106D8000F76D0208FBF7E4FD002889D0002384F8A2
:106D9000D632B82340F2071203FB0543A3F8D420F0
:106DA000D4E7DFF80CE1A4440CF1E80CBEE80F00D6
:106DB000ACE80F009EE80700B8238CE8070003FB4F
:106DC000054393F8DA2012F0090F01D1072274E786
:106DD000354A127883F8F220012384F8D6325FE72F
:106DE000B82303FB054394F8D512B3F8D820914299
:106DF0007FF456AFEAE7B82303FB054394F8D522A6
:106E000083F8D520E2E794F8D432042B0AD8022B79
:106E100012D8012B7FF444AFFBF79AFD00283FF412
:106E20003FAF02E0062B7FF43BAFB82303FB0543E3
:106E300094F8D52283F8D520B82303FB0543C5E792
:106E40000CF13003F018F35803B394F8D4320CF17A
:106E5000140C042B1FBFB82303FB054393F8D53054
:106E600084F8D532114B1A68B82303FB0543D3F8D5
:106E7000E410521AC3F8E82094F8D51206EB0C027D
:106E8000F5F72CF900222368C3E90C222068FFF7EC
:106E90008CFE00222368FAE6B83600208C370020EA
:106EA00052640020A12C020850830020945E002030
:106EB00070370020F8B5224B06461B8883423DD030
:106EC000204C214FD4F8E4203B6801219B1A224634
:106ED00004F5827042F8E83FF5F700F900252046F6
:106EE00000F8D45FC4E94155FFF75FFED4F89C2158
:106EF0003B6801219B1A04F5DE7004F5D072C4F8DA
:106F0000A031F5F7EBF804F5C670C4E96F5584F8C5
:106F10008C51FFF74AFEFE2E10D13046FBF72CFDB8
:106F20000C223B6802FB004403F5BB531033A36003
:106F300001232373BDE8F840FBF75BBEF8BD00BF3B
:106F400066630020B8360020945E00202DE9F04FE3
:106F500089B004464569E8F787FE267E237800F16C
:106F600009095FFA89F9A6EB0906052B95F8008057
:106F7000F6B200F08A800A2B00F087804FF0010BF8
:106F8000013EF6B20023A374A31C042218467249E2
:106F900001930BF0A0FF08B10123A3746F4B1B7882
:106FA000013B012B40F29780072E40F2948008F0BD
:106FB0001F08B8F1020F71D10E2E40F28C806B7851
:106FC000580707D5664B22891B889A4202D0A079C0
:106FD000FFF770FFEA7802F00F0303EB1213042BA4
:106FE00079D105F108031A460327009312F8010D21
:106FF00078B112F8013C002B6DD0114601235FFAE5
:1070000087FC11F801ED864565D00133DBB263459D
:10701000F7D9013FEAD1DFF848A12289BAF8003058
:107020009A4240D000224F4B1A704F4B227C1A706C
:107030002078F5F721F84D4BB8F1020F187040F0A9
:107040009F80A37C13F0010345D1687800F0030012
:10705000032840D1BAF800602289B2423ED1444AA6
:1070600092F8D612002936D0A17982F8D632FBF7F1
:10707000FFFD01212378A07905F10A02F5F7D4FB81
:1070800009B0BDE8F04FF5F7EFBCE269023ED379F5
:107090004FF0020B013BD371F6B273E7B8F1010F69
:1070A0008DD1112E89E7A37CD907BBD463691B7AE4
:1070B0001F2BB7D92F4B1B685B6902930DF0F0F8BB
:1070C000029BDA6B9B6B039202930DF05FF9DDE993
:1070D00002329A42A6D109B0BDE8F08FEA7812F0E8
:1070E0000F01F8D02944C978B142F4D1207E09F1CA
:1070F0000F0159448842EED10F32EA700F22AB7073
:10710000E3691B494B4481F82423C1F8D83201F2CA
:10711000253203F10C0053F8045B834242F8045B10
:10712000F9D1188810809B78134893700022134B74
:107130001A70D4F80230C1F8DE32E388A1F8E232E6
:107140002389A1F8E432E37A81F8E732402109B0DB
:10715000BDE8F04FECF7E6BBDC6C0020708300204C
:10716000666300205183002050830020108200209D
:10717000B8360020906C0020903900205264002026
:10718000BAF80010EB1CEA1D13F8010F8842A2D0D8
:107190009A42F9D1A37994F80BC08B429BD0002B73
:1071A00008BFEF23974A107A38B1EF2B107840F0E0
:1071B0009280FE288FD0EF288DD00C32002F00F067
:1071C000888027898F420FD08F4B1B7813F0300FA8
:1071D0000AD113F0010307D0B8F1010F00F08A8043
:1071E000A27CD20740F19A80884B27891B88BB423A
:1071F0007CD1A37C03F0010158EA01017FF46BAF5D
:1072000043F08003A374636908336361237E083B02
:10721000A3EB0903A3EB0B032376A37A1B0749D542
:10722000EE1C32462378E088F5F7FEFAF5F71CFCF1
:107230000F222946764B83F8242303F2253005F1EB
:107240000C0251F8047B914240F8047BF9D10A8882
:1072500002808A78827093F8E62222206FF3C302BC
:1072600083F8E622052283F8EB22E17A83F8E7121D
:10727000D4F80220C3F8DE22644A1288A3F8E2227E
:10728000E28883F82503072083F82E1383F826036A
:10729000A3F8E42283F82D23D5F803205D48C3F832
:1072A0002F2300223379402103715B4B57381A702A
:1072B000ECF738FB594BE28805A81A81228907931D
:1072C0005A8162690592227E8DF81820F9F76CFCCC
:1072D00001E7012767E798427FF46FAF5078604578
:1072E0006AE7BAF80030BB423FF4F5AEFF2F7FF4F7
:1072F000F2AE7EE74A4A02931278002AF1D00422C5
:10730000484900980BF0E7FD029B38B1697A2A7A68
:107310000A43A97A0A43E97A0A43E2D13C4F97F833
:10732000D4203AB197F88C211AB1022387F84C3255
:10733000D1E61A46237E87F84C22802B3FF6CBAE4F
:10734000B821B8F1010F08BF364B374808BF1B689A
:10735000DFF8DCA008BFAB6012FB01F301FB027297
:1073600000EB030C853318442946C2F80C0182F85F
:1073700058613246CAF800C00BF0A0FDA079FBF7B7
:10738000FBFA0C2303FB0077E37A7B71274B1B6826
:1073900003F56163BB6001233B73FBF72AFCEA78CA
:1073A00002F0F003013B3F2B3FF61EAF174B12F0EC
:1073B0000C0F18887FF418AFDAF80030019903F148
:1073C0003E0701F10C0C51F804EB614547F804EB62
:1073D000F9D10988083E39809F6B02F00F013944CA
:1073E0000F3A0871FA70A2795A80227A1E729A8036
:1073F00001221A7040229A710022C3E90C22FBF785
:1074000032FCF1E6BC360020F964002066630020FF
:10741000B8360020E7390020526400205483002051
:107420006D830020DC6C00208C370020945E0020EF
:10743000B48300200022074B90421A7018BF01222B
:10744000054B1A7003D005490548E7F782BD04488B
:10745000FFF79ABB708300206D830020E093040047
:107460007C8000200022024B02481A70FFF78CBB80
:107470006D8300207C80002010B5044690F8301009
:10748000806BE7F756FD044BE06A0221BDE810402F
:107490001A680DF033BD00BF945E0020F0B5ADB0AA
:1074A00004460F4616460021A5220DF109001D468F
:1074B0000AF0D6FD4FF41B730022ADF8043005210D
:1074C000234601A88DF806708DF807608DF80850E6
:1074D000E2F765F82DB0F0BD102200F53270E0F74C
:1074E00019BD10B50446E7F7EAFC10B12046FFF7D6
:1074F0004BFB064B40F2DC511A7B42F210732046E4
:10750000BDE8104001FB0231E7F723BDE89D0020F4
:1075100073B50446E1F71AFE134D2A6811888142BB
:1075200020D9526803B203EB8303DE0002EBC303EE
:1075300093F82020920715D4586801A9FEF72CF87B
:1075400080B12B685A68019B3244516999420CBF43
:1075500013690133019301995068E1F777FD2046E3
:10756000EFF762FD02B070BD1050002010B541B1C0
:107570000B7E411E013B5BB203301C0601D48142ED
:1075800000D110BDD45C013B01F8014FF5E72DE9B6
:10759000F04F0D461F466B4BB7B01B6800219B692F
:1075A0000446934605A81022B3F80CA00AF058FD33
:1075B0002846E1F735FD054618B9022037B0BDE889
:1075C000F08F5845F9D2204600242E46A14605A941
:1075D000E2F7B8F9284603A9E1F706FE039BAAF1F2
:1075E000070A1B7E1FFA8AFA039AB2F80280B8F1E2
:1075F000000F21D0C3451FD90136404603A9B6B2BA
:107600000093E1F7F1FD4645039A009B02D1117EFC
:10761000994206D00134137EE4B24FF00009464689
:10762000E2E703EB09021FFA82F913FA82F25245EC
:10763000F5DD0134E4B2F0E7284603A9E1F7D4FD13
:10764000039B002693F818904FF41763BF01ADF821
:107650002C306BBAADF82E30FBB2009349EA03032D
:1076600063F07F038DF831408DF832308DF8306053
:107670000DF13307DDF80C803846414604AAFFF7C8
:1076800075FF4E44042208F11C0104A8B6B20BF0A9
:1076900022FC28B19DF8322002F07F028DF83220C2
:1076A0009DF8302001328DF83020B8F8022053BA0E
:1076B0009046ADF806307AB193450DD901351046A4
:1076C00003A9ADB2E1F790FD4545039A02D1117EC1
:1076D00049452ED092F81890F11D002205ABC9B291
:1076E0000BA8E1F75CFF00283FF467AF0CB1013C49
:1076F000E4B2BDF806308DF83140ADF82E30009B75
:1077000043EA090363F07F038DF8323000238DF8DC
:1077100030302CB14FF4FA55FDF797FB013DFBD10A
:10772000B8F1000F0CD0C3450AD900260DF133077C
:1077300004E006EB09025245CEDC4F44454699E78A
:10774000FF203BE7DC0A002010B50346407E18B15D
:10775000012830D001201CE0187E022811D0042816
:107760001ED00128F6D193F9104091F900209442DF
:1077700001DD0C700CE093F914309A4209DD0B70B6
:1077800006E0B3F91000B1F90020904202DD088054
:10779000002010BDB3F914309A42DBDD0B80F7E70F
:1077A00018690A68904201DD0860F1E75B699A4256
:1077B000D0DD0B60ECE71A7E022A0CD0042A14D02C
:1077C000012AE6D11C7C08788442D2D81B7D9842DD
:1077D000D5D81046DDE71C8A0A88944201D90C806E
:1077E000D6E79B8A9A42D4D9D8E71C690A689442A2
:1077F00001D90C60CCE75B699A42CAD9D9E77FB559
:1078000005460191E1F7A2FC144C226811888142DF
:1078100021D9526803B203EB8303DE0002EBC303FA
:1078200093F82020920716D4586803A9FDF7B4FEF8
:1078300088B1236801A95C6834442046FFF784FFBF
:1078400048B101996068E1F701FC284604B0BDE841
:107850007040EFF7E9BB04B070BD00BF10500020CE
:1078600037B505460C46E0F79DFD0346A5B974B94A
:107870000F48104A002B08BF1046002300906946AD
:107880000D480193E0F7F0FA019803B030BD2146AE
:107890002846E0F7BDFDF0E7E0F74EFD854203D155
:1078A00024B121460120F4E70448E6E70448E4E770
:1078B000D40C0020CC0C0020336A0008A45E002009
:1078C000DC0C0020704708B50021084A0848E0F7A2
:1078D00027FA48B10023074AC2E90033C2E904335A
:1078E000C2E90833044A136008BD00BFFD6F0008F9
:1078F000AC5000207C500020AC4F002007B5002287
:107900008DF807000DF107010248E7F7C0FA03B050
:107910005DF804FB00080020F0B580BB334B344811
:10792000344A00251478EEB2B4422CD80026002543
:1079300090F800C0EFB2BC452CD84FF0000C0025E9
:1079400093F800E0EFB2BE452CD8BCF1000F2ED169
:107950006EBB742931D85D292AD8202927D01F2948
:1079600036D9222901D0552932D15368651C1570AA
:107970001955037842685C1C0470D15417E0002349
:1079800018461A46CDE75668765D0135B142CAD130
:107990000126CCE747687F5D0135B942CAD14FF077
:1079A000010CCCE75F687F5D0135B942CAD1F0BDFB
:1079B000A1F15E06104DF6B207E09F2912D8892981
:1079C00006D901F176060D4DF6B2F540ED07CCD49F
:1079D0005068651C157001551A785868541C1C7045
:1079E0008154E4E7FF29E2D0F2E700BFDC0C00207D
:1079F000D40C0020CC0C002001404000214020008D
:107A00004FF0004238B51D4B1D4C5A664AF6CD3337
:107A1000656C236405F00105C0B90120F1F764FE2F
:107A20006368D90701D42DBB38BD0122154B5A60BC
:107A3000154B226BD207F6D4013BFAD1F3E70133A1
:107A4000216B080705D59342F9D1ECE700230F4AD3
:107A5000F6E79342E7D020220A4B9A620122A3F56F
:107A600080535A60084B064A916A8906DBD4013B71
:107A7000FAD1D8E7024B064A1A64D5E700900050C5
:107A8000004009500060095041420F0040420F0081
:107A90003254FFFF074B1B7833B9074B1B780BB1F0
:107AA0000020ADE70120FCE7012BF9D0022BF9D033
:107AB000704700BF8A130020891300200C4B0D4A29
:107AC0009B6A13F00801936208D001210A4B1970D8
:107AD0000823D3621022094BDA62DBE7DB06FCD510
:107AE000054B19701023D3620822044BF4E700BF42
:107AF00000400950006009508913002000500950CF
:107B000073B5002504468DF807502046EFF7F6FBC5
:107B1000266B86420AD2236AB5EB430F06D20022B7
:107B200020460DF10701F0F7E9FB58B19DF8073049
:107B3000012B05D1002220460DF10701F0F7DEFBF5
:107B400002B070BD0135E0E710B508B301B30378AA
:107B5000FBB1013BDBB2022B1AD80F4AD35C42784F
:107B6000D340DB0714D5EFF31184302282F3118860
:107B70000378534303F1A04303F570335B6C427801
:107B8000D34003F001030B7084F31188BFF36F8FB0
:107B900010BD40F2FF13E2E7025C030808B50A4893
:107BA0000DF07CFA094B1A68510104D44FF0806241
:107BB000C3F880211A601A68120104D44FF00062E1
:107BC000C3F880211A6008BDCC5C030800E100E026
:107BD00070B500F124030446303053F8042F22B16D
:107BE000526812B10023E37070BD9842F5D10D7850
:107BF0000DB10123F7E7E378022BF5D0EFF3108600
:107C000072B6201D0BF024FE40F20323638094F82B
:107C1000243065704BB9EFF3108072B6054A1378C3
:107C20000BB1013B13700DF0F2FA3046BDE8704025
:107C30000DF0EDBAA152002073B51A4C0646B4F807
:107C400014310120ADF80430FCF7EDF90C22164D8B
:107C50002B7802FB0343154C403393E8070085E87B
:107C60000700114620680BF08EF96B681878FDF755
:107C700037FE0122206811460BF07FF9206801A928
:107C80000AF0FFFF66B1EFF3108072B60122084BD5
:107C90001A700DF0BCFA0022206811460AF01CFF91
:107CA00002B070BD586F0308049F0020109F002091
:107CB000016500202DE9FF470446407891469A4629
:107CC0008846FAF7B7FEFBF7ABFF054630B1FAF787
:107CD000C3FE0225284604B0BDE8F0870022002339
:107CE000CDE90023454E00234FF4000230680AF02E
:107CF000CCFF4FF6FF7130680AF0C5FF404BA3F888
:107D00004452404B5B78023B012B02D82846FFF7D8
:107D100093FF3D4B9B68002BDBD06078FAF7ACFEFD
:107D2000FF28074603D1FBF75DFE0425D2E7EFF3FA
:107D3000108072B60222354B1A70354B1F700DF051
:107D400066FA30680AF0B4FE0123424649463068BC
:107D50000BF043F88045BCD1002352460C993068A3
:107D60000BF03BF88245B4D13946207AFCF7ECF9A8
:107D7000E37983B1274BDA886AB1274A3946D25D65
:107D8000DA700022009230680AF0A4FE18B3FBF704
:107D900029FE01259EE7002302930123D4F80C90CD
:107DA0003068ADF80C30B9F1000F0CD00BF03FF893
:107DB00040F2F133A0EB09029A429EBF09F2F23978
:107DC000A9EB00000290002200923946306802AB15
:107DD0000AF07EFEDAE76078042805D82279D044DC
:107DE00021784244FAF75EFEFCF77EF901220B4B44
:107DF0000B4930680AF04EFE6CE700BF109F002070
:107E0000B836002004650020049F00200165002092
:107E1000149F0020189F0020259F0020F939020898
:107E2000C0C62D002DE9F7430446407891468846A8
:107E3000FAF700FEFBF7F4FE054630B1FAF70CFE48
:107E40000225284603B0BDE8F083414B9B68002B18
:107E5000F6D06078FAF710FE0428074603D9FBF73E
:107E6000C1FD0425EDE7EFF3108072B60322394B14
:107E7000394E1A70394B1F700DF0C9F92A4601218D
:107E800030680AF0B8FF364B4946424618460BF0B8
:107E900015F80346434418462279E1780AF0E0F8E1
:107EA00061792279DFF8C4908154237908F10102C5
:107EB00013443946207A89F84632FCF745F921798E
:107EC0003068C9000AF077F9A37901212A463068A1
:107ED000A9F8443289F847820AF08DFFFAF72CFF9F
:107EE0004FF400020023CDE9002330680AF0CDFEF4
:107EF00099F8461230680AF07AFF1A4A1A4BD25D96
:107F0000DA70DA8872B100952222394630680AF0B8
:107F1000E1FD0746002130680AF0B5FE4FB1FBF7DE
:107F200061FD8DE72B462222394630680AF0CEFDEE
:107F3000EFE76078042808D82379A279434403FB4B
:107F40000222217892B2FAF7ADFDFCF7CDF878E77E
:107F5000049F002001650020109F0020149F002036
:107F6000549F0020259F0020189F0020B836002035
:107F700008B5084B0022012118680AF0ADFDEFF3A7
:107F8000108072B60122044B1A70BDE808400DF053
:107F90003EB900BF109F00200165002010B50446C7
:107FA0000020FCF740F8104B18685968FCF7CEF930
:107FB0000020FCF738F80D4B5B681878FDF790FC53
:107FC00001220B4B114618680AF0D7FF14B1BDE827
:107FD0001040CDE7EFF3108072B6064B1C70BDE881
:107FE00010400DF014B900BF00000850049F00209D
:107FF000109F0020016500202DE9F041124F064638
:1080000038680AF040FD01281AD00020FCF70BF870
:108010004FF001080022386811460AF0AEFF012433
:1080200000252246386871190AF067FE20B1241A2B
:10803000A4B20544002CF4D14046BDE8F041ADE7C0
:108040004FF00008E6E700BF109F002008B5C368A6
:1080500000209847024B1868BDE808400DF0D7B8DB
:10806000140B0020F0B52F492F48ADF5197DF0F71E
:108070004FFB044690B904AD01465022284609F052
:10808000EFFF2A4B142200932946234626480194E9
:10809000F0F70CFE064620B9FAF76CFD0DF5197DD8
:1080A000F0BD274603AB55F824101F4802AACDE9BE
:1080B0000277F0F769F8039BB3F5007F15D855F800
:1080C000241018AA1848EFF7D5FF55F8243018489F
:1080D000B3F5A02F24BFA3F5803345F8243055F81D
:1080E0002410039B18AAF0F781FE0134A4B2B44215
:1080F000D8D3104C94F85430002BCDD004F120008C
:108100000221EFF700FD04F120000021EFF7BEFC93
:10811000002104F12000F0F7B5F9E06DFFF796FFBC
:10812000BAE700BF70700308D8360020FFFF0500D3
:10813000A80B0020B83600202DE9F347044600289C
:1081400059D090F80190B9F1000F02D08578032D35
:1081500011D1FF25A9460EE0C1453ED00BF014FA1F
:10816000301A002824DA0A3754F8273041461A78A2
:108170009868FAF74AFC4FF0000803274FF0FF36E3
:10818000434604F1240050F8042F42B1D2F808A06D
:1081900092F800E000225FFA82FCE64521D8013324
:1081A000DBB2032BEFD1731C25D0BD42D4D0D5E771
:1081B0000BF0EAF9351A84F80180A7700DD000267B
:1081C000271D384626620BF043FB234629463846D6
:1081D000CDE90066094A0CF079FF012002B0BDE844
:1081E000F0875AF8221021B1B1423EBF1F46E04647
:1081F0000E460132CFE70020F0E700BF01820208FF
:1082000037B50C46E9B18B78022B1AD80A3351F8EE
:108210002330B3B1E5784978ADB1012D11D11A7889
:108220009868FAF7F2FB0023637003232046A370DB
:10823000FFF782FF0DF107018DF807002046FFF7D9
:10824000C7FC03B030BD1A789868FAF7DEFB032349
:1082500020466570A37003B0BDE830406CE72DE99F
:10826000F347342600234643224F8146F51928461A
:108270000C468DF80730FAF7D0FB90468246A8BB33
:10828000BB5D9BB30D2303FB09430A3357F823302F
:1082900063B3EB78012B29D86B78934207D104366E
:1082A000B8190BF0D5FA032385F801A0AB700D23A4
:1082B00003FB09440A3457F8243041461A78986879
:1082C000FAF7A3FB57F8243033B101215A6801FAB9
:1082D00008F122EA01025A602846FFF72DFF0DF14E
:1082E00007018DF807002846FFF772FC02B0BDE8D1
:1082F000F08700BF600C00202DE9F04350021446C7
:108300001D468FB064D5964F964E97F82830012BB6
:1083100006D07B78023B012B02D930680AF04DFD74
:108320000023306808A9CDE908330AF063FE00286D
:1083300045D18D4BBDF8221097F828C019809DF8C3
:1083400020208A4BBCF1010F9DF826001A7009D03D
:10835000FF2903D040F6FF7C614503D184490978A9
:1083600000292CD08349097841B18349052894BF5D
:108370000918053191F8340180490870FE2A1CBFA4
:108380007F490A707F4A1278042A05D17E4A5268D2
:1083900052890AB901221A70197830680AF0EFFD83
:1083A00010F5007F08D0010400F1B780821C00D5D1
:1083B000421D764B92101A700320FB6898470022EA
:1083C0000023CDE900230023714A30680AF05DFCE8
:1083D000E20219D56B4B1B78042B15D16D4F3B78FE
:1083E00093B1FB6A83B1002201213846FAF715FBED
:1083F000064648B939460120FAF7EAFA20B1324672
:1084000001213046FFF72BFF614B1C4213D05D4B1F
:108410001B78042B05D1604B1C420CD00020FBF7CD
:1084200002FE00220023CDE900234E490023584AD2
:1084300008680AF02AFC594B1C4224D0584B494E7C
:108440001C4237680ED01422002108A809F008FE4B
:108450000321384608AA0AF0C2FC014610B1306870
:108460000AF0C3FC474B37681B78042B59D1002214
:1084700000233846CDE900230023454A0AF005FCD5
:10848000306808F08BF9200201D5FAF755FC04F0AA
:10849000AA4305F02202134335D0DFF8E880314EBD
:1084A00098F800303068032B2D4F40F0BD8014F059
:1084B000804FDFF8F09000F0B580B9F84432002B1F
:1084C0000CBF0424062400220023A907CDE90023C1
:1084D0004FF000034FF4000248BF07240AF0D5FB19
:1084E0004FF6FF7130680AF0CEFB0023A9F8443242
:1084F000FBF778FA0123204688F800303B6998475B
:10850000306808F04BF9AB0540F1B1800820144BFE
:10851000DB680FB0BDE8F0431847821E48BF421C1D
:1085200047E7230704F008023ED51422002108A8DB
:1085300009F096FD0321384608AA0AF050FC0028ED
:108540009ED09DF820303068072B99D10AF04BFC63
:10855000002895D0024B0120DB68984790E700BFC8
:1085600004650020109F0020EC6C0020449F002038
:10857000B18300207C6D0020586F0308469F0020C7
:10858000149F002001650020049F0020459F0020CB
:1085900030081100600C002000081100088D010057
:1085A000000D0100B836002004F4807313433FF43B
:1085B00067AF304BDB6913B11A6901321A611422BB
:1085C000002103A809F04CFD0321384603AA0AF054
:1085D00006FC07461822002108A809F041FDEFB16A
:1085E0003946306808AA0AF0FCFBB8B99DF8332078
:1085F000FE2A04BF204B1A78FBF767FD90420DD985
:108600001046FBF7F7FD0338C3B2012B06D818223A
:108610001A4B02FB00331A6901321A61306808F004
:10862000BDF82DE706244EE70AF049FA10B130688C
:108630000AF03EFAE20104F0807306D5FB6913B13B
:108640001A6801321A60022452E705F0020213434D
:108650000BD0FB6913B15A6801325A600022012124
:1086600030680AF0C8FB072442E7062440E70FB051
:10867000BDE8F08304650020149F0020906700206F
:10868000044B1B7813F0300F03D101220221104656
:10869000E5E57047F96400202DE9F04F05460C46EA
:1086A0001F46914685B0002A00F0AC80644B1B68E1
:1086B0009A4200F2A48040F2E7300021614B4FF46F
:1086C0007A721E680023E9FB060108F097FC8346D6
:1086D0004FF0340A0AFB05FA5B4E3A460AEB0608ED
:1086E00021464046FAF799F9002840F0888016F8AC
:1086F0000A30002B00F083800D2303FB05430A336F
:1087000056F82330002B7AD098F80130BB420CD1B8
:108710000AF1040A019006EB0A000BF099F8032312
:10872000019A88F8023088F801200D2303FB0543E5
:108730000A3356F82330D3F808A01A78B9F1000F9D
:1087400062D101205968B84001435960504639460A
:10875000FAF75BF94046FFF7EFFC342303FB0563B0
:10876000DB788DF80F00022B44D1002D42D1EFF3BE
:10877000108972B6354A1378FF2B38D0344E013346
:1087800013703378012B32D9EFF3108772B6DFF80C
:10879000D0A09AF80030FBB12E4C23781BB90123EE
:1087A00023702D4B1D702D4D2B781BB10AF0FAFE56
:1087B00000232B7038460CF02AFD01200AF072FECF
:1087C000EFF3108772B623781BB10AF081FE002305
:1087D000237000238AF8003038460CF018FD3078FA
:1087E000012804D001210AF033FE012333704846EA
:1087F0000CF00DFD40460DF10F01FFF7E9F905B052
:10880000BDE8F08F934663E7BAF1000F09D09742B5
:1088100007D2BBF1000F04D00AF0B6FE58444AF864
:1088200027000D2303FB05440A3456F82430002B9F
:1088300090D001215A68B94022EA01025A6089E7C2
:10884000B858002020110020600C0020A152002008
:10885000995200206A5800209A5200209F5200200E
:108860009B52002073B500206946FDF7EEF85C4B83
:108870005C4D5B681E78FDF70FF90246FDF7FBF8CB
:10888000023EF6B240B94FF47A63C5F85833012E70
:108890009DF8014045D80DE0012E9DF8014015D806
:1088A000A2B14FF4FA62042302210020C5F8582334
:1088B000FFF7F2FE022C40F08F809DF800300D2B68
:1088C00040F2818002240134E4B231E0002001A9A9
:1088D000FDF7BBF89DF80420C5F85C23002A45D1BC
:1088E000FBF781F9012E0ED82823B0FBF3F203FB2E
:1088F00012006423C0B210FB03F0002808BF184622
:10890000C5F85803D6E77823B0FBF3F203FB120354
:108910006422DBB213FB02F3002B08BF1346C5F839
:108920005833022CCFD19DF800300D2B4CD90124A7
:108930008DF80140009A2C4BDA60FDF78FF8002883
:108940004CD02A4B1B78042B48D8294BD5F8581308
:108950001868E6F7FEFAFDF781F800283ED00322FA
:108960000221002002B0BDE8704078E4052A15D845
:10897000FBF739F9022E34BF28237823B0FBF3F13B
:1089800001FB13001023013AC0B2904093404FF412
:108990007A725343642202FB003376E7062A02D040
:1089A000144B1B6813B94FF4FA236EE74FF4FA32F5
:1089B0005343B3F5FA2FC5F858337FF668AF00205C
:1089C000E6F7FEFC63E7042401338DF8003023460C
:1089D0000224A342ABD076E70423FAE702B070BDCD
:1089E000049F0020B836002000000850ED6D0020E4
:1089F000A86D0020F86D00202DE9F3410024DFF878
:108A000010813D4DD8F80000CDE90044FEF7BCF8D8
:108A10002B78022B0AD121462046F7F7FFFE0323CD
:108A20002B7000F077F802B0BDE8F081032B34D151
:108A3000324E376847B3324BCDE900441B78012BE7
:108A400019D16846FDF742F83368D8F80020013B99
:108A50003360B3B1FBF7C7F84623B0FBF3F101FB7A
:108A6000130064214FF47A63C0B211FB0031104649
:108A7000E6F76FFAD7E7022BE6D16846FBF70EFF61
:108A8000E2E74FF47A61F2E701232B7000F042F83D
:108A900039460720E5F760F9C5E7042BC3D1194C27
:108AA00094F86033DBB9FCF7F7FF48B1164B0320AD
:108AB0001B7984F86133E6F728FD012384F86033DD
:108AC0000024124B684600930194FCF7FFFF032338
:108AD00041F2883202212046FFF7DEFDA3E7FCF7D2
:108AE000DBFF05460028EBD194F86103E6F70DFDA6
:108AF00084F86053E4E700BFED6D0020F06D0020C6
:108B0000EC6D0020B836002004650020658802085E
:108B1000A86D002010B52F4C8AB02078022832D1E1
:108B20002D490120F7F77AFE00232C4ACDE90833BE
:108B3000117808AA29B32A49097802291BD1CDE95D
:108B4000033202934FF480532648CDE90013B0F866
:108B50003A012549ADF81C0040F6FF72042009884F
:108B600007ABEAF74DFF214B4FF4FA611868E6F7BF
:108B7000F0F90AB010BD194640F6FF70F5F7BEF8DF
:108B8000F1E7FF20FAE7032810D10024184B12491F
:108B9000C3F85843124B1B78022B18BF0220F7F77B
:108BA0003DFE00200AB0BDE8104025E7042801D1B1
:108BB0000949F4E70128DCD100210846F7F72EFE29
:108BC0000A4B1868FDF7E0FFFAF7E4FF0023237073
:108BD000CFE700BFED6D0020F58B02087C6D002013
:108BE000EC6D0020586F030866630020A86D00201C
:108BF000B836002038B504462C4D2868FDF7C4FF70
:108C0000012C16D12A4CFAF7C5FF23780021042B3A
:108C10000BD10520E5F7A0F8032302210020254A07
:108C2000FFF73AFD0523237038BD0620E5F794F8D9
:108C3000F8E7022C11D1204B1B78022BF4D1002233
:108C40001E4B2868C3F85C230322194B4FF4FA61CA
:108C50001A70BDE83840E6F77CB9002CE4D1184A18
:108C60001378012B20D0174A117841B116490C789E
:108C70001CB1003B18BF0123DC000023137000204F
:108C8000F4F792F90A4B1A781AB101221A70FFF719
:108C900041FF20460021E5F75FF8BDE83840032298
:108CA00002210020FFF7DBBA1470BDE7A86D002099
:108CB000ED6D002090D00300EC6D0020B836002050
:108CC00088970020A46D0020359100202DE9F04701
:108CD0004FF0340A0AFB00FADFF8509004460AEB22
:108CE0000908174640461A460D461E46F9F795FEF6
:108CF000C8B919F80A30B3B10D2101FB04510A318A
:108D000059F821307BB198F80330022B0BD841463B
:108D10002846F9F75DFE30B933463A4629462046E3
:108D2000BDE8F047B8E4BDE8F08700BF600C002064
:108D3000F8B5214D04461C220021284609F090F97F
:108D40004FF07F3394F82C00C5F805306B72FBF7B9
:108D50008DFD0228064618D004F155073946E7F77D
:108D600092FF90B130463946E7F71EFF064628715C
:108D700058B1E6F779FFD8B104F16101042E32460B
:108D80000E4828BF04220AF099F86389A28C03F0E8
:108D900067036B74637F6A822B7394F82630A26A30
:108DA0002B75638C6B81064B1B689B1A2B60F8BD7F
:108DB00004F16001E2E700BF1C990020299900201E
:108DC000945E002038B50446F0F7ACF9A04228D0F4
:108DD0000AF0B6F9012C054602D12146F0F758FCFD
:108DE000EFF3108072B64FF000710E4A0E4B5166D1
:108DF0004FF48062611E8A401A675A6E910103D453
:108E0000D3F88420920609D50CF001FA022C08D17F
:108E10002846BDE838400021F0F73ABCD3F884205A
:108E2000EBE738BD006000500040005008B508B9BD
:108E30000AF086F9054B1B7833B1054B984203D8ED
:108E40000120BDE80840BDE70220FAE7C458002031
:108E5000005A62022DE9F84F9246027804460E4607
:108E60001F46002A6AD0531EDBB2022B03D9FF2A09
:108E700007D0BDE8F88F5C4AD35C4278D340D8076E
:108E8000F7D5BAF1020F02D9BAF1040FF1D1EFF31D
:108E90001188302383F311882278FF2A16D0356891
:108EA000524B6078D3F81013691C40F08580D3F8DA
:108EB00024C400F0FC0E2CFA00F1C90703464AD581
:108EC00000210131C9B204293CD1356031684A1C06
:108ED0001DD12378FF2B1AD1444B6078D3F824544A
:108EE000024625FA00F3DB0700F0FC0C0DD5002349
:108EF0000133DBB2042B09D0C21802F00302624432
:108F000025FA02FE1EF0010FF2D1114631603268DF
:108F1000531C0ED00C21364B01FB02330A995F60C3
:108F200099602378FF2B1FBF01239340314AC2F879
:108F3000243488F31188BFF36F8F9AE740F2FF1350
:108F400042789BE7431803F0030373442CFA03F9B8
:108F500019F0010FB5D11D46072D4FF003092EDC86
:108F60004FEA850B09FA0BF94946234802FA0BF23E
:108F7000F0F722F849466278204802F0030202FA2C
:108F80000BF2F0F719F801231AF0050F1C4A18BF6D
:108F9000184903FA05F30CBFC2F81034C1F81034B5
:108FA0001AF0060F18BF134AC2F814340123144AEA
:108FB000AB40C2F8203488E7002DCDDA85E7A5F173
:108FC000080B4FEA8B0B09FA0BF949460D4802FAD8
:108FD0000BF2EFF7F1FF6278494602F003020A480C
:108FE00002FA0BF2CDE700BF025C030800C0035099
:108FF0000804002000D0035000C4035008C40350EC
:1090000000E0035004C403500CC4035013B50446DD
:10901000694609F0CCF8204609F0A5F9FF28024678
:1090200006D020469DF80010F1F76AFA02B010BD94
:109030000048FBE70080FFFF0029034B08BF002327
:10904000C0F8F03000207047712003080C232DE990
:10905000F74F06460F46144600254FF00609DFF885
:1090600054801370EBB209FB03F3D8F80010CA1850
:109070005079012804D923780C2B14D1212013E036
:1090800031F903B01179B2F902A030460022019102
:1090900009F099F858B101992170B7F900305B4592
:1090A00005DB534503DC002003B0BDE8F08F01353C
:1090B000D8E700BFB09F002070B5164E03280446C5
:1090C0000D4633781ED023FA04F202F00102AA42C0
:1090D0001DD053B10122A240A54023EA02032B4335
:1090E000DBB233704BB1012070BD2DB10A4B0120B2
:1090F0001B6898473378EDE73570074B00201B68F5
:109100009847F0E79A07DED003F0FC03E9E7002078
:1091100070BD00BF469B002088990020F8B5054629
:109120000C460CF079F8104F06463B7833B1012D10
:1091300004D01CB90D480AF08BFB3C702146284630
:10914000FFF7BAFF0A4B04461B783BB93B782BB9B3
:1091500009F03EFA10B1074B1B68984730460CF0F7
:1091600056F82046F8BD00BF479B00205C990020C0
:10917000469B0020B49F0020054A0B46117831B170
:1091800000211170034A0121526818781047704776
:10919000479B0020B49F002038B5074D04462B782C
:1091A000834207D002F084F820462C70BDE8384096
:1091B000E2F7F6BC38BD00BF459B00201B4B0229DF
:1091C00010B5187002D0032904D010BD184B1B78BD
:1091D000002BFAD107F0DAFA0028F6D04FF08042DF
:1091E000144BC3F88020BFF34F8FBFF36F8F02F093
:1091F0002BF80028E9D001F0F9FB0028E5D10E4B4F
:109200001C6834B123689847BDE81040002002F084
:1092100043B809F00EFE094B18600AF0B5F9084B87
:109220001860204602F018F8EEE700BFD5A0002035
:10923000459B002000E100E0AC99002084990020CB
:109240008099002038B504460D4607F09FFA80B19A
:109250004FF08042124B1A6001F0F6FF48B9012D21
:1092600007D8012002F018F80E4B1B6823B15B6889
:1092700098470D4B1C7038BD0AF086F90B4B1A68E5
:10928000801A18600AF000FA4FF47A72084B1B68D3
:1092900002FB003009F0CFFD012001F0DDFFE8E71F
:1092A00000E100E0AC990020D5A0002080990020CA
:1092B00084990020F0B585B00BF0AEFF344D044624
:1092C0002B7823B133480AF0C3FA002852D10AF0B0
:1092D000B9F802AA03A909F065F90346002838D0B5
:1092E00009F074F9029B98421CD100202A4B039983
:1092F0001B682A4E9942307020D90027C91A0123D1
:1093000024482B70264A3346CDE900770AF018F935
:10931000002837D1234A1378D90701D53178F9B11C
:10932000204611E009F050F9029B984228D0002312
:1093300018461949194A0968137003910121FFF76A
:10934000BBFE002320462B700BF061FF002005B010
:10935000F0BD20462B700BF05AFF212005B0F0BD68
:1093600003F0FE031370002BDAD10F4B1B689847F4
:109370002046E9E720460BF04AFF0E2005B0F0BD7D
:109380000220B3E7032320462F703370F3E700BFBA
:10939000479B00205C9900207C990020D4A00020ED
:1093A00079910208469B00208899002038B5194B16
:1093B00093F82D30002B2AD10BF02EFF164D0446CA
:1093C0002B78EBB9154A16491370164B164A1748F5
:1093D0001A60174A5A60E2F7BBFB16491648E2F7D3
:1093E000B7FB164A164B1A60164B5B6F03F44073BB
:1093F000B3F5007F02BF0222134B1A6001232B70CA
:10940000DEF70AFC20460BF002FF002038BD0E20DC
:10941000FCE700BFF49F0020489B0020479B0020F2
:1094200058710308B49F0020B59202084C9900209F
:109430001D91020860710308549900209991020857
:1094400088990020004000507C9900202DE9F043CD
:109450008F7880460F2F0C4685B003D9212005B0A8
:10946000BDE8F08327B90123374A00201370F6E7DF
:109470000D784E78EDB9002EF0D194F90310E08804
:1094800004F0B0F92128E9D055EA0603A088DFF8F6
:10949000C89013D004F050FA4FF60403B9F8002036
:1094A00001469A424BD1AE42334638BF2B46002686
:1094B0002DE0082DD2D8082ED0D8DEE704F03CFAF3
:1094C0004FF6040501464FF60500204A136E9BB285
:1094D000AB4208BF0346B1F5803FA9F800300FD971
:1094E00002230825136680230126C2F880302B460C
:1094F00049084FF6FF720139914228BF114608E032
:109500008023012608251666C2F880302B460029E4
:10951000EFD1002202920122013FFFB20092019797
:109520002A4608F1F80004F047F81EB14FF4801203
:10953000074B5A65074BA2681A60022394E7034859
:109540000266A9F80030AEE7499B002000C001B8D0
:1095500000D001B89499002088A0002010B50446DE
:10956000D0F818210B4B4FF40061C3F8D42090F8C9
:109570002420D20102F4006207F06EF894F824303F
:1095800013F0100F4FF4007314BF034A034A5364DF
:1095900010BD00BF003E00B0001002B8002002B8AD
:1095A00070B504460D4601F0A3FE820707D594F876
:1095B0001E31AB4209D825B9D4F81861D6B9114883
:1095C00070BD94F82430DB06F9D4D4F81861002E6D
:1095D000F5D0022D0ED1204609F05EF850B194F876
:1095E00029300A2B9EBF0848184100F00100C0F145
:1095F0000200C5B2182303FB05667069BDE8704020
:1096000009F00EBA00FEFFFF7EFBFFFFD0F8E4304A
:1096100013B11A68032A10D8094BDB6BC3F3C202DB
:1096200013F0380F03F0070018BF504313F4E07F26
:10963000C3F3821203D050437047986A400E7047BC
:10964000008001B8431C07D06FF0FF02034B1040AD
:109650005A62A3F580535862704700BF00E000B81B
:1096600010B504234FF03A4101240A4AD1F81801F9
:10967000C2F81831C2F814314C634FF40051116331
:10968000410742BFC2F81431A2F58052C2F8183126
:1096900010BD00BF002000BA38B5154A154B04466E
:1096A0001A60418641B90722134BDA600522A3F5FF
:1096B0008053DA60084638BD4FF6FF7399420F4D6C
:1096C0000AD10F4909F06CF90E49E860204609F00B
:1096D00067F981B22962EDE7B1F5805F4FF00702CB
:1096E00028BF4FF48051044BDA604B1E2B62E1E738
:1096F000999602089C990020006000B8004000B8CC
:109700000C4000B8204000B8F8B504460F46164695
:109710000BF082FD0546A047044620B128460BF019
:1097200076FD2046F8BD06F029F904220549D1F856
:10973000003F23EA07033343C1F8003F024B5A645A
:10974000ECE700BF003000B0002002B8F8B50746D3
:109750000C461E4615461AB113680BB15B68B3B9C7
:109760000BF05AFD01463846FFF750FF0746084602
:109770000BF04DFDB772AB890698E11A89B2D5E9B5
:109780000132034402FB013331817360F8BD1A6872
:10979000032AE5D99F6A7F0EECE700BF2DE9F04F61
:1097A00006464FF47A70904695B058430F46BDF880
:1097B00078409DF87C9005F001FBD8F800503860A7
:1097C0002146D6F8DC007D6009F061FA4FF6FF73A0
:1097D000984203D1212015B0BDE8F08F2422D6F89D
:1097E000DC3050439B68209A03EB000BB9F1080F63
:1097F0001F58C2F800B000F08480B9F1090F00F0E2
:109800009980B9F1070F40F094809BF81830012B34
:10981000E0D143F6982A002F7CD15A4621463046A3
:10982000CDF800A002ABFFF791FF002F40F0888039
:10983000D6F8E49021462A46304602ABCDF808908F
:1098400005F09CF905EB8004002F4AD006F1E403F3
:1098500045F8203043F688734946A360C4F8049065
:10986000304608F0C2FC05AAE060072306F1F800C4
:1098700005F01AFB43F6B07323610B9B3249636119
:1098800043F6B473A3610C9BE36143F6B8732362A0
:109890000D9B636243F6BC73A3620E9BE3624FF4BD
:1098A0007F5323630F9B636343F6C473A363109BCF
:1098B000E36343F6C8732364119B6364234B96F9F7
:1098C000272093F90030C3F127039B1A4FF4FF229E
:1098D000DB02C4E912121E4A03F4FF23226563650A
:1098E00058344FF0FF3344F8043B601BE0284FF43A
:1098F00066624FF02F018CBF0020012007F08EF927
:1099000013E0204601F09CFD074600283FF462AFBB
:10991000DFF840A02846394604F01CFAB9F1080FD8
:1099200005EB80057FF479AF2C1D0020C8F80040BE
:1099300051E717B94FF0000A6FE74FF0000AE9E767
:10994000D7F8049076E700BF20E000A84B9B0020EA
:1099500020D000A878ECFFFF00F01803182B0BD0E4
:1099600003070BD440F2011310F0100018BF184683
:10997000034BC3F88C0070470020F9E70120F7E79C
:10998000003F00B038B10368044A002B08BF1346FB
:10999000034A13607047014BFAE700BFE92103084F
:1099A000C49F002010B4D0E9544122400B4052EA39
:1099B000030104D003495DF8044B096808475DF8CA
:1099C000044B7047C49F0020024B986F00F00F00BB
:1099D000704700BF003F00B00F2938B505460C4660
:1099E0000ED801F085FC01280CD1074A2846936F58
:1099F00023F00F032343936708F036FE002038BDA1
:109A00002120FCE70220FAE7003F00B0014BD86FAD
:109A1000704700BF003F00B0014B0020D96770477E
:109A2000003F00B003282DE9F347884664D8344B43
:109A300013F80090334B1E5C334B13F800A00BF06F
:109A4000EBFB074605F092FE054640B100230022DD
:109A5000CDE9003301200023002105F065FC05F06D
:109A60008DFE48B100230022CDE900330020002301
:109A70004FF4004105F058FC002E3BD0234BDC6C2A
:109A800004F00804224B3146DC64484605F0D8FF58
:109A900052463146484606F077F81E4BDC64DDB18D
:109AA0001D4B1868D0F89410F83004F045FB1B49A2
:109AB0000868FFF7C7FD4FF0FF330B60184B1A68BB
:109AC000511C06D06FF07E401649C863A1F5805145
:109AD000CA634FF0FF321A60B8F1000F04D0124B86
:109AE000002103205B689847384602B0BDE8F04784
:109AF0000BF08DBB3446C5E702B0BDE8F08700BF70
:109B0000707103086C71030868710308004000B8A5
:109B1000006000B8005000B8089B0020C09F0020E3
:109B2000BC9F002000E000B8B49F00200F4A536C97
:109B300013F0A00F15D1906C10F0040013D10C4B52
:109B4000D3F8003F23F07F4323F0FF035BB1D368DA
:109B5000C3F30362092A07D0B2F10C0018BF012039
:109B60007047002070470120704700BF000002B816
:109B7000003000B070B50D46064620B91A4B1B6880
:109B8000A3B10E2011E001F0B3FB012829D1174B3E
:109B900093F90040C4F12704641BC4F11C03002B9B
:109BA000B8BF5B42232B0CDD212070BDA1F10B035C
:109BB000002BB8BF5B42232BF6DC0C4B1970002046
:109BC000F3E786F827500BF027FB094AE402136AF3
:109BD00004F4FF2423F4FF231C4314620BF017FB4F
:109BE000EDE70220E1E700BF089B00204B9B00202F
:109BF00000C000B810B5FFF7B1FC0D4B1B689847CB
:109C00000BF00AFB0B4A0121D2F8D03E044623F0A8
:109C10002003C2F8D03E0222074B08469A60074B49
:109C20005B68984720460BF0F2FA002010BD00BF99
:109C3000F49F0020003000B0001002B8B49F002054
:109C40000B4B08461A6D92020FD4D3F84021D1076E
:109C50000CD4D3F83823D20708D4D3F8803013F4C7
:109C6000706F14BF0120002070470120704700BFB3
:109C7000004001B8F8B50D46D0F8943002EA01046E
:109C800023EA01032343C0F894303B4A01F00B035D
:109C900023EA0401D1642340A2F580526F070646EF
:109CA000D36410D50121FFF7CBFF60B105F066FE4C
:109CB0004FF4007314F0040F14BF304A304A136598
:109CC0000422304B5A64E90606D514F0100F14BF75
:109CD00000221B222C4B5A652A0618D5230611D5C3
:109CE0004FF40012254BDA640BF096FA0E2107466A
:109CF000032004F071F940F20122234B3846DA6266
:109D00000BF085FA214606F1F80004F015FAEF058C
:109D100003D5E0052AD504F02FF9A90503D5A2053E
:109D200027D504F035F915F0600F0AD0D6F8E41005
:109D3000304608F05AFA8022144BC3F88800144BBE
:109D40001A612B0510D505F019FE124A14F4006FA4
:109D5000D2F8003F14BF43F0006323F00063C2F861
:109D6000003F0422074B5A640020F8BD04F0FEF8BF
:109D7000D3E704F007F9D6E7006000B8005001B857
:109D8000006001B8002002B8004000B8003F00B0F9
:109D9000000002B8003000B0014B1868704700BFE7
:109DA000A099002037B50BF037FA002401230022D8
:109DB000CDE90034002305461946104605F0B4FAF3
:109DC000022003F0CDFA064B21461C60054B022011
:109DD0005B68984728460BF01AFA204603B030BD5E
:109DE000A8990020B49F00202DE9FF4102290D46CB
:109DF00016469846039004D1FFF7D4FF04B0BDE89F
:109E0000F0810BF009FA1E4F04463B683BB1B342A8
:109E100005D00BF0FCF9002321203B60EEE7194B45
:109E20000022C3F800803E60002301264FF00008A6
:109E300010461946CDE9006605F076FA124B02206D
:109E400083F8008003F08CFA43462A46022003A9D7
:109E500003F0A4FA0D4B039A1A6008B92046D8E71C
:109E60000B4D2B689847212804D020460BF0CFF9E2
:109E70000020C3E731466B6802209847F5E700BF32
:109E8000A8990020A49900204E9B0020A0990020B2
:109E9000B49F0020044B5B6E5B054EBF0120034B5B
:109EA000187800F00100704700C001B84E9B0020F8
:109EB0000A78022A11D0101F4242424152004B78C8
:109EC0001201022B0BD0191F4B424B415B0005497D
:109ED000054842EA8312FFF717BC0122EFE701238E
:109EE000F5E700BFF0FFFF0039B302080B78022B43
:109EF00010D0181F434243415B004A78022A0BD01E
:109F0000111F4A424A4152000F21044843EA82028B
:109F1000FFF7FABB0123F0E70122F5E765B302087A
:109F2000F8B50D7804460A2D0E4690F8247108D134
:109F30000625284602F07AFC18B90135EDB20A2D43
:109F4000F7D1284602F072FC002848D094F824315A
:109F5000AB4209D1B288D4F8A4309A4204D17288B5
:109F6000B4F826319A4238D084F82451B388284670
:109F7000A4F82831738804F59275A4F82631B388C3
:109F8000C4F8A430FF2384F82B3008F0B6FC84F822
:109F90002A00284602F006FD10BB284602F03CFCD1
:109FA000F0B9D4F8E03053B194F82411B94206D096
:109FB0002046B3F91220F0F725FA84F82D01204647
:109FC00002F010FE0849A4F828010123074AD1F83D
:109FD000FC1004F1F80004F067FF0020F8BD212018
:109FE0000C2384F82431F9E7004F00B0983F00B00B
:109FF00070B5054690F824010C460C281FD0FF29A7
:10A0000001D1212070BD1AB14FF0FF320D4B1A6003
:10A0100008F073FC064695F8240102F045FC8442E2
:10A0200028BF0446E4B2B44238BF3446E0B285F8F3
:10A030002B0002F007FFFF28E3D00020E2E7022018
:10A04000E0E700BFC89F002010B590F82431044617
:10A050000C2B44D0D0F8E03080F82A10DBB3D0F8D5
:10A06000F020D2B990F82D318B421CD3002220462B
:10A07000FFF7BEFF48BB1B4B1B78063B032B23D8C7
:10A08000204602F0AFFD18490123184AD1F8FC1010
:10A0900004F1F80004F008FF16E0B0F94220B3F92B
:10A0A00012309A42E2DD0022204694F82D11FFF78B
:10A0B0009FFF50B9C4F8E000204608F0B4FD4FF609
:10A0C000FF739842014601D1002010BD2046BDE833
:10A0D000104006F02DBDFF2380F82B30F4E702205E
:10A0E000F3E700BFCEA00020004F00B0983F00B0C3
:10A0F000F0B51D46144B04461B780F46164685B036
:10A100005BB1D0F8E030E3B102AAB3F912300092AB
:10A110000022F0F775F905B0F0BD02A908F047F884
:10A120009DF808103A462046F0F76CF9014626B92A
:10A130002A462046FFF75CFFEDE72046FFF784FF45
:10A14000E9E71846E7E700BF94700308F0B5D0F8D8
:10A150009C3095B0012B03D10025284615B0F0BDE9
:10A1600004467C4908F01CFCD4F8E0600146E58D0B
:10A17000C4F8E4002EB133681BB15B68002B40F0DB
:10A18000A5800BF049F801462046FFF73FFA074645
:10A1900008460BF03CF8D4F8E410B3898DF80E7043
:10A1A000EB1A9BB2D6E9012000FB03226A48ADF806
:10A1B0000C3003680292994208D0204608F015F846
:10A1C00080226649664BC1F888001A61654D644E6D
:10A1D00001F08EF80128FBD12B6CDA07F8D4736CF0
:10A1E000DB01F5D494F82530DF070CD5D6F87821BB
:10A1F0005D4BC6F8EC23D3F8F830D6F8A0209D06C6
:10A20000C6F8F02369D494F82530D4F8E4106FF33D
:10A21000000384F82530204612919DF80E20029903
:10A2200008AB04F0E1F980B901F062F80128FBD134
:10A230004B4A4C49536CD801FCD40B6CDB07F9D466
:10A2400008A901A804F016FC18B10225284615B08B
:10A25000F0BDE28D454B5A6402F030FB0546002804
:10A260007FF47BAF94F8243060F3410384F824300A
:10A2700001F070FFD4F8E030411E5B69C9B21E687E
:10A28000FD29024604962CD9F71C3DD938490136E0
:10A29000096818BF0126C81C42D85B68FF2A0491D0
:10A2A000059344D1DF1C27D8204604A908F040FAC2
:10A2B000002E7FF451AFD4F8543198052AD494F885
:10A2C000243043F0020384F8243045E71A68032A57
:10A2D0007FF657AF9F6A7F0E5FE7204602F082FC51
:10A2E00091E75B680128059304D0204604A908F093
:10A2F0001FFA31E70126D5E701331D4B5B6818D003
:10A30000D91C12D80593CFE75B68FF280593F1D0DD
:10A310002A46EAE720464FF4803108F0FEFC1BE7AE
:10A32000FF2A5B680DD00593C2E7FF2AC0D1002247
:10A33000BAE7DD1C08D8204604A9059308F0F8F90F
:10A34000B9E701220593ADE7FF2AB4D100222046E8
:10A3500004A9F3E7FC4F00B090990020003F00B043
:10A36000000002B800C002B8004F00B0008001B881
:10A37000D49F002038B505460C4641B108F071F96C
:10A3800028B14FF40031284606F07AF9043420460B
:10A3900003F0D2FA024B4042C3F8F00E002038BD61
:10A3A000003000B0838E70B593420C4615461CD326
:10A3B000836C8B4208BF00240AF02EFF4FF49C539D
:10A3C0000B490646CA68C2F30362D340DA0702D5D6
:10A3D0004B6C9B0304D401222946204601F0E6FF82
:10A3E00030460AF014FF002070BD2120FCE700BFBA
:10A3F000000002B82DE9F0410B460646154611B99A
:10A400002120BDE8F081002AFAD0032905D80022D6
:10A4100002F042F903460028F2D01C889A78B4F57D
:10A42000804F02F0070180F08680A1F1070C1879B7
:10A43000DF88DCF1000343EB0C0305292B7394BF89
:10A440000023C2F30013C2F3801C6B73930985F8D9
:10A4500010C003F00203C2F3C00C43EA0C03C2F3C2
:10A460004012E8746B74AA74D6F89430AF82D806A0
:10A470004DD4063901294AD8B6F81280F76908F197
:10A48000FF38083C04EA0804395D2C4B80295B6DD9
:10A4900008BF6FF07F014FF000031CBF323949B293
:10A4A000A973AB6096F82600013404EA080460BB87
:10A4B0003B5D5B0103F47E63FF2B9CBFDB43D8B2A3
:10A4C000D6F8EC3003B19847631CE87303EA08033D
:10A4D000F95C013303EA0803FA5C013303EA080379
:10A4E00041EA0221FA5C013303EA0803F85C41EA1D
:10A4F0000241002341EA00616A7C304604F090FD8D
:10A5000006232860AB7100207BE71846DCE70023B8
:10A510000020EB730A4BDA69C2F30723120448BF29
:10A5200063F0FF035AB212F1800F1CBF323B5AB2E4
:10A53000AA730346E5E7022063E700BF004000B8C6
:10A5400000C000B870B506460D4614466BB1FFF763
:10A5500087F8B08AA04228BF204684B22246294606
:10A56000034801F05DFE204670BD07F05EFFF1E795
:10A570000C0000BA70B54FF03A434FF480640A4DB6
:10A58000D3F818610020C5F81841C5F8144105F04A
:10A59000D3FA4FF400532B67730542BF034BC5F842
:10A5A0001441C3F8184170BD002000BA001000BA71
:10A5B000082310B1024A53647047024AFBE700BF08
:10A5C000001002B8002002B8F8B504460E4619B9CA
:10A5D00090F824305A0647D43B4B3C4A5B6A618E64
:10A5E000C3F3032313704FF6FF739942D4F8E4705A
:10A5F00004D0374B1B680BB120469847354D2B686C
:10A60000BB4256D0344B1B683BB11FB13A68002A9D
:10A6100051D0BF683946204698470727204602F0A8
:10A62000E1FA002E3BD006202C4B94F9272093F919
:10A6300000302549C3F127039B1A0A6ADB0222F482
:10A64000FF2203F4FF2313430B62D4F8E420244BCE
:10A650002A60986702F08EFC0122224B20461A7075
:10A6600008F002F80020F8BD4FF6FF7C66F3861371
:10A67000154A80F82430536A164D1449C3F3032356
:10A68000D0F8E4700B702B68A0F832C0BB4217D032
:10A69000114B1B68002BB8D102F0A4FA072712490E
:10A6A0003B46124AD1F8FC1004F1F80004F0FCFB20
:10A6B000B9E70127B2E71746204639469847ACE785
:10A6C00002F090FA0127EAE700C000B84D9B002095
:10A6D0009C99002090990020989900204B9B002085
:10A6E000006000B84C9B0020004F00B0983F00B0C5
:10A6F000054A12681AB190F81E1119B91047084698
:10A7000003F08ABC014870478C99002000FEFFFFCF
:10A71000404B2DE9F7431D6801F4007900F0010377
:10A72000174653EA090206460C4640D04FF000088F
:10A7300093B30023002201200021CDE9008804F01A
:10A74000F3FD41462846FFF7D3FF01224146288604
:10A75000104608F035FAD5F8941005F1F80003F02A
:10A76000EBFC2D490868FEF76DFF4FF0FF330B60DF
:10A770002A4B1A68511C06D06FF07E402849C863E6
:10A78000A1F58051CA634FF0FF321A6095F824306A
:10A7900043F0040385F82430B9F1000F07D00121FC
:10A7A000284608F0BAFA24F4007406430C433246F3
:10A7B00023462846FFF7F6F822044FF0000308D599
:10A7C000CDE900330022002300204FF4004104F0C3
:10A7D000ABFDFB070FD51349134A08680021136826
:10A7E00011600121114A117003B19847104B0021EB
:10A7F00002205B68984717F00E0F08D04FF40972DB
:10A800003B21002003B0BDE8F04306F007BA03B0D7
:10A81000BDE8F083089B0020C09F0020BC9F002063
:10A8200000E000B8A4990020A89900204E9B0020C9
:10A83000B49F002008B558220021064807F010FCFC
:10A840001022FF21044807F00BFC05F023FF002035
:10A8500008BD00BF043F00B0483F00B073B5812180
:10A860007A22A0F814118221C0F80021C0E9411217
:10A8700064220C23C0E9432207224FF0FF35002653
:10A8800080F824314FF6FF730446C28700F14C0272
:10A8900082641F4AC385A0F8403080F82C3043867C
:10A8A0004263038780F82760C0F8A450458504F010
:10A8B0006DFF2046FFF7BEFF0122164B2046C3F86E
:10A8C000382294F92710FFF755F96023124A41F610
:10A8D000FF71D3644FF03A42116311670F4A294662
:10A8E000D36440220E4B20465A64D4F89420FFF7DC
:10A8F000C1F90E230022CDE9003340F202231046B5
:10A90000194604F011FD01F0A9FF304602B070BDF8
:10A910004000FFFF005001B8004000B8005000B8F0
:10A92000002002B8034670B50C68B0F82821013445
:10A9300008BFD3F800418D6808BF0C604C68F83040
:10A94000013404BFD3F80C414C606E1C3CD1D3F8E9
:10A950000841CE688C60751C3CD1D3F804510E6957
:10A96000CD60013604BFD3F8F8600E614E69013640
:10A9700004BFD3F8FC604E618E69013604BFD3F882
:10A9800010618E618E695EB37A32B24238BF324650
:10A990000E688A6116B17A2E38BF7A26C3F808414C
:10A9A0004C68C3E94065C3E943420A69C3F8F8202B
:10A9B0004A690C49C3F8FC20D1F8FC1007230A4A65
:10A9C00004F072FA002070BD02F17A04AC4238BF84
:10A9D0002C46BEE702F18105B54238BF3546BEE7D9
:10A9E0006422D5E7004F00B0983F00B070B50AF080
:10A9F00013FC05460B4E00F07BFC012805D02846D1
:10AA00000AF005FC0224204670BDF36813F0706F55
:10AA1000F1D1F46814F08054EDD128460AF0F7FB28
:10AA2000F1E700BF000002B82DE9F04F89B00746FA
:10AA30000E4600F05DFC01282BD10025C7F8185107
:10AA4000D6F80090182349463846B27907F0E6FB5D
:10AA5000A846AA4609F10C0399F801100690C9F816
:10AA6000083009F11C044FEA08130493B36803EBA0
:10AA700008139A78D3F804B002F07F0244F80CBCB3
:10AA8000092A11D8DFE802F01C1414141C681C0EEB
:10AA90000E0E4FF40061384605F0F2FD0028CCD0D0
:10AAA000022002E08B450BD9212009B0BDE8F08FD0
:10AAB000BBF1006FF8D2584602F03EFF44F80C0C90
:10AAC000B168049B19444FF400438A7844F8083C69
:10AAD000002302F07F0204F8102C04F80F3C04F865
:10AAE0000E3C04F80D3C91F90E30487B1B0603F137
:10AAF0003243034344F8043CB07900286AD1182457
:10AB00004FF47A7004FB089443F40003A3618B684C
:10AB1000584304F053F9069BE0611A1D06924FF06A
:10AB2000FF3223621A60B388306842F24A4200EB77
:10AB30008300069B302183428CBF0020012006F059
:10AB40006DF896E8070007F58C7383E80700384630
:10AB5000FEF704FD0020A8E7BBF1005FA4D31BF0C3
:10AB6000030FA1D1DBF81020DBF8080072BB724A9A
:10AB7000C11E914298D8DBF80C20B2F1006F93D837
:10AB8000DBF80420B2F1006F8ED882428CD3DBF860
:10AB900000108A4288D802F0CFFECBF80800DBF81C
:10ABA0000C0002F0C9FECBF80C00DBF8040002F048
:10ABB000C3FECBF80400DBF8000002F0BDFEDBF8BA
:10ABC0000820CBF80000CBF8102079E782423FF450
:10ABD00077AF69E7082A1ED0092A70D0072A25D145
:10ABE000BAF1000F03D001254FF0010A21E03846E9
:10ABF000059207F051FD059A054600286ED097F89A
:10AC000029300C3B052B6AD954F8043C43F400036B
:10AC100044F8043CE7E7002D3FF446AF18234968A9
:10AC200003FB019383F80E8044F80C1CBAF1000F6B
:10AC300055D0B1680498049B08F10108CB18095A53
:10AC400007A89B68CDE9012000913846214606AA55
:10AC5000FEF7A4FD00287FF428AF01F07BFA069BE5
:10AC60001A1F0692079A5269D2F800E01EF1030FEC
:10AC70005AD800F1FF3C5FFA8CFCBCF1FD0F3CD9C7
:10AC80002E4903F1040C43F8041CCDF818C0C3F896
:10AC900000E000283DD12A4AC3F808E05A6003F1D9
:10ACA0000C020692069B18341A1D06924FF0FF32D2
:10ACB0001A6099F801104145BFF4D5AE33E7182367
:10ACC0004968B8F1020F03FB019308BF012283F822
:10ACD0000F8044F80C1C002DA8D1E5E6012599F859
:10ACE0000130434506D154F8043C43F4000344F8D2
:10ACF000043C79E74FF0000A9BE75268D11CD1D899
:10AD00000128CFD10D491A6043F8041C191D069182
:10AD100002E05268D01CC5D8069909480B4643F892
:10AD2000080B06934A60BDE75268D11CBAD80128C7
:10AD3000E8D0FF28F0D0B5E7FCFFFF07784201A874
:10AD40007C4201A8D0F8183170B504460D4616466D
:10AD50000BB9022070BD00F0CBFA0128F9D165B122
:10AD60004FF48071204605F08BFC20B194F81E3121
:10AD7000002BEED105460F4B00E02B4694F8242023
:10AD800065F3041284F824200B4A136066B1D4F8EA
:10AD900018315A781A7000225A8003F10C029A6016
:10ADA0004FF44012054B5A642046FEF7D7FB0020B3
:10ADB000D0E700BFA19502088C990020002002B8BE
:10ADC00038B50AF029FA4FF6FF710A4A13888B4208
:10ADD00003D10AF01CFA0E2038BD074C074D1B04A6
:10ADE0006567A4F58054636711800AF010FA0020AB
:10ADF000F2E700BF8AA00020006001B80000FFFF5A
:10AE00002DE9F3470546884616461C46FEF78EFE9A
:10AE100060B3AB8A1BB99E4B1B78DA0726D5284650
:10AE200007F0FDFF78B99B4BD3F8002F1CB10E2023
:10AE300002B0BDE8F08702F03003102BF7D002F02B
:10AE4000C002402AF3D0944CDFF8849223689847DC
:10AE5000D9F81430DB07EAD50AF0DEF907460320FB
:10AE600002F07CFB20B138460AF0D1F90220DFE77E
:10AE7000D9F8142012F00609F5D138460AF0C7F9BE
:10AE8000844B4FF400612846D3F800AFD3F8D87E46
:10AE900005F0F6FB40B14FF4007201217F4B0846EC
:10AEA0005A644A4607F08CFE4146284605F040FEAB
:10AEB000784BC3F800AFC3F8D87E0028B8D195F816
:10AEC00024309F0601D4002E58D0C6F3400004F071
:10AED0001BFD022316F4807F1FBF714A00215364BB
:10AEE0004FF03A420BBF6D4A91615364536304F0D3
:10AEF00045FD4FF4806316F0040F14BF694A6A4A97
:10AF000016F0400F13654FF00402644B30465A644C
:10AF10004FF0400314BF654A654AC2F8B830FEF7E7
:10AF20001BFD284607F04BFA38B14FF4807316F03A
:10AF3000010F14BF5A4A594A5364B00651D54FF60F
:10AF4000FF72B5F8403093420FD05A4A5A49526FB7
:10AF5000100CC2F301120132B3FBF2F30880514A24
:10AF6000514956481B0448675367003E18BF0126E5
:10AF700095F8243066F3451385F82430284607F009
:10AF800070FB002843D0284607F019FAD0B14FF4DF
:10AF90000031284605F074FB431C03229BB248484D
:10AFA00001A907F029FC9DF8042002F00703052BF6
:10AFB0009DF805301ED1110716D443F48073414A21
:10AFC000C2F8E03094F82D302BB13F4AA36992F8D3
:10AFD00094103E489847002002B0BDE8F04707F0C3
:10AFE00063BCFFF7EDFEC0E713F0040F09D19DF835
:10AFF0000630E2E703F03002202A05D113F0010FFA
:10B00000F4E74FF48073DAE79DF80630D7E7284677
:10B0100007F042FB98B3284607F0D1F978B395F8CA
:10B020002930A3F10C02012A16D8EB8D032B19D07D
:10B03000244B93F8E93003F00703072B16D00621C1
:10B040001F4807F0E2FB421C3FF4F1AE00F00F0096
:10B050001C4B83F8E800B5E70F2BE6D0102BE4D0AB
:10B060000E2B01D1092102E0112BE0E70821144841
:10B0700007F0CBFB431C3FF4DAAEC0B2E8E728464A
:10B0800007F045FB00289DD000F026FC9AE700BFA2
:10B090004A9B0020003000B0F49F0020002002B83E
:10B0A000001002B8005001B8006001B800D000B82C
:10B0B00000E000B8004001B88AA000200000FFFFB7
:10B0C0000C0000BA003E00B0003F00B0843F00B06A
:10B0D00000C001B82DE9F3410646884615461F46D3
:10B0E0000AF09AF80446032002F038FA38B12046F4
:10B0F0000AF08DF80E24204602B0BDE8F08104204D
:10B1000002F02CFA0028F2D120460AF080F8012340
:10B110002A4641463046FFF773FE04460028EAD12E
:10B12000DFF8CC8067B388F8000039463046FEF778
:10B130008DF900284DD198F80030012B1DD0202228
:10B14000254B5A64254BD3F88830B3F5817F1FD245
:10B15000012007F0E5FB0AF05FF8214B06461B686B
:10B160000193CBB902F07AFA15F0800526D102F0EE
:10B17000B9FA284604F048FB25E004F05BFBBAE787
:10B1800098F80030012BF8D0002BD8D12124B2E759
:10B190008022144B1A61DBE7042002F0E1F800235F
:10B1A0000122042001A902F0F9F80028DAD104F004
:10B1B000FDFB212430460AF02AF89CE700220A4BC6
:10B1C0009A6702F08FFA094B01215B6800209847CB
:10B1D000F0E704468FE700BF001002B8003F00B060
:10B1E00094990020000002B800C001B8B49F00206C
:10B1F000499B002008B50B4BD3F84C114B1C10D0C9
:10B2000011F080410DD1084B1B6813B10320FEF7EC
:10B2100009FC4FF08062054B1A6501225A61022237
:10B220009A6208BD0080E00F089B0020001002B861
:10B230004FF40022034B586C03F500535A64C0F3DB
:10B24000C0407047000002B8024B586900F001008E
:10B25000704700BF00C001B808B50D4B5A69D1074F
:10B2600010D518B9BDE8084002F056B85B69DA0796
:10B270000DD402F043F80323064A1364A2F580526A
:10B28000536404E05B69DB0701D40028F1D108BDF9
:10B2900000C001B800A009504FF0806310B1024A0D
:10B2A00053617047014AFBE7001002B8002002B862
:10B2B000202350B1064AC2F8F433064B196C11F042
:10B2C000010104D1032003F039BD034AF3E77047BD
:10B2D000001002B800C002B8002002B8034BDB69BE
:10B2E00013F4401F0CBF0120002070470080E00FC6
:10B2F0000F4BDB68C3F30363013B0B2B0FD8DFE875
:10B3000003F006060C06060606080A0808080220CE
:10B310007047042070470520704703207047054B95
:10B320005B6913F0060F0CBF01200420704700BFBB
:10B33000000002B800C001B8094AD368C3F3036330
:10B340000B2B08D06FF49050184100F0010080F0F2
:10B35000010040007047506C10F48030EDD1704710
:10B36000000002B80C4AD368C3F30363062B07D866
:10B37000042BD8B20BD8C31E584258414000704726
:10B38000072B06D1D2F868010028ECD170470220C3
:10B3900070470020704700BF000002B8094BDB680F
:10B3A000C3F303639A1E012A8CBF00220122012BE2
:10B3B00002701EBF4FF4026222FA03F303F001038E
:10B3C0000B707047000002B80023074A00EBC00072
:10B3D000810002EB80004360535003764FF6FF7309
:10B3E000C3810361704700BFC899002010B50A46A9
:10B3F0000446A1B10E4A0F490F4802F0AFFB4FF0CF
:10B4000054320E4BC3F8DC20552283F8E220FF2291
:10B41000A3F8E020802283F8E7204FF401524FF494
:10B420000151204605F018F905F034F9002010BD4F
:10B430008C740308947403085C740308003E00B025
:10B4400024235843044B1B689B681A18127E022A57
:10B450000CBF1858002070470C74030807B50D4A3C
:10B46000A2F8E01090F829300C3B052B4FF00003B8
:10B470000DD901938DF80410D2F8DC3069461BBA5F
:10B4800005220093FEF78EFF03B05DF804FB18461B
:10B49000FAE700BF003E00B01FB50F4BC3F8DC1049
:10B4A00083F8E22090F8292009BA0C3A052A89BFCE
:10B4B00000220422B3F8E030CDE90212019185BFE9
:10B4C000052202A90DEB02018DF80C30FEF76AFF90
:10B4D00005B05DF804FB00BF003E00B02DE9F04F61
:10B4E0008B4B87B01B6807460E460492019323B925
:10B4F0000E24204607B0BDE8F08F019B00251A6896
:10B50000844B097F1A600422C3E90325019ADFF8FE
:10B5100030925269122928BF29465A615D60C3F8EA
:10B520000890FEF779FA337F7B4A87F8293047F68F
:10B53000FF73138006F1170302936FF01F034C464D
:10B54000AA46AB469B1B0593029B5FFA8AF013F851
:10B55000018FB8F1040F029304D056F82A300393F8
:10B5600001334CD1FFF730FF2435902D0AF1010A49
:10B5700004F12404E8D1694B83F8E9B0327F83F801
:10B58000E320737F9B0715D5654B1B68002BAFD05D
:10B590009B68D9F800201B689A420CBF614B624B34
:10B5A0001B68002BA4D09B681A685B69C9F800204F
:10B5B000C9F81430049B38465649002B00F0A4808B
:10B5C00007F0F3FA554B384693F8E220D3F8DC1035
:10B5D000B3F8E050FFF760FF044620B9294638462B
:10B5E000FFF73CFF0446727F4FF4002112F0010286
:10B5F00018BF4FF40022384605F02EF879E7049B77
:10B60000002B4BD0B8F1020F21D0B8F1030F3FD07F
:10B61000B8F1010F3FD1454B1B68002B48D1FFF714
:10B62000D3FE23688BB1039B029A6360059B33F9B9
:10B630001230394A6382B2F900209A4261DCB8F1D3
:10B64000020F1DD0B8F1010F8ED1102319E0384B35
:10B650001B6813B9FFF7B8FE0FE0A6469B6803EB23
:10B66000050CBCE80F00AEE80F00BCE80F00AEE828
:10B670000F00DCF80030CEF800302368002BD2D168
:10B68000012303FA0AF34BEA03035FFA83FB6BE738
:10B69000284B1B680BBBFFF797FE2EE0B8F1030F9A
:10B6A000F9D8DFE808F002041618234BF1E7019BF4
:10B6B000A6469B6803EB050CBCE80F00AEE80F0044
:10B6C000BCE80F00AEE80F00DCF80030CEF8003028
:10B6D000A7E7134BBCE7194BDBE7A6469B6803EBD8
:10B6E000050CBCE80F00AEE80F00BCE80F00AEE8A8
:10B6F0000F00DCF80030CEF800302368002B92D128
:10B7000032E7054A13809AE707F069FA5AE700BF63
:10B7100008740308B09900208CA00020003E00B0FF
:10B7200000740308FC730308F4730308047403082B
:10B73000F8730308EC73030810740308F07303082C
:10B74000C89900200F4890F8E63003F00702072A56
:10B7500008BFFF220A70B0F8E4204A8090F8EC207D
:10B760000A711A064CBFFF23DB088B71054B93F857
:10B77000E730802B0EBF6FF07F03323B5BB24B7123
:10B78000704700BF003E00B02DE9F84307460E4663
:10B7900011B92120BDE8F883112A4FF0010007D824
:10B7A0004C4900FA02F30B422BD1DD0700F18F80E8
:10B7B00000234FF006089C460E2ADCB223D1012C50
:10B7C00032D80221B579A542E3D9D6F808E04FEA8C
:10B7D00003190EEB03152EF80930C5F808C085F8DB
:10B7E0000CC085F80280C5F804C00133002856D08B
:10B7F000012C46D107240129AC7052D8022169736B
:10B80000DAE70020D4E7112A03D1012C0CD8052156
:10B81000D8E7A2F10C01C9B20129D3D9A2F10F05D1
:10B82000012DCFD9032CCDD108B3384606F0C7FD82
:10B83000E8B1B279631CDBB29A42AAD90122B1689D
:10B84000250101EB041042604A5300220925826061
:10B850000273857002204FEA031C044401EB0313BA
:10B860005860E4B221F80C009A601A739D7040F29F
:10B870001A43B47131463846B380BDE8F843FFF748
:10B88000D3B8022C0BD14FF0080E85F802E04FF030
:10B89000010E7145C5F804E003D86C738CE70129EB
:10B8A00013D90F2A06D10221042B69730BD003216F
:10B8B000DCB287E7A2F11004614261414900042B28
:10B8C00069737FF479AF0424AEE70221F7E7022021
:10B8D00060E700BF804402000121164B1648D3F8F0
:10B8E000DC2010B583F8E9104264D3F8E440224428
:10B8F0000264002283F8E820104B4FF440601A6085
:10B9000003F580531964032302220D49C1F88C30DA
:10B910000C4BC3F88C200C4A50654FF48060A2F5A4
:10B92000805250654FF40042C1F8B420C3F8B820EB
:10B9300010BD00BF003E00B0004000B800C002B81B
:10B94000006000B8005000B8006001B8D0F8E430E2
:10B9500013B11A68032A10D8094BDB6BC3F3C20278
:10B9600013F0380F03F0070018BF504313F4E07FC3
:10B97000C3F3821203D050437047986A400E704759
:10B98000008001B8FF28074B09BF0A6851F8202042
:10B99000C3F878224A6818BFC3F87822C3F87C221B
:10B9A000704700BF004001B8FF220B4B10B59A60F2
:10B9B00009F032FC0E210446032002F00DFB40F298
:10B9C0000122064B2046DA6209F021FC044AD368C2
:10B9D00013F0706FFBD110BD002002B8004000B81A
:10B9E000000002B803460846082110B5094CC4F807
:10B9F0007032094BC3F8E81042B9C4F8782206F057
:10BA00008CFED4F8740240F0802010BD0023C4F8EE
:10BA10007C32F4E7004001B8002002B84FF4001275
:10BA20000A4B10B50A4CDA64E36813F0706FFBD16F
:10BA3000084B186800F0E6FC0822074B9A60E368A0
:10BA4000C3F30363022BFAD110BD00BF005001B84D
:10BA5000000002B8089B0020001002B82DE9F04158
:10BA6000DFF8F080FFF7A0FFD8F8006040F2A312E3
:10BA7000708F01213F2894BF00200120B46905F098
:10BA8000CDF8708AF5693F282D4E40F2A71294BF79
:10BA900000200120012105F0C1F8336A294F2360FD
:10BAA000736C6360736DA360FB6CE3603B6F236139
:10BAB00002F058FD6061D8F80000FFF747FF224B05
:10BAC000A0619B6ADFF89080E361D8F8D03E2362E2
:10BAD00000F040FB6062D7F83C31A362D7F81C311C
:10BAE000E3621A4BD3F8D8202263D3F8E0206263D4
:10BAF000D3F8DC20A263D3F85021E263B26A2A6053
:10BB0000F26A6A60726FAA60D6F8A820EA60D3F879
:10BB100008212A61D3F814216A614FF40072D3F826
:10BB2000E830AB61D6F8CC30EB61094B5A64D8F8F9
:10BB3000D03E23F40063C8F8D03EBDE8F08100BFDA
:10BB400000C000B8004001B8004000B8000002B8D2
:10BB5000002002B8089B0020003000B030B5124B26
:10BB600098B10278132A10D9441C00F111021D4625
:10BB700020686168083403C594422B46F7D12068D9
:10BB800028600020094B187030BD41F2311240F29C
:10BB90002921C3E90012064A9A6002F1FF226432A9
:10BBA000DA60044A1A61ECE7589A00204F9B0020A3
:10BBB000000100022F00000730B5114C114D41EA81
:10BBC0008221C4F8D850039D4FF4FC3243EA8553D8
:10BBD0000D4D41EAC0111D430C4BC3F8D85004254C
:10BBE000C4F8D85041F6FF75C4F8E050C3F8E0102F
:10BBF000C4F8DC20049AD202C3F8DC2030BD00BFB8
:10BC0000002002B8032BC03078D40F03001002B814
:10BC10004FF4FF62074BC3F8142130B9490141F0DA
:10BC20000801054BC3F814117047090241F01001D7
:10BC3000F7E700BF002002B8001002B860232DE92A
:10BC4000F047284D284CC5F8503102234FF4803678
:10BC5000A3620123DFF89C80E3620746C8F84460D2
:10BC6000142006F05AFD214B6664D3F8506143F668
:10BC7000FF736367C8F874303F234FF0F072C4F865
:10BC8000A8301B4BDFF870A0C3F808214FF0A07359
:10BC9000C5F80831002506F470064FF480392946AE
:10BCA0003846FFF7B5FF142006F037FD0520C8F829
:10BCB000449006F032FD0F20C4F8449006F02DFDAC
:10BCC000DAF808309B0502D50135082DE5D14FF48F
:10BCD0007002074BC3F85021A3F58053C3F850619D
:10BCE000BDE8F087001002B800E000B8000002B81C
:10BCF000002002B800D000B800C000B82DE9F7431A
:10BD000000250746324E02F02DFC324A36F8253027
:10BD10005343834202D201350F2DF7D107F03CFA8D
:10BD200006EB85039C78DB78814644434FEA85081F
:10BD300013B1B4FBF3F4640802F01AFC264BA4EB35
:10BD400040041868FFF702FE4A4604FB00F1012A8E
:10BD500038BF01220023C804490B05F04FF91F4BDF
:10BD600046445863282006F0D8FCFFF757FE4FF4EE
:10BD700080111B4B1B4A1C48C3F83C211B4A0F2D4A
:10BD8000C2F83C111A49C3F81C114FF04061C2F8C7
:10BD90001C11184A1A670268A3F520435A644FF031
:10BDA000010203F50053C3F8CC20837C08BF0323B2
:10BDB000C27CCDE90032437CF278B178C07BFFF7DA
:10BDC000FBFE384603B0BDE8F043FFF737BF00BFC6
:10BDD0008EA0002040420F00089B0020008001B888
:10BDE000006001B8FFFF0F00589A0020005001B812
:10BDF00000F0FF07F8FF0100022838B50D46144691
:10BE00001AD004284DD1FFF7CFFDFFF707FE264BD0
:10BE100014F0010F5C6403F500533ED14FF0C06293
:10BE20001A62224B224A00201A674FF08022C3F880
:10BE30007822C3F87C222FE0FFF7B6FD2846FFF7F3
:10BE40005DFF4FF08022194B4FF40045C3F8782274
:10BE5000C3F87C224FF4702203F52043D3F85041FD
:10BE600003F50053C3F85021A3F5A83305205D6402
:10BE700006F053FC0F4B05205D6406F04EFC0A4BA8
:10BE800004F47024986803F5A83380F48070C0F33C
:10BE900000204000C3F8504138BD0122C3F8CC2037
:10BEA000BCE72120F8E700BF00C000B8006001B87F
:10BEB000FFFF010000E000B8034608B90C4BDB7A35
:10BEC000022B07D0032B09D0012B0ED1084A107A80
:10BED00038B97047064A507A18B97047044A907AC0
:10BEE00020B1044A0120137070470020704700BF42
:10BEF000589A00204F9B002008B503490878FFF7A7
:10BF0000DBFF087808BD00BF4F9B00202DE9FF41F3
:10BF10002F4B304DD3F800802F4FD8E90646FFF75E
:10BF200043FD236801212B6263686B64A3686B6522
:10BF3000E368FB6423693B67226A284BC3F8D02E71
:10BF400094F8240000F0D4F800216369039102936F
:10BF5000E36901A8ADF80C30A36901918DF80E30AA
:10BF600002F088FDA36A4046C7F83C31E36AC7F88F
:10BF70001C31226B1A4BC3F8D820626BC3F8E02047
:10BF8000A26BC3F8DC20E26BC3F850213268AA62CE
:10BF90007268EA62B2686A67F268C5F8A820326916
:10BFA000C3F808217269C3F81421B269C3F8E82004
:10BFB000F369C5F8CC3000F025FA0122094B9A64E8
:10BFC000402203F5E0335A6104B0BDE8F08100BFC0
:10BFD000089B002000C000B8004001B8003000B04D
:10BFE000000002B8006000B838B504460D46FFF7FF
:10BFF00035FD631EDBB2FD2B1DD8012C13D10121B1
:10C00000084600F075F8002201210220FFF7F4FE37
:10C0100068BB4FF47A70194B0122998941435868E3
:10C02000FFF7E0FC686029462046FFF7ABFCBDE85F
:10C030003840FFF76BBF0121002000F059F80022C3
:10C0400002201146FFF7D8FE024650B94FF47A702D
:10C050000A4B998941435868FFF7C4FC2860FF2CBC
:10C06000CCE7074BD3F8480240F08020F6E7044BBA
:10C07000D3F84C3243F080236B60D4E7589A002009
:10C080000080E00FF0B585B006466D46174B0F46B1
:10C0900014460FCB85E80F0096B1D6F8E4307BB19B
:10C0A0001A68062A0CD9D868FFF758FDFFF724FF55
:10C0B000FF2819D0022803D129462046FFF794FF14
:10C0C0004FB1631EDBB2FD2B0CD9009BFF2C3B60F4
:10C0D00001D1019B7B6022462946304606F028FBB1
:10C0E00005B0F0BD012CF3E72120F9E798730308B0
:10C0F000144BFF281870144A144B09D11821C2F8A8
:10C10000FC131022C3F8FC23114BD3F874320DE05A
:10C11000C0431821C00000F00800C2F8FC13C3F8A7
:10C12000FC030028F0D10A4BD3F8783240F2FF31FB
:10C13000054AC3F30903C2F80C11A2F58052C2F8F4
:10C140000C317047509B0020002002B8001002B84C
:10C150000080E00F014B1878704700BF509B002013
:10C160004FF03A43D3F81421D2031ED54FF4803256
:10C170000E49C1F81421A1F58051C1F818215A6D5A
:10C18000D1B2C2F30722C3F8A410C3F8A42004223A
:10C19000C3F8A4200022C3F8A420C3F8A420C3F845
:10C1A000A420C3F8A420C3F8A4207047002000BA3C
:10C1B000F0220B4B01219A64A022A3F580539A64CC
:10C1C0004FF03A43826CC3F8F410FC21C3F8CC1052
:10C1D000C3F8D0204FF40052C3F8F020704700BFDE
:10C1E000006000B8F8B50D464FF03A4417460646D1
:10C1F00009F012F801230421074A6363E76026610E
:10C200006561C2F81411054AC2F8843108F0FFFFD5
:10C210000DB102236363F8BD002000BA00E100E025
:10C220002DE9F04105460124006800F007000630C2
:10C2300004FA00F3A868EC685E1EA04262D000EA2F
:10C24000060E6C6810441E430640A3EB0E000EEB76
:10C25000040C8242644618D9D31A0EEB030298B13B
:10C26000431E052B04D94B1CACEB0303022B59D8FE
:10C270000B460844ACEB010E03EB0E0113F8014B27
:10C2800083420C70F8D101466C688AB1531E052BAD
:10C2900001F1010302D9E01A022812D80A44611EF2
:10C2A00000E0013313F8010C934201F8010FF8D1BB
:10C2B00008F0B2FF0223AE60AB62BDE8F04108F0C7
:10C2C000A6BF0B46204622F0030E8E4453F804CB43
:10C2D000734540F804CBF9D122F00303D01A92073A
:10C2E00001EB030C04EB0307E2D0CA5C0128E25423
:10C2F000DED09CF8013002287B70D9D09CF8023047
:10C30000BB70D5E7042A35D90878043AA861487883
:10C310000431A86111F8020CA86111F8010CA861A0
:10C32000A8688CE70B4620F003070F44ACEB010E26
:10C330001C684EF803400433BB42F9D120F00303DC
:10C3400010F0030F01EB030EA0EB03040CEB03074B
:10C3500028D011F80380012C0CF8038022D09EF81D
:10C360000130022C7B7018BF9EF80230084418BFC1
:10C37000BB7088E7013A032A12D8DFE802F00F15F4
:10C3800007020B4613F8012B1946AA610A4612F858
:10C39000013BAB61114611F8013BAB610B78AB611E
:10C3A000BDE8F08108446EE70A46F3E738B50B466E
:10C3B000154601464FF03A4468B101221048C4F8CE
:10C3C000F4201A46FFF72CFF25B14FF03A43042220
:10C3D000C3F8F42038BD73B1D4F8D8209A4284BF92
:10C3E0000122C4F8F4204FF03A42C2F8D4300223BC
:10C3F000C2F8F430E8E70123C4F8F430E4E700BF02
:10C40000CC0000BA38B5044608F006FF4FF03A42B7
:10C410000121638F054651674BB3B3FA83F3C3F130
:10C420001903DBB2A069C2F8B410C2F88C3007233C
:10C43000C2F89000C2F8B0304FF4A02302F50052C9
:10C44000C2F81431A2F58052C2F8183100220C4B08
:10C450001A600C4B5B6C5B0209D54FF480020A4BEF
:10C4600004F1F8005A64D4F8941001F065FE4FF41A
:10C47000E0232846E363BDE8384008F0C8BE00BFAB
:10C480006C9A0020000002B8002002B8044B186823
:10C4900020B140F001021A6020F00100704700BF97
:10C4A0006C9A00202DE9F84305460C46B1B1D0F84E
:10C4B0001880478F08F0B0FEB5F83CC0791E01EA3D
:10C4C0000C0323F00702032C0646DFF8F8E0424491
:10C4D0005ED1DEF8004024B908F099FE0E20BDE8D8
:10C4E000F88324F00104DEF8000020F00100A042EF
:10C4F00053D10023CEF80030238894426FEA43439F
:10C500006FEA534323803ED1EB8F08EB07091846AF
:10C51000083880B202F108044C4528BF4446082878
:10C5200004D9B4F800E0BEF5804F40D263440F4315
:10C530001B1A3B409BB2AB87E887947811884FF079
:10C540003A42C1F30C019165C2F89830C2F8B000CC
:10C550004FF48022174B04F00704C3F81421012282
:10C56000154BC3F88421FFF7FBFD042C0BD14FF4CE
:10C570008002124B05F1F8005B6C114B5A64D5F840
:10C58000941001F0D9FD304608F041FE0020A6E7E6
:10C59000601E012898BF1446A5E7E88F4344E31ABC
:10C5A00048BFDB1908389842A6DC304694E722469B
:10C5B000AEE700BF002000BA00E100E0000002B8D2
:10C5C000002002B86C9A0020154B10B51968CA8F6C
:10C5D0008B8F488F13440138073B8C69034023F04D
:10C5E00007031C4402F108034FF03A429BB2CB8789
:10C5F000C2F8B0304FF480220A4BC3F81421012254
:10C60000094BC3F88421A07800F00700042803D167
:10C61000064AD3681B03FCD4054B1C6010BD00BF49
:10C62000089B0020002000BA00E100E0000002B8F2
:10C630006C9A002010B5064C216839B1CB0703D4A1
:10C64000044B1868FFF72EFF0023236010BD00BFC6
:10C650006C9A0020089B00204FF480320C4B0D494F
:10C66000C3F818214FF03A43C1F81421D3F8AC10A5
:10C67000D3F88C20012302F0070206329340C1F365
:10C680000C01083B994201D8FFF76ABD704700BF13
:10C69000002000BA001000BA2DE9F04780460C4691
:10C6A00016468769458F08F0B7FDB8F83C2005F1BC
:10C6B000FF3C02EA0C0323F00701032C82463944B5
:10C6C000B8F83E0019D14A4C24689CB90244073A94
:10C6D00002EA0C0222F00702BC183B44E31A48BFEE
:10C6E0005B19834210DB504608F091FD0024204680
:10C6F000BDE8F08724F00104EFE7012C02D0022C02
:10C70000EBD108380C46E8E7002E3FD08C4241D1EF
:10C710004FF03A42D2F858904FF03A41D1F8AC205D
:10C72000B8F81270C2F30C02934247DA2588B5F5C7
:10C73000804FD8D2A378C5F30C0503F007037A1E07
:10C74000A5EB09053A43052B337005EA02052DD800
:10C750002DB2E84340F241420421C00F04F05EFADA
:10C760007580E3783374D8F81C207B1E03EA090334
:10C77000D118B160A9B213FA85F5AF422FBF0023DB
:10C78000FF1AB780F26024BFB180F360504608F012
:10C790003EFDACE7A4F10802974284BFED0802EB2E
:10C7A000C502B2F80090C9F30C09B5E7114B5B6DF7
:10C7B000003B18BF0123A5EBC305C9E74B6D7A1EEB
:10C7C000A3EB09033A431A400B4915B2002DCB687D
:10C7D0000BDCC3F30363D81E43424341DB003370D9
:10C7E000CB6C72801B0A3374BDE70823F7E700BFE8
:10C7F0006C9A0020004000B8000002B8054BA82247
:10C80000D3F84C013121431C0CBF0120C0F38070D0
:10C8100004F004BA0080E00F034B1A6802609B88A2
:10C8200083800020704700BFCEA0002010B50446D2
:10C83000084B063C9B689847074B032CD3F8F80736
:10C8400006D800F4C020B0F5C02018BF012010BDEC
:10C850000020FCE7F49F0020000002B80E4BD3F844
:10C86000FC37FF2B0ED0C3F3421103F01F0301333B
:10C8700003EB4112FE2A88BFFE23084A98BF03EB50
:10C880004113137041F66A02054B1B68B3FBF2F3C8
:10C89000044A1360704700BF000002B8D9A000200E
:10C8A0008C9A0020709A0020063803289ABF024B09
:10C8B00018780020704700BFD9A00020334BD3F870
:10C8C000F827D3F8FC17324B1B68D3F8E43013B1C8
:10C8D0001A68032A2BD82F4BDB6BC3F3C20013F06B
:10C8E000380F03F0070218BF424313F4E07FC3F38D
:10C8F000821000D04243C1F34213022B234919D9BD
:10C90000062A37D9D1F8FC3313F0010335D14FF0A3
:10C91000E0702149092AC1F82C012048C0F82C31C7
:10C920006FF0FF03C1F828311DD91D4B1DE09A6A35
:10C93000520EE0E70023D1F8FC13C907E7D5032A1C
:10C940001CD84FF47C71144A43F44C73C2F82C1178
:10C950004FF0E071C2F82C111049C1F82C316FF082
:10C96000FF03C2F828314FF408530C4A0020C2F8E4
:10C97000283170474FF40003DDE700234FF47C704B
:10C98000054943F43873C1F82C01C0E7000002B830
:10C99000089B0020008001B8002002B8001002B8F7
:10C9A000002DB00BF8B5834D04462978002950D1ED
:10C9B0002C22814805F054FB2378804FFF223B70E6
:10C9C000638800247B807E4B4FF48150C3F8DC40A9
:10C9D0007C4B1A7007227C4BD3F8F817D3F8FC670E
:10C9E00003F50053C3F8FC234FF47072C3F82C21F5
:10C9F000764A4903C3F830214FF00102C3F83421CD
:10CA0000C3F86C014FF40060A3F58053C3F86C01C8
:10CA100026D4C3F8FC234FF4307216F0E00FC3F8AD
:10CA20002C2108BF4FF480524FF0080008BFC3F814
:10CA30006C21ECF762FE4FF4780420226449C1F8BF
:10CA40006C213A78063A032A2BD8DFE802F0156BFE
:10CA50006E7300235F4AC2F8FC305F4A1370ABE785
:10CA60000421C3F8FC1380210920C3F82C11C3F85A
:10CA70003421ECF742FEE0E716F0E00FC6F3421275
:10CA800004D144F40C3444F440740AE0012A1BBF7E
:10CA90002020524A44F4C134C2F86C0118BF44F457
:10CAA0008024C1F83041FFF709FF002839D14C4BF1
:10CAB0001A68B2F1406F474A5BD3D3F87C12013158
:10CAC0003BD0D3F87C12C9B2C2F8DC10D3F8803264
:10CAD000404ADBB24249C2F8E430D1F88432013333
:10CAE00043F63F7332D0D1F884421C40C2F8D8409C
:10CAF000D1F888120B40C2F8E030394BD3F88C12D1
:10CB000001312CD0D3F88C1201F0FC01C2F8F010E6
:10CB1000D3F8903203F0FC032E4AC2F8F43001231C
:10CB20002B70F8BD44F40834ADE744F4A73444F462
:10CB30008074B6E744F4FE44B3E72349D1F82831C2
:10CB4000DBB2C2F8DC30D1F82831C1E71E4CD4F892
:10CB500024111940C2F8D810D4F82411CAE71A4990
:10CB6000D1F8343103F0FC03C2F8F030D1F834319D
:10CB7000D0E71549D1F8F847D3F83012C9B2C2F856
:10CB8000DC10D3F83432DBB2C2F8E430630357BFB1
:10CB900043F62B3341F61B33C2F8D830C2F8E030ED
:10CBA00049BFC2F8D830FC23C2F8E030DC23C2F819
:10CBB000F030B1E7529B0020D43F00B0CEA000205F
:10CBC000004001B8D8A00020000002B800FFFF001C
:10CBD000001002B8003F00B0519B0020002002B8B6
:10CBE0000080E00FD0F8A4104C22022938BF0221A7
:10CBF0002DE9F04F804690F824A181480139C36C9B
:10CC0000D0F8DC507F48C3F38213DA40036898F809
:10CC10002B708B42DFF828B27B4B87B002F0010209
:10CC200019D11C78944216D1784C2478544512D1ED
:10CC3000D8F8A8407CB1AC420DD1754CD4F8F8407E
:10CC4000A60608D4734C2478BC4204D1BBF8040077
:10CC500007B0BDE8F08F01609BF800001A70FFF785
:10CC600023FEFF2F81466A4840D1AAF10603032B19
:10CC7000D0F8F800684B09D985064DD540F2FF3051
:10CC8000C3F88800FB0843F4407309E0840642D5EA
:10CC900040F2FF300127C3F88800BB0843F4387323
:10CCA0005E48C0F888305C4B0120C3F8E0005C4B64
:10CCB0001E6840F27123B6FBF3F619234E43B6FB10
:10CCC000F3F65AB3D8F8E4502DB12B68082B40F294
:10CCD000948095F83850294605A8059605F0E9FD99
:10CCE0000602059C46F011062D043CE009F1FF33D5
:10CCF000BB4228BF3B46012B38BF0123D0F8F800C8
:10CD0000DFB2800608D540F2FF3443481B06C0F866
:10CD10008840B7D4C1E70127404BC5E7414B982174
:10CD2000A3FB062303A8039305F0C3FD039C3E4A1F
:10CD3000361BA2FB06120190342104A8049205F0D0
:10CD4000B8FD049D0090761B302105A8059605F0DE
:10CD5000B0FD019B009A1E02059B2C4446EA021678
:10CD6000324D06431C44324B40F6970218682B2183
:10CD7000003818BF012003F051FFFA222C4B02FBB0
:10CD800004F01B6840F6FF72B0FBF3F00A2358432F
:10CD9000214B00F57A74C3F8D820A3F58053C3F86B
:10CDA000D860A3F58053C3F8DC50224B224E1B7889
:10CDB000C6F8D4700BB9C6F8FC7086F8FB9000F585
:10CDC0008C50C8F8A8501D4D14302C6001F0F6FFAF
:10CDD0004FF47A72C6F89800C6F8EC002B680D493B
:10CDE000B3FBF2F3ABF80430084BB4FBF2F083F87A
:10CDF00000A098F82B300B702AE700256BE700BFE6
:10CE0000004001B8C89F0020539B0020D7A00020FD
:10CE1000004F00B0D6A00020006001B8005001B85B
:10CE20008C9A002069C2F568B97A146E3064FC00EF
:10CE3000709A0020519B0020003F00B0749A00209F
:10CE4000CEA0002010B5104B024618780F4C0C28CD
:10CE500002D1FF20207010BD831F042B34BF01219D
:10CE6000FF21FFF721FD904228BF1046C0B2884243
:10CE700038BF084623788342EDD0054B20701868F0
:10CE8000FFF7B0FE2078E6E7CEA00020D8A0002073
:10CE9000089B002008B50E4B024618780C2812D0CB
:10CEA000FF2A13D0FFF700FD904228BF1046C2B200
:10CEB000012A38BF0122074BC3F8FC200123064991
:10CEC00010460B7008BD0023FF22F8E70023F6E7A9
:10CED000CEA00020003F00B0519B00200020044B5A
:10CEE0001870044BD3F8D420C3F8FC20704700BF5F
:10CEF000519B0020003F00B010B5044603F046FCF3
:10CF000078B1154B1B786BB964B1144B1B784BB1DE
:10CF1000134B1B78013B012B04D84FF40042114BFB
:10CF20001A6510BD104B1B6D1B04FAD408F074F980
:10CF3000044602F023FD4FF400420C4B2046BDE8AE
:10CF400010401A6502220A4BC3F824250422054B1F
:10CF50005A6408F05CB900BF549B0020559B002028
:10CF6000789A0020002002B8000002B8001002B831
:10CF700000D00350054BD3F8843013F0030F4FF467
:10CF8000802314BF024A034A93647047004000B8EC
:10CF9000005000B8006000B8594B2DE9F34193F8F8
:10CFA0002E800646B8F1000F40F0A8809B68554CD3
:10CFB000984701213A20ECF7C1F8534B2578534F9D
:10CFC0001E7085BB2846FFF797FF2378013B012B96
:10CFD00019D8E37B01A88DF80430237C8DF8053047
:10CFE000EAF760F9C7F824554FF6FF72484BC3F8CB
:10CFF0008420F822A3F58053C3F884200022434BF9
:10D00000C3F824250DE04FF6FF72414BC7F82455B5
:10D01000C3F88420F822A3F58053C3F88420C7F80E
:10D0200024553C4B5BE04046FFF766FF2378013B0D
:10D03000012B08D8E37B01A88DF80430237C8DF800
:10D040000530EAF72FF90023C7F82435002ECBD09E
:10D0500062685AB3304B1B6803EB5203B3FBF2F325
:10D06000013B1B0243F0F80326782949022E2B4A84
:10D070001ED0032E4FF6FF75244826D0012E37D13F
:10D0800043F00203C1F88450C2F884300723C0F88B
:10D090002435E37B01A88DF80430237C8DF805301E
:10D0A000EAF7D4F80120FFF727FF17E0F823DBE7C2
:10D0B0004FF6FF7043F00103C1F88400C2F88430DA
:10D0C0000622124BC3F82425E3E743F00503C1F819
:10D0D0008450C2F884300423C0F82435104B4FF03C
:10D0E00080421A65FFF746FF002002B0BDE8F081DC
:10D0F000C1F88450C2F884300023EDE70E20F4E735
:10D10000F49F0020789A0020559B002000C0035017
:10D11000006000B8002002B88C9A0020005000B8CF
:10D12000001002B8DFF8CCC02DE9FF419CF82E803A
:10D130000446B8F1000F54D12B4F06463D460FCEA2
:10D140000FC533682B60DCF80830984701213A207E
:10D15000EBF7F4FF254BC3F82485A17A627A42EA03
:10D160000142C3F83025217CE27B42EA0142C3F848
:10D170002C25217B627B41EA0240C3F828053B78DD
:10D18000032B2AD8DFE803F022020C178DF80410D5
:10D1900004218DF805200DEB01000022EBF71AFFAA
:10D1A000E37B00228DF80830237C042102A88DF84F
:10D1B0000930EBF70FFF637A01228DF80C30A37A68
:10D1C000042103A88DF80D30EBF704FF084B187805
:10D1D00004B0BDE8F041FFF7DFBE212004B0BDE898
:10D1E000F0810E20FAE700BF789A002000C00350BB
:10D1F000559B0020F49F0020034B1B6D002BBCBFF0
:10D20000024BC3F888007047000002B8004000B825
:10D21000304B2DE9F047DB6898474FF47A762E4B78
:10D22000B0FBF6F618604FF4FA73734307462B48C9
:10D23000190E1B0218182A4A4FF0000341F1000191
:10D2400003F0DCFE274BA0F5807205461A6320B977
:10D2500048222B2103F0E2FC01254FF47A724FF0B3
:10D26000000A6A4353465008310203F0C7FE1D4BC3
:10D270001D4AB7F57A7F9A601C4B4FEA0568196022
:10D280001B4B8946044618604FEA152505D29B22A0
:10D290002B21504603F0C2FC01264FF47A73A8FB01
:10D2A000030103FB05117308C01841F100010023BD
:10D2B000324603F0A3FE0F4B023419600E4B49F1C6
:10D2C0000009A408186044EA8974064B013C9C6379
:10D2D000BDE8F087F49F00208C9A002020A1070071
:10D2E00040420F0000C001B802110100A09A0020C6
:10D2F0009C9A0020989A0020949A00201022044BB7
:10D30000C3F884215A600122024BDA60704700BFE3
:10D3100000E100E000C001B81022064BC3F88421F0
:10D32000C3F88420BFF34F8FBFF36F8F0422024BEB
:10D33000DA60704700E100E000C001B810B50446B3
:10D34000A242A2EB0000A3EB010104D2034B01397E
:10D350009B6B0133184401F0030110BD00C001B8FC
:10D3600038B501250A4B02019D504FF480730446E5
:10D37000084A8340536607F04FFF074AA5401378D9
:10D3800023EA05031370BDE8384007F040BF00BF33
:10D3900000E101B800E001B85E9B00202DE9F84FE4
:10D3A000164605468A461F4607F036FF022E00F055
:10D3B0009180804607F025FF5A4B5B4AD3F82090B6
:10D3C00092F8CD405A6EE4B2520744BFD3F8209091
:10D3D000013404F0030407F00FFF4846214600F033
:10D3E00099FA8446DAF80000012E04BF0130604447
:10D3F000ACEB000C08BFCAF80000BCF1804F7DD335
:10D4000000F09AFA8145A1EB040188BF454BDFF893
:10D4100038C188BF01F1FF3101F0030188BF9B6B68
:10D42000A0EB090E0CF80510A1B1F90742BF41F6B7
:10D430001F723E4B5A67BA0742BF3C4B3C4A5A6781
:10D440007B0742BF0022374B9A673C0742BF00224E
:10D45000344B9A6511244FF0010A324B05F110024A
:10D46000120103EB051BCBF80C0132499C501A6AE0
:10D470000AFA05F4586E0B78A2EB0902E4B22343D2
:10D4800072450B7025D34FF48073AB40034220D11B
:10D490001CF80520002A40D10EB3274AF80753662E
:10D4A00007D541F61F7140F20110204B59675067B4
:10D4B0005967B90706D51D4B1D4A1F491F485A67B2
:10D4C00048675A677A0742BF01221D4B1A613B0722
:10D4D0001AD4404607F09BFE0120BDE8F88F194A98
:10D4E0002D0142F805A042F89C3C07F095FE114939
:10D4F0000B7823EA04030B7007F089FE404607F01F
:10D5000086FE0020BDE8F88F2120FFF775FE4FF45E
:10D510008032044B4046DA60DCE7074A40465366F7
:10D52000D8E700BF00C001B8003E00B000E001B87D
:10D5300000001F1F5E9B002000D001B80000010109
:10D54000000002B800E101B8569B0020024B187899
:10D55000003818BF012070475E9B0020034B10303D
:10D560000001185800F00100704700BF00C001B86A
:10D5700070B50646FDF768FE044608B1FFF7CCFE1D
:10D5800000230A4D3046AB61EB612B6200F0D4F909
:10D59000074BC9B283F8CD1028622CB1FFF7AEFE5D
:10D5A0004FF08062034B5A64002070BD00C001B888
:10D5B000003E00B0002002B82DE9F0419DF818802F
:10D5C0000D46B8F1000F08BF0022214EB5F5803F8F
:10D5D000B168074621F4700141F4A001B1609DF8E3
:10D5E00020409DF81C104FEA042444EA016444EAF8
:10D5F000031444EA084444EA02044FF0180140F2DC
:10D60000E9222CBF00200120746503F007FB35647C
:10D61000B8F1000F1AD00F4BBC68D3F8B8307A2C91
:10D6200038BF7A245B0606D500F0E8FC18B10A4B37
:10D63000B3FBF0F31C44204600F07EF90130854234
:10D6400038BF0022024B34BF5A645864BDE8F081F1
:10D6500000C001B800C000B800093D0038B51A4B41
:10D660005D6C35BB10242020FFF7C6FD174B9C6076
:10D6700002F06EFF2022164BC3F8842102F06EF8F0
:10D6800048B12A4600200821FDF742F8114B5C669C
:10D69000A3F580531C67104AD36803F07063B3F19D
:10D6A000807FF9D9084B0D4A5A6741F201429A67C7
:10D6B00038BD02F053F80028F4D0094B054A5366F0
:10D6C000A2F580521367EDE700C001B8001002B860
:10D6D00000E100E000E001B8000002B8011B011801
:10D6E0001000002008B52120FFF786FD4FF480329E
:10D6F000014BDA6008BD00BF00C001B82DE9F04160
:10D700001C4D0446EB6BDB012DD500F0EBFC06460F
:10D71000A0FB0447E86B4FEA1028050C10F0FF004F
:10D7200005D140F25A422B2103F078FA0120EDB2E4
:10D73000AD01B5FBF0F55FFA88F815EB881506D159
:10D74000284640F25F422B2103F068FA01252A4661
:10D7500000232046394603F051FCB6FBF5F5064A96
:10D760001560BDE8F08100F049FC0546A0FB04010E
:10D77000F5E700BF00C000B8909A002002460120E3
:10D7800030B50B4CA0F12003C0F1200524FA05F5BB
:10D7900004FA03F32B4304FA00F595428B4100D3BE
:10D7A00030BD0F2801D00130ECE7FF20F8E700BFC3
:10D7B00040420F0038B507F024FD084B084A1D6AA7
:10D7C00092F8CD405A6EE4B2520744BF1D6A01344C
:10D7D00007F012FD284604F0030138BD00C001B86F
:10D7E000003E00B02DE9F0410E46FFF787FFC30968
:10D7F00043EA4163C01A61EBD111FFF7BFFFFF2875
:10D80000054661D0334B344A1B68344FB2FBF3F802
:10D81000FB6803F07063B3F1807F3FD93327304C4E
:10D82000E36813F4603F03D1013F17F0FF0747D1CE
:10D8300001234046236505F073F807F0EDFC072D42
:10D84000294628BF07210F27636A6A1E23F47063E5
:10D8500043EA0223A26A22F0E05242EA81622149AD
:10D86000C1F8B870204945F010070978A9421F494E
:10D870002BBFA262C1F8B870C1F8B87063622CBF48
:10D880006362A26207F0C3FC154B5B6ADBB2802BBC
:10D890001DD03046BDE8F04100F010BC102233240A
:10D8A000134B9A60FB6803F07063B3F1807FB5D8C7
:10D8B000013C14F0FF04B1D00A2005F031F8F1E783
:10D8C0000A2005F02DF8ABE72120BDE8F081022009
:10D8D000FBE700BF909A002040420F00000002B812
:10D8E00000C000B800E000B84D9B002000D000B898
:10D8F000001002B80346064A103302EB00111B0168
:10D90000D1F80C01D158C1F3400105F014B800BFA3
:10D9100000C001B8064B1B68434303EB8171054B04
:10D920001B68A3FB003013F1004341EB000070477C
:10D93000989A0020949A00200C4A20F04043014617
:10D9400010B5002014684FF00042E4FB0320084AA1
:10D95000890F126802FB0300064B9B6B984204D9A7
:10D9600001330131C01A01F0030110BD9C9A00205F
:10D97000A09A002000C001B8044B01F0F0711030F3
:10D9800041F0030100011950704700BF00C001B809
:10D9900008B52220FFF730FC4FF48022014BDA60FB
:10D9A00008BD00BF00C001B8836833B10549C26833
:10D9B000096803F13043032A00D8704743F8041B79
:10D9C000043AF8E728A0002070B51646054600B3D3
:10D9D000F9B1F2B14268104B006803321B6892083B
:10D9E00000F130409847044688B9EA68A8680332D5
:10D9F0003146920800F1304004F0B6FF044630B9D9
:10DA0000D5E90402214600F1304004F029FB20460C
:10DA100070BD2124FBE700BFD09F002070B50C68CB
:10DA2000651C15D0C4F302669E42C4F3074530D18D
:10DA3000A4B294422DD804EB8506B24229D2141B1D
:10DA4000A50824F003040E59340F04D0012C08D08B
:10DA50000022212402E06B1C51F82320C0E900249D
:10DA600070BD0E4C34F8133042EA03431A686B1C45
:10DA700051F8234001EB83014B6822405E4036F0B1
:10DA8000704404D11B0F032B04BF8B681A4300247E
:10DA9000E4E7013501EB8501C1E700BFE47303084A
:10DAA00007B501A8EBF71EFF42F201020C4B0D492E
:10DAB000C3F870224FF4FC72C3F8E0205822A3F59B
:10DAC0008053C3F8E020084AA3F61C7352F8040BF5
:10DAD00043F8040B8B42F9D103B05DF804FB00BF9F
:10DAE000006001B8104101B8B073030870B5032499
:10DAF000134E144DB3689847134A144B1A6501F03E
:10DB000015F9FFF7CDFF124BC3F8104101232B6528
:10DB1000336898474FF460736B614FF400732B6563
:10DB2000FEF718FB0021FEF7E3FA8022094B1C6484
:10DB3000A3F580535C64084BC3F884215A6070BD20
:10DB4000F49F0020001002B80048F000000002B866
:10DB5000005001B800A0095000E100E0836810B453
:10DB6000074C03F1304324681B689C4203D15DF8E5
:10DB7000044BFFF729BF00205DF8044B704700BF3E
:10DB800028A000202DE9F04705460E461446DFF890
:10DB90008480DFF884901E4F88B01CB9204608B0FE
:10DBA000BDE8F087B4F5006F4FF010024FF00001B0
:10DBB0006846A24628BF4FF4006A04F051FA0823D1
:10DBC0008DF800300AF1FF339BB2009A1B0143F03D
:10DBD000036302EA090203EA080313431022002147
:10DBE0000DEB0200CDE90036029504F039FA6A46E1
:10DBF000387804A9EBF7ACFDA4EB0A0406EB8A061F
:10DC000005EB8A053878EBF7EFFD0028FAD0C4E77A
:10DC1000DAA00020F07F300C0F80CFF3002210B587
:10DC2000274B284C5A649A64DA6494F82D2003F543
:10DC3000805312B14FF000721A6594F82E20002A1A
:10DC400039D04FF400421A6594F830302BB14FF4BC
:10DC500080521D4B1A65A36A984794F831201A4BDD
:10DC600012B14FF400521A6501225A6102229A62DF
:10DC7000134AD368C3F303630D2B01D0002BF8D1F3
:10DC800011231249D3631248124AFFF79DFE01F097
:10DC9000E3F91148FFF788FE1048FFF785FE1048AA
:10DCA000FFF782FE4FF08062074B5A61012203F5B5
:10DCB00080535A6110BD01213A20EBF73FFAC3E7C8
:10DCC000000002B8F49F0020001002B84C7903084D
:10DCD0007474030890740308447403085C740308A4
:10DCE0002C7403080F4B10491A68012302F5805267
:10DCF000C2F8803291660D4A53600D4A53600D4A56
:10DD00005360A2F580425360A2F54042536002F591
:10DD1000C032536002F580425360A2F50042536066
:10DD2000704700BFF09F0020FF0B001600D000B826
:10DD3000001000BA005001B808B505F001FA044B14
:10DD40001B681B6FC3F300430133B0FBF3F008BD46
:10DD5000F09F00202DE9F04F044687B002908946DD
:10DD600059F8043B5A1C06D12360029BE01A80102C
:10DD700007B0BDE8F08F3748C3F301615FEA137B5A
:10DD800030F8110008BFC3F307429BB218BF01224D
:10DD900043EA004004F0F1FD4FEAC20A05460AF1E9
:10DDA00004032D48234483421BD807230127C84678
:10DDB000CB4003F0010301939300049307FA0BF7A0
:10DDC00005EB8203039307F0940304F1080605931F
:10DDD000039B08F10408AB4208D104995444494418
:10DDE000BDE71E4B9C42E0D80020C1E7059B53B91C
:10DDF00017F0420F19D117F0280F0BD146F8085C25
:10DE000058F8042C21E04FF420623221002002F067
:10DE100005FFF3E740F604223221019802F0FEFEEE
:10DE200005F5805246F8082CEAE740F60D2232212B
:10DE3000019802F0F3FE05F50052BBF1010F46F820
:10DE4000082CDDD158F8042CD24346F8042C0435B4
:10DE50000836BDE7DC730308DF4F00B0E04F00B0C9
:10DE600070B5044698B1B1B13A4A52F8043B8342C6
:10DE700013D10023384A116CC907FCD4374800EB92
:10DE8000830004F07AFD364B106001221A6470BDE5
:10DE900001330C2B02D1334D2CE0012352F8041B2B
:10DEA000A142F5D1304A32F81330E3E7C2F30163FF
:10DEB00035F81300110C93B211F0FE0F43EA004342
:10DEC000606820D00434CAB2022A216808D9D4E993
:10DED0000160033AC3E9001698600C340C33F3E791
:10DEE00004D16268C3E90012083403E0012A01D1B9
:10DEF000043419602268531CD8D10022164B1A60D2
:10DF000003F58053C1E7120F072AEDD8DFE802F0CE
:10DF10000704090D1013181DC04303F500531860C2
:10DF2000E2E71A6842401A60DEE703F58053F6E73D
:10DF300004F0F6FCD8E7012203F580538240F2E7B3
:10DF4000012203F500538240EDE71A6830EA02022D
:10DF5000FBD1C9E7A49A002000C002B8404000B03D
:10DF600000D002B8E47303082A9B00200122014B71
:10DF70001A657047001002B80122014B1A657047FC
:10DF8000002002B84022014B1A657047002002B8F9
:10DF90004022014B1A657047001002B80B4B1B68FA
:10DFA000D3F8E43023B11A68022A01D9186A7047FD
:10DFB000074B9A6E90B238B1064BC2F307421B680A
:10DFC000DB085343B3FBF0F0704700BF089B002011
:10DFD000004001B88C9A0020064BDB68C3F3036352
:10DFE000984206D1044A936F23F0F00343EA0111EB
:10DFF00091677047000002B8003F00B0054B1B68F6
:10E00000D3F8E43013B11A680A2A01D8FFF7C6BF63
:10E01000186C7047089B00202DE9F743064604F072
:10E0200078FC00248046DFF8909007F0F5F80DF1B9
:10E03000070105460DF10600FDF7B0F99DF8063021
:10E040008BB9721C29D004F064FCA0EB08042846AC
:10E0500007F0DDF89DF8063013B99DF807303BB3A3
:10E06000A642E2D824E0D9F80C3013F4603FE8D09F
:10E07000D9F8180004F0D4FC731C074603D004F050
:10E0800048FCA0EB0804284607F0C1F817F5007F0C
:10E09000E0D0384603B0BDE8F083284607F0B7F873
:10E0A0009DF80630002BC0D19DF80730002BBCD165
:10E0B000004FEEE700FEFFFF00C000B810F1800F38
:10E0C00004D04D28CEBF7F20323040B2FF22044B17
:10E0D000C0B25A62A3F5805358620020704700BF57
:10E0E00000E000B80B4A10B5136F0B4C116F03F032
:10E0F0000703E35CC1F3CD0101FB0333126F074853
:10E10000C2F3454202FB033300688001B0FBF3F029
:10E1100010BD00BF004001B8A87303088C9A00200E
:10E12000044BD3F8B03010B1C3F30332027003F0E4
:10E130000F007047000002B8064B01F080015B6CD5
:10E1400003F480030B4302BF4FF40012024BDA6466
:10E15000704700BF000002B8006001B84FF0B05235
:10E16000024B1B6803F580539A667047F09F0020AE
:10E17000044B1B68986E00F0B05000F16A4358429F
:10E1800058417047F09F00200F4B1B788BB1012B3B
:10E1900011D10E4A012102F580528B4291600FD8B5
:10E1A0000A4A0B49002B08BF0A4693689B07FCD418
:10E1B0007047074AEEE700224FF480539A60FFDE73
:10E1C00000239B68FBE700BF5F9B0020004003B873
:10E1D000000003B838B50B4B0B4C002818BF1C4689
:10E1E000A569E3691D4007D0084B1B682BB1284681
:10E1F000984704F50054A56138BD6B05F9D5FFF7C4
:10E20000C3FFF6E7004003B8000003B8D49A00202B
:10E210002DE9F74F81460F464FF0FF35FFF7CAFA59
:10E22000002601908A462C463046DFF8D8B006F129
:10E2300010031B015BF8033003F00308B8F1010F72
:10E2400015D13046FFF756FB02460B460198514662
:10E25000FFF774F8DBF8643006F10802D340DB07FF
:10E2600039D5002F40D000252C463E60404601366F
:10E27000082EDCD160B3234A0027D2F808C0916B86
:10E280000CF440330131A4FB0141641941F1000158
:10E29000B3F5003F30D1536B0CF4405C013347F1D0
:10E2A0000006BCF5805F22D1156B15F5807505FB66
:10E2B00006F647F1000203FB0266A5FB0332324477
:10E2C000594304FB0212A3FB04341444C9E900348B
:10E2D00003B0BDE8F08FA84271EB0403C6D207B1CA
:10E2E0003E6005460C46C1E73D463C46BEE732026D
:10E2F00042EA13621B02E3E7136B13F5807347F1E5
:10E300000002DDE700C001B8034B1A6E596E03F539
:10E3100000530A401A66704700800A502DE9F34105
:10E3200005460F4668461146FFF772FF0646B8B12C
:10E33000B7B1DDE900321B0A43EA0263A5FB03849F
:10E34000094B120A05FB02441A681AB9074BDB682D
:10E350009847024600234046214602F04FFE3860AF
:10E36000304602B0BDE8F0818C9A0020F49F002076
:10E3700030B54FF04044114B1A68D2F8883002F59E
:10E380000055C5F8A040C3F38803C5F8A44091B177
:10E39000B3F5D17F28BF4FF4D173D52B38BFD52328
:10E3A00003F14605A3F1460141EA0541D16702F5B3
:10E3B0008052C2F8A4400380002030BDEC9F0020B2
:10E3C0004FF48022034B00201B6803F581539A61B0
:10E3D000704700BFE49F002073B50446234B244DD3
:10E3E0009B68984701213A20EAF7A8FEE178227954
:10E3F000286841EA0243C0F8F435E679A37943EA94
:10E400000643C0F8F83523784BB18DF80410042189
:10E410008DF805200DEB01000022EAF7DBFD6378A3
:10E420005BB10421A37900228DF80430E3790DEB70
:10E4300001008DF80530EAF7CDFD2B682178012227
:10E4400003F5BE6359B103F580510A606178022279
:10E4500041B103F5805300201A6002B070BD03F58E
:10E460000051F2E703F50053F5E700BFF49F0020E9
:10E47000E89F00204FF08042034BC3F88020BFF399
:10E480004F8FBFF36F8F704700E100E04FF0804285
:10E49000014B1A60704700BF00E100E070B52C4BE3
:10E4A0000C461A781AB92B4AD2F86C221A702A4AEA
:10E4B000126D52054AD51D78284B05F00F06B0FBAA
:10E4C000F3F040434FEA151505D140F27C622B2151
:10E4D00002F0A4FB0120224A0A217243B2FBF0F3AE
:10E4E0004843B3FBF1F602EB5002B2FBF0F201FB42
:10E4F0001633042BD2B207D8C3EB8310C3EB8003CF
:10E500005BB283B96DB217E0C3F10B0303EB830376
:10E51000DBB2B3FBF1F32B44DDB20F2DF2D9013A9C
:10E52000D2B2053DEEE7053B5BB293FBF1F31D4430
:10E53000EBB26DB2002D04DB002042EA051222602E
:10E5400070BD01320533D2B25DB2F5E70220F7E7C4
:10E55000619B00200080E00F000002B8403B2500D6
:10E5600080969800014B1868704700BFE09A002021
:10E57000014B1868704700BFDC9A0020F8B50B46C5
:10E58000002213F8044B944225D91D68854224D1FA
:10E5900006245A791D79124B88181E6804FB05035E
:10E5A000104F33F8063C7B43B3420ED900238A5AFE
:10E5B0007A43964202D804FB0300F8BD9D42FAD983
:10E5C000013304FB03F2825AF2E740F244423D2158
:10E5D000002002F023FB0020EFE708330132D2E7EE
:10E5E000D89A002040420F0000202DE9F04FA2FBF6
:10E5F000016AB94FDFF824C3F7191D466AF1000319
:10E60000BC4570EB030383B008D240F23E220E21DA
:10E6100002F004FB022003B0BDE8F08FD5F828908B
:10E620008B461446B9F1000F04D0D9F80030032B03
:10E6300000F29381A94BAA4A9B6BD2F8FC90C3F3DA
:10E640001408A84B1B6F59074EBF4FF440039B059E
:10E6500003F0E07348EA0308A34BD3F8EC305A0008
:10E6600048BF48F0807848EA446804F095FD0746C2
:10E67000002CCFD00028CDD09C4B6E62C3F800B0E8
:10E680009B4B984200F0B18103F5122303F5F86328
:10E69000984200F07381974B984200F0B181024696
:10E6A000002300204FF0007102F0A8FC002301308D
:10E6B00006FB03F300FB0A33A6FB000213442033DE
:10E6C00089499B092B60D1F8ECB3D1F8F033D1F82C
:10E6D00078A1D1F8A01000930846584030F47F6329
:10E6E0000CBF012000204FF428720191102102F08C
:10E6F00095FA8BEA0A0232F47F634FF0100140F280
:10E70000A6220CBF0120002002F088FA7A4A009B62
:10E71000D2F86012C9B2FF291CBF2AF47F6242EA14
:10E720000112764908BF5A468E4207D9211F012996
:10E7300040F2278172498E4200F22381B7FBF4F741
:10E74000C8F31301A1FB0717AB61684BC90C41EA81
:10E75000473118F4801F1F686A4B08BF494219608F
:10E76000694B0F44C5E907B21F60B9F1000F00F013
:10E77000328100236B60AB60D9F81C60D9F800A02F
:10E78000002E49D0BAF10F0F97BF574BB9F818B008
:10E79000D3F88C31C3F3832B524B98BF0BF1080B8A
:10E7A000D3F83C31B7FBFBF2DB0216D5002381EA3C
:10E7B000E17EAEEBE17E5549C8F3815811F808C0FF
:10E7C000194650084FEACC5CCCFB0E01009202F0D7
:10E7D00015FC009AC0F3130068605F4504D3B2FAD9
:10E7E00082F10D2940F3048133469103B1FBF3F12B
:10E7F0004B004FEAC23E0133520C01E002330131BB
:10E80000A3FB06C0E64572EB0000F7D2C1F30E0190
:10E81000090341F00061A960BAF1050F40F2DF8001
:10E82000D9F82C60002E00F0B680307804FB07F792
:10E83000A0F10400B0FA80F040F20B523D214009F3
:10E8400002F0ECF9324B9F4240F20181314B9F4282
:10E8500040F20181304A974294BF0222032244F2DF
:10E860001421FF0B07EBC70307EB43039B0B013B93
:10E870005B0232446B61567801FB07F2B6EBD25F64
:10E880004FEAD25380F0E5802644B34240F2D7806D
:10E890002644B34240F2E1802644B34240F2DF8096
:10E8A0002644B34240F2DD802644B34298BF05209F
:10E8B00040F2C680002040F226523D2102F0AEF91F
:10E8C00044F6776307FB03F3DB0D013BB34280F0B3
:10E8D000BC80002026E000BF006CCA88008001B820
:10E8E000004F00B0004001B8000002B8E09A0020DC
:10E8F00000F04902005A62020080E00F00BBEEA067
:10E9000000AE5EA7DC9A0020D89A00201474030899
:10E9100020D4CB8F00DAF89AE0DF25A6807C814AEC
:10E92000042804D8361BB34200F10100F8D30328B1
:10E930008CBF0020012040F232523D2102F06EF9DE
:10E9400001216B69A6F1140242EA86421343D9F809
:10E9500000A06B6185F82C101FE0042BD9F82880EB
:10E960007FF483AE18F0807F14BF4FF4400308F0AB
:10E97000E07328F0E07848EA030876E600233A4896
:10E9800096E6019B2AF47F6A23F47F6343F42A63AB
:10E990004AF4CC6BD2E685F82C600023BAF1060F5E
:10E9A000EB6018D9D9F83030ABB104F0F5FBD9F8E9
:10E9B0003010FFF7E3FD044608B183781BBB04F079
:10E9C000B9FBD9F83010FFF7D9FD20B1837813B126
:10E9D000C3781B042B61002003B0BDE8F08F002337
:10E9E000002085F82C30EB60F6E700231F485FE637
:10E9F000C1F10E0326FA03F302FA01F10133F5E641
:10EA000000231B4854E6407940F25552003818BFA5
:10EA100001203D2102F002F9207940F256520038DF
:10EA200018BF01203D2102F0F9F8237962791B0219
:10EA300043EA0213EB60E3781B042B61BFE701207C
:10EA400003288CBF0020012035E7012073E7002256
:10EA500005E701202FE7012201E70220F0E703206C
:10EA6000EEE70420ECE700BF313641DC0A3BB2DFC1
:10EA7000D694BFD630B505460C468DB059B9334B48
:10EA8000827AD3F8FC30416831480A9300686B46BB
:10EA9000FFF7AAFD6C462F4B22685A632B4BD3F825
:10EAA000FC30002B3CD0636843B12B4B2B4AC3F89E
:10EAB0003C216268A3F58053C3F83C21A36843B1AD
:10EAC000254B274AC3F81C21A268A3F58053C3F83D
:10EAD0001C21244AE168D2F8983194F82C0023F4E0
:10EAE000EE630B43C2F898316FF078421E4B1F491A
:10EAF0009A606269A3F580539A604FF44033C1F87D
:10EB00008C3122691A4BC3F88C214FF40012D8B112
:10EB10000A65184B1B6898471749606AFFF7BEFCE7
:10EB20000020A2690F4BC3F8A020E269C3F8782146
:10EB3000226AC3F8F8232A89A3F5E0339A6203F521
:10EB4000A03318640DB030BD1A65E2E7004F00B085
:10EB5000089B0020008001B8006001B8FFFF0F0093
:10EB600000F0FF0F000002B800600C50002002B857
:10EB7000001002B8F49F0020588001B870B51C4600
:10EB800015460E461B688CB00A93A27A6B466168E4
:10EB9000FFF72AFD394B2B6023896B60384BAB6044
:10EBA000009BEB60374BC5E90436019B002B55D128
:10EBB00005F11804029B43B1334ADFF80CC1C4E9E4
:10EBC00000C2324AC4E9022310344FF4EE63304AE3
:10EBD0003049C4E90023304B3048A360039B304ADE
:10EBE000E3606FF07843C4E904132E4B9DF82C10BA
:10EBF000A361059B4FF40016E3614FF44033C4E971
:10EC00000803294B0998A362049BE362274B002960
:10EC100008BF13464FF47F622363254BE263C4E9C8
:10EC20000D63A3F580532364069B04F16401134034
:10EC30006364204BC4E91232A3F580532365079B1C
:10EC4000134063651C4BA365089BE365FFF726FC37
:10EC500078B16034641BA0100CB070BD174ADFF8A7
:10EC60006CE005F12804C5E906E2154A6B622A62E8
:10EC7000A0E7144B683444F8083CEBE7284000A8B0
:10EC8000348001A8448001A800F0FF0F1C5101A8A6
:10EC9000982102A808600C50981102A88C2102A8A3
:10ECA000501002A808500C508C1102A8502002A845
:10ECB000A02002A8782102A8F80302A8FFFF0F00F5
:10ECC0003C5101A8588001A81C6101A83C6101A821
:10ECD0004FF40022014B00201A657047002002B853
:10ECE0000E4B1B68D3F88022D2070ED55B6E002B2B
:10ECF0000DDA0B4B4FF480029B6813F00C0F094B9D
:10ED000009D11A654FF480421A65002070474FF40C
:10ED10008002054BF5E704490A65F3E7F09F002000
:10ED200000400950002002B8001002B84FF4806281
:10ED3000014B1A65704700BF001002B8064B1A6CF1
:10ED40009207FCD4022240EA01205860034B1A6467
:10ED50000122034B1A70704700C002B800D002B8FD
:10ED6000629B002040B10368012B05D90069034B69
:10ED7000002808BF18467047004870471C740308F5
:10ED800010B590B10468012C0FD902696AB11168FD
:10ED9000094B102C196051685960916888BFD2687E
:10EDA000996094BFD960DA6010BD1022002102483A
:10EDB00003F056F9F8E700BFE89A0020084BC117A6
:10EDC0001A68A2FB000302FB013310F1807043F1CB
:10EDD0000003400E40EAC310803820EAE07070471C
:10EDE000F89A00200722194B70B51A64184B194A7B
:10EDF0001D68194BEC08E005C0184FEA153141F1C8
:10EE00000001002302F0FAF8144B154E1860154863
:10EE1000FFF7D4FF4042C6F8D00049F65800FFF78C
:10EE2000CDFFC6F89C001048FEF786FD024660B193
:10EE3000E301500818184FEA15714FF0000341F133
:10EE4000000102F0DBF8C6F8A80070BD000002B8AF
:10EE50008C9A002065CD1D00B2E60E00F89A0020C5
:10EE6000003F00B07011010040420F0010B5044691
:10EE700098B10B4BD3F8FC00FFF782FF4FF47A7385
:10EE800003FB04F0074BA0F57A60DA689B68104436
:10EE9000C01ABDE81040FFF791BF4CF25030F8E7C0
:10EEA000004F00B0E89A00202DE9F84305460846D7
:10EEB00014461E46FFF764FF05B306F0020716F07E
:10EEC00004061DD1D7B14FF47A706B685843002BFC
:10EED00040F08C80FFF772FF20636B69002B00F01D
:10EEE0008C804A4AD0684FF47A7202FB0300A0F586
:10EEF000FA50FFF763FFE062002E58D1BDE8F883B7
:10EF00002869002869D04FF47A7358433F4BA0F525
:10EF10007A609B68C01AFFF751FFA062A88B002897
:10EF20005ED04FF47A735843384BA0F57A609B68F3
:10EF3000C01AFFF743FFE061354BE968D3F8008062
:10EF4000002950D04FF47A735943304BA1F57A61C0
:10EF50009A685B68891AC91A2E4BC8171A68DFF8B5
:10EF6000BC90A2FB011302FB003311F1807143F14D
:10EF70000003490E41EAC3118039274B2162D3F8BF
:10EF8000B8306362D9F8003053B1404603F069FBF2
:10EF900030B12246D9F800301C49D8F8D80098473B
:10EFA0000021A869FFF762FF6063002F8BD1A8687A
:10EFB00030BB47F23050FFF701FF60614FF47A70C9
:10EFC0002B6858432BB1114B1B6803F51C531033AE
:10EFD0001844FFF7F3FEA06190E74CF250309AE737
:10EFE0004CF25030A5E74CF25031B5E7074B1B68A7
:10EFF00003F51C53103318446CE747F2305078E7A0
:10F000004FF47A735843A0F5FA50D4E7E89A0020F9
:10F01000089B0020F89A0020003F00B0E49A0020EE
:10F0200038B5054608461C4603F096FC0246D5F85E
:10F03000E400FFF797FE4368A018002B044AA8BF1E
:10F040004FF4FA721A44034B92FBF3F2104438BDAA
:10F050000CFEFFFF18FCFFFF70B5154C8CB001AD26
:10F060000FCC0FC50FCC0FC594E8070085E807004B
:10F07000AC2200210F4802F0F3FF9C2200210E4831
:10F0800002F0EEFF202200210C4802F0E9FF03F01D
:10F09000FAFE0B4B1B784BB1054E01AD0FCD0FC6E1
:10F0A0000FCD0FC695E8070084E807000CB070BDCF
:10F0B000D43F00B0B83E00B0643F00B0E04F00B0B5
:10F0C000529B002008B506F0A7F80E4B1A78A2B99B
:10F0D0000D4A126812F4843F0FD10C4A10211165B9
:10F0E0001B7863B9084B1B68DB0508D4074B20224B
:10F0F0001A65BDE8084006F08AB8054AEEE7044BF9
:10F10000F5E700BF689B0020104C0020002002B8EB
:10F11000001002B810B5104B104AD3F8B80014789C
:10F12000596A9A6A00F00F0021F4706122F0E052EF
:10F13000844241EA042142EA84624FF01F040848F5
:10F1400035BF9A6259625962C0F8B84034BFC0F8FE
:10F15000B8409A6210BD00BF00C000B84D9B0020AF
:10F1600000E000B80A4B197801F0FF0229B1002134
:10F17000197008499202C1F80821597801F0FF027C
:10F1800029B1002159709302024AC2F80C3170472C
:10F19000639B0020005000B8084BD3F8000F084BC9
:10F1A0009A6C110107D4074A926E920705D5D3F8DD
:10F1B000F4339B0701D500F580707047003000B034
:10F1C000000002B8004000B810B506F025F80E2186
:10F1D00004460320FEF700FF40F20122034B2046C5
:10F1E000BDE81040DA6206F012B800BF004000B877
:10F1F00038B506F011F84FF00043244C0546C4F82A
:10F200008030BFF34F8FBFF36F8F0123C4F884307A
:10F21000BFF34F8FBFF36F8F0223C4F88430BFF367
:10F220004F8FBFF36F8F0423C4F88430BFF34F8F29
:10F23000BFF36F8F0823C4F88430BFF34F8FBFF341
:10F240006F8F134B1B6A98471023C4F88430BFF3A9
:10F250004F8FBFF36F8F2023C4F88430BFF34F8FDD
:10F26000BFF36F8F4023C4F88430BFF34F8FBFF3D9
:10F270006F8F4FF48073C4F88430BFF34F8FBFF3A8
:10F280006F8F2846BDE8384005F0C1BF00E100E0BF
:10F29000F49F002038B505F0BFFF05464FF000434E
:10F2A0000C4C2360012363600423636008236360C4
:10F2B000094BDB6998471023636020236360402378
:10F2C00063604FF4807363602846BDE8384005F002
:10F2D0009EBF00BF00E100E0F49F0020012370B555
:10F2E000074C2370074B1E68074B3240D3E900538D
:10F2F00019402840FBF70CFA0023237070BD00BFB3
:10F30000669B0020009B0020104C00200022044B34
:10F310001A70044B197811B11A70FFF7D3BE7047F9
:10F32000679B0020689B00202DE9F047DDF82090C6
:10F3300003EA0108099B06460D4602EA000703EAB4
:10F34000090AB9F1000F40F0F280031F0B4300F0EF
:10F35000A180052871F100036FD250EA010300F08B
:10F36000D481431E0B4300F0B880FFF741FF814A70
:10F37000D2E9004323EA050324EA06043C4343EAB6
:10F3800008077D4BC2E900471E6826EA090646EADF
:10F390000A061E60FFF796FE16F0020F42F2020305
:10F3A00008BF0223754A7648D26E250383EA02011C
:10F3B00022EA0302C266734A03EA01038166D36646
:10F3C000C4F380424FEA023248BF42F48072E00642
:10F3D00048BF42F40052A10648BF42F400726306DF
:10F3E000694B48BF42F48062DB68250648BF42F49F
:10F3F0000062664882EA030123EA0203C360644BA9
:10F400000A4017F4007F8160DA6007F40071614BF5
:10F4100000F0D2800121604A83F8941092F82D0008
:10F420004FF00073002800F0A1805C4803659369E9
:10F430005B4898474FF48025D1E04FF40043994250
:10F4400008BF48454B4C61D081458B418DD3A0F519
:10F4500080630B4305D020F48063A3F500730B4356
:10F4600083D105F0D9FED4E9003223EA060322EA6B
:10F47000050242EA08023B43C4E90032494A1268E5
:10F4800092F8F610484A09B313F4C06F1ED04FF437
:10F49000807311E005F0C0FE364AD2E9003123F056
:10F4A00004033B4341EA080157EA0807C2E9003177
:10F4B0004FF480633C4A0BD0C2F81431A2F580525D
:10F4C000C2F81831BDE8F04705F0A1BE4FF48073D3
:10F4D000C2F81831C2F81431F4E705F09DFE254A50
:10F4E000D2E9003123F001033B4341EA0801C2E9BC
:10F4F000003101232D4A57EA08071BBF9364A2F588
:10F500008052D364D36408BF9364DBE705F084FEC4
:10F51000D4E9002323F400433A4343EA0803C4E94F
:10F52000002357EA08074FF48063204AE5E750EAD2
:10F5300001037FF41AAFB9F1010F7FF416AF05F0A4
:10F540006BFE0D4A136823F0010343EA0A031360BC
:10F550004FF48063164ABAF1000F04D05366A2F547
:10F5600080521367AEE713675366ABE7114A136522
:10F5700060E700BF104C0020009B0020004000B856
:10F58000006000B8005000B8004001B8006001B849
:10F59000005001B8003F00B0F49F0020001002B8F6
:10F5A000843F00B0089B0020002000BA00E000B8B3
:10F5B00000E001B8002002B893F8942072B15448DA
:10F5C00083F8941090F82D304FF00072002B00F06B
:10F5D0008C80504B1A6583694F4898470025E0049A
:10F5E00048BF45F48035A10348BF45F48015A20704
:10F5F00048BF45F4800514F4001FDFF85C8106D095
:10F60000D8F8000003F083F808B945F40025E302B8
:10F61000424B48BF45F40035F8061A6A48BF45F426
:10F620000005610248BF45F4001585EA020323F096
:10F6300001033B491A400A621D40CB61394A354BF0
:10F6400016F0010F1D62384B18BF13467A07374A70
:10F6500048BF43F00063126F354883EA020122EA93
:10F6600003020267334A0B4041661367324A04F0D3
:10F670000103D26C3D0448BF43F480632F4883EA02
:10F68000020122EA0302C2642D4A0B408164D36462
:10F69000D8F80020200248BF2A4B92F8F62058BF25
:10F6A000294B610748BF43F4806322B114F4C06F53
:10F6B00018BF43F4807332074FF03A42BDE8F04779
:10F6C000D2F8181148BF43F0004383EA010222F444
:10F6D000A0221E481140C0F818111340C0F8142190
:10F6E0001B4AC2F81831FFF7D5BD0D490A65194A02
:10F6F000D2F8A41002F50052C2F8A410C2F8A0106B
:10F700004FF05022C2F8A43068E7BDE8F08700BF90
:10F71000F49F0020001002B8843F00B0000002B83F
:10F72000002002B8041C00030418000300C001B844
:10F7300000E001B800D001B800C000B800E000B897
:10F7400000D000B80D0A0A09090A0A09002000BA07
:10F75000001000BA00400050089B0020024B58687F
:10F76000C0F3C000704700BF104C0020024B186867
:10F7700000F00100704700BF104C0020024B586899
:10F78000C0F3C030704700BF104C002010B50446D5
:10F79000FEF7ACF9FFF72CFD2046FCF709FDFEF75C
:10F7A0003DFAFDF735FDFDF7A9FDFFF71BFB1349FA
:10F7B0000723134AD1F8FC1004F1F800FFF774FB9B
:10F7C0004FF080710020FEF7D7F84FF000720D4B1C
:10F7D0004FF400110120C3F80021FEF7CDF801F02D
:10F7E000C9FA20B940F29232142101F017FAFFF75A
:10F7F0006FFABDE810400120FDF7CEBB004F00B00E
:10F80000983F00B000D001B88023074A5364082312
:10F8100040B15364054AD2F8D03E23F02003C2F829
:10F82000D03E7047024AF4E7001002B8003000B042
:10F83000002002B810B505F0EFFC012104460020BD
:10F84000FFF7E2FF044B1961044B5B6898472046C1
:10F85000BDE8104005F0DBBC000002B8B49F0020FA
:10F860002DE9F3410D460024074605F0D5FC214B58
:10F8700006462046DFF88C801C70FFF7C5FF1E4B44
:10F88000C8F87430C8F878406879431E5842584127
:10F89000FAF78EFE40F60143C8F878302A792968D5
:10F8A000012AD7F8083101D1994200D3CC1A042398
:10F8B00003200DEB03010194FDF770FD50B9882280
:10F8C0000E4B30465A6405F0A2FC2124204602B0BB
:10F8D000BDE8F0810A4D2B6898472128044604D1E1
:10F8E000012100206B6898470024304605F08FFC0A
:10F8F000ECE700BF659B002000000101002002B87A
:10F90000B49F002000C001B8F8B5194C0546207816
:10F9100040F2E442B0FA80F03E21400901F07EF965
:10F9200055B9607840F2E442BDE8F840B0FA80F0A2
:10F930003E21400901F072B94FF440660D4F0E4D63
:10F94000D7F8083140F2E442C3F381232370C5F8AD
:10F95000086160783E21B0FA80F0400901F05EF95C
:10F96000D7F80C31C3F381236370C5F80C61F8BD7F
:10F97000639B0020004000B8006000B8F8B5084C58
:10F98000084D636C0423084F6B64636C5B0300D405
:10F99000F8BD042602207E6402F0C2FF6E64F4E724
:10F9A000000002B8001002B8002002B8A82238B542
:10F9B0001B4B5D6C03F500535A6410229A60A3F54B
:10F9C000804302F100521A675A66FFF7CBFB154BD2
:10F9D0001B7813B90320FDF7C3FC0024124B9C676E
:10F9E000FFF7CCFF114A124BD2F8001F0B40C2F8B0
:10F9F000003F04220F4B5A640F4BC3F8D840FFF767
:10FA000089FBAB0608D50D4BD3F88830B3F5817F61
:10FA100022BF8022024B1A61BDE83840FBF7D0B903
:10FA2000000002B8659B002000C001B8003000B0A3
:10FA3000DF0000FF002002B8003E00B0003F00B031
:10FA400010B551B920B3154BDB681B0E13F00E0F28
:10FA50001ED1134B1B6CD9071AD4FFF7B5FB0F4C03
:10FA60000020FEF75DFB032801D0092805D1A36A19
:10FA7000DA07F5D4A36CDB03F2D4FFF77FFF012292
:10FA8000084B5A6102229A62042203F580535A6499
:10FA90004FF4C062044B9A6510BD00BF000002B86D
:10FAA00000C002B8001002B8006001B808B5032118
:10FAB0000920FEF791FA2022014B1A6108BD00BF10
:10FAC000000002B8144B10B51B78CBB9134AD2F81A
:10FAD000A030D2F8A4100B40B3F1804F0CD34FF0FC
:10FAE00040400F490F4CC1F8A400D467C1F8A000F2
:10FAF0004FF480210C4AD161094AC2F8A03010BDF0
:10FB00000A4A0B4B92F894109B690A4898474FF4A5
:10FB10008022054BDA61F2E7609B00200040005034
:10FB2000006000500000FF01001002B8003F00B06C
:10FB3000F49F0020843F00B038B5054605F06CFB0B
:10FB40000E4B04461868FCF75DFC35B1FFF7DEFB91
:10FB50002046BDE8384005F05ABB094B1B78002B06
:10FB6000F6D0084B1D78002DF2D1FFF7CFFB2A46C7
:10FB70004FF480400021FFF7B1FBE9E7089B00202C
:10FB8000679B0020669B00202DE9F84F5B4B0646E3
:10FB90000D4614465B6C002A40F0AC8013F0A00FB9
:10FBA00014BF4FF001094FF00009FBF709F9FFF707
:10FBB000B1FAA0234FF0000ADFF85C810320C8F8F7
:10FBC0004430FDF7CDFB0420FDF7CAFB4C4FFFF797
:10FBD0009DFB4C4B4FF0040B7B67C7F878A0FFF7F9
:10FBE000CDFE494B4FF48071D3F8D02E42F0200265
:10FBF000C3F8D02EFF22C8F80820404A1161D3F87C
:10FC0000002F42491140C3F8001FC8F844B0C3F8A0
:10FC1000D8AE7B6913F0060F04D0FDF7B9FE584645
:10FC2000FDF79EFBB9F1000F09D04FF40063384A8D
:10FC300053640223C2F8F433A2F5E032936666B14E
:10FC4000344BDB6C180701D4FFF7BEFAFFF72EFF29
:10FC50000420FDF785FBFFF785FA284B5A69D10789
:10FC600046D5DA6812F0706FFBD12B4B2B4A5A64E1
:10FC70002B4A936F23F0F003936715B12046FFF7EB
:10FC80005BFF284BD3F84C315A1C01D05B0002D5E6
:10FC90000122214B5A615CB31E4BDA6E03F500530F
:10FCA0009A6603F5D0331B6A1B4A23F00103D36124
:10FCB0001D4BD96803F50053996003F50053D3F841
:10FCC000841003F5005399674FF03A43D3F81811A5
:10FCD00003F50053C3F81411144BD96C03F500530A
:10FCE0009964134903F5803359664FF6084353640A
:10FCF000BDE8F88F4FF0000957E700BF000002B8D9
:10FD000000C001B800000101003000B0DF0000FFBA
:10FD1000001002B8004000B8002002B81000300007
:10FD2000003F00B00080E00F004001B800C000B804
:10FD30005000002FA74B2DE9F04F9A6EDB6E87B075
:10FD400002EA0308A44BC3F868804FF03A43D3F8A3
:10FD50001461D3F818311E40A04BC3F81461A04BB6
:10FD60009A68DB6802EA030A9E4BC3F808A003F511
:10FD70002043DA691B6A02EA03099B4B09F4770204
:10FD8000DA619A4BD3F80422D70606D4D3F80431AB
:10FD9000DD06C3F3001740F1F88005F03DFA944BFF
:10FDA0005A695F6E12F0060F14BF012200221B6F0A
:10FDB00000921F408F4A27F0007323F400637C07F2
:10FDC000536606D58C4A92F8CD300133DBB282F807
:10FDD000CD3005F01CFAB8F1000F00F0F78018F0F4
:10FDE000020400F0F180854B0025D3F8F4B303F54D
:10FDF00000530BF00702CBF380041BF0020FC3F893
:10FE0000F4234FEA44542ED005F006FA0190FFF790
:10FE1000C3F903467A4A1268106811688842FCD018
:10FE200010688842FCD0CDE90223FFF7B5F9039BA7
:10FE3000029A984240F0AB800198029305F0E7F9EE
:10FE4000704A029B13606D4A526C12F4E05140F00C
:10FE5000A08023F07F4323F0DF030BB9FFF7A6FD5B
:10FE60004FF080731C431BF0010F13D0634B5E49AE
:10FE70005B6C03F460424A64002A00F09F801A041D
:10FE800000F19F8013F4005F0CBF4FF000534FF060
:10FE900000631C43C8F340384FEA48085A4B3340CC
:10FEA000002B4BD016F4206F0AD040F6A312062187
:10FEB000002000F0B3FE0020FFF73EFE26F480266F
:10FEC000F00506D5FF22484B44F4C0649A60FFF762
:10FED0007BF916F0090F0BD040F6B812082100206C
:10FEE00000F09CFEFFF7E2FD4FF03A4301225A6317
:10FEF00016F0106F0CD040F6C1120921002000F05E
:10FF00008DFEFFF7D3FD002211461046FCF74EFA96
:10FF100016F4202F0AD040F6C9120721002000F065
:10FF20007DFE0020FFF708FE26F48026F10301D5B0
:10FF3000FCF792FB002EB8BF48F0080872070ED5F8
:10FF40004FF03A431B6B13F4005F4FF4005317BF9D
:10FF5000224A2E4A136344F4000408BF1363730556
:10FF600048BF44F0040416F4802B00F0B880FCF77E
:10FF70002BFB013806284BD8DFE810F0330136019F
:10FF8000330139013C013F013F01009723E703465C
:10FF900042E7CDE90121FFF709FD0299124B019AD1
:10FFA0005964D10407D412F4806F0CBF4FF0805312
:10FFB0004FF0806356E74FF0804353E74FF00073F4
:10FFC00067E74FF0004364E7254663E7444645464C
:10FFD00064E700BF004000B8006000B8002000BA2D
:10FFE000004001B8006001B8002002B800E100E064
:10FFF00000C001B800E001B8003E00B0000002B847
:020000040803EF
:1000000074710308FC9A0020090B0B89001000BAD8
:1000100040F6FA120321002000F000FE4FF03A42B1
:100020000121D2F88C30D2F8AC0003F0070306337C
:1000300001FA03F3C0F30C001B1A9BB2072B12D971
:10004000784B5B6C58020ED47748D36CD26E406DFF
:1000500058B103F0070306339940C2F30C03C91AE1
:1000600089B2072901D844F40074704B1B78002B27
:1000700035D04FF03A43D3F8143113F4A02F2ED1DA
:100080006B4B6C4A1B7893B9FB0410D4137873B193
:10009000E308694943EA457383F00103D1F8001F7F
:1000A00003F001035B0021FA03F3980717D1042042
:1000B000FDF756F9614B62495967FFF727F95D4A29
:1000C000137843B95F4B1B782BB15F4B5F4A1B68BA
:1000D0002340134201D144F4804427F48057BAF1FD
:1000E000000F1DD01AF4805F18BF44F480241AF466
:1000F000807F18BF44F400241AF4005F18BF44F056
:1001000010041AF4007F18BF44F020041AF4806F22
:1001100018BF44F040041AF4006F18BF44F0800484
:10012000B9F1000F3FD019F4802F18BF45F40075C6
:1001300019F4803F18BF44F4805419F4801F18BF8D
:1001400044F4003419F4800F18BF44F0020419F489
:10015000003F18BF44F4801419F4000F18BF45F095
:10016000100519F4002F19D0334BD3F8D03E13F0FB
:10017000C00F13D02B4AD368C3F30363032B01D002
:10018000072B05D1936CD90602D4D36C1A0737D547
:100190004FF400222E4B29F40029DA6119F4001FD4
:1001A00018BF44F48004002F00F019813B0540F192
:1001B00089802849DFF884A0CB78274A002B51D0CA
:1001C0004FF40060013BDBB25066CB7033B9234B78
:1001D0001B78C3B140F60142214B5A67002300222D
:1001E0006EE044F4803419E744F4006416E744F404
:1001F000806413E744F4807410E744F008040DE7CA
:1002000044F40014CAE7DAF8783013F4A05F15BF9D
:100210004FF4807340F60143CAF85830CAF878307A
:10022000DCE700BF000002B8004000B8689B002077
:10023000679B00206A9B0020003000B000C001B81E
:1002400000000101699B0020104C0020088D010076
:10025000002002B8569B002000E001B8659B0020FA
:1002600000D001B80320FDF77BF8DAF81430A2487B
:1002700013F0060F04BF41F61F73A04AA04908BF40
:1002800053674FF400629D4B5A66DAF8143013F04E
:10029000060308BFCAF87830B0F8CA3013F4006219
:1002A0005CD023F40063A0F8CA300B7803F0FF0A97
:1002B000002B57D1FDF76CFBFFF778FB534620224C
:1002C0001C431543B80009D52E20FCF795FF4FF0CD
:1002D00000528A4B45F008051A675A66F90606D59A
:1002E0002B20FCF789FF1022844B1A675A6617F0FF
:1002F000306F05D1FA045FD5009B002B00F0AA8077
:100300003B0111D52920FCF777FFFFF727FA48B109
:100310007C4B7D49794A53660B6701F54051C968AA
:10032000480422D445F0040517F0007328D00420B7
:10033000FDF716F82720FCF75FFFFFF737FB4FF0BC
:1003400000726E4B5A66714BD3F8002F52067BD465
:100350006F4B02229A6045F002052AE00B784FF4B9
:100360000053ADE74FF4004339E71367202053668D
:10037000FCF742FF2D2045F00C05FCF73DFFD3E7CD
:1003800017F0807FDFF88CA149D004200093FCF7A0
:10039000E7FF2820FCF730FFDAF87820009B002ADE
:1003A0003AD1FFF703FB554B564A45F001051A6752
:1003B0005A660022574B9A653A0404D5564B1B687F
:1003C000984704430D437B0509D5544A9378002B85
:1003D00000F08C80013B9370002348EA03084246FA
:1003E00020462946FEF77AFFBBF1000F01D0FCF74B
:1003F00021F901224A4B06F00436C3F81461494B37
:1004000019F4002FC3F884211EBF4FF40022404B83
:10041000DA6107B0BDE8F08FCAF87830C3E7F904B5
:10042000C7D50420FCF79CFF3F4BCAF87430FDF79A
:10043000AFFADAF8643013F0407FBAD12A20FCF723
:10044000DBFEFFF7B3FA7EE7D3F8D03E9B0682D4FB
:10045000364B7EE7314A13794BB1013BDBB2137166
:1004600013B9294B324A5A6700231C43A4E70420DE
:10047000FCF776FF0320FCF773FF264B2A4A5A67E6
:1004800004F0CAFE82460DF11700FDF749FE294B24
:100490001B781BB10090FEF797FE009803280BD144
:1004A0000020FDF73DFE032806D1234B9A6AD007B2
:1004B000F6D49A6CD103F3D49DF81730032B06D1F0
:1004C00001221E4B50461A7004F0A1FECCE74FF0FB
:1004D0003A43D3F8143113F4A02FF1D1FEF716FFED
:1004E000504604F094FE4FF48043BEE70220FCF730
:1004F00037FF012371E700BF003E00B000E001B804
:10050000659B00201000002000D001B8003000B032
:10051000002002B800C001B8CC9F0020569B0020EC
:10052000002000BA00E100E000000101001002B864
:100530000000010D6B9B0020000002B8679B0020AB
:100540000122024B1A62DA61704700BF002002B834
:10055000094A08B5D369116A0B40084923F47F00A2
:10056000DB07C86106D5D1684FF0FF30C1F30361E6
:1005700002F078FA08BD00BF000002B8002002B8FF
:10058000154B10B59C6CDB6C1C40144BE2079C6453
:100590000DD5134B40F663421878122100F001008C
:1005A00000F03CFB002201200021FEF797FE6305CE
:1005B00010D50B4B40F66A4258684D21C0F3C0304D
:1005C00000F02CFBBDE81040002200204FF4004159
:1005D000FEF784BE10BD00BF00C000B800E000B848
:1005E000104C002038B50B4D2C6C6B6C1C400A4B2A
:1005F00024F002021A64E20705D540F6CA42002040
:10060000296800F00BFBA30741BF0222024B1A64CA
:100610006B6838BD0080095000A0095038B50B4CFC
:100620000B4DD4F88430DB0706D4A36FD4F88420B4
:100630001340084A936738BDD5F804311A06F0D53F
:10064000FFF7D0FF8023C5F88431EAE7008001B8C6
:1006500000E100E000A001B870B514460D4604F0BA
:10066000DBFD064BD3F8D06E74402C407440C3F8C9
:10067000D04E04F0CCFD06EA050070BD003000B09D
:10068000034BD3F8D03E99430CBF012000207047A4
:10069000003000B0184BD3F8D02E12F0010312D066
:1006A000164B93F85C30164A43F08073C2F8D03092
:1006B0004FF4801302F50052C2F8B430A2F5805214
:1006C000C2F8B830704712F0C00FECD10B4B93F862
:1006D0005B1021B1D20602D593F85830E3E74FF40E
:1006E00080120020074B0649C3F8B820C1F8D0009B
:1006F000C3F8B420704700BF003000B0003F00B026
:10070000004000B8006000B8034B1868034B002895
:1007100008BF1846704700BF049B002064CC030844
:100720002DE9F843DFF860900646D9F800800846C6
:100730001746B8F1000F03D00E242046BDE8F88319
:1007400006B3336801331DD1E1B100F07FF80546EF
:100750000028F1D0C9F8000000F09EF8284602F009
:10076000DDF9044640B14046C9F8008000F094F835
:10077000284602F0CEF9E0E73560002FDDD02846AC
:10078000B847DAE72124D8E7089B0020024B186815
:10079000003818BF01207047089B0020002108B5D1
:1007A000024B08465B689847002008BDB49F0020B4
:1007B000431E033306D8044B984228BF18466428CA
:1007C00038BF6420704700BF40420F0038B505466F
:1007D0000C46FAF783FD38B1204600F04DFB40F29D
:1007E0006512412100F01AFA44B1236833B11B6845
:1007F000013303D0E3680BB1A3684BB902F050F8A2
:1008000000204FF4C172412100F008FA212038BDC8
:100810002046FBF7F3FF00230A4A85F83031C5E98B
:100820003743C2E9003363694BB1074A422110687C
:100830004FF4D272C31A5842584100F0EFF9002029
:10084000E5E700BFE09C00208C9A0020F8B5044644
:1008500004F0E2FC002607460E4B1B6893B19E682D
:10086000AEB196F82420D20711D435460FCC0FC56F
:100870000FCC0FC523682B6096F8243043F001039A
:1008800086F82430384604F0C2FC3046F8BD1B68B8
:10089000E4E700BF80A0002010B5044618B9054B5E
:1008A000054A136010BDF9F76DF8D4F8E830002B55
:1008B000F6D1F4E7FB2A03087CA00020014B18685E
:1008C000704700BFE09C002008B502460868FFF7AB
:1008D0006FFF08604868FFF76BFF48608868FFF7A4
:1008E00067FF8860C868FFF763FF0B69C860581C22
:1008F00003D00B48834228BF03460B614B69581C49
:1009000003D00748834228BF034688694B61FFF73D
:100910004FFFBDE8084088611046FAF703B800BFF2
:1009200040420F00D0F8E0302DE9F04105460C467A
:1009300013B1C38D8B424CD0D5F8DC30002B4BD09B
:100940009E68002E48D0D868002845D0013800B2F3
:1009500000281ADB002106E0128A591CA24217D295
:1009600009B2884211DB0B1803EBD3735B1003EB66
:10097000C30206EB8202B2F80EC003F1FF3EA445AB
:10098000EAD90FFA8EF08842EDDA2120BDE8F08135
:100990004FF6FF7299B29142F7D09BB203EBC303BB
:1009A00006EB83062846B6F9122095F82411D5F8EF
:1009B000F080E9F727FD0746B8F1000F04D00023C7
:1009C000324628461946C047EC85C5F8E06085F8F0
:1009D0002D710020BDE8F0810E20BDE8F08100BF40
:1009E0002DE9F04782B004460F461646FAF720FC80
:1009F000002869D14B4D2B68D4F8DCA0D4F8E080F6
:100A00000BB153456DD04FF00009AF60FAF770FCA1
:100A1000012807465CD12B68DAF80010D8F80020CE
:100A200013B11868884267D0204601F0A9FD94F8F8
:100A30002530C5E900A813F0010F0CBF3246012292
:100A4000D4F8F05062F3000384F825308DF8076085
:100A5000002D58D00022204611460DF10703A8476B
:100A60002046F9F773FB0546B9F1000F0FD076B9B0
:100A7000D4F88C300BBB012F05D025B12A4B0021B7
:100A800003205B689847284602B0BDE8F087B5FAB6
:100A900085F040F207523321400900F0BFF831469B
:100AA0002046F9F791FD214B05461B68414620463B
:100AB0009847D4F88C30002BDDD000224FF400731F
:100AC0002046F8F76FFFD6E70023164D6B6092E7DC
:100AD00000210120F8F7A6FFFAF70AFC0128FBD154
:100AE00099E76B68002B8ED043458CD1AB689F4251
:100AF00015D04FF0010988E7696811B10968914282
:100B000095D0596890E794F82A1094F82D31324620
:100B1000994228BF19462046F9F76AFAA0E700254E
:100B2000B1E700BFE09C0020B49F00207CA0002023
:100B3000F8B50E46054604F06FFB314607462846D9
:100B4000FFF7F0FE044620B1384604F060FB204673
:100B5000F8BDFAF74FFB224631462846FFF740FF23
:100B600004460028F0D195F92430002BECDA284611
:100B700001F092FD0028E7D02246284695F82C1077
:100B800001F048FD0446DFE770B504460E4604F068
:100B900043FB314605462046FFF7CAFF044620B90D
:100BA000044B01465B6803209847284604F02FFB5E
:100BB000204670BDB49F0020F0B585B007460E46B4
:100BC000FBF7C8FAFF28044613D06D460A4B0FCB3B
:100BD00085E80F0022462946384601F07FFF26B1FE
:100BE00018B9012C03D1019B336005B0F0BD009B07
:100BF000FAE72120F9E700BFA8CC030838B5044D77
:100C0000044C054B286021601A60F3F78DFB38BD5A
:100C10000C9B002084A00020109B002010B550B930
:100C20000548064B0160064802601868054B1860CD
:100C30001868FFF7E3FF10BD84A00020089B002088
:100C4000109B00200C9B00202DE9F04F404F804668
:100C500085B038680C4602F0E2F820B9002420463E
:100C600005B0BDE8F08F22460021404601F0F8F9BA
:100C7000384B5D6915F00105F0D1FFF71FFE064600
:100C80000028EBD03F68384601F0CDFF4FF6FF73E8
:100C9000984234D04FF060512F4E304B304AD3F849
:100CA0004C90D6F88C30D1644FF00061A2F58052A0
:100CB000D16424220421C6F88C202A4A4FF4804BA8
:100CC00091604FF480520027DFF8A4A0CAF868B002
:100CD000F262A7421ED30421234A9160A2F5F032AA
:100CE000C2F88C304FF060521D4BDA6409EA0203FF
:100CF0001E4AD3644FF480421D4B9A66AFE73146DB
:100D0000384601F046FF01463846FFF711FF00283C
:100D1000C0D0A3E7B26E5104FCD5B268D205F9D5B4
:100D2000CAF868B0D6F890200135012D0392D0D9C9
:100D3000E21B042AA8BF042208EB070003A90193C1
:100D4000009202F0BBF8009A019B3A4497B2C0E7C8
:100D5000089B0020000002B8004000B8004001B825
:100D6000006001B8001002B8002002B8005001B8BD
:100D7000006000B84FF604014FF60502044B012055
:100D80001B6C9BB28B4208BF1346024A1366704726
:100D90000080E00F00C001B8124A10B5D2F84C3103
:100DA0005468D269104912F4401F0FD15A1C0DD15A
:100DB00024F0404424F44004240C24040B4802F0A2
:100DC0003CF82146BDE8104002F037B8084A194007
:100DD0009442F3D103F4FE43B3F5807F08BF41F49E
:100DE000A061EBE70080E00FE0FFF01FCF13468B20
:100DF000140015012DE9F0470C4681B1B1F1006FE7
:100E00000DD31C4BCA1C9A4209D84FF0000844F677
:100E1000FC7654F828104FEA88094B1C01D1BDE834
:100E2000F08702F00AF8C1F30263032B844608F14D
:100E30000107C1F3074514D18BB2F31AB5EB930F39
:100E40004FEA930A0DD909F104015246214402F0F8
:100E50000FF8844608F10208013D08EB0A07A5EBEC
:100E60000A052A46604604EB870102F001F807EB09
:100E70000508CEE7FFFF07082DE9F041044668B1F9
:100E8000B0F1006F0AD3254B00F117029A4205D842
:100E9000234B244A19780023994224D8002524277B
:100EA000FFF77AFF2168FFF7A5FF6168FFF7A2FF50
:100EB000E668AE4221D12269111A4B424B41B4F18E
:100EC000006F15D3154904F117058D4210D88242E1
:100ED00022D1134A1378052B09D8124941F823402F
:100EE0000133137003E052F8040BA04203D1012335
:100EF0001846BDE8F0810133CEE707FB05F3A26891
:100F00000135D15802EB0308FFF774FF042208EB08
:100F1000020101F0ADFFCCE70023E9E7FFFF07087E
:100F20006C9B0020149B0020F8B52E4EF368C3F391
:100F30000363022B53D101F0ECFC05462A4FB46A3F
:100F400014F4802439D104F067F9F3680546C3F33B
:100F50000363022B2CD1736C98053CD5234BD3F83B
:100F6000D43059889A68C90748BF1821D66848BF45
:100F7000927806F4000044BF01FB023303F10C0237
:100F80001B4B06F008069B6993608022194BDA60C0
:100F900038B14FF4003203F5A043CF20DA61FCF7FB
:100FA0002BF9C6B14FF40072134B5A6402229A60B7
:100FB000284604F02CF92046F8BD01F0AAFC401B9D
:100FC000B8424FF06C024FF047018CBF0020012067
:100FD000FFF724FEB3E78022024B1A61E8E7022400
:100FE000E9E700BF000002B83F420F00003E00B03A
:100FF00000C000B800C001B8002002B853B94AB917
:10100000002908BF00281CBF4FF0FF314FF0FF3010
:1010100000F082B9ADF1080C6DE904CE00F006F8DD
:10102000DDF804E0DDE9022304B070472DE9F04F5C
:10103000099D0C46002B4DD18A420F4684469646A8
:10104000B2FA82F360D94BB102FA03FEC3F1200277
:101050009F4000FA03FC20FA02F217434FEA1E46B3
:101060001FFA8EF44FEA1C42B7FBF6F106FB11772C
:1010700001FB04F042EA0742904208D91EEB02024B
:1010800001F1FF3702D2904200F231813946121A43
:101090001FFA8CFCB2FBF6F006FB102200FB04F4F6
:1010A0004CEA024C644508D91EEB0C0C00F1FF32EF
:1010B00002D2644500F21E81104640EA0140ACEBCA
:1010C000040C002125B12CFA03F30022C5E90032FB
:1010D000BDE8F08F8B4205D90DB1C5E900010021B3
:1010E0000846F5E7B3FA83F100294DD1A342C0F0D9
:1010F000F380904280F0F080064623460846002D9B
:10110000E6D0C5E90063E3E7002B40F0A3808A1A2C
:101110004FEA1E471FFA8EF60121B2FBF7F407FBD8
:1011200014204FEA1C4242EA004206FB04F09042BF
:101130000FD91EEB020204F1FF382CBF4FF001095A
:101140004FF00009904203D9B9F1000F00F0CC80B4
:101150004446121A1FFA8CFCB2FBF7F007FB102270
:1011600000FB06F64CEA024C664508D91EEB0C0C57
:1011700000F1FF3202D2664500F2B3801046ACEBBC
:10118000060C40EA04409DE7C1F120068B4004FABA
:1011900001FE22FA06F720FA06FCF4408A401F43BB
:1011A0004EEA0C0300FA01FE4FEA17484FEA1349D2
:1011B0001FFA87FCB4FBF8F008FB104449EA04442A
:1011C00000FB0CF9A1450ED93C1900F1FF3A2CBFE8
:1011D0004FF0010B4FF0000BA14503D9BBF1000FFD
:1011E00000F08B805046A4EB09041FFA83F9B4FB8E
:1011F000F8F308FB134403FB0CFC49EA0444A44540
:1012000006D93C1903F1FF3801D2A4457BD84346E7
:1012100043EA0040A4EB0C04A0FB02984445CC46F2
:10122000434602D306D1CE4504D20138B9EB020CB5
:1012300068EB0703002D6CD0BEEB0C0264EB0304DB
:1012400022FA01F304FA06F6CC4000211E43C5E958
:1012500000643DE702FA03FEC3F1200104FA03F241
:1012600000FA03FCCC404FEA1E4720FA01F11FFAB6
:101270008EF6B4FBF7F00A4307FB1044110C41EA69
:10128000044100FB06F48C420ED91EEB010100F173
:10129000FF382CBF4FF001094FF000098C4202D9F2
:1012A000B9F1000F2CD04046091B92B2B1FBF7F404
:1012B00007FB141142EA014204FB06F1914207D9EF
:1012C0001EEB020204F1FF3801D291421ED84446BF
:1012D000521A44EA004120E7861A64EB0303012016
:1012E0000DE7F44402384AE7023C724431E7023920
:1012F0007244CCE6F4440238DFE602383C4472E73C
:1013000002387144D0E7023B3C4481E7023C72441E
:10131000DEE72946DCE600BF704700BF4A0011D275
:1013200012F5001211D20DD56FF47873B3EB62523F
:101330000ED44FEAC12343F0004343EA505323FA4B
:1013400002F070474FF00000704750EA013002D1C0
:101350004FF0FF3070474FF0000070474FEA4102F6
:10136000B2F1E04324BFB3F5001CDCF1FE5C0DD903
:1013700001F0004C4FEAC0024CEA5070B2F1004F4D
:1013800040EB830008BF20F00100704711F0804F50
:1013900021D113F13872BCBF01F00040704741F415
:1013A00080114FEA5252C2F11802C2F1200C10FA19
:1013B0000CF320FA02F018BF40F001004FEAC123FD
:1013C0004FEAD32303FA0CFC40EA0C0023FA02F3A1
:1013D0004FEA4303CCE77FEA625307D150EA013377
:1013E0001EBF4FF0FE4040F44000704701F0004047
:1013F00040F0FE4040F40000704700BFF0B51F4CC5
:101400008BB005460B466E4604F1200C206808346C
:1014100054F8041C3746644503C73E46F6D121798B
:1014200020683971911E386022294FF0000104D9DB
:1014300019700B4618460BB0F0BD581E84460C467A
:101440000131B5FBF2F702FB175628366E4416F849
:10145000286C0CF8016F2E463D46B242EFD90022AF
:101460005A541919A51AAA42E4DA10F8015F013298
:101470000E78067001F80159F4E700BFC0CC0308EC
:1014800082B005488DED000B019B23F0004318440A
:10149000C00F02B0704700BF0000108051EC100B6D
:1014A000024621F0004343EC102B704710B52DEDA0
:1014B000028BB0EE408AF0EE608A044600F0CAFD6E
:1014C0000460B0EE480AF0EE680ABDEC028B10BD75
:1014D00000B553EC102B83B090B1104603F10041DE
:1014E000CDE9000110461946DDE9002300F002FBBA
:1014F00041EC100B222003B05DF804EBFFF7D6BFE0
:1015000010461946ECE700BF78482DE9F84F55EC36
:10151000104BA84322462B4600F0A780002D214601
:1015200062DD2C1500F0D180C3F31303E207A4F2AF
:10153000FF3743F4801303D4CA0F490002EB43037F
:101540005B0000264A00162403EBD173B6467F10D9
:101550004FF400110EEB0100984203DC1B1A01EB63
:10156000000E0E445B00013C4FEA510103EBD273C5
:101570004FEA4202EED120254FF00040A04615E090
:10158000944548D89E4546D1BCF1000F0CEB0008AD
:1015900043DB0021A2EB0C02044401EBD271013DBC
:1015A0004FEA50004FEA42020B463AD09E4508EB04
:1015B000000CE5DABCF1000F0CEB000808DB9445E9
:1015C000F146A3EB0E010CD90139CE464900E1E703
:1015D000B8F1000FF3DB94450EF10109A3EB0E0106
:1015E000F2D84900CE46D5E725F0004020433AD056
:1015F000002D5FD1CA0A153B4905002AFAD0D60250
:101600001C460846134661D520254FF0FF32E840BE
:10161000A41A034388E75900BFE7B8F1000FDADAEC
:10162000B7E7114312D0DFF8CCA0DFF8CCB0DAE98D
:101630000001DBE90023DAE9008900F0A3F80246A3
:101640000B464046494600F0D1FCD0B96508F30787
:10165000274948BF45F0004501EB66012A4601EBEA
:10166000075343EC102BBDE8F88F2046294600F0C5
:1016700041FA22462B4600F087F841EC100BBDE8FA
:10168000F88FB4F1FF3FDAE90001DBE9002328D04D
:1016900000F07AF802460B46DAE9008940464946EE
:1016A00000F09AFCF8B1A21C04F1020508BF013653
:1016B0006D08CCE72046294600F064F802460B4648
:1016C00000F042FB41EC100BCDE7104600215B001F
:1016D0000A460131DD02FAD5C1F1200500FA01F117
:1016E00095E70136B3E70134B0E700BF0000F07FB3
:1016F0000000E03FF89C0020F09C0020F0B50F4671
:101700008BB001210546F9F771FE044680BB95F8C0
:101710002B3003AC85F82C3007F10C060FCE0FC42C
:1017200096E8070084E80700284603A9FFF7CCF8ED
:101730000446E8B9D7E9010101AB83E80300194683
:10174000284601F06CFC044690B94FF0FF31284662
:101750003A6800F0A8FF044650B9024606492846F8
:10176000F9F7BCFE044618B906212846F8F734F903
:1017700020460BB0F0BD00BF7873030881F0004134
:1017800002E000BF83F0004330B54FEA41044FEA66
:10179000430594EA050F08BF90EA020F1FBF54EA01
:1017A000000C55EA020C7FEA645C7FEA655C00F09D
:1017B000E2804FEA5454D4EB5555B8BF6D420CDD6E
:1017C0002C4480EA020281EA030382EA000083EAF1
:1017D000010180EA020281EA0303362D88BF30BD91
:1017E00011F0004F4FEA01314FF4801C4CEA1131E7
:1017F00002D0404261EB410113F0004F4FEA033346
:101800004CEA133302D0524263EB430394EA050FD0
:1018100000F0A780A4F10104D5F1200E0DDB02FA3F
:101820000EFC22FA05F2801841F1000103FA0EF2D3
:10183000801843FA05F359410EE0A5F120050EF199
:10184000200E012A03FA0EFC28BF4CF0020C43FACA
:1018500005F3C01851EBE37101F0004507D54FF0D7
:10186000000EDCF1000C7EEB00006EEB0101B1F527
:10187000801F1BD3B1F5001F0CD349085FEA30006D
:101880004FEA3C0C04F101044FEA445212F5800F78
:1018900080F09A80BCF1004F08BF5FEA500C50F115
:1018A000000041EB045141EA050130BD5FEA4C0CF8
:1018B000404141EB0101013C28BFB1F5801FE9D255
:1018C00091F0000F04BF01460020B1FA81F308BF78
:1018D0002033A3F10B03B3F120020CDA0C3208DD44
:1018E00002F1140CC2F10C0201FA0CF021FA02F11F
:1018F0000CE002F11402D8BFC2F1200C01FA02F18F
:1019000020FA0CFCDCBF41EA0C019040E41AA2BFB3
:1019100001EB0451294330BD6FEA04041F3C1CDA7B
:101920000C340EDC04F11404C4F1200220FA04F09B
:1019300001FA02F340EA030021FA04F345EA030145
:1019400030BDC4F10C04C4F1200220FA02F001FA07
:1019500004F340EA0300294630BD21FA04F0294689
:1019600030BD94F0000F83F4801306BF81F4801122
:101970000134013D4EE77FEA645C18BF7FEA655C95
:1019800029D094EA050F08BF90EA020F05D054EA67
:10199000000C04BF1946104630BD91EA030F1EBF6C
:1019A0000021002030BD5FEA545C05D14000494170
:1019B00028BF41F0004130BD14F580043CBF01F563
:1019C000801130BD01F0004545F0FE4141F4700149
:1019D0004FF0000030BD7FEA645C1ABF1946104624
:1019E0007FEA655C1CBF0B46024650EA013406BF25
:1019F00052EA033591EA030F41F4002130BD00BFE4
:101A000090F0000F04BF0021704730B54FF48064A0
:101A100004F132044FF000054FF0000150E700BF21
:101A200090F0000F04BF0021704730B54FF4806480
:101A300004F1320410F0004548BF40424FF000016D
:101A40003EE700BF42004FEAE2014FEA31014FEAB0
:101A500002701FBF12F07F4393F07F4F81F06051FF
:101A6000704732F07F4208BF704793F07F4F04BF4A
:101A700041F40021704730B54FF4607401F0004527
:101A800021F000411CE700BF50EA010208BF704787
:101A900030B54FF000050AE050EA010208BF704778
:101AA00030B511F0004502D5404261EB41014FF4E1
:101AB000806404F132045FEA915C3FF4D8AE4FF0E9
:101AC00003025FEADC0C18BF03325FEADC0C18BFCC
:101AD000033202EBDC02C2F1200300FA03FC20FA1D
:101AE00002F001FA03FE40EA0E0021FA02F114446A
:101AF000BDE600BF70B54FF0FF0C4CF4E06C1CEA83
:101B000011541DBF1CEA135594EA0C0F95EA0C0FF3
:101B100000F0DEF82C4481EA030621EA4C5123EA66
:101B20004C5350EA013518BF52EA033541F4801195
:101B300043F4801338D0A0FB02CE4FF00005E1FB48
:101B400002E506F00042E0FB03E54FF00006E1FB92
:101B500003569CF0000F18BF4EF0010EA4F1FF04D5
:101B6000B6F5007F64F5407404D25FEA4E0E6D4115
:101B700046EB060642EAC62141EA55514FEAC52026
:101B800040EA5E504FEACE2EB4F1FD0C88BFBCF5A2
:101B9000E06F1ED8BEF1004F08BF5FEA500E50F153
:101BA000000041EB045170BD06F0004646EA010119
:101BB00040EA020081EA0301B4EB5C04C2BFD4EB4B
:101BC0000C0541EA045170BD41F480114FF0000E44
:101BD000013C00F3AB8014F1360FDEBF002001F0B2
:101BE000004170BDC4F10004203C35DA0C341BDC2C
:101BF00004F11404C4F1200500FA05F320FA04F0FE
:101C000001FA05F240EA020001F0004221F0004131
:101C100010EBD37021FA04F642EB06015EEA430EA4
:101C200008BF20EAD37070BDC4F10C04C4F12005D4
:101C300000FA04F320FA05F001FA04F240EA020087
:101C400001F0004110EBD37041F100015EEA430E58
:101C500008BF20EAD37070BDC4F1200500FA05F278
:101C60004EEA020E20FA04F301FA05F243EA0203F7
:101C700021FA04F001F0004121FA04F220EA020006
:101C800000EBD3705EEA430E08BF20EAD37070BD4C
:101C900094F0000F0FD101F00046400041EB01012C
:101CA00011F4801F08BF013CF7D041EA060195F00E
:101CB000000F18BF704703F00046520043EB0303C8
:101CC00013F4801F08BF013DF7D043EA06037047B5
:101CD00094EA0C0F0CEA135518BF95EA0C0F0CD0C0
:101CE00050EA410618BF52EA4306D1D181EA030106
:101CF00001F000414FF0000070BD50EA410606BF00
:101D00001046194652EA430619D094EA0C0F02D144
:101D100050EA013613D195EA0C0F05D152EA033689
:101D20001CBF104619460AD181EA030101F00041A7
:101D300041F0FE4141F470014FF0000070BD41F0F0
:101D4000FE4141F4780170BD70B54FF0FF0C4CF4CA
:101D5000E06C1CEA11541DBF1CEA135594EA0C0FE9
:101D600095EA0C0F00F0A7F8A4EB050481EA030E36
:101D700052EA03354FEA013100F088804FEA03331D
:101D80004FF0805545EA131343EA12634FEA0222EB
:101D900045EA111545EA10654FEA00260EF00041AC
:101DA0009D4208BF964244F1FD0404F5407402D2FE
:101DB0005B084FEA3202B61A65EB03055B084FEA8F
:101DC00032024FF480104FF4002CB6EB020E75EB8C
:101DD000030E22BFB61A754640EA0C005B084FEAB4
:101DE0003202B6EB020E75EB030E22BFB61A754631
:101DF00040EA5C005B084FEA3202B6EB020E75EB7C
:101E0000030E22BFB61A754640EA9C005B084FEAF3
:101E10003202B6EB020E75EB030E22BFB61A754600
:101E200040EADC0055EA060E18D04FEA051545EAEF
:101E300016754FEA06164FEAC30343EA52734FEA98
:101E4000C2025FEA1C1CC0D111F4801F0BD141EA11
:101E500000014FF000004FF0004CB6E711F4801F76
:101E600004BF01430020B4F1FD0C88BFBCF5E06F56
:101E70003FF6AFAEB5EB030C04BFB6EB020C5FEA66
:101E8000500C50F1000041EB045170BD0EF0004EBB
:101E90004EEA113114EB5C04C2BFD4EB0C0541EAED
:101EA000045170BD41F480114FF0000E013C90E6EA
:101EB00045EA060E8DE60CEA135594EA0C0F08BFAE
:101EC00095EA0C0F3FF43BAF94EA0C0F0AD150EAAD
:101ED00001347FF434AF95EA0C0F7FF425AF104640
:101EE00019462CE795EA0C0F06D152EA03353FF468
:101EF000FDAE1046194622E750EA410618BF52EAE5
:101F000043067FF4C5AE50EA41047FF40DAF52EAB8
:101F100043057FF4EBAE12E74FF0FF3C06E000BF55
:101F20004FF0010C02E000BF4FF0010C4DF804CD62
:101F30004FEA410C7FEA6C5C4FEA430C18BF7FEA22
:101F40006C5C1BD001B050EA410C0CBF52EA430C50
:101F500091EA030F02BF90EA020F0020704710F1D0
:101F6000000F91EA030F58BF994208BF90422CBF5F
:101F7000D8176FEAE37040F0010070474FEA410C58
:101F80007FEA6C5C02D150EA013C07D14FEA430C76
:101F90007FEA6C5CD6D152EA033CD3D05DF8040BE7
:101FA000704700BF8446104662468C461946634619
:101FB00000E000BF01B5FFF7B7FF002848BF10F1F0
:101FC000000F01BD4DF808EDFFF7F4FF0CBF012035
:101FD00000205DF808FB00BF4DF808EDFFF7EAFFB1
:101FE00034BF012000205DF808FB00BF4DF808ED6C
:101FF000FFF7E0FF94BF012000205DF808FB00BF61
:102000004DF808EDFFF7CEFF94BF012000205DF8EA
:1020100008FB00BF4DF808EDFFF7C4FF34BF0120F7
:1020200000205DF808FB00BF4FEA410C7FEA6C5CC2
:1020300002D150EA013C0AD14FEA430C7FEA6C5CC2
:1020400002D152EA033C02D14FF0000070474FF03A
:1020500001007047014B1868704700BF009D0020C9
:1020600002440346934200D1704703F8011BF9E78D
:10207000F0B587B004460E4615461F46ADF806106B
:10208000D3B190F82C31ABB9D0E9490194F82A3199
:102090000490C0B29842ADF8141005D0204604A9AF
:1020A0008DF81030F7F73CFF20463A7894F82B1162
:1020B000F7F79EFF002020E00ABBD0E94901D4F8E1
:1020C000E0300490ADF814102046A4F8426004AA51
:1020D0000DF10601F6F7BAFF78B9204604A9F7F723
:1020E0001FFF50B9034601222046BDF90610F7F73D
:1020F000FFFFBDF80630A4F8443007B0F0BDB2F9D8
:102100001230B0F942200DF10E019342A8BF1346E0
:1021100004AAADF80E302B46F6F798FFBDF90E3045
:10212000B5F912209A42A8BF1A469DF81030ADF8B2
:102130000E200C2B0FD1212384F82C31B4F944301C
:1021400093420DDDD4E9490100230490ADF8141049
:1021500084F82C3104E0C0B284F82C010028EDD1C1
:102160009DF810102046A4F8442084F82A11E8F7BE
:1021700049F984F82B019DE770B5044600200E460E
:1021800000F092FBD4F8F0503DB1002331462046D8
:10219000AC46BDE870401A4660472B4601223146E6
:1021A0002046F7F7A5FF284670BD00F07FBB00F082
:1021B000D1B800F0AABB4FF6FF73994201D000F0EE
:1021C00009BA21207047134607B500228DF8071081
:1021D0000DF10700194600F032FB03B05DF804FB77
:1021E00000207047002070477047D0F8943003F00B
:1021F0006003402B0DD0602B03D0203B5842584148
:10220000704749B10B68012B06D9486940F00100BD
:10221000704740F20110704700207047012A38B51E
:102220000C46114638BF01210139C9B261702170D5
:102230004B4300216180D0F8DC10273323F00303E7
:102240004968E518656039B132B12846FBF782FD6F
:10225000013005EB800038BD4FF0FF32281DE25001
:10226000F9E7F7B504461046D4E954C7DDE9082676
:102270008CEA020587EA06010540194085EA0C054B
:102280007940C4E95451002523F4004106EA0103D2
:1022900020F0010043F40073024043F00203CDE953
:1022A0000055FDF741F894F824309A0713D5D4F877
:1022B00054319B050FD54FF48811204600F02DFDB9
:1022C00094F82430024665F3410384F82430204614
:1022D0000B46F7F767FB002003B0F0BDF0B587B001
:1022E0001C461746BDF830601AB90024204607B0D6
:1022F000F0BD002BF9D00029F7D001AAFAF7CCF9EC
:102300000028F2D0BDF80630A2199A42BDF8085054
:10231000C4BF9B1B9CB2B54212D90399AD1BADB291
:102320003144A5420391ADF808500DD22A463846F3
:1023300000F0C4FD0499621B781900F0BFFDD5E7D9
:102340000499761B3144049122463846F5E7022071
:10235000FBF704B90346D0F824010860B3F828312C
:1023600000208B80704790F824310C2B14BF90F81C
:102370002B00FF207047F8B50C4640210546FEF7BC
:102380007FF94FF40061074606462846FEF778F9C4
:1023900030B17CB195F81E3173B16FB93046F8BDDC
:1023A00022024FF480712846FEF756F9061E18BF28
:1023B0000126F3E72246F4E74FF48072F1E74FF489
:1023C0008071FEF75DB908B54A024FF40071FEF75F
:1023D00043F9002008BD08B58A024FF48061FEF77A
:1023E0003BF9002008BD10B50446808A29B1884217
:1023F0004FF6FF730AD299420BD14FF03A4341F6A0
:10240000FF724FF6FF701A63E08610BD9942F4D058
:1024100008464FF03A410A6B431E22F4FF5222F065
:102420001F029BB213430B63EEE738B54FF03A43FC
:102430000546DC6A808AC4F30C04A04234BF002045
:10244000012041F667020821FEF7E8FBA88A001B7D
:1024500080B238BD2DE9F041884618F003070646E2
:102460001546194633D1B2F5805F30D89A422ED343
:102470003F2A28D9B2FA82F401220120C4F11F03B5
:10248000DBB29A4092B2AA422CBFC4F11904C4F143
:102490001A04E2B2931DDBB2984080B2A84214D075
:1024A00096F8F530ABB9012096F8253060F341037A
:1024B00086F825304046F9F795FEC6F82080B582AB
:1024C0003846BDE8F0813A46EAE70020ECE72127EC
:1024D000F6E70E27F4E7F8B511F0030607460D46B8
:1024E000144621D102B313883F2B1DD9B3FA83F3CD
:1024F000C3F11901C9B2062901D8192B12D0062936
:1025000028BF062101238A1DD2B29340284623808A
:1025100000F068F923883846FD617B82F9F772FF85
:102520003046F8BD3146EDE72126F9E738B5148885
:1025300011F003054FEAC4041ED13F2C1CD9B4FA94
:1025400084F4C4F11903DBB2052B01D8192C11D086
:10255000052B28BF052301240633DBB204FA03F35D
:10256000C3F3CF041480816104824387F9F74AFFE3
:10257000284638BD2B46EEE72125F9E7F7F770B876
:1025800038B51546044608460121FBF769FC0121D0
:102590002846FBF765FC94F8253043F0010384F8E6
:1025A000253038BDF8B504460E46174602F034FE15
:1025B0003A46054631462046FBF7B0FE044628461B
:1025C00002F025FE2046F8BD022070470320704728
:1025D000FAF7BCBFA0F840100020704710B50023E8
:1025E000F8F70EFC044608B9FDF724F9204610BDA3
:1025F00038B51D4600230446F8F702FC28B92946E1
:102600002046BDE83840FDF72BB938BD4FF40061D6
:10261000FEF736B838B50446154680F82C105AB186
:1026200000F03AF808B900201AE094F8243043F09A
:10263000800384F82430F6E70846FAF72BFCFF28DD
:1026400084F82C0009D0204600F026F80028EAD0B3
:1026500094F8243065F3C713EBE7FAF73FFC212029
:1026600038BD8021FEF70CB838B50546F7F7CEF92E
:1026700004462846F7F7A8F9072804BF24F47F4149
:1026800021F00801284614BF24F0800141F08001A8
:10269000BDE83840F7F7C0B94021FDF7F1BF00228F
:1026A000114600F030B970B50C4611F0010118BFA9
:1026B00002F0010315461ABF4FF480311A040A468E
:1026C00004F0040604F00803A4070BD5AC0741F49A
:1026D000003148BF42F400322EB963B9FDF7BCFFA8
:1026E000002070BD36B16C0741F4802148BF42F430
:1026F0008022F2E733B12B0741F48011EED542F48A
:102700008012EBE70029EBD04FF48031E6E790F838
:10271000F400431E58425841704738B5044600F053
:10272000F8F8054600F0F5F8431BA342FAD338BD8C
:1027300038B5054610460C46F9F724F9D5B1D5F859
:10274000E030BBB15B69ABB1421ED2B2FD2A13D9F6
:102750000A68013204BF6FF001020A600A68FF28AC
:102760001A6007D16268013202D16FF00102626023
:1027700062685A60002038BD0128F2E72DE9F74F62
:1027800001251C469DF83030064601930368174624
:1027900003F0070306339D4005F1FF380B46A1B156
:1027A000416804EA080BA5EB0B0A41F000595245B9
:1027B00009EB0B0114D95246184600F07FFB49463D
:1027C0007A1B5A44504400F079FB019B2BB13C44E6
:1027D00048EA050804EA0804F46003B0BDE8F08F95
:1027E0001846F0E74FF03A4301225A6741F6FF726C
:1027F000D96418651A67704737B5002514460095E7
:10280000FFF7BCFF204603B030BD0123026810B5BE
:1028100002F0070206329340026A013BC2F30C0247
:102820008A4284BF4468C2689BB283BF891844F05F
:10283000005019404FF0FF3088BF405C10BD70B5AC
:102840000E461546044608B9002070BD03780A2BD1
:1028500018D02078F9F7EAFFB0B923780C2BF3D120
:102860000EB1FF233370CDB1FF232B7016E020781B
:102870000130C0B209282070EBD8F9F7D7FF002843
:10288000F5D0E6E70620F5E71EB12078FAF70CF858
:1028900030701DB1207800F030F828700120D4E7A6
:1028A000F8F7A8BC00207047002070470020704750
:1028B000704710B504680246090494B9D9B1B1FA59
:1028C00081F3C3F12003C3F10F00012838BF0120B9
:1028D00003F01F03D9408C4201D20138490811602E
:1028E00010BDB4FA84F331B1B1FA81F01B1A002B98
:1028F000E9DC0F20EFE70F20F1E70638042834BFAA
:102900000120FF2070470020704770470020002101
:10291000704708B5FAF74EFFBDE80840FAF7FABF6E
:1029200038B50446FFF7F5FF0546FFF7F2FF431BF6
:10293000A342FAD338BD38B50D460446FAF73AFF3C
:1029400035B1844200D90139204601F0030138BD78
:10295000844238BF0131F7E708B50121FFF7EBFFEB
:10296000BDE80840FAF7D6BF08B521B1920000F0E3
:10297000A5FA002008BD2120FCE700F06F43B3F169
:10298000804F02D0B3F1204F02D120F07040704749
:1029900000F06043B3F1204F08BF20F08050704733
:1029A0000B0C23F48053B3F5284FF7B50D468FB2C7
:1029B000064699B216D04AF60103994214D04AF657
:1029C0000203994212D0B1F5204F14BF042403240E
:1029D000D6F8E0300BB1196851B9D6F8DC3093B9AC
:1029E00028680EE00024F3E70124F1E70224EFE772
:1029F000234668463A46FBF711F8DDE90003002B51
:102A0000EBD103B0F0BD19680029E9D02346684630
:102A10003A46FBF703F8DDE90003002BE0D1F0E7CD
:102A20000204C0F3891307D56FEA83536FEA935307
:102A300013F5007F18B206D0A3F1C8006FF4FF733E
:102A40009842B8BF184670470020FBF7C3BB01206F
:102A5000FBF7C0BBFDF76EB9FDF76CB9FDF76AB9BE
:102A6000FDF768B908B50846FDF76AFD08BDFDF732
:102A700061B9022070470220704700207047012092
:102A8000704700207047F8F733BC08461146012212
:102A900000F096B870B505460C4611461A46FDF78B
:102AA00033FE06682B462046B446BDE870406047BA
:102AB00010B5FDF729FEBDE810408368184710B532
:102AC000FDF722FEBDE8104003691847FFF786BDF9
:102AD000FFF78EBDF8F7FEBA00F0FCB870B50446FB
:102AE0000D4616464FF4881100F02CF9324629465F
:102AF0002046BDE87040F9F7C5BA7047431E012B68
:102B000003D9031F58425841704701207047FFF70F
:102B1000C9BE4FF4D8720021FFF7A2BA70B50446BF
:102B2000F7F79CFE0546A8B9A169F1B1238AD3B194
:102B3000204604F11002FFF7F9FC38BBE16919B334
:102B4000638AA3B1204604F11202FFF7C4FC78B1F6
:102B5000054603E00023A3612361E36100232846C7
:102B60006361236270BDA061E8E72082E6E7E3616C
:102B7000216A0029F2D0A28A002AEFD02046E38AF7
:102B8000BDE87040FFF766BC6182F1E76582E561F0
:102B9000DEE711B9D0F8DC1021B1CB6813B18B6836
:102BA000D88970474FF6FF70704710B5FDF70EFEDD
:102BB000044608B9FFF77CFE204610BDF6F70CBFAF
:102BC00010B50C461146F6F72DFFF8F791FB0128DA
:102BD00001D1002010BD002CF7D10520FAE7F8B58F
:102BE00006460D46FDF7F2FDD8B94FF6FF734FF0DC
:102BF000240CEF68C1B28F4208D81C4621463046EB
:102C0000FDF796FFFFF754FE2046F8BDAA680CFBBF
:102C10000122D4899C4202D2002CEFD023460130FD
:102C2000E8E70024F0E7C08D70470A7838B505461C
:102C30001046FFF763FF60B14C782046FFF75EFF58
:102C400038B12243530704D42846BDE83840F7F78B
:102C50002FB9212038BDFFF7E8BF10B5044608782A
:102C6000FFF74CFF58B14A781046FFF747FF30B1E5
:102C7000042A04D02046BDE81040F7F737B92120D8
:102C800010BDFFF7EABFF6F707BDFFF7EABAF0B5E8
:102C9000044600262427C268013A12B2964202DD99
:102CA0004FF6FF700DE0B318A56803EBD3735B100C
:102CB00007FB035598B2EB898B4203D82B8A8B42D2
:102CC00003D3F0BD431E1AB2E8E7431C1EB2E5E78A
:102CD000F6F7D0BF38B504460D4600F0A0F850B165
:102CE00029462046FDF724FF30B929462046BDE895
:102CF0003840F6F77FBF0E2038BD70B516460C463B
:102D000002F08AFA314605462046FDF79DFF04464B
:102D1000284602F07CFA204670BD38B505460C46C0
:102D200002F07AFAD5F890301C40D5F88C30234365
:102D3000C5F88C3002F06BFA211E18BF012100206B
:102D4000490238BD38B504460D4602F065FAD4F89C
:102D500090301D40D4F88C3023EA0505C4F88C501F
:102D600002F055FA284638BDD0F88C0070477FB580
:102D700005460E46F9F7EEF9431EDBB2FD2B04467D
:102D80000FD90096FF2800D101964FF488112846EC
:102D9000FFF7D8FF224669462846FFF7C9FC04B072
:102DA00070BD0128EFE710B504460121FFF7CAFF07
:102DB0002046FEF7B9F8002010BD10B50446FFF715
:102DC00025FC40B120460121FFF7BCFF2046BDE8AD
:102DD0001040FEF7A9B8022010BDF7F7B3BBF9F712
:102DE0005BBCF7F707BBF9F751BBF9F75BBBFFF724
:102DF000FABAFFF71ABB38B50446154609B1FFF712
:102E0000BDFB15B12046F7F7B5FB002038BD10B467
:102E1000BDF8044001945DF8044BFFF75FBA034628
:102E2000408A18B1188A003818BF01207047FFF790
:102E300070BDFFF76EBDFAF79BBB00EB8023C0EBC4
:102E4000831353FA81F303EB8322C3EB8213C1F3A1
:102E50000722134403EB8322C3EB8213C1F307421F
:102E6000134403EB8322C3EB821303EB116070471F
:102E700038B50D46144604B938BD55F8041BFFF7A4
:102E8000DCFF013CF7E77047931E222B10B50C4680
:102E900004D900231C460B70204610BD0A2A09D114
:102EA000002807DA2D2340420B7001212144FEF750
:102EB000A5FAF1E70021F9E7FFF7E6BF0A44431E50
:102EC000914200D1704710B511F8014B914203F8BF
:102ED000014FF9D110BD0139024410B5904201D122
:102EE000002005E0037811F8014FA34201D0181B20
:102EF00010BD0130F2E7884210B501EB020402D99F
:102F00008442234607D8431EA14208D011F8012B62
:102F100003F8012FF8E7024401468A4200D110BDB0
:102F200013F8014D02F8014DF7E70246014410B5D0
:102F30008A42134603D01C780132002CF8D1181AAB
:102F400010BDC9B20346024410B59342184601D1E0
:102F5000002003E0047801338C42F6D110BD034613
:102F600013F8012B002AFBD1181A013870470846C4
:102F7000FAF7D8B80846FAF70FB8F7F7E3BEF6F74E
:102F80000FBBFFF789BB38B505460C46FFF7F9FFC5
:102F900080B1F8F7ADF9C3070AD5214600222846CB
:102FA000F8F79CFA04462846FFF779FB204638BD1F
:102FB0000224FBE70E24F9E738B504460D46FFF777
:102FC000E0FF28B129462046BDE83840F8F746BA68
:102FD0000E2038BD70B504460D461646FFF7D1FFEA
:102FE00030B1324629462046BDE87040F8F754BA61
:102FF0000E2070BD38B505460C46FFF7C2FF30B154
:103000003CB128462146F8F79DFB002038BD0E2034
:10301000FCE72120FAE790F82920F8F7B5BB73B553
:103020000D7806460C4635B304238DF80430237919
:10303000304601A98DF80530FFF70FFE0546B8B9F7
:103040002278A37952BB8DF80430E379304601A988
:103050008DF80530FFF7E9FD054648B923783BB107
:1030600061883046F7F786F901213046FFF783F98A
:10307000284602B070BD2946FFF77DF92946304643
:10308000FFF7A1F929463046FFF7A5F92378002B71
:10309000CAD123798DF804306379C9E702228DF80B
:1030A0000420D3E74FF40022184B5A664FF0B44384
:1030B0009868C0F304400C280AD8DFE800F00B0938
:1030C00009090909072119091B1D1F00104870472C
:1030D000002070479B6803F04073B3F1807F11D0EC
:1030E000B3F1007F10D00B4A002B08BF1046704789
:1030F00009487047094870470948704709487047B0
:1031000009487047094870470948704700900050C7
:10311000405DC60000093D00C0EA210180BA8C0173
:103120000048E801005A62020024F40080841E0076
:1031300040420F00014B1868704700BF509D0020AF
:103140000A4B1B6F03F00703013B032B03D8DFE897
:1031500003F00B030609FEE7054B18687047044BA4
:103160005868704703487047034870470080005014
:10317000509D002080D54302002D310108B5FFF796
:10318000DFFF044B1B6FC3F303330133B0FBF3F0DA
:1031900008BD00BF00800050014B5868704700BF59
:1031A000509D002070B5054648B3EFF3108672B607
:1031B000046E012C19D924F0010402F0BFF870B19B
:1031C000236893B9A46884B10E4BD3F854389C4259
:1031D00009BF6B6D0123DB4303F0010306E001F03F
:1031E0005FF823683BB101F0D1F80023304602F0CC
:1031F0000EF8184670BDA46801F0C8F8E3E7012393
:10320000F7E700BF0804002070B50446002840D04E
:1032100000F0CEFE022829D1EFF31083DB070ED495
:10322000EFF311832F2B0AD8256E25F0010405F04A
:10323000010602F083F838B16FF0050022E0204665
:10324000BDE87040FFF7AEBF012D1FD986B1124B0C
:10325000A268D3F854389A4212D1E368013BE36084
:1032600023B91A461946204601F0A8F9002009E0C2
:10327000334632463146204601F0A0F90128F5D008
:103280006FF00200003818BF012070BD6FF003001E
:10329000F8E70120F9E700BF0804002038B504462C
:1032A0004D4801F077FD002848D14FF480624B4B28
:1032B0009A66BFF34F8F236A052B15D84FF09841BC
:1032C0000A6CD002FCD504339B000B652268103BCE
:1032D0000A6062680A60224652F8080F08604FF0E0
:1032E0009841134493420BD194F8243063B94FF0C2
:1032F00098435A6CD202FCD55C6D04F4702432E021
:1033000052F8040F0860EDE74FF09844A36D43F0C6
:103310000203A36500F04CFE02283DD1304BD3F8E8
:10332000645465B9A36D23F00203A3654FF4806272
:103330002C4B29489A66FFF767FF012038BD01F042
:10334000FDFF0028EED14FF0FF31284601F0ACF927
:10335000A36D012823F00203A365E7D14FF4A02257
:10336000214B9C689A604FF480621E4B1A489A6603
:10337000FFF74AFF002CE1D0B4F5E02F21D015D89B
:10338000B4F5403F1FD00CD8B4F5803F1DD0B4F544
:10339000003FD2D12A20D1E7A36D23F00203A36519
:1033A000DCE7B4F5802FC8D14B20C7E7B4F5302F48
:1033B0000DD0B4F57F0F0CD0B4F5202FBDD1102067
:1033C000BCE72120BAE72C20B8E74820B6E7112057
:1033D000B4E70620B2E700BF28100020009000509C
:1033E0000804002000A00050509D0020044B1878D5
:1033F00018B1044A106800EBD0005B6818447047AD
:103400009C4F0020241100200D498B6898B10022A8
:103410009BB1834203D1836822B98B6003E01A46D3
:103420009B68F5E7936083681BB15A6941690A4458
:103430005A6100207047222070470220704700BF69
:103440009C4F0020014B1868704700BF20110020DE
:103450000229F8B597BF114B00245B1893F8A440DC
:10346000012805460E4609D002280AD008B944F0C2
:1034700002040B4BD3F8DC7237B9F8BD44F00804F2
:10348000F7E744F02004F4E77B681A68144203D09D
:10349000314628465B6898473F68EDE78C63030830
:1034A0009C4F0020084A0346107810B550B10749D8
:1034B0008C6DE40702D592F8E04214B1002BF7D1ED
:1034C000184610BD0120FCE79C4F00200040005A28
:1034D000164A92F8E13233B10121154B5960154972
:1034E0008B69DB07FCD5144BD2F8E402196F21F08D
:1034F000070101431967D3F82011D2F8E80221F03F
:1035000007010143C3F82011D3F82811D2F8EC02C7
:1035100021F007010143C3F8281113781BB14FF4C0
:103520008032064B9A62FFF729BE00BF9C4F0020F5
:1035300000D0015000C00150008000500060005ACF
:10354000F0B49DF81050BDF81460B0B10024C4610F
:10355000EFF31187302484F311880A4CA46814B166
:10356000A042FBD1012487F31188BFF36F8F3CB9D0
:10357000CDE90456F0BC01F0A9BD2220F0BC704793
:103580000320FBE79C4F0020EFF31183302282F3EE
:103590001188034A106A83F31188BFF36F8F704755
:1035A00000400650124908B50B7883B191F80233F8
:1035B000CBB9104B9A6DD00302D5DA6D920702D4C5
:1035C0009B6DDB0704D54FF480320B4B9A6208BD2C
:1035D000012381F8F032FFF7D7FF4FF48032064B1A
:1035E000C1F8F4029A62002381F80233EFE700BFCA
:1035F0009C4F00200040005A0050005A38B5124C31
:1036000094F8FF32CBB194F8033323B1FFF7CAFF2C
:10361000002384F803330020FFF744FF94F8FD52A1
:1036200060B1FFF755FF00230121284684F8FF32DF
:10363000FFF70EFF012384F8FD3238BD012384F823
:10364000045384F8FE32F8E79C4F00200D4A92F8AC
:103650000533FF2B01D120B170470BB928B9704752
:1036600018B9013B82F805337047013382F80533FE
:1036700092F8FD32012B04D992F8FE320BB9FFF714
:10368000BDBF70479C4F00200F4B10B51A689AB110
:103690004FF47A71531E1342A0FB01010ED1B2FA0E
:1036A00082F2C2F11F04531CD243E04001FA03F33B
:1036B000184321FA02F20243104610BD0023FDF721
:1036C0009DFC0246F8E700BF2011002030B5002520
:1036D0000A4B0B481C6AD0F808338268E31A2AB1F7
:1036E00023B15169994204D3C91A5161C0F8084302
:1036F00030BD55615B1A9268F1E700BF004006508B
:103700009C4F002010B5EFF3108472B6054B93F870
:10371000CE3823B12046BDE8104001F078BDFFF758
:103720006DFFF7E79C4F0020F8B5C38804460D46AF
:103730001D4E4BB9EFF3108172B696F8FD32012B96
:1037400008D8084601F063FDB36865612BBBB4601F
:10375000A36021E0D6F8D478FFF748FE0744084676
:1037600001F055FDBD42EFD2EFF3108572B6FFF7C1
:1037700045FF284601F04BFD3D46E5E7AD1A9A6846
:10378000194665616AB113465A69AA42F6D931B140
:103790008C60521BA3605A61F8BD0021F4E7B4604D
:1037A000F7E79C60A260F7E79C4F002038B5254CF6
:1037B000A368002B44D05B69234A002B34D002203D
:1037C000D4F8081390610B442049EFF3108072B6CF
:1037D0000A6A0D6B4969890704D4A91A052901D819
:1037E000AA4212D1991A042998BF531DB3F1FF3F81
:1037F00038BF013B154A916AC906FCD41363936A2A
:10380000DD06FCD40222104B9A6101F000FD00237A
:10381000A26884F8D8382AB1D188890708D501234D
:1038200084F8D838002038BD022393615361EEE755
:103830009268002AF6D051690B44012BECD9F1E7CC
:103840002220F0E79C4F0020005006500040065018
:1038500038B5044618B3EFF3108572B6FFF736FF9C
:10386000104B9868A04209D02046FFF7CDFD0446D2
:1038700080B1284601F0CBFC204638BDFFF7C4FDDF
:1038800004460028F5D1FFF791FF222802BF02224B
:10389000054B9A61284601F0BAFC0024ECE722248B
:1038A000EAE700BF9C4F0020006006502DE9F74377
:1038B000EFF3108672B6AFF3008000F089FB0028AA
:1038C00000F0C481B34CB44F94F8D9382BB1002028
:1038D000FFF7BCFE002384F8D93894F805235AB9C1
:1038E000EFF31180302383F31188A368002B6BD191
:1038F00080F31188BFF36F8F94F8053394F8FD02BD
:10390000002B00F0A480012840F01F81A34A136916
:1039100023F00403136130BF94F8FE321BB194F816
:10392000043384F8FD32AFF30080304601F092FC9E
:10393000EFF3108672B694F801336BB1002394F85C
:10394000FD0284F8013394F80433984204D1012134
:1039500084F8FD12FFF77CFD9148FFF779FFFFF730
:1039600013FED4F80439D4F80829C51AB5FBF2F5CA
:1039700005FB0233C4F80439D4F80C39D4F8100923
:10398000EA18824280F02E81284600F0B3FFD4F876
:103990000C391D44D4F81039C4F80C599D42C0F0BC
:1039A0002981002594F8FF3284F8D058002B00F0CC
:1039B0003C8194F8033384F8FE521BB1FFF7F2FD0B
:1039C00084F80353754D26E15969B3F806900A440B
:1039D000B9F1000F39D13B6AD4F808135B1A9A4247
:1039E0000AD880F31188BFF36F8F0120FFF72EFEF6
:1039F000012384F8D9387FE73B6AD4F80813C91A41
:103A0000114480F31188BFF36F8FD4F8DC388B42F8
:103A1000EBD2D4F8D458FFF7E9FC28448842E4D22A
:103A200094F800800D1A4FEA880848F002085C48B4
:103A3000C4F8FC98FFF70CFF4B462946CDE90098E7
:103A4000584A574801F042FB56E79B684EE794F806
:103A5000FF3263B9544AD2F8203103F00703C4F8A7
:103A6000E832D2F8283103F00703C4F8EC32022818
:103A700053D00225002384F8D03894F8FE3213B9CD
:103A80002946FFF7E5FC94F8D03884F8FD52002B66
:103A90005DD0022D44D094F8FD32012B3FF436AFB7
:103AA000023B012B3FF638AF3C4A136943F0040355
:103AB000136194F80039002B4CD101223B4B5A671B
:103AC000394B5B6E5B0142BF394B3A4AC3F8202445
:103AD00030BF0122384B39495A672378D3B17B690B
:103AE0009D0717D594F8D838A3B1FFF74DFDA3680B
:103AF0009B69C01A02280DD88B6DD80302D5CB6DF7
:103B00009A0703D42D4B9B6DDB0761D54FF48032B0
:103B1000294B9A62FFF732FBFEE694F8D03823B1C6
:103B2000002384F8D03801F098FD94F8FF32002B80
:103B3000B1D194F8CF3823B9012384F8003984F83F
:103B40000333012384F8FF32A5E7012592E7022D14
:103B5000EBD0A0E7002384F80039134B1A6F22F052
:103B6000070242F001021A67D3F8202122F007026F
:103B700042F00302C3F82021D3F8282122F00702E3
:103B800042F00302C3F8282194F8E132C3B9FFF7E9
:103B9000F5FA92E79C4F00200040065000ED00E04F
:103BA0007C58002005370308008000500060005A50
:103BB00000E003500000FF0F0050005A0040005A80
:103BC0000122264B5A60264A53689907FCD4DEE747
:103BD000012384F8023384F8F032FFF7D5FCC4F8EF
:103BE000F40293E7C01A00F085FED4F81039C4F847
:103BF0000C39D6E600F0ECF900287FF465AED0E68B
:103C00002B6923F004032B6130BF304601F022FB07
:103C1000EFF3108672B60020FFF744FC0028EFD0C7
:103C2000FFF756FC002384F8FF3294F8D9382BB103
:103C30000020FFF70BFD002384F8D938002194F809
:103C4000FD02FFF705FC002384F8FD32AFF300808E
:103C5000304603B0BDE8F04301F0FCBA00E001508B
:103C600000C001500A490B4ACB695BB91268D06A9F
:103C700058B90B6A012B09D8074B1868074B1B680A
:103C8000C01A70470020136870471846704700BF7D
:103C9000AC5E00205C0C0020905E0020945E002052
:103CA000914208B5416000610BD8D21A83699A42EB
:103CB00010D2094B011DD3F8800401F0D0FA002086
:103CC00008BD9A4201D2994204D2034B011DD3F898
:103CD0008404F2E70120F3E7AC5E0020EFF30980F3
:103CE0001EF0100F08BF20ED108AEFF30B82734611
:103CF00020E9FC0F0F4A116808604FF0100080F3B4
:103D00001188BFF34F8FBFF36F8F00F0FBF84FF0B8
:103D1000000080F31188074A11680868B0E8FC0FBA
:103D200013F0100F08BFB0EC108A82F30B8880F3F9
:103D3000098818475C0C00201EF0040F0CBFEFF33D
:103D40000880EFF30980014908470000A9530308E0
:103D50001346026C2DE9F0410446876B002A3AD1E4
:103D6000036823B100200137A763BDE8F0818568AF
:103D70001DB900200023A360F5E7254BAE6C1B683E
:103D8000EA6AEB6CB24203F1FF33EB64F1D0002B33
:103D9000EFD105F10408404601F050FCC6F13803AC
:103DA000AB611C4BEE62DA69012096424FF01402BF
:103DB00088BFDE61564333445A6A9168AA60E9605D
:103DC000C1F80480C2F80880134A32446A611A6A52
:103DD00001321A62CEE763B94068FFF76FF8636893
:103DE000226C1344A26863609342BBD32368636070
:103DF000B8E7C068FFF762F8226CE36851429B1A8B
:103E00002268E3609342ADD2A3680B44E360A9E764
:103E10005C0C0020AC5E0020CC5E00200E4B70B528
:103E2000D3F884340546DB680E46DC68201D01F0BB
:103E300005FC94F828305A0709D532462946204611
:103E400001F024FA2046236ABDE87040184723F0A9
:103E5000010384F82830F5E7AC5E002010B5094C6A
:103E6000D4F884341A6832B9D4F88024C4F8803481
:103E7000C4F8842410BDDB684FF0FF311868FFF7E9
:103E8000CDFFEDE7AC5E002070B5B9B100230C4A60
:103E90001C4615465668864204D105EBC403C3E9A7
:103EA00000100BE01BB91668002E08BF1346013442
:103EB0000A2C02F10802EDD1002BF0D170BD00BF39
:103EC000046B0020002330B5094A02F6584101EB8B
:103ED000C3056D68DC00854206D100232244C2F888
:103EE000583CC2F85C3C30BD01330A2BEFD1FAE7F5
:103EF000AC5E0020024A136801331360704700BFB4
:103F0000745000201E4B70B51A681E4B1AB1012266
:103F1000C3F8A82C70BDC3F8A82C1B4A1168096B04
:103F20000868B0F1A53F0BD14868B0F1A53F07D1B3
:103F30008868B0F1A53F03D1C968B1F1A53F01D0B0
:103F4000116811681426D969104D06FB01F0445917
:103F50009CB11C18666A083076680544AE4208BFFA
:103F6000E06A666208BF6062142000FB0130406AAC
:103F7000C0681060D9611368CCE70139E5E700BF7C
:103F800074500020AC5E00205C0C0020CC5E002051
:103F9000054B1B6833B1054B1868B0FA80F0400937
:103FA00040007047012070476C5000207450002082
:103FB00008B5FFF7EDFF38B1022804D0034B1868AD
:103FC000431E5842584108BD0320FCE7C858002052
:103FD0000B4B1B6883B90B4AD2F8A80C70B9D2F806
:103FE000AC3C63B9084B094A1B681068013B984216
:103FF0000CBF022001207047002070471846704710
:104000002C500020AC5E0020B0200020405000204A
:1040100000222DE9F84306461E4B1F4C1D681F4B1E
:104020000F46D3F800801E4BD3F800902368206819
:1040300083F85E20043001F001FB731C14D19FB1A2
:10404000184B21685A688A6090682168C8602168A6
:1040500004314160216804319160226853611A681B
:1040600001321A60BDE8F88323682168AD195D60EC
:1040700001F1040104D34846BDE8F84301F0EFB86C
:10408000404601F0ECF8084B1A68AA4288BF1D6050
:10409000E8E700BF945E00205C0C00202450002064
:1040A0002850002040500020905E002010B50C46A3
:1040B000054B1968183101F0D2F82046BDE81040D0
:1040C0000121FFF7A5BF00BF5C0C0020064A136862
:1040D0001968064B19B94FF0FF321A607047126821
:1040E000D2681268F9E700BF24500020905E0020DB
:1040F0002DE9F84F4F4B504C1B68002B40F092803D
:104100004E4B1D6801351D606DB94D4B1A684D4A07
:104110001968106818601160D4F8B03C0133C4F815
:10412000B03CFFF7D3FF484900200B68AB4210D9E1
:104130001422464B1B68DB6A02FB03431B6A022BFB
:10414000D4F8A83C28BF0120002B18BF0120BDE8EF
:10415000F88F84463A4F3B681B681BB94FF0FF331A
:104160000B60E5E73B68DB68DB685A68954201D283
:104170000A60DDE7D3F81480D3E90229C2F8089079
:10418000C9F80420D8F8042003F1040E7245D8F8C9
:10419000002008BFC8F80490013AC3F814C0C8F85A
:1041A0000020D3F82880B8F1000F14D0D3E90729F4
:1041B000C2F80890C9F80420D8F8042003F1180ABE
:1041C0005245D8F8002008BFC8F80490013AC3F857
:1041D00028C0C8F800201426DA6AD4F81C804245AA
:1041E00006FB02F804EB0809D9F824A0184EDAF807
:1041F00008B0B044C3F808A0C3F80CB0CBF804E092
:10420000CAF808E0C3F81480D9F8203088BFE2610A
:104210000133C9F820300D4B1B68DB6A9A4288BF16
:10422000012098E7D4F8AC3C00200133C4F8AC3C42
:104230008DE700BF74500020AC5E0020945E00202B
:104240002450002028500020905E00205C0C0020AC
:10425000CC5E0020094A1168086806C881F30B8803
:10426000022181F31488203080F30988BFF36F8F17
:104270004FF0000080F31188104700005C0C002014
:1042800006480068006880F3088862B661B6BFF32C
:104290004F8FBFF36F8F66DF00BF000008ED00E0B7
:1042A00008B501F097F8044A136801331360BFF3AF
:1042B0004F8FBFF36F8F08BDA09E00202DE9F843FC
:1042C0000446164699468846D9F78EFF01F082F8D3
:1042D000A26BE36B07469A4223D294F845504A46B4
:1042E000414620466DB2A36BFFF732FD6B1C0FD128
:1042F000636A33B1206B00F073FE10B10EB101237D
:1043000033600124384601F070F82046BDE8F88398
:10431000054B1B689D42F4D201356DB284F84550BF
:10432000EFE70024EEE700BFB020002070B50446A0
:10433000D9F75AFF0D4601F04DF8A26BE36B064624
:1043400093421ED994F845100132FF294BB2A26363
:104350000ED1636A33B1206B00F042FE10B10DB193
:1043600001232B600124304601F03FF8204670BD48
:10437000054A12689342F5D201335BB284F84530A6
:10438000F0E70024EFE700BFB0200020044B1A68DC
:104390001A68013A1A60186808B901F026B870471F
:1043A000A09E0020F8B504460127FFF779FF94F896
:1043B0004550184E6DB2002D14DCFF23012784F800
:1043C0004530FFF7E3FFFFF76BFF94F84450114EC1
:1043D0006DB2002D12DCFF2384F84430BDE8F840B4
:1043E000FFF7D4BF636A002BE7D0206B00F0F8FD25
:1043F00008B1C6F8A87C013D6DB2DCE72369002B4B
:10440000E9D0E06900F0ECFD08B1C6F8A87C013DF8
:104410006DB2DEE7AC5E00202DE9F84FFFF740FFFC
:10442000444B1A681A68013A1A601B682BB10024C1
:10443000FFF7ACFF2046BDE8F88F3F4A1268002A1C
:10444000F5D03E4C184614254FF0010C3C493D4F29
:1044500004F1200650E0CB68DB68D3F828E0D3E90C
:104460000728C2F80880C8F80420DEF8042003F109
:1044700018094A45DEF8002008BFCEF80480013A4A
:104480009862CEF80020D3F814E0D3E90229C2F8EC
:104490000890C9F80420DEF8042003F1040842451E
:1044A000DEF8002008BFCEF80490013ACEF80020D4
:1044B000D3F82CE0E269964505FB0EF204EB020905
:1044C000D9F824A03244DAF808B0C3F808A0C3F839
:1044D0000CB0CBF80480CAF808805A61D9F82020C3
:1044E00088BFC4F81CE00132C9F820203A68D26ABB
:1044F000964501D9C4F8A8CC0A68002AABD10BB103
:10450000FFF7E4FDD4F8AC5C4DB10126FFF7F0FDF8
:1045100008B1C4F8A86C013DF8D1C4F8AC5CD4F87B
:10452000A83C002B83D0074B01241B6800F031FF0F
:104530007EE700BF74500020B0200020AC5E002059
:104540002C5000205C0C0020F8B504460D46FFF707
:10455000A7FEDFF864C0164BDCF800101E68626826
:1045600096F85E6046B100221B6883F85E20012445
:10457000FFF70CFF2046F8BD2B68581C16D00D4ED7
:104580002068D6F8B07CB84204D08A4202D8002312
:104590002B60ECE78F1ABB42F9D95B1A13442B60EE
:1045A000D6F8B03C2360DCF8003063600024DFE71D
:1045B0005C0C0020AC5E0020945E00202DE9FF47DB
:1045C000002704461E4601920D46FFF7E1FCB8465F
:1045D000DFF8CC90DFF8CCA0FFF762FEA26BE36BB4
:1045E0009A4212D2324629462046FFF7B1FB636A4F
:1045F00013B1206B00F0F4FC08B100F0CAFEFFF725
:10460000C5FE012004B0BDE8F087019B1BB9FFF790
:10461000BDFE0020F6E72FB9D9F8B03C0293DAF8D6
:1046200000300393FFF7B2FEFFF764FCFFF738FE9C
:1046300094F84430FF2B08BF84F8448094F8453048
:10464000FF2B08BF84F84580FFF7A0FE01A902A850
:10465000FFF77AFFF0B9FFF723FEA26BE36B9A42F4
:104660000FD1FFF793FE019904F11000FFF71EFD33
:104670002046FFF797FEFFF7CFFE48B900F089FE0E
:1046800006E0FFF783FE2046FFF78CFEFFF7C4FE2F
:104690000127A1E72046FFF785FEFFF7BDFEB8E73B
:1046A000AC5E0020945E00202DE9F04F4FF0000931
:1046B00085B0044601914D46FFF76AFC4E468A4F8D
:1046C000DFF82C82FFF7ECFDA36BC3B1013BA363C2
:1046D000236833B9854B1B6813B1DA6C0132DA6495
:1046E000A36023692BB1E06900F07AFC08B100F007
:1046F00050FEFFF74BFE012005B0BDE8F08F019B97
:104700001BB9FFF743FE0020F6E72DB9D7F8B03C00
:104710000293D8F800300393FFF738FEFFF7EAFB67
:10472000FFF7BEFD94F84430FF2B08BF84F84460C7
:1047300094F84530FF2B08BF84F84560FFF726FE4C
:1047400001A902A8FFF700FF05462046002D76D1FB
:1047500000F076FE00286CD02368002B4AD1FFF7CA
:104760009FFDD4F80890B9F1000F40D0DFF87CA18C
:10477000D9F82C20DAF80030DB6A9A424FD2D9F807
:104780001830594D002BA8BFDAF8003005F1200B86
:10479000A2BFDB6AC3F13803C9F81830142303FB46
:1047A00002B2D9F81430934233D109F104000090D9
:1047B00000F044FFDAF800300098DA6AEB69C9F8D3
:1047C0002C209A424FF0140388BFEA615A43AB1879
:1047D000596A5A448D68C9F80810C9F80C506860C5
:1047E0008860C9F814201A6A01321A620125FFF79D
:1047F000CDFDA946019904F12400FFF757FC20469E
:10480000FFF7D0FDFFF708FE08B900F0C2FD012553
:1048100058E7DAF80030DB6AC9F82C30E6E7DAF856
:104820000030D9F84850DB6A9D422CBF0025012595
:10483000DDE72046FFF7B6FDFFF7EEFDE7E7FFF700
:10484000B1FDFFF7E9FD204600F0FAFD0028DED0BB
:10485000B9F1000F3FF457AFFFF722FD636A1BB1B8
:10486000236B1B68C3F13803A568002D3FF449AFE3
:10487000AA6C934238BF13461C46EB6A9C423FF435
:1048800040AFEA6C012A7FF43CAF184A164E12681A
:10489000AA6906F12007002AA4BFC4F13802AA6160
:1048A000142202FB03736A69EC629A427FF429AF17
:1048B00005F10408404600F0C1FEF3699C424FF048
:1048C000140388BFF4615C4333195A6A2744916822
:1048D000AA60E960C1F80480C2F808801A6A6F61B2
:1048E00001321A620DE700BFAC5E00205C0C0020B4
:1048F000945E002038B50D4D0D4A2B681168126882
:1049000003449A4204460CD10A4B013C1B68FFF752
:10491000C7FC094AD2F8AC3C0133C2F8AC3CFFF703
:1049200035FD2B6823442B6038BD00BF945E00200A
:10493000905E002074500020AC5E0020F8B5044664
:10494000FFF7AEFC2F4B304D1A68304E01321A6023
:10495000296800294AD12C601B68012B1DD13046E3
:10496000013100F0A5FC382900F11400F8D12849E4
:10497000084601F1140700F09BFC384600F098FC53
:10498000244800F095FC244800F092FC234800F0F5
:104990008FFC234B1960234B1F60234A201D136893
:1049A000013323641360214BE26AD9698A424FF0D4
:1049B000140188BFDA614A431344596A16448F6868
:1049C0001A6AA160E76001327860886066611A62E5
:1049D000FFF7DCFC164B1B689BB12B68DA6AE36AB5
:1049E0009A420ED2BDE8F84000F0D3BC104B1A68D2
:1049F000E36A002AD1D12A68D26A9A4298BF2C6011
:104A0000CBE7F8BDB02000205C0C0020CC5E00207D
:104A10006C6B00202C50002054500020405000208F
:104A2000245000202850002068500020AC5E002058
:104A30006C50002073B5134CFFF732FC2568DDB9CC
:104A4000114901F6E846304600F032FC01F6FC4020
:104A500000F02EFCC1F88004C1F8846401F55163B4
:104A600001F5566208201021009500F02CFC206012
:104A700010B10649FFF708FA02B0BDE87040FFF731
:104A800085BC00BFAC5B0020AC5E0020F066030874
:104A90008FB5714EDFF8C881D6F88434D6F8EC1D96
:104AA0001F68DFF8C091002F48D1FFF723FAD8F82C
:104AB00000508D4251D3D6F88034C6F8EC5D1B68A7
:104AC000B3FA83FA4FEA5A1AD9F80040FFF7E8FB25
:104AD00094F84430FF2B04BF002384F8443094F84A
:104AE0004530FF2B04BF002384F84530FFF74EFC10
:104AF000A36BD3B9594BA26A19689068CA61196847
:104B0000086219681831416019681B681831916092
:104B100004F124029A62636A01336362BAF1000FFE
:104B20004ED1781B5146FFF773FA2046FFF73AFC47
:104B3000FFF772FCB8B900F02CFC14E0DB681F68CA
:104B4000FFF7D8F9D8F800508D4206D3BD42C6F819
:104B5000EC5D2ED24FF0000AB6E7FFF77FF9C6F8FA
:104B6000EC5DFFF759FC102200216846FDF778FA4A
:104B70006946D9F8000000F00FFD00288CD0009F96
:104B8000029C002F1FDB636913BBD8F80050D6F8D6
:104B9000EC3DAB4201D9FFF761F9013FC6F8EC5D8E
:104BA000082FE5D8DFE807F018183A415018183AEE
:104BB0004100FFF731FC29463846FFF72FF9D2E7CD
:104BC0004FF0FF30AEE720460399019B9847CFE7AF
:104BD000201D00F033FDD8E794F82830A76943F092
:104BE000010384F82830019B2A461F443946204699
:104BF000FFF756F80028BBD094F82830590708D59D
:104C00002A463946204600F041FB2046236A984751
:104C1000AEE723F0010384F82830F6E794F8283053
:104C200023F0010384F82830A2E794F82830019992
:104C300043F0010384F82830A1612B462A46204620
:104C40002944FFF72DF893E794F828309A07E7D422
:104C5000204600F067FC8BE7AC5E00205C0C002077
:104C6000945E0020AC5B002083B5404E404F414C29
:104C70003368002B66D1404B1B6A012B01D900F031
:104C800088FB3E4CF0F7E1F894F834303BB3012157
:104C90002046E2F738FF2046E2F730FBA369D4F85C
:104CA0003080C518E06BF3F7D1F9A84517D294F816
:104CB0003430A3B102212046E2F725FF2046E2F777
:104CC0001DFBA369256B1844854205D201222046AD
:104CD0000DF10701E3F712FBE06BF3F7B7F9FEF70D
:104CE000C1FF0128C3D9FFF705F9254B1B68254BE8
:104CF0001B68FEF7B7FF0128044620D94FF00108D2
:104D0000214D05F2FC5085F81C86FEF7A1FD2046DA
:104D1000DFF70CFD2046D8F7D5FD1C4B1C600024A6
:104D20001B4B1C60FEF7C2FDF3F7AAFC05F2FC501A
:104D300085F81C46FEF78CFD4046DFF7F7FCFFF7D1
:104D40006BFB94E7FFF7ACFAFB68DD68281D00F009
:104D500075FC2368013B23603368013B3360FFF738
:104D600015FB284600F0E9FB82E700BF70500020E9
:104D700054500020B0200020AC5E0020A80B002082
:104D8000905E0020945E00209C800020AC580020A3
:104D9000A858002070B50446002842D0FFF708F953
:104DA000022822D1EFF31083DB070ED4EFF3118337
:104DB0002F2B0AD8256E25F0010405F0010600F01E
:104DC000BDFA38B16FF005001EE02046BDE8704026
:104DD000FEF7E8B9012D21D9D6B1134BA2681B68A3
:104DE0009A4204D1E3680133E36000200CE04FF005
:104DF000FF312046FFF758FC20B1E3680133E36040
:104E00000128F2D06FF00100003818BF012070BDFA
:104E10004FF0FF312046FFF747FCF1E76FF003004A
:104E2000F2E70120F3E700BF5C0C00202DE9F04120
:104E30000E46089D94002246A5210746286B9846F9
:104E4000FDF70EF9296B221F0A4422F007026EB10A
:104E5000731E05F13300093613F8014F00F8014FB6
:104E60000CB1B342F8D1002385F83D30069B0020F9
:104E7000372B28BF3723EB62AB64C3F13803AB6138
:104E80004FF080736861A8622D616D6242E9027320
:104E9000194B4FF0123042F80C3C4FF003334FF0F7
:104EA000023442E905304FF001334FF0113642E948
:104EB00007344FF010334FF0093742E90A364FF00C
:104EC00008334FF0073C42E90C374FF0063342F805
:104ED000208C42E90E3C4FF005384FF0043342E994
:104EE00010386FF0020342F8443C079B42F8481D1B
:104EF0002A601D60BDE8F08105E200081FB5094B7E
:104F00001C6864B1CDE900120290FFF741F800235C
:104F100069461A462046FFF751FB04B010BD2046F3
:104F2000FBE700BFAC5B002070B504460D46FFF701
:104F3000B7F9022394F85C2084F85C30A36D012A51
:104F400043EA0503A36503D0BDE87040FFF71EBA2E
:104F50006369D4E902128A6051605968201D814258
:104F600008BF5A601A68013A1A60104AE36A116869
:104F70008B424FF0140188BF13604B430C4AD51885
:104F800069688E68A160E66070608860D15865616C
:104F90000131D150FFF79AF8064B1B68DA6AE36AD1
:104FA0009A42D1D200F0F5F9CEE700BFC85E0020EA
:104FB000CC5E00205C0C002038B50D46044608B9D4
:104FC000064B1C68FFF76CF9A36DA36D23EA05037C
:104FD000A365BDE83840FFF7D9B900BF5C0C0020DD
:104FE00070B5C468A36AD4E9071258688A60516032
:104FF00004F11801884208BF5A600022A2621A68B0
:10500000013A1A601F4B1B68002B2ED1D4E9021203
:1050100063698A6051605968201D814208BF5A60E7
:105020001A68013A1A60184AE36A11688B424FF015
:10503000140188BF13604B43144AD51869688E6801
:10504000A160E66070608860D15865610131D1501F
:10505000FFF73CF80E4BE26A1B68DB6A9A4285BF99
:1050600001200C4B0020186070BD0B4B5A689068F3
:10507000E2612062416091601A68A36201321A60A5
:10508000E8E700BF74500020C85E0020CC5E00201E
:105090005C0C0020546B00202C500020036813F49B
:1050A000E07FC3F382120BD0012A08D1054A012107
:1050B00003F03F0302F5805201FA03F313607047D7
:1050C000014AF4E7688000506480005070B50D46D6
:1050D00019469DF81030044603710023C0E90323EC
:1050E0008360BDF814300160C3800E4B1B6A2B44F3
:1050F000836125B9456102B19047002070BDEFF38F
:10510000108672B6FEF7E2FA29462046FEF70CFB3F
:10511000054B1B689C4201D1FEF748FB304600F06E
:1051200076F8EAE700400650A44F0020F8B50446A0
:105130000E461546D9F758F800F04CF9022394F8BA
:105140005C2084F85C30A36D012A43EA0603A36562
:1051500003D0BDE8F84000F048B9214BE16A1B6874
:10516000002B2FD1D4E902626369B26056605E6899
:10517000271DBE4208BF5A601A68013A1A60194BCF
:105180001A68914288BF196014234B43164A02EBF8
:10519000030CDCF80460D6F808E0A660C4F80CE064
:1051A000CEF80470B760C4F814C0D4580134D45099
:1051B0000E4B1B68DB6A9942CBD901230C4A2B604A
:1051C0001360C6E70B4B04F118065A689768E26152
:1051D00027627E6096601A68A36201321A60E7E770
:1051E00074500020C85E0020CC5E00205C0C0020C3
:1051F000546B00202C50002080F31188BFF36F8F78
:105200007047EFF31180302383F31188704710B992
:1052100062B6BFF36F8F7047EFF3108072B67047BE
:1052200008B528220021FCF71BFF002008BD036AF7
:10523000042B9FBF00EB83020133D16003627047F0
:10524000836813B9816070475B685A68012AFBD193
:105250005960704710B962B6BFF36F8F704730B5B1
:105260000C68631C0AD103695A684A6091608B60BC
:105270005960036808610133036030BD00F1080222
:10528000134652681568A542FAD9EDE770B50B468A
:1052900004461646A56932461D4429462046FEF7B7
:1052A000FFFC00B970BD236A204698472B46F1E702
:1052B0004FF0FF3200F10803C0E9022343600361AD
:1052C00000230360704737B50D461C4693B1A2B169
:1052D000D1B150230193019B019B0121C4E90F052A
:1052E00084F846102046226000F075F99DF81830C9
:1052F00084F84C30204603B030BD39B950230193B7
:10530000019B2246019BE8E70C46F3E71446F1E7D0
:1053100003461A6C084610B46AB1DC6899681444F4
:105320008C4228BF1968DC6028BFD960D9685DF855
:10533000044BFDF7C3BD5DF8044B704708B5EFF3B0
:10534000058212B10122104608BDFEF721FE012898
:10535000F9D0EFF31083002BF4D1EFF31182003A70
:1053600018BF0122EFE708B5FFF7E8FF014640B993
:10537000FEF70EFE40B1022808D1FEF7BBFD08463D
:1053800008BD6FF00500FBE70120F9E74FF0FF30A3
:10539000F6E74FF0E0234FF08052C3F8042DBFF33F
:1053A0004F8FBFF36F8F7047836913F8023C662BF2
:1053B0000FD14FF0E023D3F8882D42F47002C3F8E8
:1053C000882DD3F8342F42F04042C3F8342FFEF733
:1053D00041BF7047EFF311804FF0100181F3118846
:1053E000BFF34F8FBFF36F8F704780F31188BFF308
:1053F0004F8FBFF36F8F704710B5FEF7C9FD0128BF
:1054000010D0FFF7E7FF0446FEF772FE28B14FF019
:10541000E0234FF08052C3F8042D2046BDE8104031
:10542000FFF7E3BF10BD38B504460D46FEF738FF61
:10543000236823EA05032360BDE83840FEF7A6BFD2
:1054400010B50446FEF72CFFA46BFEF79FFFB4FADD
:1054500084F0400910BD10B50446FFF76FFFB0B9E6
:10546000FEF796FD30F0020314D1012C03D1FEF7B4
:1054700041FD204610BD6CB9FEF7CEFF0128F8D0E3
:10548000FEF786FD841E18BF4FF0FF34F1E76FF082
:105490000504EEE74FF0FF34EBE738B100231A467E
:1054A000194683600360C360FFF788B870472DE931
:1054B000F043174660220E46002187B005929846B9
:1054C000DDE90F94059B0546059B0491C4B1B9F134
:1054D000000F15D02046FCF7C3FD022384F85D3091
:1054E00004ABC4F8309001930E9B284600933A46D3
:1054F000434631460294FFF799FC2046FFF71EFA17
:10550000049807B0BDE8F08313B5FEF7F3FC002361
:1055100001A90193EFF732FD019CFEF77DFF2046C4
:1055200002B010BD08B538B1FEF7E4FCD2F7E6F8DA
:10553000BDE80840FEF770BF08BD10B590F85D30BB
:1055400004463BB9006BFFF7EDFF2046BDE8104075
:10555000FFF7E8BF012BF9D010BD70B504460E4629
:10556000FEF716FDFEF79CFEA56B8DB13146204679
:10557000E568FFF7CDFE636AE5602BB1206BFFF7AE
:105580002FFD08B1FFF705FFFEF700FF012070BDFA
:10559000FEF7FCFE2846FAE770B505460E46FEF714
:1055A000F7FCFEF77DFEAC6B8CB131462846FFF769
:1055B000AFFE2B69013CAC632BB1E869FFF710FD2E
:1055C00008B1FFF7E6FEFEF7E1FE012070BDFEF731
:1055D000DDFE2046FAE770B50E46044668B3C56B9B
:1055E0005DB3036CA3FB05353DBBFEF759FED4E963
:1055F0000F314B432268A563D0185B1A62601A44CE
:10560000FF23A06084F84430E26084F845305EB93E
:1056100023692BB1E069FFF7E3FC08B1FFF7B9FE9E
:10562000BDE87040FEF7B2BE04F11000FFF740FE87
:1056300004F12400FFF73CFEF2E770BD0369D0E9F6
:1056400001128A6051605968884208BF5A6000227E
:1056500002611A68013A1A60704702210120F3F7CB
:10566000ADBD0000000000000000000000000000D0
:10567000000000000000000000000000000000002A
:10568000F8B500BFF8BC08BC9E467047F8B500BF2F
:10569000F8BC08BC9E4670475FF800F0D59B002020
:1056A0005FF800F0259C0020415050005A2D5761B2
:1056B00076652000010200000304050602010000D7
:1056C000000001640100000003000000E803000086
:1056D00000000000000000000000000000000000CA
:1056E00000000000000000000000000000000000BA
:1056F00000000000000000000000000000000000AA
:105700000000000000000000000000000000000099
:105710000000000000000000010000000100026421
:1057200002000000020000002C0100000000000048
:105730002C0100000000000000000000000000003C
:105740000000000000000000000000000000000059
:105750000000000000000000000000000000000049
:105760000000000000000000000000000000000039
:1057700000000000020000000200026402000000BD
:10578000010000002C010000000000002C010000BE
:105790000000000000000000000000000000000009
:1057A00000000000000000000000000000000000F9
:1057B00000000000000000000000000000000000E9
:1057C00000000000000000000000000000000000D9
:1057D0000200000003001464080000000100000043
:1057E000F401000008000000F401000005000000C2
:1057F000F401000002000000F401000003000000BA
:10580000F40100000A000000F4010000090000009B
:10581000F401000004000000F4010000000000009A
:105820000000000000000000000000000100000077
:105830000400146406000000040000008813000047
:1058400000000000C800000001000000C8000000C7
:1058500000000000C800000001000000C8000000B7
:1058600000000000C8000000000000000000000070
:105870000000000000000000000000000000000028
:1058800000000000000000000100000005000364AB
:105890000200000004000000F40100000500000008
:1058A000F401000000000000000000000000000003
:1058B00000000000000000000000000000000000E8
:1058C00000000000000000000000000000000000D8
:1058D00000000000000000000000000000000000C8
:1058E0000000000000000000060003640200000049
:1058F000030000002C010000000000002C0100004B
:105900000000000000000000000000000000000097
:105910000000000000000000000000000000000087
:105920000000000000000000000000000000000077
:105930000000000000000000000000000000000067
:1059400000000000070003640100000001000000E7
:10595000C80000000000000000000000000000007F
:105960000000000000000000000000000000000037
:105970000000000000000000000000000000000027
:105980000000000000000000000000000000000017
:105990000000000000000000000000000000000007
:1059A000080003640200000005000000F40100008C
:1059B00000000000F40100000000000000000000F2
:1059C00000000000000000000000000000000000D7
:1059D00000000000000000000000000000000000C7
:1059E00000000000000000000000000000000000B7
:1059F0000000000000000000030000000900036434
:105A00000100000001000000C800000000000000CC
:105A10000000000000000000000000000000000086
:105A20000000000000000000000000000000000076
:105A30000000000000000000000000000000000066
:105A40000000000000000000000000000000000056
:105A500000000000000000000A00036401000000D4
:105A600001000000C800000000000000000000006D
:105A70000000000000000000000000000000000026
:105A80000000000000000000000000000000000016
:105A90000000000000000000000000000000000006
:105AA00000000000000000000000000000000000F6
:105AB000000000000B00036402000000080000006A
:105AC0002C010000000000002C010000000000007C
:105AD00000000000000000000000000000000000C6
:105AE00000000000000000000000000000000000B6
:105AF00000000000000000000000000000000000A6
:105B00000000000000000000000000000000000095
:105B10000C00036402000000090000002C010000DA
:105B2000000000002C010000000000000000000048
:105B30000000000000000000000000000000000065
:105B40000000000000000000000000000000000055
:105B50000000000000000000000000000000000045
:105B60000000000000000000000000000D00C864FC
:105B70000300000001000000F4010000020000002A
:105B8000F401000004000000F40100000000000027
:105B90000000000000000000000000000000000005
:105BA00000000000000000000000000000000000F5
:105BB00000000000000000000000000000000000E5
:105BC00000000000010000000001080502030A09AE
:105BD00004640A141E28324B6400000020010100F6
:105BE000C85E0308AC5E03081B0000002002010031
:105BF000A85E03088C5E03081B000000020203007D
:105C0000000003FF0F0000007D6D00082F6E0008EC
:105C100085980008F7B20008C56E0008030004006C
:105C2000000200000400000000000000000000006E
:105C300032000000E8030000F401000090010000C1
:105C40000000050000040000FFFFFFFFC96F01080E
:105C50000102000000040000FFFFFFFFD96F0108F0
:105C60000203000000040000FFFFFFFF856601083B
:105C7000000002000000000000000000BA04000064
:105C80000000000000000200000000000000000012
:105C9000BA0400000000000004040404040400012D
:105CA00002030000000901F0345E0308000901F05E
:105CB000E85D0308000901F09C5D0308000901F09C
:105CC000505D030800000000000000001A00000002
:105CD0001C000000845E0308805E0308D89D00203D
:105CE000CA9D00206D980108855C01085DA201082D
:105CF000A95C010851600108B96201081D980108FA
:105D000013B779FAC925DDB7ADF3CFE0F1B614B812
:105D10000102000000000000000000008000000000
:105D20000014080000000000006335370000000088
:105D300049440600111100030000000000000000AB
:105D40000000000000000000000000000000000053
:105D5000CEFF84FEFF00CEFF0A000000F000940793
:105D60007D240500D300C8084A720500BA00DB078D
:105D7000482C0500A6004F07B4FD040094007506EA
:105D8000A9AC04008500F405017804007600C00485
:105D9000A6EE03004F00A5015B2702001E0084FE53
:105DA000FF001E000A000000F0001F0845CA0200A4
:105DB000D400220AB0AD0200BA00380925B20200B0
:105DC000A500960703AA020090009F06609B0200B0
:105DD0008100E1051E8902007300430598740200EA
:105DE0004B005A011E7B01006E00A2FEFF006E00F8
:105DF0001E000000F000C40B7391FEFF88004606F1
:105E0000813600005B00C30357AF00003C00700206
:105E10002CC500002A00B6012DBC00001D001F018A
:105E200051A200001400B800838400000C003A0066
:105E30009648000096001AFFFF0096001E00000022
:105E4000F000671427ADF7FF530087041126FFFF0A
:105E50002E001902C2FBFFFF1E005001A9280000FE
:105E60001400D0008C3600000D0085003C35000089
:105E700009005A004D2F0000050022006F1E00008F
:105E80000300000000000000000000004261736990
:105E9000632053657420666F7220446F75626C6571
:105EA0002050726573730000200100004261736925
:105EB000632053657420666F722053696E676C654A
:105EC0002050726573730000200100000080000004
:105ED000609D0020A80B0020000000002D535441BD
:105EE000544520554E4B4E4F574E2D002D4556458F
:105EF0004E5420554E4B4E4F574E2D004C69666503
:105F00006C696E650049444C4500546D72205376AF
:105F1000630000004C4544206C69676874206D6F15
:105F20006465000053657420746865204C45442006
:105F30004C69676874204D6F64652E00496E766504
:105F40007274205377697463680000005265766547
:105F5000727365207468652064656661756C742071
:105F60004F4E2F4F464620506164646C6520737716
:105F7000697463682E00000053656C656374203398
:105F80002D5761792054797065000000436F6E666B
:105F90006967757265207374616E64617264203321
:105FA0002D576179206F72204164642D4F6E20530C
:105FB00077697463682E0000537769746368204DB5
:105FC0006F64650053657420636F6E74726F6C202C
:105FD0006D6F64653A20303D2044696D206D6F64BB
:105FE000652C313D20537769746368206D6F64655B
:105FF0002E000000416C7465726E617465204578F6
:10600000636C7573696F6E00416C7465726E617458
:106010006976652077617920746F20706572666F8C
:10602000726D204578636C7573696F6E2E00000089
:106030004D696E696D756D2044696D205468726597
:1060400073686F6C640000004D696E696D756D203A
:1060500044696D205468726573686F6C642E00002B
:106060004D6178696D756D204272696768746E65FF
:106070007373205468726573686F6C64000000006D
:106080004D6178696D756D204272696768746E65DF
:106090007373205468726573686F6C642E0000001F
:1060A0005374617274696E67204272696768746EB6
:1060B000657373204C6576656C00000044696D6DF6
:1060C00065722077696C6C207475726E204F4E205B
:1060D000746F2074686973206C6576656C2E00009F
:1060E0004C4544206C6967687420636F6C6F720064
:1060F00053657420746865204C4544204C6967687A
:106100007420436F6C6F722E000000004C454420D9
:106110006C6967687420696E74656E736974790060
:1061200053657420746865204C4544204C69676849
:106130007420496E74656E736974792E00000000D6
:106140004775696465206C69676874206D6F646564
:1061500020696E74656E73697479000053657420EC
:10616000746865204775696465206C696768742088
:106170004D6F646520496E74656E736974792E0085
:10618000526573657420466163746F72792044654B
:106190006661756C740000005265736574205377F6
:1061A0006974636820746F20466163746F7279202C
:1061B00044656661756C74732E00000046575F4538
:1061C00056454E545F5245515F4745545F524543D3
:1061D00045495645445F56414C49440046575F4542
:1061E00056454E545F5245515F4745545F524543B3
:1061F00045495645445F494E56414C4944000000CC
:1062000046575F4556454E545F5245515F52455083
:106210004F52545F474F545F41434B0046575F45D1
:1062200056454E545F5245515F5245504F52545F50
:106230004E4F5F41434B000046575F4556454E5415
:106240005F4D41585F524554524945535F52454155
:10625000434845440000000046575F4556454E54AC
:106260005F5245504F52545F52454345495645444D
:106270005F56414C4944000046575F4556454E54D1
:106280005F5245504F52545F52454345495645442D
:106290005F494E56414C49440000000046575F4557
:1062A00056454E545F5245504F52545F52454345F8
:1062B000495645445F4241544348000046575F45B4
:1062C00056454E545F5245504F52545F52454345D8
:1062D000495645445F4C41535400000046575F45C2
:1062E00056454E545F5245504F52545F52454345B8
:1062F000495645445F4C4153545F494E56414C49C1
:106300004400000046575F4556454E545F44454C97
:1063100041595F46575F494E5354414C4C00000071
:1063200046575F4556454E545F53544152545F465D
:10633000575F494E5354414C4C00000046575F5341
:10634000544154455F49444C4500000046575F5353
:10635000544154455F5245414459000046575F53EC
:10636000544154455F41574149545F5245504F5243
:106370005400000046575F53544154455F41415714
:106380004149545F54494D454F555400DC5B030867
:1063900002000000000A0000E57001080300000090
:1063A000000000005970000801000000000100001A
:1063B0005970000800000000000B0000D96D0008B3
:1063C00000000000030B0000D96D00080000000071
:1063D00001020000A1740008020000000103000097
:1063E000E57001080000000002060000A17400082A
:1063F0000200000002050000E57001080200000034
:1064000002040000F5AA00080000000002070000D6
:10641000A1740008020000000208000001AB00089F
:106420000000000002090000F5AA000800000000BA
:10643000010410000C000000106503083C63030811
:106440004C6303085C63030874630308BC610308BE
:10645000DC610308006203081C6203083862030859
:1064600058620308786203089C620308BC62030850
:10647000DC62030804630308206303080B0E0014A6
:10648000FF000201000201020A02640265026602C4
:106490000B006E026F0070010C01780279027A0124
:1064A00002021402C802C902CA021502D202D302B1
:1064B000D4011601DC02DD02DE0100001D00000037
:1064C0001E0000001600000000989E4800AA4D47DC
:1064D0000058984600989E4800485546006EBE47B2
:1064E00000989E48006EBE4700485546006EBE4864
:1064F0000058184700D03647006EBE48005818476D
:1065000000D03647006EBE480058184700D03647C6
:106510000300040064000000145F0308245F030804
:106520000000000003000000010100000000000066
:1065300000000000000000000400050065000000ED
:106540003C5F03084C5F03080000000001000000EE
:106550000101000000000000000000000000000039
:106560000500100066000000785F03088C5F0308D8
:106570000000000001000000010100000000000018
:106580000000000000000000100013006700000081
:10659000B85F0308C45F03080000000001000000AA
:1065A00001010000000000000000000000000000E9
:1065B00013001E0068000000F45F03080860030871
:1065C00000000000010000000101000000000000C8
:1065D00000000000000000001E001F006900000015
:1065E00030600308486003080100000063000000F9
:1065F0000101000001000000000000000000000098
:106600001F0020006A00000060600308806003082B
:1066100001000000630000000101000063000000B1
:106620000000000000000000200022006B000000BD
:10663000A0600308BC6003080000000063000000C5
:106640000101000000000000000000000000000048
:10665000220023006C000000E0600308F0600308E3
:10666000010000000800000001010000050000001A
:106670000000000000000000230024006D00000066
:106680000C610308206103080100000007000000FE
:1066900001010000040000000000000000000000F4
:1066A000240054006E000000406103085C61030890
:1066B00001000000070000000101000004000000CC
:1066C0000000000000000000540000006F00000007
:1066D00080610308986103080000000001000000C9
:1066E00001010000000000000000000000000000A8
:1066F000546D72510000000000000064000000644E
:1067000000000064646464643C00006464640064C9
:10671000641E00320064500A14141400001C20305F
:10672000401C2000001C2030400005030401FAFE3C
:1067300002060A0D10131517191A1B1C1D1E000046
:10674000010201550AF000000000000000000000F6
:106750000201015514F000000000000000000000DC
:106760000300025528F000000000000000000000B7
:1067700003030200285E000000000000000000008B
:1067800003040200285E000000000000000000007A
:10679000550000000201005514F03A00000000000E
:1067A000000000000201005514F0E60000000000A7
:1067B0000000000003030000085E6E0000000000FF
:1067C0000000000003040000085E6E0000000000EE
:1067D00000000000505341004B45590025D00008EF
:1067E00063D000087DDD0008E9D10008F1CF000882
:1067F00011DE000865DE0008B5DF000821E00008B2
:10680000B9DE00080DDF000861DF00088DE0000838
:10681000FDE00008AFFB00080DFC00080300025576
:1068200018F0000000000000000000000300005508
:1068300008F0690000000000000000000B000000EC
:106840000000000002020202C8000000C8000000B0
:10685000C8000000E8030000000000000000000085
:10686000000000000300000000000000020202021D
:10687000C8000000C8000000C8000000E8030000D5
:10688000000000000000000000000000EDD1010841
:1068900000000000020000000500000003000000EE
:1068A0000A000000040000001E00000010000000AC
:1068B0004000000011000000010000001400000072
:1068C000200000000202010102071801000300007D
:1068D000BDF1000859DA000839DB00088DF2000824
:1068E00079DA00087FDA00085FCF000839B80108BC
:1068F000D96B0208E13F010891F50008CDF00008CE
:1069000039E40008FDD9000811DA000885DA00082A
:10691000B5E60108010205066B38010837380108A1
:1069200009380108CDCC0008513801086D3801083C
:10693000CDCC0008CDCC00086DE1000887E100084F
:10694000CDCC0008CDCC0008C3380108DD380108E3
:10695000F7380108CDCC00088F380108A9380108A4
:10696000CDCC0008CDCC00080201010101010000DE
:10697000000000000000CFFFA000000000000000A9
:1069800001180706848100200000000033333333F0
:106990003333333333333333333333330001262745
:1069A000282308220044656C6179656420504B54AB
:1069B0002054696D65720000737461727420726591
:1069C000636569766500000073656E645F66697271
:1069D00073745F66726167006B6565702073656EC6
:1069E00064696E670000000073656E645F737562B2
:1069F0007365715F667261670000000073656E64A5
:106A00000000000070726F63657373206E657720FD
:106A10006672616D000000006469736361726420D6
:106A200074686520667261676D656E7400000000B1
:106A300073656E645F667261675F776169745F63D7
:106A40006D64000073656E6420667261675F7761D4
:106A50006974000066696E645F6D697373696E675F
:106A600000000000646973636172645F616C6C5F55
:106A700072656365697665645F667261676D656E90
:106A80007473000064726F705F667261676D656E2B
:106A9000740000006469736361726420616C6C202F
:106AA000667261676D656E747300000070726F636B
:106AB0006573732072656365697665640000000024
:106AC00073656E645F667261675F7265715F636D47
:106AD0006400000073656E645F667261675F636F78
:106AE0006D706C6574655F636D64000077616974D7
:106AF0005F726573746172745F66726F6D5F6669F1
:106B00007273740073656E645F6C6173745F667238
:106B10006167000073656E64206661696C757265FB
:106B200020746F206170706C69636174696F6E00AE
:106B30007265706C795F667261675F726571000083
:106B400077616974000000007265636569766500AD
:106B50000000000000000000000000000000000134
:106B60000C0D0E10121315191A1F202425040506EA
:106B700007090A0B0F1114000000000000000100BB
:106B8000B869030800170600C86903080018060062
:106B9000D869030806180600E8690308011806000A
:106BA000FC69030808180600FC69030801010100DC
:106BB000046A030801150000186A030801020400B2
:106BC000306A0308010B0400306A0308060B040056
:106BD000306A0308080B0400306A0308010D000046
:106BE000186A0308010E0400446A0308011000003B
:106BF000186A0308010F0000186A03080405010061
:106C00000000000004060600000000000407080061
:106C10000000000002050000000000000305010064
:106C20000000000001080500546A03080008000085
:106C3000646A0308010C0100846A0308011205005C
:106C4000546A03080803020000000000012200004B
:106C500000000000081608000000000008080000FE
:106C6000946A030801160100AC6A030806160100C5
:106C7000AC6A030805090300C06A0308050A00009E
:106C80000000000005030200D46A030805040000A8
:106C900000000000061B0600EC6A0308011B06004A
:106CA000EC6A0308061C0700046B0308061D0700B6
:106CB000046B03080705080000000000081E070019
:106CC000046B030808200000146B0308081F000071
:106CD000000000000821000000000000081106006C
:106CE000306B030801110600306B03080822000016
:106CF0000000000006190600306B0308061E0000A5
:106D0000406B030806200000406B0308061A0800C9
:106D10000000000006140100486B0308071401007E
:106D2000486B0308081B0600000000000724000051
:106D30000000000008140100486B03080100020174
:106D4000040200000000000000000000000000003D
:106D50009840980701020408100000000102050194
:106D600001000E02060101000400070401000302F5
:106D700000000100090211000400060008050400DB
:106D800008020314040004000014050008010908A7
:106D900005000802031405000400001405000600A5
:106DA0000014080002020A0A080003020100080099
:106DB0000400001408000600001408000801001474
:106DC0000A000D02000A0A000C02000A0A0008026A
:106DD0000B0A0A0005010C0E0A00040000140A0048
:106DE000060000140A00080100140E000A000D112C
:106DF0000E00080204140E00040000140E00060029
:106E000000140E00080100140E00050100140E000D
:106E10000F020E1211000C000C0E110008020414D7
:106E200011000400001411000600001411000801F4
:106E3000001411000501001411000A0000141100D3
:106E400005020E1212000802041412000C020F00B8
:106E500012000400001412000600001412000801C1
:106E6000001412000501001412000A0000141200A0
:106E70000502001412000C00001413000C020100A3
:106E800000000902000000001002000014000902C6
:106E9000010014000B02001314000700100014007E
:106EA0000A02010014000402001414000C02001471
:106EB00014000D02010014000E0200141400100250
:106EC00001000200FFFF0602FF000602FF000301AF
:106ED000FF002300FFFF030000001300000002007A
:106EE0000101030000000102040204008000000010
:106EF000B5D00008EDD00008E9D10008E9D10008BC
:106F00001FD1000855D10008C3DD0008E9D10008F1
:106F10008FD10008B7D10008E9D10008E9D10008F5
:106F2000959200201E002626262626262626262680
:106F300026262626262600888888888888888888A5
:106F40008888888888880055555555555555555514
:106F50005555555555550000505341004B45590066
:106F6000040503007410C033E0335C3400340108BE
:106F7000090C000D0E0F0001020310040506071096
:106F80001010101010101010101010101010101001
:106F90001010101010100A0B000000007469030894
:106FA0005873030801000000407103083873030898
:106FB0000200000034710308187303080300000086
:106FC00028710308F8720308040000001C7103080C
:106FD000D8720308050000001071030878720308D6
:106FE00006000000047103089872030807000000FF
:106FF000F87003083872030808000000EC700308FA
:107000001872030809000000E0700308F871030813
:107010000A000000D4700308B87203080B000000D7
:10702000C8700308587203080C000000BC70030805
:10703000D87103080D000000B0700308B871030890
:107040000E000000A4700308987103080F000000F0
:10705000987003087871030802000000006A1800A5
:107060000603040000000603050000000202000001
:1070700000E0060800600000203A00200A0000003E
:107080006C07000000000000E45C0308FAFE020642
:107090000A0D0423000000000300CFFFA000000041
:1070A000000001000200CFFFA0000000000000006F
:1070B0000200CFFFA0000000000000000300CFFF8F
:1070C00080000000000001000100CFFF88133200A3
:1070D000A00F01000100B9FF80000200C8000100FC
:1070E0000200CFFF80000000000000000200CFFF80
:1070F00080000000000000000000CFFF0000000042
:10710000000000000000CFFF0000000000000000B1
:107110000000CFFF00000000000000000000CFFFD3
:1071200000000000000000000000CFFF0000000091
:10713000000000000000CFFF800000000000000001
:107140000000CFFF80000000000000000080FF7FF3
:1071500006010080FF7F0C0220000000459202081B
:1071600010000000BD9102080000000100000101B4
:107170000001010120C001B800987F33801C9E33BC
:10718000FFFFFFFFFFFFFFFFFF7FFF7FFF7FFF7F0F
:10719000030304041105000090DBD83380BBC23325
:1071A000A009C333801C9E33FF7FFF7FFF7FFF7FDB
:1071B000020100031004000090DBD83380BBC2330F
:1071C000A009C33300987F33FF7FFF7FFF7FFF7FDE
:1071D000020100030F04000000045C360016D636DE
:1071E000FFFFFFFFFFFFFFFFFF7FFF7FFF7FFF7FAF
:1071F000030304040E050000000D993680152536A2
:10720000A06325360016D636FF7FFF7FFF7FFF7F06
:10721000020100030D040000000D9936801525368B
:10722000A063253600045C36FF7FFF7FFF7FFF7F72
:10723000020100030C04000080BBC23380BBC233D8
:10724000A009C333FFFFFFFFFF7FFF7FFF7FFF7FAB
:10725000020100040B000000A0D1E336A006F036C6
:1072600060630537FFFFFFFFFF7FFF7FFF7FFF7F2B
:10727000020202040A020000000D9936000D993640
:10728000205B9936FFFFFFFFFF7FFF7FFF7FFF7FC0
:10729000020100040900000040E3CB3340E3CB339C
:1072A0006031CC33FFFFFFFFFF7FFF7FFF7FFF7F5A
:1072B0000201000408000000A03BFC366098113772
:1072C00060373637FFFFFFFFFF7FFF7FFF7FFF7FC6
:1072D000020202040702000080E7913380E7913345
:1072E000A0359233FFFFFFFFFF7FFF7FFF7FFF7F10
:1072F0000201000406000000C008D336C008D336DF
:10730000E056D336FFFFFFFFFF7FFF7FFF7FFF7F4A
:107310000201000404000000C008D336C072EB363E
:10732000E0C0EB36FFFFFFFFFF7FFF7FFF7FFF7FA8
:107330000201000403000000000D99368015253677
:10734000A0632536FFFFFFFFFF7FFF7FFF7FFF7FEB
:10735000020100040200000090DBD83380BBC2337E
:10736000A009C333FFFFFFFFFF7FFF7FFF7FFF7F8A
:107370000201000401000000000D99368015253639
:10738000A0632536FFFFFFFFFF7FFF7FFF7FFF7FAB
:107390000201000400000000FFFFFFFFFFFFFFFFEE
:1073A000FFFFFFFFFFFFFFFF0304040808080808B2
:1073B0006090A31AF26EEF03410821066310420A9F
:1073C000A518630EE720941249A9B518AC39F72225
:1073D00051CA3929D55EAC39BDFB0F0000A801A800
:1073E00002A8000000B801B802B800B060AB030802
:1073F000D8AB030890AB0308A8AB0308C0AB0308E5
:10740000F0AB030878AB030838AC030808AC0308FA
:1074100020AC030803040408080500000000000075
:10742000000000000000000000000000C43B00005D
:10743000C80000008C3C00000C000000703E000002
:1074400000000000CC360000F80400009C3C000066
:1074500004000000783E0000030000001432000029
:10746000B8040000983C000004000000703E0000DA
:107470000800000000000000143200007C3E000004
:10748000000000007C3E00003C0000006B36000065
:107490000000000000200880704710B501000020A7
:1074A0008F4A14680122A240012904D0022909D17F
:1074B000BA49097802E0B9490978090911409142AD
:1074C00000D1012010BDFEB50C00864F797A490726
:1074D000490F072901D1012500E00025824E31889E
:1074E0004022002D00D0802200901000084028D0BB
:1074F000914301910C20002D04D10220FFF7CDFF14
:107500000A30C0B2019A0321114389B2A44AFB7820
:107510000C2B05D00D2B03D00F2B01D0102B02D13B
:107520003B88DBB213601160090A11601060002D06
:1075300001D0307910600098007910600820B149BE
:10754000086021000098FFF7A5FFFEBD80B5664AE0
:107550009279825C182A06D180200004AA4A106021
:107560000020088002BDFFF7AEFF02BD10B55E4AE5
:107570009379C45C012C08D15B1C9371A3484860CB
:10758000DBB25B1C0B80002010BDFFF79CFF10BD21
:1075900038B5554A9379C45CFF2C14D0514D2D88D1
:1075A000AC4201D0042032BD5479042C08D15B1CBC
:1075B000937197484860DBB25B1C0B80002032BDA2
:1075C000FFF781FF32BD0020088032BDF0B5427A5E
:1075D000904B0024904D2D68ED060ED5057A6D0771
:1075E0006D0F032D09D18D480078824201D00A2009
:1075F000F0BD80204005D86228E0057A81262E4023
:10760000812E23D1664D4679360187793F0937436C
:10761000FFB22F608679360107793F093743FFB201
:107620002F6006793601407900093043C0B22860E6
:107630000F202860032028602A607F2028602C60AB
:10764000286008206F4A1060000418600C80002039
:10765000F0BD42791302F02212011A4080790243F0
:107660009248824205D01F480088824201D00420FF
:107670007047A44848600A20088000207047A24A4A
:107680009379C05C92785207520FD040C00701D462
:107690000420704700200880704770B5124A937923
:1076A000C05C104C2488641EE0260640A41B24B253
:1076B000002C08D4C006C00E55796D1C854202DB33
:1076C000E510A84201D2042070BD54805819401C16
:1076D00090718E4A4A60C0B2401C0880002070BD84
:1076E000284000A8E03E0000703E0000F2B582B0E5
:1076F00041680A02120C009208240F27120A0F2573
:107700001540090E0191824E717A4907490F0729E8
:1077100003D1057A0C20092404E00220FFF7BDFE06
:107720000A30C0B20199814201D20620FEBD7649DD
:107730000D71009A0A80019A101A4871621C00208B
:10774000009B1F40012F1ED025D3032F0CD022D227
:1077500033881B0601D10420FEBD8C716D49029B4C
:10776000596002990A80FEBD2B480068C0060AD500
:10777000280004D0307A854201D00A20FEBD802046
:107780004005654B18608C71644802994860029806
:1077900002800020FEBD02990880FEBDE93E000087
:1077A000E40000AA5E4AD368006800BA984201D09B
:1077B0000420704708201268520303D4594A4A60D3
:1077C000088011E0584A106058480068E0225200D2
:1077D000024080204000824202D15548072201E049
:1077E000544809220A804860002070474C490968C3
:1077F000C90302D54B49082201E04F4904224160E8
:10780000028070474C2002A8441002A8CD3200002C
:10781000ED3200001C1002A8480002A8E83E00005B
:1078200070B54478FF23384A8025D5710D88042D22
:107830000AD1630878251D40D5712302F024240164
:107840001C4083781C43194B09884018401E05785A
:10785000334E3068C00213D4308AA04201D0A34214
:107860000CD1B17C55290BD08D4209D0854207D06F
:107870000A2D05D04A2D03D0552D01D00C2070BD06
:10788000D079B075FCF79CFFB17DFE2800D10720B0
:107890000843B075B48229480068000AF07535774E
:1078A00080208003264908600B2070BDFF0F000078
:1078B00080B50078552801D0542811D1214848605E
:1078C0000120088019480068E02252000240802010
:1078D0004000824201D1042000E00320088002E041
:1078E0000800FFF783FF002002BD80B50C4909683E
:1078F000890304D5144941600121018001BDFFF7CE
:1079000075FF01BD4D330000703E0000FF330000E5
:10791000E03E00001B340000481002A811330000B4
:10792000D03E0000153200004C1002A84C4001A8C7
:10793000D33300006D340000253500001CC000A8C2
:107940001C1002A8A135000031360000703E000076
:10795000CD2C0000E52C0000E52C0000E52C0000FB
:10796000E52C0000E52C00000000000000000000F5
:107970000000000000000000E52C0000E52C0000E5
:10798000E52C00001D310000E52C0000FB25000067
:107990000B260000B32600002B270000B5270000AF
:1079A00049290000D5270000DD2900002928000012
:1079B00089280000FD280000412B00000D2C00004C
:1079C000C92500005B2E000019220000792E00005E
:1079D000FD2E0000E52C0000F52F0000C12F000057
:1079E000E52C0000E52C000045300000E52C0000EF
:1079F000E52C0000E52C0000E52C0000E52C000043
:107A0000E52C00001D130000131300005648806889
:107A1000000200D4704780B580208002534908607E
:107A2000CF2000F0C9FA102051490968014003D065
:107A3000B849C8630220086001BDF8B54D48816BA4
:107A40004D4F802292033A604C4E336840241D050E
:107A50000BD41C402AD0012003F085F8002825D043
:107A60008020C0058E49086020E0130BA0250D4042
:107A700002D10068C00601D53B6017E00A403FD143
:107A80008020884A1060884A1060194038D0364DEE
:107A9000287A400705D501208449086000028449FE
:107AA00008602878002801D0062801DB0020F2BDFC
:107AB00000F094FB716889684E682978052907D120
:107AC000E105B9606E60B668CC218901784A116021
:107AD00000F08DFB012E00DA0226BC2080058E49C5
:107AE0000860942080058D4908606E480021C943D4
:107AF0000164714241648021894A11600460D5E7C4
:107B0000A3480360FFF782FF0120F2BD1848016817
:107B1000890504D5C06E0004000F022801D00020A2
:107B200070470120704738B580245E48046000F03B
:107B300055FB05009748006800F0C2F9280000F0E6
:107B400056FBFFF763FF0848007A000705D5A00041
:107B50000949086000F022FC31BD60038C490860CF
:107B60008D48046031BD00007C3E00001C1002A85E
:107B7000440002A80C0002A8442002A8D03E000045
:107B8000FEB50400854D8C20800168600126844884
:107B90000660FFF7BBFF002826D082480078002847
:107BA0007DD031020194052802D022460A4076D1C8
:107BB000CC2292012A607C4A126881231B02134066
:107BC00001D0032301E053075B0F0C01022804D10D
:107BD000022B62D3364804605CE04D01032804D1D7
:107BE000022B5AD932480560F7BD042802D1114052
:107BF00053D0F7BD052850D1019800284DD0C005BD
:107C0000C10F684641700198C004C10F68460170F9
:107C100000F0E4FA02906348406869464978002918
:107C200003D006688021204A1160670495496A469E
:107C30001278002A0CD0C2680B68D21A924B1B68CB
:107C40003B4001D0066800E04668964200DD160021
:107C5000684640786A461278024308D00868424273
:107C6000B01E824202DA7042886000E0002602986C
:107C700000F0BDFA0198800501D598480760019889
:107C8000054001D096480760002E06D0CC20800128
:107C900007490860B6480460F7BDFFF744FFF7BD29
:107CA0004C6201A80CC001A890E001A8C4D000A8B3
:107CB000145001A838B580248A480460012038494E
:107CC0000860384D2878052802D06000A94908606E
:107CD000FFF71CFF002812D02E480068000A802100
:107CE0004140A868000EC9B2814208D22E480068FF
:107CF0004007400F022802D2FFF715FF31BD9E4812
:107D00000168C0220A4002D1C06F204001D004485F
:107D1000046031BD082002A808E001A808D001A82D
:107D200094D001A80A0000D1704780B518225143B1
:107D300040180C304069002803D08021090300F06E
:107D4000DDF901BD38B500F049FA04008B4805683B
:107D5000A86881782800FFF7E5FF688801210143C2
:107D6000698002208649086086490860200000F08A
:107D70003EFA31BD10B500F031FA04007F480068CA
:107D80008168C978FFF7CEFF200000F030FA10BDFF
:107D9000441002A818C000A8100002A8106001A892
:107DA000C4E000A87C3E0000184001A8F1B582B0F4
:107DB0000F00A020384003D173480068C00603D5E7
:107DC00080208000714959E000F008FA00906B486B
:107DD0000468F80204D5A0680069029000F07CFBFA
:107DE00000F0D5FB80210903606800F087F9267850
:107DF0000020761C6178B14200D200261821714320
:107E000065180C3529780829F3DA2670A5606049D1
:107E10002A780A70BA0507D5584800688068C06893
:107E2000FA0201D4032290438860012738400DD123
:107E300058480299426B89180068081A5649401838
:107E4000012803DB00F09CFC01F01DF8F9046869CF
:107E500000F054F93C2000F0AFF8F0B200F0ACF8BC
:107E600060884E4901406180009800F0C0F93805F3
:107E7000464908604A48076038024A490860029843
:107E8000FEBD000048C001A84C0002A810B546483D
:107E90000068800501D4FE2010BDC0208003434946
:107EA000086000F09BF9354909688A78D20702D545
:107EB00089688C7800E00C7800F099F9200010BDFA
:107EC0002E4909688A688B78DB0704D592781823D5
:107ED0005A438A180C329060704700004C1002A878
:107EE0004C2002A894E001A8F1B582B0304F3C6864
:107EF0000026200F000702D1E00102902AE000F0E6
:107F0000C2FF00F06BF9019080210903606800F066
:107F1000F5F825786D1C6078A84200D20025E800AD
:107F200020180C300090006802908021090300980E
:107F3000406800F0E3F83D2000F03EF8E8B200F0C1
:107F40003BF825700098A060019800F050F902A855
:107F500001F035F817480068800407D5F86901F08A
:107F6000A4FC02990818029000D502960298FEBD62
:107F7000B03E0000146001A814C001A8D43E000067
:107F8000284000A8448001A80C0002A8442002A8B0
:107F90007C3E00009C3F00000010FFFFFEFF000041
:107FA000C0E000A8106001A8440002A8441002A884
:107FB000D83E0000FC0302A845490968002901D504
:107FC000444908607047F2B582B0434CA168434D04
:107FD0004A004ED50126090100D521260100404A5C
:107FE0001068526800922A689206920E23689B00DD
:107FF00080273B4013437A001A430192394F0A000D
:1080000026D0890601D5012008E0F021014007D1E2
:108010006946097A0C220A4002D0022000F042F898
:10802000396EBC22920091420DD12F490968C903D3
:1080300009D52168490306D52168090701D4022121
:1080400000E0032100914836019A3968890002E076
:10805000019AB96B09094023194011439A00009B0A
:10806000002B02D013432B660836296602432A668A
:108070002E66E86D45076D0F00F09AF8A8070BD043
:10808000052D09D0A068000406D400F0A7F802214D
:10809000164A116000F0ABF800F093F8002000F0F1
:1080A00001F8F7BD0E490A68F0239A430001104316
:1080B0000860C0B270478020C0020D490968890776
:1080C00001D10C4900E00C49086070470000000035
:1080D000500002A8884000A8480002A8284000A834
:1080E000783F0000184001A8D03E000024D503507E
:1080F000844000A8486000A8485000A880B5494ABC
:10810000116001F0FDFBFFF7D6FF01BD70B500F077
:1081100065F8454A454BD1688C0819002140D124A7
:108120006400D52901D2D52102E0A14200D9210065
:108130000D0046352D041E042E400D00463D2B40FB
:1081400033431360C0221206394B1A60394A137C3C
:10815000002B0AD0384BD52902D98025ED051D60AA
:10816000A14202D2802424061C600023334C2360E9
:108170005388002B00D1118000F039F870BD80B514
:108180002F48304908603048C1680902090A19229D
:108190005143416005210160FFF7B8FF01BD2A4846
:1081A0000068C00300D4704780B5FFF7AFFF01BD82
:1081B0008020C0021B490860244800684007FBD4A7
:1081C00070478020C00222490860704701E02149C1
:1081D0000860214909680140F9D170471F480068CB
:1081E00020211F4A116010211E4A11607047302162
:1081F000014002D110201A490860704717480068F2
:1082000030210140102901D1012070470020704722
:10821000154801210160C1607047012013490860C1
:1082200070470000441002A87C400050FF0100008D
:10823000A0600050843F0000A450005018E000E00F
:108240007F1A0601540002A810E000E0440002A8D2
:10825000442002A8282002A8280002A8600002A842
:10826000602002A8601002A8789001A884A001A84C
:10827000F8B54C4880214902C16102214A4A516047
:1082800000214A4A11604A4A11800321464A11607E
:10829000022101600020474908602020464908600B
:1082A000802046490860CC208001454908600124AF
:1082B000444804603D48806F00900F26070B37400C
:1082C00041480068C505ED0D103DC0202843C0B2EF
:1082D000FFF772FE35480069800303D5092F01D0EE
:1082E00001F060F90098064000963848066800984A
:1082F000032803D0022806D1032F32D000F0B0FAB1
:108300000098032803D0062F2BD1062D29D0304802
:108310000068C00B204001D001F024FCFC2080014B
:108320000068000108D5052D06D101252948046003
:108330006005FFF74BFF00E000253100380000F03A
:10834000E9FA0600002D06D000F098FC22480460EF
:1083500002202249086060051F49486580092049BC
:108360000860114821040162002F08D102214160F8
:1083700000200E490861C020C00011494864300047
:10838000F2BD80B5FFF714FF16480078800602D4CE
:10839000022015490860FFF714FF01BD02201349B0
:1083A000086070472C1002A8282002A8380002A8F4
:1083B000B43E0000B03E000094E001A80CC001A84B
:1083C000146001A8C4E000A804ED00E0B44000A8D7
:1083D00000E200E0645000A8646000A82C4000A8FF
:1083E00080E200E0D03E0000081002A8082002A8A9
:1083F00070B5794C794D8026760179480068304017
:1084000005D06660062001F07BFC6E6004E06E60C3
:10841000062001F075FC66603D20A0607021296097
:108420000F222A602160A86070BDF8B56C4C8025D1
:10843000ED028D4E6F097068384002D1606880058A
:1084400029D58A480068C00405D4FFF7C7FE8849CB
:108450000D60FFF7CCFE7068864901409020400116
:108460000843706084488549086000206060706837
:10847000384002D1F02080006060706807402AD048
:108480007A480068C00726D57D480078800722D446
:1084900001F03EFC1DE03068C0071CD5AE097348F2
:1084A0000068304005D1FFF799FE71490D60FFF774
:1084B0009EFE7448FF21FE314160F12149026F4A5E
:1084C000116021680E4001D0822100E0C3214902E1
:1084D0000160FFF78DFFF1BD80B568480121624A58
:1084E00012680A4006D0684A1268920501D4CA028E
:1084F00002608160C02141605C480068C00407D40C
:10850000FFF76CFE8021C902BB4A1160FFF76FFEC6
:1085100001BDF8B5554804685C4D802702263442F9
:108520000AD092480068E021C900014004D02F60C1
:108530000420686101206861FFF750FED021C90363
:10854000214007D18A490968314003D18949012274
:108550004A600E60210507D52F6004216961C24978
:108560000D220A600F220A60FFF741FEF1BD80B5BF
:10857000FFF734FE0121804A1160804A0223136014
:1085800051600021B94A1160FFF731FE01BD9048EA
:108590000068C007FBD4B648042141618021016016
:1085A00070478C4908680122104200D1704710B50D
:1085B000E023DB000340FF24A41CA34207D3AD4B00
:1085C0009C6BA40602D41B68DB0600D548680240F9
:1085D00001D000F001F910BDA82102A8A81102A83D
:1085E000AC0102A8F8B5C821844A11600621844A6A
:1085F000116080214903834A1160834C89092160FD
:1086000082490A684B691C251D40102D01D10123A8
:1086100000E0002305000720824313430B60286815
:108620008E490F68874200D30700C01B28600121D4
:10863000280000F08AFB06002868C0192860FFF7B0
:1086400068FF8D480168C90603D584208000E06179
:1086500007E0954908220068104001D00A6000E058
:108660004A603000F2BD0000EC0002A8500002A8F1
:108670003850005AFFE3FFFF00FEFFFFAC2102A8C5
:10868000843E0000AC1102A8B00102A8841102A827
:10869000F1B58648864908608020C0018549086098
:1086A000854C0827A7650420A0650125834805603F
:1086B0001D20A062824EE930B061072001F020FB4E
:1086C0000220A06210216C4A13680B4003D02200E4
:1086D0007C4B23600AE00D2312683A4003D032003D
:1086E0001032A56502E032001432A0651360764AAC
:1086F0001268002A00D4B761744A3260C022D200E6
:10870000734B1B68F824E4011C4001D1F26201E0C4
:108710006A4B5A616F4A12682A4007D075666E49E3
:108720000968890503D48102F16500E0716361493C
:108730000A6C2A4008D0496BC90705D46749096803
:10874000084001D101F01CFB0020C04364490860CF
:10875000584C606B054001D1FFF7DBFE009801F03B
:10876000BDFA606B8001FCD4F1BD0000980102A845
:1087700000400C5000500C50982102A800600C5092
:10878000F8B54C4F786BC00701D4FFF7F0FE4B4CA7
:10879000B72040002060534D03262E634B48A86647
:1087A0000020E061504908600D203349096809073D
:1087B00001D5A86700E0E867FFF78EFE1020E061B2
:1087C0002E600C202863802000023860F1BD00007C
:1087D0009C0102A8883F0000F0210901434A116072
:1087E000014043480160202042490860424909682D
:1087F00008404249086070473860005A548001A818
:108800000C9001A8982002A8A41002A8740102A844
:1088100080B53B483B4982680A4002D1C26811409A
:1088200001D02249016026480821374A13680B40CD
:1088300000D081611178C90602D586210901016045
:10884000FFF7AFFE1420FE2189010860BA480168D5
:10885000490701D0FF21416101BD00009C3F00009C
:10886000124813490860704700100C5000000C506B
:10887000842102A80C0002A8FC0302A82348006877
:1088800023490968890F89070CD0AC490968C907D1
:1088900008D5AB49802292030A60B64B1A6010409B
:1088A00000D00A6070470000601102A8012000009B
:1088B000706201A8100002A8C01002A8682102A8D6
:1088C000501102A8FF03000028C000A8043E0000C9
:1088D000A88001A8EC0002A8B00102A8843E000014
:1088E000B46000A8E82002A8C00002A8586001A84F
:1088F000585001A8482002A8184001A8481002A812
:10890000704201A800800080F84F00004C4001A890
:108910004C4201A8F0B587B005000C0096480068ED
:10892000400102D52000402404439448006805908B
:108930009348C66AFFF752FC0690B00503D59148EC
:108940000068FFF7BDFA0020019001237006C00FF8
:1089500002908D4A916800209060B82040008B4EB4
:1089600030606608B82030401278F0261640402E5D
:1089700002D10200402010430D2D02D10A00042133
:1089800011434A0704D502001420104310229443D7
:108990007F4A12686D462B70D20506D580225200A0
:1089A0007C4B1A60020001201043029A002A11D168
:1089B0000C220240082A0DD00200714B9B6BDD0691
:1089C00001D41025AA439B0601D420239A43B12346
:1089D00013404FD06A461278002A4ED0A54A956BB4
:1089E000966D01236D076D0FAD1DAB40F504ED0CC9
:1089F0005B1B9BB2082B09D280200623604D2B60A5
:108A000043029D4D2B6000236D462B708123034054
:108A100036D00823029D002D00D113620D000821DD
:108A2000294310239C4304231D05984E3560DD0423
:108A3000434E35606D462D78002D1ED0062B24D375
:108A40004D4DEE6CF60620D5914E3668360E0196E9
:108A50006D69ADB28E4EF66B360603D02E008025C2
:108A60006D01354315612D121561494A1268D5050E
:108A700092D40AE008227F4B1A620491009031E000
:108A800030A34506ED0E5B5DD4E7049100903C48B1
:108A9000026B7F490968774D2E686F463E81282614
:108AA00016401E43930CDB0133431600120E324076
:108AB000102632401A43890040231940114302AA6C
:108AC0009170406B000A02A9C870FFF7DFF902A994
:108AD0000871019848716F480068C8800298E8667C
:108AE0000398E8660698FFF782FB600602D5082027
:108AF000664988600498C1B20098C0B2FFF763FA73
:108B0000FFF7BCFEBC20800061490A6E824207D19B
:108B1000059AD20301D4086E0BE05F4A5F4B1A60DE
:108B2000096E814205D10598C00302D55C480068F2
:108B30008047200007B0F0BD0C4000A8384301A8D2
:108B40004C5001A8030107060301070605010606AC
:108B500005010606030207060302070605020606CC
:108B600005020606081A03D24E4909684018401C3F
:108B7000704700004C6001A8084000A8D03E0000EB
:108B8000180002A81CC000A8783F0000B46000A82C
:108B90001C0100AA1C2100AAF8B5434E0F24012590
:108BA00042491027B06B38401BD001200870404864
:108BB000006840490968FFF7D5FF3F490968401838
:108BC00001284BDB01F09EF93C490968090B0C4078
:108BD000022C41D1A9053A4A11603A490F64356027
:108BE0003AE0306CC0001ED537480068E0218905A6
:108BF000014033D0314D2868210301407802814281
:108C00002CD1FFF7EBFA314A31490968C90502D581
:108C10003049096811602968090B21400229F3D005
:108C2000FFF7E5FAF1BD2C4E3068002816D00D7024
:108C300001F054F8002811D101F064F91F490968C6
:108C4000090B0C40022C07D129041D4A1160022196
:108C50001C4A11600021316001F058F9F1BD8020FB
:108C600080041E4908607047802040041B4908604A
:108C700070470000540000AA141100AA18480168A7
:108C8000490701D0FF21416170470000441002A84C
:108C9000184001A8448001A808000400482002A848
:108CA0008C3C000038C001A8100002A8B63E0000AD
:108CB0001CC101A820C001A8F03E0000B00002A81D
:108CC0001C1002A8082002A84C4001A8800000AA9D
:108CD000084000A8904000A89C3E00003C2002A84C
:108CE0000C4000A8F0B58020000208217B4A1160EA
:108CF0000A227B4B01210124944004438AA5AD5CE8
:108D000025431D60F025774E3560744D89A6B65C0D
:108D1000022737432F6004262E60734D2D680D40C7
:108D200001D00220F0BD1D6C2D03FCD41D6C5E6CC7
:108D30006D036D0BAE4200D22000521EDBD508221F
:108D4000684C226018600020F0BDF3B581B00600C9
:108D5000FFF70DFC654800680090654800686349AE
:108D60000860644D3068296847180024012F12DB21
:108D700000F04FFDC001381A01280CDBFFF707FC9B
:108D800000F081F830682968401800F0A7FF05005E
:108D900001D0346072E0584F8026B6003E605748DC
:108DA000006F07282CD005210840052806D053481D
:108DB00001670C2000F0A4FF05005FD1504DFF209B
:108DC0007A3068620420A862FFF7E1FB0220286085
:108DD000E020C0044B4948603004786002203860CD
:108DE000012000F08DFF6E62022000F089FF70000C
:108DF00068620820A862022000F082FF0220A862B8
:108E00006846007A002805D03C480068C00701D5B4
:108E1000FFF70BFB3C4EE02040003060042000F0E8
:108E20006FFF050024D10220364908608002B0623D
:108E3000C001B062354F102038600120F065402637
:108E400033480068304003D1FFF74CFF05000FD1D5
:108E500001203860FC67022000F052FF2D4C266094
:108E6000B0002060022000F04BFF8120C002A06211
:108E700027480068800101D4FFF791F900981B4949
:108E800008602800FEBD70B5FFF771FBFFF77FFBA0
:108E900002241E480460204E0820B062C0017062A7
:108EA000012000F02DFF2502756234600620B062BB
:108EB0001A487062E020400016490860114E346084
:108EC000FFF776F916480078002800D005201549EC
:108ED0000860FFF776F9356070BD0000889001A842
:108EE0004C8001A888A001A8140002A8780102A85B
:108EF000F80302A8D03F0000981002A8EC0002A8D6
:108F00005C1102A8982002A82C9001A80C8001A84E
:108F1000500002A82CA001A85C2102A8F961000061
:108F2000703F00005C0102A8000000010102020283
:108F300008081000505050404030303030202000A1
:108F4000F8B504000F00444DA878FF2801D12E8801
:108F50000FE042480068800108D4FFF73FF940491C
:108F600009684905CE0DFFF742F901E03D48068842
:108F70002E80E92E01D2E92604E0CC204000864272
:108F800000D9060020003978814200DA080001216A
:108F90007A56010051430222BA5E891841430420E7
:108FA000385E08183049711848438015001901D5FA
:108FB0000020F2BDE978814200DA0800F2BD38B540
:108FC0000400102029490860FFF7E1FAC020C00022
:108FD00027490968F822D2010A4001D1254900E059
:108FE000254908602548C82181640A210160244878
:108FF0008021490301608909C160224801684269F2
:10900000E0231340802B01D1012200E0002207233E
:1090100099430A4302601C480068C821C9014518E9
:109020002068854200D30500401B206000212000FD
:10903000FFF78BFE21684919216032BD80200001B5
:1090400012490860000312490860022011490860B3
:109050001149086070470000F83F0000500002A866
:1090600088400050843F0000D6FEFFFF984101A8D1
:10907000AC8001A87C1102A87C2102A80C8001A868
:10908000981002A8740102A8983F0000441002A89A
:10909000442002A8F41302A8685000A8F1B584B0D7
:1090A000BD4800680190BD48C068C821C90140188A
:1090B0000499884204D2081A00F010FE002803D157
:1090C0000124C94D6868204000D0BAE10420C74996
:1090D000C8628003C6498862C6480668A86B8007D4
:1090E000800F00906704032803D01020BF49C86296
:1090F00022E008468762E96B890601D5012041E03C
:10910000310610D5E96B89070DD4CF4905220A60D5
:10911000EA6B10231A40022313430B6000220A60FB
:10912000AA6B120A0A600421C162E86B002803D509
:10913000AE48876200200090A86B400704D5A86B5A
:10914000C0002102084003E094480068204201D09A
:10915000FFF742FB264009D0BC480099890140181E
:10916000006AC004C00C401EB9490860C0208000DD
:10917000B849486500990902B74A1160B54B98652E
:1091800051600020296C942292050A40160000D0FC
:1091900001263043000635D096483021405CC0217E
:1091A0000140402902D1FFF7ECF801E0FFF7F6F8A3
:1091B00020202860360600D143E1B54FA74EA86BAA
:1091C00040070CD5A0038A4988624002874988621B
:1091D00034600220386000F03BFA00280BD00420F5
:1091E0008249C86240028249886200037F498862DE
:1091F0000220306038607F480078000600D420E10B
:10920000E0041CE16868204000D01AE17848C76299
:10921000FEF7CEFF8E48406E296C090408D4C006C4
:1092200006D5FEF7DBFF02219A4A1160FEF7DFFF49
:10923000FEF7C7FF20032860974EC020000630636A
:10924000200496490860A86B4007C10F684601706A
:10925000FEF7C4FF92490C60FEF7C9FF914F924898
:10926000B861686B000206D59048801C0068E10573
:109270005E4A916201E04948806C296CC90208D5B8
:10928000202806D976A1019A520700D4891DFFF73C
:1092900057FE0100854A1070002809D041091F229D
:1092A0001040062904D940002043202800D31F2065
:1092B0004A01024348021043306001217C48C26FDA
:1092C0007C4B1343C36774668022F2620822734B9F
:1092D0001A66019AD20603D5AA6B920603D403E05C
:1092E000019A120700D40021AB4A3A60FC223A618D
:1092F00000290BD039003C310291284A116DD36C02
:10930000664DEB66526E2B46DA6709E03900403154
:109310000291224B996D614A5D6DD5669B6ED36754
:109320000268FF239A4311430160A020C00030630C
:10933000052000F0E5FC04250198284001D080209C
:1093400000E040200299086002203063062000F00F
:10935000D7FC08203063052000F0D2FC34632002E3
:10936000B864042000F0CCFC64027460022000F0B9
:10937000C7FC842080003063022000F0C1FCFC6147
:10938000062000F0BDFC02988449401801990D4068
:1093900006D0202105E000BFFC0302A88C3F00009E
:1093A00010210160062000F0ABFCB4640020C04333
:1093B0002849086000F02DFA7949401DC001CA68AB
:1093C00086189E4F60017C6F04409D4A10609D4D41
:1093D0000498864211D2C968401A00F07FFC002828
:1093E0000AD02C602DE000BF100002A81C2002A8AB
:1093F0001C1002A8D03E0000049E012000F080FC5A
:109400008020400025490860300000F067FC8E4E47
:1094100068460078002805D1386870628020000412
:109420008A4908602C6068460078002809D001202D
:1094300000F066FC3078000603D5802000039B49CD
:10944000086005B0F0BD00BFE40000AA0C0000AA4F
:10945000204000A8B46000A8085100A8F41302A896
:10946000C0350C109E8DAF1B3813460D80B5FEF72E
:10947000B5FE8F4900220A600A22CA61FEF7B7FED4
:109480008C488321090401608B49416001BD0000C3
:10949000685000A824E503503C1102A8B81002A8A7
:1094A00000500C50242102A8FF0E0000FA3F0000DB
:1094B000280102A8FF3FFF3F8048806B800300D453
:1094C0007047F8B57E4804687E4D0826E00629D529
:1094D0007A48806B800627D428004830009001200D
:1094E00000F00EFC0027784807607848066078484E
:1094F0000068C00403D4774800683040FBD00220E5
:1095000000F0FEFB842080006865022000F0F8FB7C
:10951000700171490860042000F0F2FB600706D575
:10952000202005E03442D7D128004C30D6E7102067
:1095300000990860FEF752FE0121684A1160FEF7AB
:1095400056FE0220686500F0DBFB09206865C0203C
:1095500000066865022000F0D3FB00980F49401810
:10956000610701D5802100E040210160A020C000FA
:109570006865082000F0C4FBB001E8662E60E020BA
:109580002865574807604760B0024C4908600001F1
:1095900054490860F1BD00003F3F000000F0FFFFAC
:1095A0008C3F0000F8B5504800680D2707400424A0
:1095B000002F00D104274D480225102608214C4ACF
:1095C0004C4B1B682340126818D04260394005D0CC
:1095D0000220FEF767FD6003474908603C4007D062
:1095E000464800680643454806602803424908602B
:1095F0000120434908604348056018E00260394093
:1096000005D00220FEF74EFDA0023B4908603C4019
:1096100006D03A4801680E43066068023649086081
:109620003748056037480560A8062E490860FFF7EF
:1096300043FF00210020FEF7C6FCF1BD20C001A8B9
:1096400094E001A894D001A8D03E00001C1002A80C
:1096500010B580202C490A6802400AD02B4B1A68AA
:109660000624144005D15C6E294A22401B6D9C01E2
:1096700001D5002010BD096808400DD02548824260
:1096800003D1180501D5012010BD23480068C1078A
:10969000C90F481E8041C00F10BD2048032101643E
:1096A000A821C16310210160704700001C2002A89E
:1096B000D80000AA442002A804000080100002A8DC
:1096C000FC0302A8182102A8B80002A8106001A893
:1096D000D84001A8104001A86C1102A800600C50ED
:1096E000A00102A8482002A8B44000A8F83E00004B
:1096F0001CC101A8480002A8441002A8783F00003D
:10970000F41302A8685000A8440002A814C001A8DD
:109710001F1F0000010C000030C101A8082002A892
:109720006C4800680121084209D16B4A12686B4BF2
:10973000000C1840F03291400B40984201D00220BA
:10974000704700207047F8B507000F386A46108050
:10975000604CE0680A0004D16B461B8882B29A42D2
:109760003AD200226B461A80012502263A0013D015
:109770002268324007D000292ED059480088401C6A
:109780005749088000203900216156490E6080B297
:10979000B84201D369460D805348456000E030BFB0
:1097A0002068304003D1FFF7BBFF0028F7D04D48B9
:1097B0004560390010D02168314005D048490A88F9
:1097C0006B461B88D2180A80066000202061E06882
:1097D000B84201D244480660FFF7A2FFF2BD38B597
:1097E000050000F08FFB0400012199204543A809E2
:1097F0003E4A12688018123880B2FFF7A4FF0500B5
:109800008020C0013A490860200000F07FFB28005A
:1098100032BD334803883549096802889342F9D13B
:10982000100408187047FEB51238070C6946088006
:1098300000F068FB0190274C294D2888B8421ADABD
:1098400001202C490860274E30BF022021680140CA
:1098500006D030604003264908602888401C2880D4
:10986000FFF75EFF002802D12988B942ECDB012115
:10987000716000280DD12888B8420AD1E068694695
:109880000988884205D2002168460088FFF75BFFFF
:1098900001E0FFF745FF04008020C0011449086083
:1098A000019800F033FB2000FEBD10B512490A6894
:1098B0000E4B1B680C689442FAD0DB014033141A3B
:1098C00002D288692418641C0C4800684443181BA1
:1098D00010BD0000280002A804ED00E0FF3F0000DA
:1098E000B43E0000282002A8281002A8340002A8D4
:1098F00080E200E02C1002A820C001A8A83F0000D0
:10990000F0B502E00A601C602E607EC84F1C07D0D4
:109910005F1C04D06F1CF5D10A601C60F0BD0A60AA
:10992000F0BD000080B5FEF7BDFB01208249086054
:1099300001BD38B581490C68082581490D60FFF7E4
:10994000F1FF2C4001D07F48056031BD80B5EB2090
:1099500000F001F801BD30B5FE2189010B68184007
:109960001022134210D0784B784C2468224008D043
:10997000774A14682402FF252D0225401D63002428
:109980001460802252031A60086030BDF3B50100F4
:1099900016001C00002500956E48019A3300002730
:1099A0000BE0BC464F5D4743AE009E597E40575D7D
:1099B00047433740664637436D1CA542F1D339090A
:1099C00039438A080A43510811430840C109014339
:1099D0000F208A0B0A4302405040F6BDF1B582B019
:1099E0000E0000205A4908605B4DEF7AA87A01907A
:1099F0000F21394000910ED00B46584A5849029821
:109A0000FFF7C4FF01990140514801609948414363
:109A10009948084001D1012400E04401380915D0DB
:109A200032003B0929000298009E6D7A7519401991
:109A3000FFF7ACFF019909110140454802680B018D
:109A400013430360002901D0480044438B48006859
:109A5000204001D10420FEBD0020FEBD80B50A00DB
:109A600000211180864952888018FFF7B7FF02BD98
:109A7000F0B50F22834B5C7905780F202040C5405C
:109A80002009284001259C79C4402C4001D10320A5
:109A9000F0BD2E4C2468254008D07B4D9E684700C1
:109AA000F65B761E2E608026B601EE60DD78DE79EC
:109AB000C640F00711D5E0060FD5002D0DD0734834
:109AC00048600888488008881C7800192A40801857
:109AD0005A7880182A09801800E0002008800020A9
:109AE000F0BD80B56A4801686A4A0820014200D08A
:109AF0009061C90602D58621090111606649674A4D
:109B00001368034005D0664B1B689B0F9B0700D072
:109B100008600E480078C023034002D18020400531
:109B2000086010682022104008605E480068C0018C
:109B300001D4FFF70BFF01BD2C4000A84C4000A84A
:109B40004C6000A84C5000A81C1002A8D03E000099
:109B5000A03E000001010101503F0000083F00004D
:109B6000483F0000F8B5504B586F9E6F06404F4875
:109B700030404F4908604F4F022000210122340439
:109B80001FD500923C7E002C07D13C695C60FC68CC
:109B90007D6964191C603A7606E0FC685C603C698B
:109BA0007D6964191C6039767B7E002B00D00091A2
:109BB0007976009B002B04D004233F4C23603F4B5D
:109BC000186004053E4DF3022BD53B681F0605D5F2
:109BD0003C490968A9602A70A88016E0134203D0A6
:109BE0003948A860AA8010E0D80610D52748A86098
:109BF000364A907803071B0F12789A18000910183C
:109C0000A880E980A888002809D0264309E05806E2
:109C100004D5281D2E4909688847F3E7A980FFF776
:109C200095FE264024D0224E74603460294FA888C7
:109C300000280BD03968814208D3291D2648AA681C
:109C400090470100F3D0FFF76DFEF1BD01000CD08D
:109C5000FC218902F161194902038A6634600C65AE
:109C60003A68824204D3CC64F1BDEB20FFF773FE67
:109C7000F1BD00001111000021840000043F00002C
:109C8000283F0000583F0000204000A8112100009C
:109C9000F84F0000502102A8481002A8184001A85F
:109CA0004C4201A8D04000A8404000A8FFFFDFFFC1
:109CB000B46000A8D03E0000F41302A8685000A8C9
:109CC000A43E00009C3C000025210000593F0000FC
:109CD000983C0000D44000A8D84000A810B5C409A2
:109CE000FFF797FD201A312806DAC000183801D492
:109CF000C01EFDD5002010BD2000FFF794FD10BD53
:109D0000C32148436F3801D41E38FDD50020704769
:109D100052480121017052490A68426049688160D5
:109D20005049E02252010A60802292004E4B1A6094
:109D3000FD224A604D49096801614D494D4A116053
:109D40008121C9004C4A11604C490968C160072053
:109D50004B49086002204B49086070473F48017832
:109D600000290CD00169414A116000210170C168CD
:109D7000424A11603A4982684A6040680860704708
:109D8000FEB5C020C00440490860404C40486065B2
:109D90004048A0651020FFF7B3FF00285CD1FF20EA
:109DA00000053D4908603D483D4908603D48206048
:109DB00080256D03384805603B4807680820FFF799
:109DC0009FFF002848D10826384806600120FFF789
:109DD00097FF354880680190354806603548206017
:109DE0002D4805600820FFF78BFF002834D12F484D
:109DF00006600120FFF784FF2B4DA86800902C48D7
:109E000006602D4820600199009800F05FF800047A
:109E1000FC26B60306400198C10B0098C00B00F069
:109E200055F80106FC208005084030432349020C08
:109E30004A40FF239B1CD2181140014321602F6030
:109E400080200003144908601D481E4901601E4916
:109E50004160FFF783FF0020FEBD0000883E000048
:109E6000AC0102A8AC1102A8B02102A8F00002A81F
:109E7000083E0000F02002A8F01002A8704001A8DF
:109E8000706001A8705001A820E000A84C0102A851
:109E900057140000FF3FFF3FB42002A80000380E17
:109EA000B41002A810103030104101A8105101A8C0
:109EB000106101A830301010202020203F3F00000A
:109EC000A02102A8F703F000FF3F000010B54904ED
:109ED000CA104004C310991A00209A18D30F9A1878
:109EE000521052188B115B0E5B18DB11D218202315
:109EF000541A01D422001843CC0F611849105B0892
:109F0000F6D110BDEFF3108072B67047002800D173
:109F100062B6704780B5FEF7ABF9A548006800034C
:109F20000CD4FEF79DFCFFF7C7FAFEF729FC0120D1
:109F3000FFF79CFAFEF7A7FFFFF710FF80208005D0
:109F4000FEF744F901BD80B5FEF792F9802040028A
:109F5000FEF73CF901BDF8B5FEF72AF9844D05205E
:109F60006865FEF72EF9934806680124264201D160
:109F7000FEF7FDFA6003C02189018F4A1268D205FD
:109F8000D20D012A00D108008C4A11602860E0053A
:109F90008B490860FEF76CF98A48016800914068B7
:109FA00089490860B005C70F884D00202860380037
:109FB00004D031000098FDF7F9FE00902868204099
:109FC00005D16846FEF70EFB00280BD107E0002FF5
:109FD00005D07F480068204001D0FEF726FA00989F
:109FE000FEF756FB76480460022096490860C820B8
:109FF000C0049F4908606004FEF7E8F8F1BDF8B5B9
:10A000009C4F9B4C01259C489C490968014081421A
:10A010000FD19B48006828400BD09A4801689A48A5
:10A0200005606805E063B863014000D1E0639748CC
:10A030000560974E306CC00506D580200006306064
:10A0400000BF00BF40083060FEF7E2FBFEF710F9EA
:10A05000280320603860FDF7F0FC0400A848A949F7
:10A060000860A804FEF7B2F8002C01D08020306010
:10A07000A5480570F1BDF8B5FEF7FAF8FC27BF0159
:10A0800038780521014002D0FEF77BF901E0FEF7A8
:10A0900085F97F4C012502263868304000D02560C4
:10A0A0001020C043994908600020E0639849086087
:10A0B000FEF77EF897480068216C090407D4000772
:10A0C00005D5FEF78BF894490E60FEF790F8FEF781
:10A0D00078F8FFF706FD9148006805400CD0802015
:10A0E00000068F490968014006D08E49096808407A
:10A0F00002D10D20FFF71DFCB004FEF767F8F1BD9B
:10A1000080B5FEF7B5F82A480068000303D4FEF7CF
:10A1100037FBFEF7B8FE80204003FEF757F801BD7D
:10A1200038B5FEF7A5F85A4C2025FFF791FA00281C
:10A1300006D0606B000704D5FFF7AFFAFEF77EFF8D
:10A140002560FEF71DFBFEF79EFEFC2080010078D7
:10A150000C210140042902D1FEF713F901E0FEF7BA
:10A160001DF96804FEF732F84020206031BD000080
:10A17000081102A880B5FEF71BF80520BE4908604B
:10A18000FEF71FF8FEF774F8FFF787FAFF2080014B
:10A19000006800906846FEF712FF002802D1009880
:10A1A000FEF77CFF80204004FEF710F801BD0000A0
:10A1B0000C0002A8440002A83C8001A8082102A8C3
:10A1C000442002A8AC3F00009C3E0000843E0000FA
:10A1D000EC0002A8F8B5FEF74BF8A84CA56A502091
:10A1E000284002D0FEF7CDF801E0FEF7D7F8284F5F
:10A1F000FFF72EFA00281BD1B86B40071DD4786BEF
:10A20000E0214901014018D1A80611D4FDF7D0FF83
:10A21000A56A9B4E354207D0FF20C0432D18A5628A
:10A220008020000597490860FDF7CBFF2E4002D043
:10A230000120386001E00020206080208004FDF7CC
:10A24000C5FFF1BD305201A880B5FEF711F8BE4838
:10A250000068C00501D5FEF793FA0120FFF706F963
:10A26000FEF711FE8020C004FDF7B0FF01BD000025
:10A27000106001A8145001A840000800D03E000062
:10A28000884101A84C4001A8405101A8406101A8A3
:10A29000100002A810B5FC2080010468FDF7E8FF5B
:10A2A00079490968090326D40321C00601D5214054
:10A2B00001E0A0080140012902D1FEF762F80BE09D
:10A2C000200107D50E20FFF72DFBA04804210160D7
:10A2D00008210160FEF762F89D4801699D4A1160FE
:10A2E0000068002807D04000122802D2FFF708FDBE
:10A2F00001E0FFF774FA80208003FDF767FF10BDCF
:10A3000070012000B46000A8B63E0000482002A8FA
:10A31000A03E0000844000A824E50350404101A86D
:10A32000D44101A8304001A8F0B585B001276846A6
:10A33000077000240394FDF79BFF0490524D28689A
:10A3400000036FD40320A5490864A5480068029063
:10A35000A44EA5490007000F032804D0029800046A
:10A36000000F06283AD1A14800684A6803922A6C77
:10A37000920701D589680391FFF797FA039940186E
:10A3800001D5019400E00190A86B0107C80F0321DB
:10A39000326B0A40022A1BD1049AD20618D53268C1
:10A3A000D30513D5EF6B924B1F409F4203D1102171
:10A3B0008A4A11640CE092050AD42A6C28231340BF
:10A3C00006D16B461C702F4A116001E06A4614707A
:10A3D000039068460778002F02D10EE008680190CC
:10A3E000FFF736F9002808D0FFF757F9039800283F
:10A3F00002D0FEF723FE00E0002702207749086024
:10A40000002F10D03020305C0C210140042902D0F4
:10A41000E86BC00602D5FDF7B4FF01E0FDF7BEFF13
:10A420002020686021E0FEF7ABF980200006154986
:10A4300008600020C0436F49086001A8FEF7BFFD17
:10A44000002812D102980007000F03280AD1A86B38
:10A45000800507D5A020400031680140814201D12C
:10A46000FDF788FC0198FEF719FE80200004FDF737
:10A47000ADFE05B0F0BD00005C1102A8D83E0000A2
:10A4800000FFFF00481002A80C0002A8FEB500243F
:10A490000194FDF7EDFE584EF06E584D0007000F89
:10A4A000072807D17068002804D40020FEF7DEFFDB
:10A4B000286841E0012103204A4A73685B070BD4F6
:10A4C0004F4B1B680B4007D01368DF050BD55B05AE
:10A4D00002D43368DB0503D40191116B890904E0D0
:10A4E0001021484B1960116B0909084000900020A9
:10A4F000FEF7BCFF0098002805D17068C00602D4A2
:10A50000FDF74CFF01E0FDF73CFF00200199002919
:10A5100003D13D480068FFF7C8F96969401801D5C3
:10A52000009400E000906846FEF75CF8002805D132
:10A530000098FEF7ADF8A86906490860802000057C
:10A54000FDF744FEF7BD0000680102A880E200E0CC
:10A55000A03F00009C3E0000F8B5FDF789FE0024F6
:10A5600000252A48466B80277F05300606D5300730
:10A5700009D5FFF792F8FEF761FD2AE00125204892
:10A580000068284019D00020FEF770FF0220064026
:10A5900002D01F490C60C8611E480468002D03D01A
:10A5A0002000FDF7A1FC0400FFF777F82000FEF77C
:10A5B00075FD3800FDF70AFEF1BDFC208001007832
:10A5C000C0210140402902D1FDF7DBFE01E0FDF78B
:10A5D000E5FE20200D490860EBE70000082002A8F6
:10A5E000B00002A8D03E0000B43F00000CC101A89A
:10A5F00010000010B46000A8440002A8B03F0000A2
:10A60000B44000A8481002A81CC101A8100002A86C
:10A61000180000AACC3F000000F03CF802480349B3
:10A62000486000F053F800BF812D000000000000DA
:10A6300080B5EFF305800B2801D23A2100E02921F3
:10A64000FF221632002000F039FAFEE710B5C200F2
:10A6500018231340FF249C40E2438907090E9940C8
:10A66000030004D46E489B089B00C01806E0A14B71
:10A670000007000F083880088000181803681A4087
:10A680001143016010BD80B573225421002000F0F9
:10A6900015FA01BD10B5FFF735FC624901220A60C9
:10A6A000614B624C2360624C23600323614C236046
:10A6B000614C2360614B1A60614B1A60614A9F4B89
:10A6C0001A6011228A63FFF721FC10BDFFF71AFC04
:10A6D00005000024012160B2FFF7B8FF641C0E2CB6
:10A6E000F8D301210F20FFF7B1FF01211120FFF75F
:10A6F000ADFF01211320FFF7A9FF01211720FFF76C
:10A70000A5FF03210120C043FFF7A0FF01211E2068
:10A71000FFF79CFF78487949086002207849086073
:10A720000120904908604704764C20693840FCD0ED
:10A730002068800101D4FDF722FD2800FFF7E6FB29
:10A74000714D0AE000281BD0FDF748FD18E0206994
:10A750003840FCD03000FFF7D9FB206E0004000F1A
:10A76000022801D1FEF718FAFFF7CCFB0600FDF72F
:10A7700045FD00286878E5D0002801D1FDF737FDB8
:10A7800001202978002906D177490968890601D472
:10A790005B49086030BF002129700221584A1160CE
:10A7A00070490860D3E77148016842680A40704800
:10A7B00010401E490860800703D5A9480188491C3C
:10A7C00001807047F8B56B48016840680840070E83
:10A7D0003F066948046880256D02F8010DD5674879
:10A7E0000068BC218900884204D12C4202D0644810
:10A7F00000688047022063490860634E6802074290
:10A800000BD070605D480068BC218900884204D18B
:10A81000254002D0A548006880473760F1BD0000A0
:10A8200000E400E0040002A80000FF3F282002A886
:10A830002C1002A840E002A844C002A804C001A84D
:10A84000044001A820006006F8B5864C20686568C1
:10A850000540974805608026F6054C4AB00C95499E
:10A860000B68002B10D105420ED0934B5F68FF0799
:10A870000AD51B68DB0007D580231B06136000BFC9
:10A8800000BF16608A4B18609B4F3B78062B0FDA8F
:10A8900008688C218901014329401BD0FFF732FB56
:10A8A00000902800FDF76CF90098FFF72FFB11E0EE
:10A8B0000B68526B92050DD5C822D2041A432A4068
:10A8C00005D0FDF7DBFF2800FDF75AF902E0AA02E8
:10A8D00000D5086089480068064009D0A80607D559
:10A8E000A068000704D53878072801D1FDF72AFAB7
:10A8F000F1BD00001CED00E0FFFF9B4000E100E027
:10A90000602002A8500002A8B63E000010B57C48A6
:10A91000016844680C407B48046080210C4205D0EB
:10A920004160794801600020FDF72AF9600403D5F1
:10A93000802040057549086010BD0000145001A832
:10A9400038B57348016844680C40E00707D5FFF745
:10A95000D9FA0500FDF7AEF92800FFF7D7FA6D48E0
:10A96000046031BD601002A8F40302A8280002A808
:10A97000FFFF00C0B44000A8D03E0000784001A80E
:10A98000903C00002C4000A8B46000A8100002A871
:10A99000FEB5614C206C676C074001252F4216D034
:10A9A0002E065E48066020685D490D60002802D0D2
:10A9B0000021FDF7A3FB5B480068A021C901884284
:10A9C0008041C043C00F5849487058480660FDF7A1
:10A9D00005FC0190022007403ED06168CEB20F0A0C
:10A9E00053490822474B4403012E24D0022E31D173
:10A9F000012F22D14F4EF67800964E4E3778012621
:10AA0000BE404D4F3E604B4E3678760590277F0412
:10AA1000F71903263E43494F3E601C60484B1C60BB
:10AA20000B68009C1B194B65424909788D404549CC
:10AA30000D6045490DE00090DFE7002F0AD1434E3D
:10AA4000356000254D655C601C60C104404B196099
:10AA500040490A60324908600198FDF7C8FBF7BD1C
:10AA6000B43E0000104001A870B5FDF7B7FB04002C
:10AA7000FFF748FA31490A68D20710D52C4A566DBB
:10AA80001368FB25AD012E60CE686E604968E981D0
:10AA90008021C904214E3160297B59185165FFF787
:10AAA00035FA2000FDF7A3FB70BD0000943C0000C8
:10AAB000106001A8B03E0000344301A8002800D077
:10AAC000704770B50C00FDF789FB0500FFF71AFA17
:10AAD0000600FDF79DFB2048046001211F4A11601C
:10AAE000026C0A40FCD1FDF798FB3000FFF70EFA2C
:10AAF0002800FDF77CFB70BD7C3E00004C4201A8A5
:10AB000090C001A890E001A80CC001A804ED00E0ED
:10AB1000C0C000A8C0E000A800C002A8441002A85D
:10AB200040E002A8404000A8B63E0000442002A831
:10AB300018800A50C93E000068A00A5060C101A8F0
:10AB400094D001A868900A50F42302A860E101A8FB
:10AB500080E200E0F41302A8008009504090095000
:10AB600050C703080000000050AC030804000000B8
:10AB700000000000C017530250C703080000000087
:10AB8000E0AC03080400000000000000C0175302FE
:10AB900050C703080000000070AD03080200000069
:10ABA00000000000C017530250C703080000000057
:10ABB000B8AD03080400000000000000C0175302F5
:10ABC00050C703080000000048AE03080200000060
:10ABD00000000000C017530250C703080000000027
:10ABE00090AE03080400000000000000C0175302EC
:10ABF00050C703080000000020AF03080400000055
:10AC000000000000C017530250C7030800000000F6
:10AC1000B0AF03080400000000000000C01753029A
:10AC200050C703080000000040B003080400000003
:10AC300000000000C017530250C7030800000000C6
:10AC4000D0B003080400000000000000C017530249
:10AC500060B1030800045C36000000000000000042
:10AC60000000FF7F2CA0002000000000E4CB0308C0
:10AC70000000000060B1030800045C360000000022
:10AC8000000001000100FF7F2CA000200000000058
:10AC9000E4CB03080000000060B1030800045C3648
:10ACA00000000000000002000200FF7F2CA0002036
:10ACB00000000000E4CB03080000000060B10308BE
:10ACC00000045C3600000000000003000300FF7F6A
:10ACD0002CA0002000000000E4CB030800000000CE
:10ACE000BCB30308801525360000000000000000FA
:10ACF0000000FF7F34A0002000000000E4CB030828
:10AD000000000000BCB303088015253600000000D9
:10AD1000000001000100FF7F34A0002000000000BF
:10AD2000E4CB030800000000BCB3030880152536FF
:10AD300000000000000002000200FF7F34A000209D
:10AD400000000000E4CB030800000000BCB30308CF
:10AD50008015253600000000000003000300FF7F7F
:10AD600034A0002000000000E4CB03080000000035
:10AD700018B60308000D993600000000000000001E
:10AD80000000FF7F3CA0002000000000E4CB03088F
:10AD90000000000018B60308000D993600000000FE
:10ADA000000001000100FF7F3CA000200000000027
:10ADB000E4CB03080000000074B80308000D9936C6
:10ADC00000000000000000000000FF7F44A0002001
:10ADD00000000000E4CB03080000000074B8030882
:10ADE000000D993600000000000001000100FF7F07
:10ADF00044A0002000000000E4CB03080000000095
:10AE000074B80308000D993600000000000002002D
:10AE10000200FF7F44A0002000000000E4CB0308F4
:10AE20000000000074B80308000D9936000000000F
:10AE3000000003000300FF7F44A00020000000008A
:10AE4000E4CB030800000000D0BA0308000D9936D7
:10AE500000000000000000000000FF7F4CA0002068
:10AE600000000000E4CB030800000000D0BA030893
:10AE7000000D993600000000000001000100FF7F76
:10AE80004CA0002000000000E4CB030800000000FC
:10AE90002CBD030800045C36000000000000000028
:10AEA0000000FF7F54A0002000000000E4CB030856
:10AEB000000000002CBD030800045C360000000008
:10AEC000000001000100FF7F54A0002000000000EE
:10AED000E4CB0308000000002CBD030800045C362E
:10AEE00000000000000002000200FF7F54A00020CC
:10AEF00000000000E4CB0308000000002CBD0308A4
:10AF000000045C3600000000000003000300FF7F27
:10AF100054A0002000000000E4CB03080000000063
:10AF200088BF0308000D99360000000000000000F3
:10AF30000000FF7F5CA0002000000000E4CB0308BD
:10AF40000000000088BF0308000D993600000000D3
:10AF5000000001000100FF7F5CA000200000000055
:10AF6000E4CB03080000000088BF0308000D9936F9
:10AF700000000000000002000200FF7F5CA0002033
:10AF800000000000E4CB03080000000088BF0308B5
:10AF9000000D993600000000000003000300FF7F51
:10AFA0005CA0002000000000E4CB030800000000CB
:10AFB000E4C10308A0632536000000000000000083
:10AFC0000000FF7F64A0002002000000E4CB030823
:10AFD00000000000E4C10308A06325360000000063
:10AFE000000001000100FF7F64A0002002000000BB
:10AFF000E4CB030800000000E4C10308A063253689
:10B0000000000000000002000200FF7F64A000209A
:10B0100002000000E4CB030800000000E4C10308C4
:10B02000A063253600000000000003000300FF7F3E
:10B0300064A0002002000000E4CB03080000000030
:10B0400098C20308A063253600000000000000003D
:10B050000000FF7F6CA0002003000000E4CB030889
:10B060000000000098C20308A0632536000000001D
:10B07000000001000100FF7F6CA000200300000021
:10B08000E4CB03080000000098C20308A063253643
:10B0900000000000000002000200FF7F6CA0002002
:10B0A00003000000E4CB03080000000098C203087E
:10B0B000A063253600000000000003000300FF7FAE
:10B0C0006CA0002003000000E4CB03080000000097
:10B0D000F4C40308801525360000000000000000BD
:10B0E0000000FF7F74A0002001000000E4CB0308F3
:10B0F00000000000F4C4030880152536000000009D
:10B10000000001000100FF7F74A00020010000008A
:10B11000E4CB030800000000F4C4030880152536C2
:10B1200000000000000002000200FF7F74A0002069
:10B1300001000000E4CB030800000000F4C4030891
:10B140008015253600000000000003000300FF7F8B
:10B1500074A0002001000000E4CB03080000000000
:10B16000FC4F010394CA03080C400200000F0000CA
:10B170000040000020400200070000000000000026
:10B18000484001000007000008410400FF400000A3
:10B1900000000000FF4100000000000020C001107E
:10B1A00000F8070020C00130FE0328003CC0010069
:10B1B0000000000058C004001C001AE65400000003
:10B1C0000A1518191A0000006CC00100E00F0000F9
:10B1D00008000101A407000018000101B8F00000F8
:10B1E000200001010884000040400101000000002F
:10B1F0004C40040120F9130407006200387000007D
:10B200000000000060400F010068010F40B82440BA
:10B210005505E0004108000002000000B0071000E2
:10B220005E00000000000000236300009278DDC88B
:10B2300018000F0000800060BE0A000001011030FD
:10B2400050707F7F1C4102010000E08C590B000010
:10B250003841070190200AF0204C52000000000005
:10B26000B756351200000050803B0000000000007F
:10B270005C410101001E00006C41060100140CC07D
:10B2800016212A32383E454B5050436587A9CB0CD6
:10B2900028AA00C5884104011721286414171A0040
:10B2A0002004C8AAA1201A09A84101012900000010
:10B2B000B441010100002000D04103010000000062
:10B2C000D000000000000200E4410F011DACF10EAF
:10B2D00074390C00B080760089DCB300933C6400C4
:10B2E000C689C7048F1A651D1DACF10E74390C0098
:10B2F000B080760089DCB300933C6400C689C70443
:10B300008F1A651D00000000244202014C0000005D
:10B310001D23CDF3304202010100800240024000B3
:10B320004C42010108000004304304010000000009
:10B3300000000000000000000000000044430A017B
:10B3400000000000000000000000000000000000FD
:10B3500000000000000000000000003800000000B5
:10B36000000000000000FF5838800101466E100008
:10B37000A4800101D8800100AC800111F601000019
:10B38000AC800131011A5100B48001013700000185
:10B390006C010102002001007401010269811B0C93
:10B3A00080010112790700008001013202000000D3
:10B3B0008801010250000000FFFFFFFFFC4F010366
:10B3C00090CB03080C400200000000000040000089
:10B3D000204002000700000000000000484001007B
:10B3E0000407000008410400FF40000000000000C6
:10B3F000FF4100000000000020C0011000F807001D
:10B4000020C00130FE0128003CC001000000000007
:10B4100058C004001C001AE6540000000A15181950
:10B420001A0000006CC001000005000008000101C6
:10B43000A007000018000101FF000000200001012A
:10B4400080000000404001010000F0304C40040149
:10B45000020000042DC082000032002000D00B004A
:10B4600060400F0100000020000000001176F8008D
:10B47000410800004800040012004D00EA030000EB
:10B4800000000000090600000000000075030A002B
:10B490000080086200000000000003173E52545470
:10B4A0001C4102010050558C00000000384107018A
:10B4B000BC200AF018B9510067329940FFFF3FA83D
:10B4C00099FF71B18B3B4000C00300805C410101DA
:10B4D000FFFD00006C41060100000040000000007C
:10B4E000000000000000000000000000000000005C
:10B4F000884104010000000000000000000000007E
:10B5000000000000A841010100000000B441010159
:10B510008CD02BC0D0410301AAAAAAAADA80168037
:10B5200005000200E4410F0129AC51042F1F2E0039
:10B53000E8BD0500E5D32D005E7CB10D0CBCCE034B
:10B540002C267C301E90810C0C490600A8DF6D0073
:10B55000C00BB100183DA500E80A0205271BD71D46
:10B560000000008024420201A800008000000000CA
:10B5700030420201010048009E0018004C420101C7
:10B580000800041430430401000000000000000023
:10B59000000000000000000044430A010000000019
:10B5A000000000000000000000000000000000009B
:10B5B0000000000000000038000000000000000053
:10B5C0000000FF5838800101466E1000A480010180
:10B5D00070B80300AC800111F6010000AC800131AD
:10B5E00001420101B4800101000300026C0101026B
:10B5F00000200600740101026901100C8001011293
:10B600007907000080010132060000008801010274
:10B6100090000000FFFFFFFFFC4F010340CA03083A
:10B620000C4002000000000000400000204002002A
:10B63000070000000000000048400100040700006F
:10B6400008410400FF40000000000000FF4100002E
:10B650000000000020C0011000F8070020C00130E9
:10B66000FE0128003CC001000000000058C004009A
:10B67000270024E6750000000A1D21232400000095
:10B680006CC001000000000008000101A4070000D8
:10B6900018000101B8F0000020000101088400003A
:10B6A00040400101000090114C40040102000004E0
:10B6B0000FC082000002002000D00B0060400F018C
:10B6C0000000000000000000FD2FFC00410C000005
:10B6D0004000000012001C00AA0F00000000000043
:10B6E0000A060000000000009203080000800362C8
:10B6F000000000000206102134444E521C41020199
:10B700000080208C0000000038410701BC200AF0B6
:10B71000F0C45E002979AF40FFFF0FAAAF4339B2F2
:10B72000893B4000C00300805C410101FFFD000037
:10B730006C41060100000040000000000000000015
:10B74000000000000000000000000000884104012B
:10B7500000000000000000000000000000000000E9
:10B76000A841010100000000B44101012C952FC047
:10B77000D0410301AAAAAAAAD2003280070056002B
:10B78000E4410F01E2CFDD2C7EB63A0060091900DA
:10B790005122E2004CB9510E3982A904D8229B29CA
:10B7A0001E90810C0C490600A8DF6D00C00BB10093
:10B7B000183DA500E80A0205271BD71D00000080E0
:10B7C0002442020158000000000000003042020143
:10B7D00001005000400020004C4201010800060416
:10B7E00030430401000000000000000000000000E1
:10B7F0000000000044430A010000000000000000B7
:10B800000000000000000000000000000000000038
:10B810000000003800000000000000000000FF5899
:10B8200038800101C44E0000A480010170B80300FB
:10B83000AC800111F6010000AC8001310142010130
:10B84000B4800101000300026C0101020020060027
:10B85000740101026901100C8001011279070000D6
:10B860008001013206000000880101029000000002
:10B87000FFFFFFFFFC4F0103E8CA03080C40020072
:10B88000000000000040000020400200070000000F
:10B8900000000000484001000407000008410400C7
:10B8A000FF40000000000000FF4100000000000019
:10B8B00020C0011000F8070020C00130FE01280060
:10B8C0003CC001000000000058C00400270024E62E
:10B8D000750000000A1D2123240000006CC0010037
:10B8E0000000000008000101A40700001800010189
:10B8F000B8F0000020000101088400004040010170
:10B90000000090114C400401020000040FC08200AE
:10B910000002002000D00B0060400F01000000007A
:10B9200000000000FD2FFC00410C00004000000062
:10B9300012001C00AA0F0000000000000A06000010
:10B940000000000092030800008003620000000075
:10B950000206102134444E521C4102010080208C0A
:10B960000000000038410701BC200AF0103B5100E4
:10B970002979AF40FFFF0FAAAF4339B2893B40009E
:10B98000C00300805C410101FFFD00006C41060125
:10B990000000004000000000000000000000000067
:10B9A00000000000000000008841040100000000C9
:10B9B000000000000000000000000000A84101019C
:10B9C00000000000B44101012C952FC0D0410301BB
:10B9D000AAAAAAAAD200328007005600E4410F01A9
:10B9E000E2CFDD2C7EB63A00600919005122E20058
:10B9F0004CB9510E3982A904D8229B291E90810C82
:10BA00000C490600A8DF6D00C00BB100183DA50071
:10BA1000E80A0205271BD71D00000080244202010E
:10BA200058000000000000003042020101005000F8
:10BA3000400020004C42010108000604304304018C
:10BA400000000000000000000000000000000000F6
:10BA500044430A0100000000000000000000000054
:10BA6000000000000000000000000000000000389E
:10BA700000000000000000000000FF5838800101B5
:10BA8000C44E1000A480010170B80300AC80011105
:10BA9000F6010000AC80013101420101B4800101D6
:10BAA000000300026C010102002006007401010283
:10BAB0006901100C80010112790700008001013238
:10BAC000060000008801010290000000FFFFFFFF58
:10BAD000FC4F010340CA03080C400200018F19000B
:10BAE000B1400000204002000000000007000000FC
:10BAF00048400100A4070000084104000748000076
:10BB0000FF4C000007490000FF4D000020C001105D
:10BB100000F8070020C00130FE0128003CC00100F1
:10BB20000000000058C00400270024E67500000053
:10BB30000A1D2123240000006CC001000000000049
:10BB400008000101A407000018000101B8F000007E
:10BB50002000010108840000404001010000901114
:10BB60004C400401020000040FC0820000020020CB
:10BB700000D00B0060400F0100000000000000003A
:10BB8000FD2FFC00410C00004000000012009C0052
:10BB9000AA0F0000000000000A06000000000000DC
:10BBA00092030800008003620000000002061021DA
:10BBB00034444E521C4102010080208C00000000E1
:10BBC00038410701BC200AF0F0C45E002979AF407B
:10BBD000FFFF0FAAAF4339B2893B4000C00300808A
:10BBE0005C410101FFFD00006C41060100000040C6
:10BBF0000000000000000000000000000000000045
:10BC00000000000088410401000000000000000066
:10BC10000000000000000000A84101010000000039
:10BC2000B44101012C952FC0D0410301AAAAAAAAB0
:10BC3000D200328007005600E4410F01E2CFDD2C34
:10BC40007EB63A00600919005122E2004CB9510E4B
:10BC50003982A904D8229B291E90810C0C49060028
:10BC6000A8DF6D00C00BB100183DA500E80A020571
:10BC7000271BD71D00000080244202015001000054
:10BC800000000000304202010100190040012000C4
:10BC90004C4201010800060430430401000000008A
:10BCA00000000000000000000000000044430A0102
:10BCB0000000000000000000000000000000000084
:10BCC000000000000000000000000038000000003C
:10BCD000000000000000FF5838800101C44E000041
:10BCE000A480010170B80300AC800111F6010000CE
:10BCF000AC80013101420101B48001010003000266
:10BD00006C01010200200600740101026901100C9F
:10BD10008001011279070000800101320600000055
:10BD20008801010290000000FFFFFFFFFC4F0103AC
:10BD300094CA03080C400200018F1900BF400000A4
:10BD40002040020000000000070000004840010001
:10BD5000A00700000841040007480000FF4C000055
:10BD600007490000FF4D000020C0011000F8070047
:10BD700020C00130FE0328003CC00100000000008C
:10BD800058C004001C001AE6540000000A151819D7
:10BD90001A0000006CC00100E00F00000800010163
:10BDA000A407000018000101B8F000002000010104
:10BDB0000884000040400101000000004C400401E4
:10BDC00020F9130407006200387000000000000032
:10BDD00060400F010068010F40B824405505E000A5
:10BDE0004108000002000000B00750005E000000A3
:10BDF00000000000236300009278DDC818000F00E7
:10BE000000800060BE0A00000101103050707F7F8A
:10BE10001C4102010000E08C590B00003841070171
:10BE200090200AF0204C520000000000B756351256
:10BE300000000050803B0000000000005C41010158
:10BE4000001E00006C41060100140CC016212A32AD
:10BE5000383E454B5050436587A9CB0C28AA00C5F6
:10BE6000884104011721286414171A002004C8AA65
:10BE7000A1201A09A841010129000000B4410101D3
:10BE800000002000D041030100000000D0000000AD
:10BE900000000200E4410F011DACF10E74390C00EA
:10BEA000B080760089DCB300933C6400C689C70487
:10BEB0008F1A651D1DACF10E74390C00B080760030
:10BEC00089DCB300933C6400C689C7048F1A651DE2
:10BED00000000000244202014C0100001D23CDF3AC
:10BEE000304202010100C800000A80004C420101FA
:10BEF00008000004304304010000000000000000BE
:10BF0000000000000000000044430A01000000009F
:10BF10000000000000000000000000000000000021
:10BF200000000000000000380000000000000000D9
:10BF30000000FF5838800101466E1000A480010106
:10BF4000D8800100AC800111F6010000AC80013105
:10BF5000011A5100B4800101370000016C01010297
:10BF6000002001007401010269811B0C8001011293
:10BF700079070000800101320200000088010102FF
:10BF800050000000FFFFFFFFFC4F0103E8CA030859
:10BF90000C400200018F1900B14000002040020057
:10BFA000000000000700000048400100A407000056
:10BFB0000841040007480000FF4C0000074900004A
:10BFC000FF4D000020C0011000F8070020C0013024
:10BFD000FE0128003CC001000000000058C0040021
:10BFE000270024E6750000000A1D2123240000001C
:10BFF0006CC001000000000008000101A40700005F
:10C0000018000101B8F000002000010108840000C0
:10C0100040400101000090114C4004010200000466
:10C020000FC082000002002000D00B0060400F0112
:10C030000000000000000000FD2FFC00410C00008B
:10C040004000000012009C00AA0F00000000000049
:10C050000A0600000000000092030800008003624E
:10C06000000000000206102134444E521C4102011F
:10C070000080208C0000000038410701BC200AF03D
:10C08000103B51002979AF40FFFF0FAAAF4339B2EF
:10C09000893B4000C00300805C410101FFFD0000BE
:10C0A0006C4106010000004000000000000000009C
:10C0B00000000000000000000000000088410401B2
:10C0C0000000000000000000000000000000000070
:10C0D000A841010100000000B44101012C952FC0CE
:10C0E000D0410301AAAAAAAAD200328007005600B2
:10C0F000E4410F01E2CFDD2C7EB63A006009190061
:10C100005122E2004CB9510E3982A904D8229B2950
:10C110001E90810C0C490600A8DF6D00C00BB10019
:10C12000183DA500E80A0205271BD71D0000008066
:10C1300024420201500100000000000030420201D0
:10C1400001001900400120004C42010108000604D2
:10C150003043040100000000000000000000000067
:10C160000000000044430A0100000000000000003D
:10C1700000000000000000000000000000000000BF
:10C180000000003800000000000000000000FF5820
:10C1900038800101C44E1000A480010170B8030072
:10C1A000AC800111F6010000AC80013101420101B7
:10C1B000B4800101000300026C01010200200600AE
:10C1C000740101026901100C80010112790700005D
:10C1D0008001013206000000880101029000000089
:10C1E000FFFFFFFFFC4F01033CCB03081C41010193
:10C1F00000505504384301010100F596404101010A
:10C200005E2E97403CC00100FC103F014C400201F3
:10C21000100000043FC0820068400201F47E8000EC
:10C22000110B00007440040136002400666655AA14
:10C2300000000000090300008840010173030A00A8
:10C240004841010197FF71B1B44101018CD02FC069
:10C25000D4410101DA80168024420101AC0000C003
:10C26000344201015802860030430201F5E3010027
:10C270000A810F813C430101060CA4005C430301C9
:10C280000B2028970000000000002000D041010191
:10C2900033333333FFFFFFFFFC4F01033CCB030875
:10C2A0000C400200018F1900B14000002040020044
:10C2B000000000000700000048400100A407000043
:10C2C0000841040007480000FF4C00000749000037
:10C2D000FF4D000020C0011000F8070020C0013011
:10C2E000FE0128003CC00100FC103F0158C00400C2
:10C2F0001C001AE6540000000A1518191A00000064
:10C300006CC00100E004000008000101A00700006B
:10C3100018000101FF000000200001018000000062
:10C32000404001010000F0304C40040110000004C6
:10C330003FC082000032002000D00B0060400F019F
:10C340000000000000000000F47E8000110B0000DF
:10C350004800040036002400666655AA000000006C
:10C36000090300000000000073030A000080086257
:10C3700000000000000003173E5254541C4102010B
:10C38000005055040000000038410701BC200AF0AD
:10C3900018B951005E2E9740FFFF3FA897FF71B17B
:10C3A0008B3B4000C00300805C410101FFFD0000A9
:10C3B0006C41060100000040000000000000000089
:10C3C000000000000000000000000000884104019F
:10C3D000000000000000000000000000000000005D
:10C3E000A841010100000000B44101018CD02FC020
:10C3F000D041030133333333DA8016800500020065
:10C40000E4410F0129AC51042F1F2E00E8BD0500A7
:10C41000E5D32D005E7CB10D0CBCCE032C267C3008
:10C420001E90810C0C490600A8DF6D00C00BB10006
:10C43000183DA500E80A0205271BD71D0000008053
:10C4400024420201AC0000C00000000030420201A2
:10C4500001004C00580286004C42010108000454BF
:10C4600030430401F5E301000A810F810100F596D4
:10C47000060CA40044430A012300E0D25585004085
:10C4800002000080200002007804000012858798D6
:10C490000B20289700000000000020005555FAA04E
:10C4A00038800101466E1000A480010170B80300BD
:10C4B000AC800111F6010000AC80013101420101A4
:10C4C000B4800101000300026C010102002006009B
:10C4D000740101026901100C80010112790700004A
:10C4E0008001013206000000880101029000000076
:10C4F000FFFFFFFFFC4F010390CB03080C4002003D
:10C50000018F1900B140000020400200000000002F
:10C510000700000048400100A40700000841040093
:10C5200007480000FF4C000007490000FF4D0000D5
:10C5300020C0011000F8070020C00130FE012800D3
:10C540003CC00100FC103F0058C004001C001AE66B
:10C55000540000000A1518191A0000006CC00100F0
:10C56000E004000008000101A0070000180001011C
:10C57000FF00000020000101800000004040010198
:10C580000000F0304C400401020000042DC0820085
:10C590000032002000D00B0060400F0100000000BE
:10C5A000000000001176F800410800004800040077
:10C5B00012002500EA030000000000000906000048
:10C5C0000000000075030A000080086200000000FF
:10C5D000000003173E5254541C4102010050558C78
:10C5E0000000000038410701BC200AF018B95100D2
:10C5F00067329940FFFF3FA899FF71B18B3B400024
:10C60000C00300805C410101FFFD00006C41060198
:10C6100000000040000000000000000000000000DA
:10C62000000000000000000088410401000000003C
:10C63000000000000000000000000000A84101010F
:10C6400000000000B44101018CD02BC0D041030197
:10C65000AAAAAAAAD280168005000200E4410F010E
:10C6600029AC51042F1F2E00E8BD0500E5D32D0095
:10C670005E7CB10D0CBCCE032C267C301E90810C50
:10C680000C490600A8DF6D00C00BB100183DA500E5
:10C69000E80A0205271BD71D000000802442020182
:10C6A0004C0100C0000000003042020101004C00BB
:10C6B000400110004C4201010800045430430401C1
:10C6C0004A0C02080A81FA800000F586060CA800D0
:10C6D00044430A012300E0D2558500400200008057
:10C6E0002000020078040000128587980B2228970A
:10C6F00000000000000026005555FAA03880010116
:10C70000466E1000A480010170B80300AC800111D6
:10C71000F6010000AC80013101420101B480010149
:10C72000000300026C0101020020060074010102F6
:10C730006901100C800101127907000080010132AB
:10C74000060000008801010290000000FFFFFFFFCB
:10C750003040060000000000000000000000000063
:10C7600000000000000000000040000050400100F8
:10C77000000000005C40020000000000000000001B
:10C78000A840010007000000BC40040000000000B9
:10C7900000000000000000000000000024C00110A4
:10C7A000FF00000024C001300013000028C0050075
:10C7B000EC80B30343754051A00F00F830400000F7
:10C7C000A8AA070040C0020000000000000000000E
:10C7D00054C001008721300068C00100D158030017
:10C7E00070C00D00BA10000000003F008D00EE0088
:10C7F000F601AC03F5049607DE099C0DC3119317EF
:10C80000FE1DF526BD32FF3FFE15F81BDC23B42DBF
:10C81000D039FF3FFF3F0000A8C00500BD4B721597
:10C8200011A3180510325476980A00000000000089
:10C83000CCC00400660000000000000001000A00F7
:10C840000100280044400201000000001000000028
:10C850005C400101000000039C400F01000000004B
:10C8600000000000000000000000000000000000C8
:10C8700000000000000000000000000000000000B8
:10C8800000000000000000000000000000000000A8
:10C890000000000000000000E0400111F80100006D
:10C8A000E04001310102000010410201331E050089
:10C8B0000000000024410501FF0483078813C83AE3
:10C8C000FF06660CFF0483078813FF03584101012C
:10C8D00000000000644101010C01000084410101DD
:10C8E00001010000A441010100000000B04101016C
:10C8F00000000000B8410601000000000000000038
:10C9000000003C00AAAA0600000000000000000091
:10C91000DC41010100000000204201010000000094
:10C920002C420101601800403C420101000000005F
:10C9300044420201140000000000000040430101D5
:10C940000000000010800101030000003C80010194
:10C95000030000009C8002010000000070B803008A
:10C96000A8800111F6010000A880013101420101F7
:10C97000B0800101000300029800030200000000E3
:10C98000000C00044C040000D8000202050040AA7C
:10C9900088010000EC000112E00F0000EC00013201
:10C9A0000D205151F00001022B0500000001010291
:10C9B0001001000004010112000000000401013216
:10C9C000100100001001011200FF0F0010010132E0
:10C9D000020000422C01011200FC1F002C01013258
:10C9E000A9008000400101023F0000005001011237
:10C9F00000C00000500101326100510068010102D5
:10CA0000100006007801011200001C0078010132BC
:10CA10004004E0CF8C01010200000000AC010112D3
:10CA2000F8010000AC01013204020100B001010272
:10CA300000000000F84F010300000000FFFFFFFFAF
:10CA4000130000008EE33800000000004CCC030807
:10CA50001CCC0308000000000800000000000000DB
:10CA6000A08601000101F200C44E00070000000092
:10CA7000E6CB03080E0100000000000000000000EB
:10CA8000A18601000000000000000000000000007E
:10CA900000000000130000003333330100000000E9
:10CAA0004CCC03080CCC0308000000000800000078
:10CAB0000000000000350C000420F400466E500712
:10CAC00000000000E6CB03080000000000000000AA
:10CAD0000000000000350C00000000000000000015
:10CAE0000000000000000000130000008EE338008A
:10CAF000000000004CCC03081CCC03080000000020
:10CB00000800000000000000A08601000101F20002
:10CB1000C44E100700000000E6CB03080E01000021
:10CB20000000000000000000A186010000000000DD
:10CB300000000000000000000000000013000000E2
:10CB400044444400000000004CCC03082CCC0308F3
:10CB5000000000000800000000000000004B000082
:10CB60000101F400466E100700000000E6CB030848
:10CB7000C20100000000000000000000409C000016
:10CB800000000000000000000000000000000000A5
:10CB90001300000044444400000000004CCC030893
:10CBA0003CCC03080000000008000000000000006A
:10CBB000409C00000101F400466E100700000000D8
:10CBC000E6CB0308C20100000000000000000000E6
:10CBD000419C000000000000000000000000000078
:10CBE00000000000000001000000C0175302040C08
:10CBF0000000E002000000003C030102050498036D
:10CC000001020505F40301020605000027180000D3
:10CC100027180000E2040000000000007706010071
:10CC20007706010010270000000000007E8700004A
:10CC30007E87000073CB0000000000007F890000A9
:10CC40007F890000A8610000000000001429020094
:10CC5000003111000000010002640001012F0000FA
:10CC600007000000E99D0208999D0208A59D0208A1
:10CC7000959E02084F230308732A0308772A0308A6
:10CC80007B2A03087F2A0308832A03080000000088
:10CC9000B0010000184C0020FFFFFFFFFFFFFFFF67
:10CCA000FFFFFFFFFFFFFFFFFFFFFFFFFFFFFFFF94
:10CCB000FFFFFFFFFFFFFFFF10000000C84D002037
:10CCC0003031323334353637383961626364656602
:10CCD0006768696A6B6C6D6E6F707172737475766C
:08CCE0007778797A000000006A
:08CCE800A08AFD7F010000009D
:0CCCF000FCCC0308E09C002001010000C7
:10CCFC000000000000000000FFFF0000000000002A
:10CD0C0059F3F8C21F6EA501000000000000F03FAF
:10CD1C00049D002000000000604E0020C84E002042
:10CD2C00304F002000000000000000000000000058
:10CD3C0000000000000000000000000000000000E7
:10CD4C0000000000000000000000000000000000D7
:10CD5C0000000000000000000000000000000000C7
:10CD6C00C0EA2101C017530200000500FFFFFFFFBE
:10CD7C000060070800800000541D002064000000C3
:10CD8C006C07000000000000E45C030828000000B1
:10CD9C000B000000000000008420002002000000B6
:10CDAC00000000007C20002037CF000831CF0008A5
:10CDBC0031CF000861200308FFFFFFFF01000000D6
:10CDCC00000000007820002001000000000000009E
:10CDDC0074200020FFFFFFFFFF007F008C0000008D
:10CDEC008C0009000000000001110000FFFFFFFF94
:10CDFC00000600060000000000000000000000001B
:10CE0C000000000000000000000000000000000016
:10CE1C000000000000000000000000000000000006
:10CE2C0000000000000000000000000000000000F6
:10CE3C0000000000000000000000000000000000E6
:10CE4C0000000000000000000000000000000000D6
:10CE5C0000000000000000000000000000000000C6
:10CE6C0000000000000000000000000000000000B6
:10CE7C0000000000000000000000000000000000A6
:10CE8C000000000000000000000000000000000096
:10CE9C000000000000000000000100FFFF00000087
:10CEAC000000000000000000000000005000010124
:10CEBC00AAAAAAAA37000000000000000000000087
:10CECC00000000000001000304000000020000004C
:10CEDC000000803F00CA85470050C3460000000098
:10CEEC000000000000000000000000000000000036
:10CEFC000000000000000000000000000000000026
:10CF0C000000000000000000000000000000000015
:10CF1C00000000000000000074690308000000001D
:10CF2C00FFFFFFFF0100000002020FB0EE028000C5
:10CF3C00400D0300FE7F7F7F7F00C80008000000CB
:10CF4C0000000000C4860020020000000000000069
:10CF5C00BC860020FE7FFA000100000075B60108B7
:10CF6C009F01000100000055555555555555555517
:10CF7C005555555555555555555555F0000000000E
:10CF8C000300000000000000FFFF00000000000094
:10CF9C000100000000000000000000000000000084
:10CFAC000200000000000000000000000000000073
:10CFBC00B03A002058040400703A0020FA00000037
:10CFCC004C710308E5210308E1210308FFFFFFFF73
:10CFDC00FFFFFFFFE9210308FFFFFFFF0D290308F7
:10CFEC0069290308FFFFFFFFFFFFFFFFFFFFFFFFA4
:10CFFC00FFFFFFFF0040005A00C0035000400050EC
:10D00C0000800050E1EC0208D9E30208E5DC0208DC
:10D01C0039DD02085DE1020871E1020871E30208E2
:10D02C008DE4020875E4020885DB0208C1E30208FE
:10D03C0000000000000000003B2D0000FFFFFFFF80
:10D04C00FFFFFFFFFFFFFFFFFFFFFFFFFFFFFFFFE4
:10D05C00FFFFFFFFFFFFFFFFFFFFFFFFFFFFFFFFD4
:10D06C00FFFFFFFFFFFFFFFFFFFFFFFFFFFFFFFFC4
:10D07C00FFFFFFFFFFFFFFFFFFFFFFFFFFFFFFFFB4
:10D08C00FFFFFFFFFFFFFFFFFFFFFFFFFB2A030870
:10D09C008CCC0308FFFFFFFF04F8FFFFFF7FB700F6
:10D0AC002B05DF002904F8002403160128033E0198
:10D0BC003003700134039D012802BB012D022902AB
:10D0CC003202E20223014903280184032D01A20349
:10D0DC002F01E8033001D0072400B80B3F000C00EF
:10D0EC00000000000301FF0CFFF0FF006557010872
:04D0FC003D57010893
:04000005080161DDB0
:00000001FF
