:020000040800F2
:10600000080400203DED0008D3E30008D3E30008B6
:10601000A53C0108D3E30008D3E30008D3E300085C
:10602000D3E30008D3E30008D3E30008E912030830
:10603000D3E30008E83103088D120308A1290308FF
:10604000AD160108D3E30008D3E30008D3E300084A
:10605000D3E30008D3E30008D3E30008D3E3000848
:10606000D3E30008D3E30008D3E30008D3E3000838
:10607000D3E30008D3E30008D3E30008D3E3000828
:10608000D3E30008D3E30008E9870108D3E300085D
:10609000D3E30008D3E3000879E40008D3E3000861
:1060A000D3E30008D3E3000855E4000831E4000816
:1060B000D3E30008D3E30008B5DC020871E7020867
:1060C000090003080500030825DF02081F00030874
:1060D0000D00030841E7020811000308D5E7020894
:1060E0000DE80208D3E30008D3E30008D3E3000877
:1060F000D3E3000889510108D3E30008D3E3000883
:10610000D3E30008D3E30008D3E30008D3E3000897
:10611000D3E30008D3E30008AD5C0208D3E3000832
:10612000D3E30008D3E30008D3E30008D3E3000877
:10613000D3E30008D3E30008D3E30008D3E3000867
:10614000D3E30008D3E30008D3E30008E5EE00083A
:10615000D3E30008D3E30008D3E30008F9C402083E
:10616000D3E30008D3E30008F9FF0208FFFF0208A9
:10617000F0B5114A114C124E00F00105E3695F07BA
:1061800013D40DB9334213D103EA00078F4207D16C
:106190000B4A1A40002A0CBF00206FF00100F0BD2E
:1061A000013AEBD16FF00200F9E74FF0FF30F6E76C
:1061B0006FF00100F3E700BF8096980000000350E5
:1061C000020001004FF4803238B50E4B0E4C9A6637
:1061D000E56941F6713315400122E3630B4B002161
:1061E000DA600223606121202361FFF7C1FF10B94B
:1061F0002120FFF7BDFF0122054BDA600DB100231E
:10620000E36338BD009000500000035000100350BD
:10621000002003502DE9F84F16464FF48032274BEB
:10622000274D9A66EB69074603EA020841F6713387
:106230000122EB63234BDFF89490DA600EB930460D
:1062400029E007F5005404EA09046F61E41BEB69D7
:10625000B44228BF34465B072DD48B465BF8043B21
:1062600001EB040AAB61D3450ED1042300212120A8
:106270002B61FFF77DFF70B92120FFF779FF50B93F
:1062800059462744361BD9E708210846FFF770FF17
:1062900068B104232B6101220B4BDA60B8F1000FC7
:1062A00003D00022A3F50053DA63BDE8F88F5BF852
:1062B000043BAB61D7E74FF0FF30ECE700900050B4
:1062C00000000350001003500020035000E0FFFFC7
:1062D000094C01086C00010000000000FF000100F3
:1062E00025000000389B0020FF0000000000000097
:1062F00018000000099B010822000000019A010813
:1063000001000000F39A0108050000005D990108F2
:1063100004000000C5A401080B0000009DA60108B0
:106320002500000061AC010824000000FDAB01085D
:106330001400000099B801080C00000059AD0108D4
:1063400016000000719701080300000091E90108A0
:1063500002000000019B010808000000B1BD010817
:106360002A000000DDE701082900000021E90108FA
:1063700002000000F99A010801000000ED9A0108EE
:106380000300000051AF010800000000319A01082D
:1063900002005E00020000001D4201080000000033
:1063A00000000000000000000000000000000000ED
:1063B0000000000000000000020086000300000052
:1063C000BD490108000000000000000000000000BE
:1063D00000000000000000000000000000000000BD
:1063E00002006C0001000000998501080000000017
:1063F000000000000000000000000000ED4B01085C
:10640000ED4B0108000000000200730001000000D5
:10641000B952010800000000000000000000000068
:10642000000000000D4201087D4701080000000047
:10643000020072000200000091410108000000000B
:10644000000000000000000000000000000000004C
:1064500000000000000000000200870003000000B0
:10646000656D010800000000000000008541010882
:10647000000000000000000000000000000000001C
:1064800002007A0005000000697D0108000000009C
:106490000000000000000000000000006182010810
:1064A000618201080000000002005A0001000000A3
:1064B0000000000000000000000000004D41010845
:1064C00000000000000000000000000000000000CC
:1064D0000200700004000000D575010800000000F3
:1064E000000000000000000000000000F966010844
:1064F000F96601080000000002005B0003000000D4
:106500008744010800000000000000000B41010862
:106510000000000011560108554401080000000069
:10652000030025000200000017650108F54001087E
:10653000F9640108FF400108000000005D890108BE
:106540005D89010800000000030020000200000037
:10655000C548010800000000000000000000000025
:10656000000000000000000000000000000000002B
:1065700002008E0003000000155E0108000000000C
:10658000000000000000000000000000000000000B
:10659000000000000000000002005900030000009D
:1065A0004B74010800000000000000000000000023
:1065B00000000000873E010800000000000000000D
:1065C0000200850002000000655D01080000000077
:1065D000000000000000000000000000FD55010860
:1065E0000D560108000000000100FF00FF00000040
:1065F000000000000000000000000000000000009B
:10660000000000000000000000000000000000008A
:106610000B7813B10B6901330B6170470123064AF4
:10662000C2F8183702F56042116B106718B1A2F575
:106630007042C2F81837704700E003500223074A3F
:10664000C2F8183702F56042116BC2F8900018B119
:10665000A2F57042C2F81837704700BF00E003503F
:106660000423074AC2F8183702F56042116BC2F8DA
:10667000B00018B1A2F57042C2F81837704700BFD9
:1066800000E0035070478A4230B5044600F0ED80C8
:10669000774822F4FF7323F0010383420ED0754B39
:1066A00022F0FF00984209D0734D22F47F7323F04B
:1066B0000303AB4202D0714B984227D1704B21F0BB
:1066C000FF0098420ED111F0FF000AD06D4B40F050
:1066D0000070984247D182EA0100FF288CBF002059
:1066E000012030BD634B9842EDD0A3F5885398420A
:1066F000E9D021F4FF7323F00103B3F1062FE2D0B8
:106700005E4DA842DFD05C488342DCD001F0FE43FE
:10671000B3F1A06F12D102F0FE43B3F1A06F22D10A
:1067200082EA010333F47E131DD111F40040D8D066
:10673000C1F30540C2F305429042CFE7B3F1407F79
:106740007ED102F0FE43B3F1407F0CD182EA010317
:1067500033F47E1307D14C480840B0F1607F04D178
:10676000B4F5885F0ED00020BBE7B0F1707FFAD19E
:1067700004F4E040B0F5005FF5D114F4E06FC4F329
:106780000220AED0404812F47C1500EA02001BD073
:10679000B0F1607FC2F305453FD13C4CD0B240F030
:1067A0000070A0423FD000F17E4004380F2801D88D
:1067B000374B1B5C11F47C1FC1F3054435D1AB4250
:1067C00014BF002001208CE7B0F1607F0DD12F4C69
:1067D000D0B240F00070A0421DD000F17E400438DD
:1067E0000F28DAD82B4C255CD7E7B0F1707F18D191
:1067F00004F4E040B0F5005F03D10125C4F30220AA
:10680000854004F4E040B0F5005FD3D10123C4F328
:106810000224A340CEE71025BFE7B0F1707FC9D1B5
:10682000EFE72B46C6E71023C4E712F47C1F01D123
:106830009C421AD011F400403FF453AFAC424DE7F4
:10684000B3F1106F8FD121F01F6020F47020002869
:1068500089D102F0FE43B3F1106F7FF442AF0E48CE
:10686000104040F010608842AAE7012039E700BFDD
:1068700000020006001300060004000600090006DE
:1068800000030006FF0000020000C07F03000002BA
:10689000583A0308583A03080000FFF6037E022B1B
:1068A00006D1C3695A1C03D00133C361002070476D
:1068B0006FF09600704738B5064C074B20461B68B2
:1068C0009847064B204693F8F050054B1B689847B5
:1068D000284638BD00120020989B0020D8120020C6
:1068E0009C9B00206FF01B0070477047064B1B6895
:1068F0004BB11B78032B01BF044AD2F8243143F07B
:106900000043C2F824317047D41300200000035024
:1069100070477047014BA3F86E047047485D002034
:1069200000230448202280F87C34802100F27D403E
:1069300028F06EBE485D0020F2E7074BB3F89E34A6
:1069400043B9064B5B681B78023B012B8CBF0320CD
:106950000420704703207047485D0020A49C00205D
:10696000064AB2F872342BB192F87034002B0CBF87
:106970000123022382F86C34704700BF485D002079
:10698000024BC3F87404A3F87214E9E7485D0020D1
:1069900004289DBF024B1B18187C0520704700BFC0
:1069A000583A0308022070471E286FF00503A8BF5D
:1069B0001E209842B8BF18460023064A12F9011B50
:1069C000814204DA0133102BF8D10F207047D8B27E
:1069D000704700BF6D3A0308D0F80230827AC0F8E1
:1069E0001930C388C2F3C001437702F001031B01D1
:1069F00043EA8113C2F3001143EAC11343F00103D8
:106A00008377C37AC2F3800243EAC213C377038950
:106A100080F821307047D0F80230C0F81930C388B0
:106A20004377837A13F0100F0CBF01220822C3F3BF
:106A3000C001C3F380035B0143EAC11313438377AF
:106A4000C37A027B80F821300389C2F3800180F889
:106A5000223002F001031B0143EAC113C2F34002DA
:106A600043EA4213C3777047D0F80230C0F81930B8
:106A7000C3884377837AC3F3C00203F001031B0189
:106A800043EA821343F005038377037BC27A5B01F9
:106A900003F060031343C377038980F82130704704
:106AA000D0F80230C0F81930C3884377837AC3F333
:106AB000C003DB0143F005038377C37A80F82130FC
:106AC000038980F82230037B1B0103F03003C37776
:106AD0007047D0F80230827AC0F81930C388C2F308
:106AE000C0014377C2F340035B0143EA811302F024
:106AF000010243EA021343F003038377C37AC377A7
:106B0000038980F821307047D0F80230C0F819307E
:106B1000C3884377837AC3F3C002C3F340039B0166
:106B200043EAC21343F003038377C37A80F821302A
:106B3000038980F82230037BC3F38003DB01C37732
:106B40007047D0F80230C0F81930C3884377837A91
:106B5000C3F3C00203F001031B0143EA821343F0B5
:106B600002038377C37AC3777047D0F80230027B81
:106B7000C0F81930C388C2F38001437702238377BA
:106B8000C37A80F8213002F001031B0143EAC113EC
:106B9000C2F3400243EA4213C37770477047C369A8
:106BA000817A1A68C0F802201A79C2805A79D2090B
:106BB00062F3041181725A79C9B2921162F3C3016E
:106BC00081725A79C9B2121162F3000181729A7905
:106BD000C9B2D20962F3820181729A79017B921162
:106BE00062F3410101739A79C9B2521162F3000153
:106BF00001739A7902F00F02C2721B7A0381704707
:106C0000C369817A1A68C0F802201A79C2805A7959
:106C1000D20962F3C30181725A79C9B2521162F387
:106C2000820181729A79017B521162F341010173F1
:106C30009A79C9B2121162F3000101739A79C9B24B
:106C4000D20962F3820101731A7AC2725B7A0381FC
:106C5000704710B5C3691A68C0F802205A791C79C8
:106C6000110941EA0411C1801202997902F470629B
:106C70000A4302811A7A817AD20962F3C301027B44
:106C800081726FF3820202735A7AC2729A7A4273E5
:106C9000DB7A837310BD437900F1090203F00F031F
:106CA000082B04D1837A1B0705D4012307E090F950
:106CB0000630002BF9DA837A03F007030233D01889
:106CC00070474279034602F00F02082A04D1807A05
:106CD00010F0080004D1704790F90620002A06DA67
:106CE000DA7A03EB1213187B00F0070070470020DC
:106CF00070474379C27A03F00F03082B00F11001AB
:106D00004FEA121207D1837A13F0080307D1033A2E
:106D10001344C818704790F90630002B04DA837AC0
:106D200003F007030133F2E70023F0E74379427AE7
:106D300003F00F03082B00F10A0102F01F0206D135
:106D4000837A13F0080306D11A448818704790F923
:106D50000630002B04DA801A837A03F00703F3E786
:106D60000023F1E74379C27A03F00F03082B00F107
:106D70000C014FEA121206D1837A13F0080306D1F0
:106D80001A448818704790F90630002B05DA104431
:106D9000037B03F007030133F2E70023F0E74379B5
:106DA000C17A03F00F03082BC2794FEA111109D100
:106DB000837A13F0080309D1A2F10D00401AC01A1A
:106DC000C0B2704790F90630002B05DA0844037B07
:106DD00003F007030133EFE70023EDE70322F0B5EB
:106DE000134902FA00F591F8A0C4002601EB0C0348
:106DF00093F8A134EF4303EA050444FA00F00124B8
:106E0000C0B202EA03053541EDB2A84288BF1B19A2
:106E100006F1010688BFDBB29200A400042E03EA4B
:106E20000703D2B2E4B2ECD1614481F8A134F0BDE1
:106E3000485D0020064B93F88A252AB193F88B050C
:106E4000421C83F88B25704793F88C05704700BF70
:106E5000485D0020234B20BB93F88D2581B102F0C3
:106E6000F001F02904BF02F00F0283F88D2593F89A
:106E70008D051030C0B283F88D0500F0F00070472A
:106E800002F00F010F2904BF22F00F0283F88D25B5
:106E900093F88D050130C0B283F88D050001C0B2B2
:106EA000704793F88E2571B102F0F001F02904BF0C
:106EB00002F00F0283F88E2593F88E051030C0B2D1
:106EC00083F88E05D9E702F00F010F2904BF22F0E5
:106ED0000F0283F88E2593F88E050130C0B283F837
:106EE0008E05DBE7485D0020F0B506460027254DFE
:106EF000042E9DF814409DF8180085F88F7504D174
:106F0000942C94BF00200120F0BD0927F740FF0713
:106F10000BD4012817D19F2CF6D895F8900500289E
:106F2000F2D0962C25D80020EEE79F2C13D801280C
:106F3000F3D0FF2901D1362C0DD895F89005002803
:106F4000E2D02E2CEEE7022E05D89F2C03D8FF2985
:106F500003D1362C05D90120D6E7D10601D5362C30
:106F600007D895F890050028EBD15207CCD5302CE6
:106F7000CAD913F040001CBF012085F88F0580F0AE
:106F80000100C1E7485D00207047F7B504460126BF
:106F9000A778617EC06A7B1AD3F1000C4CEB030C1E
:106FA00094F803E003784D4D9E40E64595F8913501
:106FB000F2B241D0134385F891356368E2690A3330
:106FC0009342636051D3002384F803C06360C378A5
:106FD0009BB1237E012B10D10DF1070101301EF072
:106FE000ABFE9DF807306178994206D1E06A81F0E6
:106FF0000101617001301CF0B5F8A36A4BB1237E2A
:10700000012B03D02BB9E378012B02D1E3680133C4
:10701000E360E36ADB6843B3E278012A06D100202B
:1070200004F10C0103B0BDE8F04018476269E2B911
:10703000012004F10C01F5E713421EBF62680A3219
:107040006260227E012A12D1E268002A39D0636888
:10705000A26A0A336360934207D3C3681BB102205C
:1070600004F10C0198470023E36003B0F0BD8F42A8
:107070001AD1236A002BF8D062689342F5D861696F
:1070800039B9C3686261002BEFD0032004F10C0111
:10709000C8E7616A0029E8D0D31AB3FBF1F501FB18
:1070A0001533002BE1D1ECE763697BB1C3681BB1F9
:1070B000042004F10C0198470023E360636195F814
:1070C000913523EA060385F89135CEE7E368002B76
:1070D000F5D06368226A0A336360BCE7485D00202C
:1070E000F8B5204CB4F892355BB1013B9BB2A4F8E3
:1070F000923533B901221C4BC3F840240222C3F855
:10710000402400260127194D2B7813B12B7E022B2A
:107110001CD194F8913507FA06F223EA020384F8A9
:1071200091350136092E05F13005EDD194F89135F0
:107130005BB9B4F8925545B90D481DF075FD94F84A
:10714000D43565F3410384F8D435F8BDE86A037992
:10715000012B03D0A91C01301EF0EEFD2846FFF7DD
:1071600014FFDEE7485D002000E003501C0900200A
:10717000DC6200202DE9F843A54E73789BB1012B0A
:1071800066D00122002110461FF061F9A1481DF0D0
:107190004BFD0023A04A70201370A04A1370BDE875
:1071A000F8431EF0A3BC9E4B1B78002BE9D00620B1
:1071B0009C4F9D4BD7F8DC55F278013516F8351009
:1071C00000FB0133D88CB3F8288010FB02F05C8DF3
:1071D000964B18FB02F814FB02F41A8880B2824224
:1071E0001FFA88F8A4B202D01880FFF717FA904B64
:1071F0001A88424504D04046A3F80080FFF71EFAE3
:107200008C4B1A88A24203D020461C80FFF728FA34
:10721000D7F8D83506EBC50252680A339342C7F84F
:10722000D835C0F0BC8000233279C7F8D8359542F4
:10723000C7F8DC55C0F0B380C7F8DC35B36D002B60
:1072400000F0AD80013BB365002B40F0A88098E7CB
:10725000734B1D78002D94D0724C94F8EE35002BB2
:107260004CD000200627714B84F8EE051880704B37
:107270001880704B1880FFF7D1F9FFF7DFF9FFF79F
:10728000EFF9317A684BF27807FB0133DF8C198D07
:107290005B8D17FB02F711FB02F113FB02F3642273
:1072A00089B2BFB29BB240F2F13EB1FBF2FCA4F84E
:1072B000E075A4F8E435B7FBF2F7B3FBF2F3A4F8FA
:1072C000E215F168A4F8E6757145A4F8E8C5A4F8DC
:1072D000EA3566D84FF00A0EB1FBFEF1B2FBF1F2CF
:1072E00017FB02F71CFB02F113FB02F3A4F8E6758F
:1072F000A4F8E815A4F8EA35A4F8EC05D4F8D835D4
:10730000B4F8EC2501339342C4F8D83547D30020B4
:10731000464AD4F8DC151388454FDFF81881C4F8C5
:10732000D805002944D1B4F8E065B4F8E2059E42DE
:1073300082BFB4F8E6155B1813803B88984282BF81
:10734000B4F8E8155B183B80B4F8E415B8F80030E1
:10735000994282BFB4F8EAC56344A8F800301388A4
:10736000B3423B882CBF168000258342B8F800301A
:107370002CBF388000258B4238BF0025108828BFDD
:10738000A8F80010FFF74AF93888FFF757F9B8F85E
:107390000000FFF765F915B10123C4F8DC35BDE83D
:1073A000F8834FF47A73B1FBF3F1A4F8EC15A5E779
:1073B000B4F8E6153D8899423CBF5B1A1FFA83F981
:1073C000B4F8E83528BF8146AB422EBF0025ED1A40
:1073D000ADB2B4F8EA353D80B8F800704846BB421B
:1073E0002EBF0027FF1ABFB2A2F80090A8F80070C5
:1073F000FFF714F92846FFF721F945EA0905384651
:10740000FFF72EF93D43CAD1C4F8DC5516E700BF9B
:1074100070080020D80D0020180E0020B451002064
:10742000D40D0020485D0020583A03081A0E0020B1
:107430001C0E00201E0E0020074B93F8F02512F0C2
:10744000300207D1B0F57A6F04D801230221184623
:107450001FF034BD704700BF485D0020034B4FF460
:107460008071D3F8F4052BF033B800BF485D0020DD
:10747000002307B50193104B104A5B68FE28C3F345
:1074800008030CBF4FF480414FF40051D2F8F405CB
:1074900023B903B05DF804EB2BF01AB801AA2BF066
:1074A00019F9019B2BB14FF0E0234FF08052C3F844
:1074B000042D03B05DF804FB00ED00E0485D002002
:1074C000002307B50138019307280CD8DFE800F046
:1074D000190B040B160B0B1C012101AA0C4BD3F842
:1074E000F4052BF0F7F8019B2BB14FF0E0234FF0A0
:1074F0008052C3F8042D03B05DF804FB402101AABB
:10750000ECE7042101AAE9E74FF4004101AAE5E70D
:10751000485D0020002307B502380193052818D8DC
:10752000DFE800F01C171E17031520210D4B01AAE0
:10753000D3F8F4052BF0CEF8019B2BB14FF0E023EC
:107540004FF08052C3F8042D03B05DF804FB102106
:10755000ECE7054B054A5A621AF054FB0221E5E7B5
:107560000821E3E7485D00200000085001001D03EA
:1075700008B5024A024B5A621AF044FB02001D038E
:107580000000085010B50F4C01201AF050FDE068C3
:1075900028F066FD0C4B93F8F8254AB1002083F8DB
:1075A000F8051EF041FCBDE81040022018F0BCBBFD
:1075B00001201AF03CFD0122E068114628F0B5FFD9
:1075C000F1E700BFA49C0020485D002008B5002022
:1075D00018F0AAFB044B4FF40071D3F8F405BDE892
:1075E00008402AF075BF00BF485D0020012018F058
:1075F0009BBB022018F098BB37B5294CE06828F0F7
:107600008BFEC307054602D5E06828F0A4FE15F4FA
:10761000881F42D04FF0FF33CDE90033214B93F860
:10762000F93503F0FF0543B100201AF000FD0022F8
:10763000E068114628F079FF0125D4E9021028F00E
:107640007AFF23780A3B012B08D80022E068114614
:1076500028F01AFD6946E06827F0A6FB0022012108
:10766000E06828F011FD01A9E06827F09DFB009873
:107670000D4B1860019959601AF06CFE00201AF049
:10768000D6FC55B1636818781CF07AF90122E068DD
:10769000114628F04AFF1EF063FD03B030BD00BF65
:1076A000A49C0020485D0020000008502DE9F04F08
:1076B000664E8FB01422002103A827F0A9FF0221F3
:1076C000F06803AA28F063FE0446002846D0604D07
:1076D00005F22967D5F8183613B19A6801329A6015
:1076E0001822002108A8BDF80EA027F091FF21461E
:1076F000F06808AA28F04DFEF8B995F828269DF8FC
:107700003310B36802EB4200C2EB801007F800A010
:107710000B44197E9146032907EB000821D801315B
:10772000C9B203291FD004290CBFBE2140215FFA32
:107730008AF38B4219D900233B544FF000082146AD
:10774000F06828F02AFE0221F06803AA28F01FFE44
:107750000446B8F1000F72D10028BBD10FB0BDE8CC
:10776000F08F4021E3E7AA21E1E70132D2B2032AF8
:1077700028BF002285F8282600220092214608F121
:107780000102F06828F01BFE9DF83330FE2B04BF89
:10779000337C8DF833301AF09CFC9DF833B058459B
:1077A000CBD9B3682B4A5B441B7E5846032B8EBF54
:1077B00000230133DBB202F8393002EBC90A1AF0B8
:1077C0001DFD73688AF801001B7863B1012B0AD094
:1077D000022B32D1BBF1020F94BF4FF0000B4FF0E0
:1077E000010B4FEA4B038AF802309DF82E30D5F892
:1077F00084288AF80330089BCAF80430D8F801308E
:107800001BBA934211D0D5F8183613B15A69013218
:107810005A610338C3B2012B07D8182303FB005069
:10782000D0F894380133C0F8943841465046D5F822
:10783000203698474FF0010881E70223D3E700285C
:107840008CD00120D5F80836984787E7A49C002003
:10785000485D0020AE65002070B578B1042830D1B5
:10786000194D95F9B838002B25DA05F6BC0013F050
:10787000DEFC20B90220003818BF012070BD0026B0
:10788000032405F64810C5F8446985F8BE4813F08E
:10789000CEFC0028EED0B5F8D439C5F8D06985F80B
:1078A0004A4953B905F64C25AA7842B901330F2B42
:1078B00005F11C05F8D10020DDE72046DBE70120BB
:1078C000D9E713F081FDD6E7485D002010B5A2B0DE
:1078D000044688220021684627F09AFEC3236846A2
:1078E0008DF800308DF804401DF096F922B010BDDF
:1078F00010B4D0F80220C4880189C0F819202209E8
:107900004277C1F3032242EA04128277027BC177F5
:10791000817AC2F38002C1F3C001920142EAC1122E
:1079200042F0010280F82120C27A5DF8044B80F811
:10793000222014F06DB810B4D0F80220C488018958
:10794000C0F8192022094277C1F3032242EA041247
:107950008277C177027E90F848105DF8044B0A44A4
:1079600080F82020027BC2F38002920142F00302E1
:1079700080F82120C27A80F82220427C80F82520DD
:1079800014F046B8F0B5067E90F848700446F31936
:10799000013380F82030012387B003700D4B02AD16
:1079A0000FCB85E80F00A37C31468DF80F30E37CC8
:1079B00028468DF81030636904F11902059304F12B
:1079C000490300933B461EF06DFA07B0BDE8F04056
:1079D000FEF7DEBFC03A0308F0B5067E90F84870A7
:1079E0000446F319013380F82030022387B0037076
:1079F0000D4B02AD0FCB85E80F00A37C31468DF80F
:107A00000F30E37C28468DF81030636904F11902C9
:107A1000059304F1490300933B461EF043FA07B077
:107A2000BDE8F040FEF7B4BFD03A0308F0B5067EDB
:107A300090F848700446F319023380F8203005238B
:107A400087B003700D4B02AD0FCB85E80F00A37C10
:107A500031468DF80F30E37C28468DF8103063698D
:107A600004F11902059304F1490300933B461EF00B
:107A700019FA07B0BDE8F040FEF78ABFE03A030804
:107A8000F0B5067E90F848700446F319023380F88A
:107A90002030062387B003700D4B02AD0FCB85E875
:107AA0000F00A37C31468DF80F30E37C28468DF81B
:107AB0001030636904F11902059304F1490300933E
:107AC0003B461EF0EFF907B0BDE8F040FEF760BF9F
:107AD000F03A0308F0B5067E90F848700446F319B2
:107AE000023380F82030072387B003700D4B02ADBE
:107AF0000FCB85E80F00A37C31468DF80F30E37C77
:107B000028468DF81030636904F11902059304F1D9
:107B1000490300933B461EF0C5F907B0BDE8F040AD
:107B2000FEF736BF003B030870B5174C86B0B4F8BB
:107B3000B8300189ADF8043000238DF80630134BBE
:107B40008DF805105B6806461A78D0F8020013F02D
:107B500027FF40F213120E4B02ADA3F8F02B04F1F5
:107B6000BC038DF806000FCB85E80F00F37C0321E2
:107B7000284601AA8DF810301EF04CFA06B0BDE878
:107B80007040FEF705BF00BF583A0308A49C0020D0
:107B9000485D002070B5174C86B0B4F8B830018944
:107BA000ADF8043000238DF80630134B8DF8051026
:107BB0005B6806461A78D0F8020013F0F1FE40F236
:107BC0004C420E4B02ADA3F8F02B04F1CC038DF820
:107BD00006000FCB85E80F00F37C0321284601AA9D
:107BE0008DF810301EF016FA06B0BDE87040FEF7B2
:107BF000CFBE00BF583A0308A49C0020485D002077
:107C0000552370B5044686B0D0F80260C57C90F963
:107C100013000193FEF7C8FE218902ACC1F30323D0
:107C200043EA00138DF805300E4B8DF806105B68A3
:107C300030461A7813F0B4FE72220B4B8DF8070011
:107C4000A3F8F02B094B0FCB84E80F00042120464A
:107C500001AA8DF810501EF0DDF906B0BDE87040A5
:107C6000FEF796BEA49C0020485D0020343B03082C
:107C7000552370B5044686B0D0F80260C57C90F9F3
:107C800013000193FEF790FE218902ACC1F3032398
:107C900043EA00138DF805300E4B8DF806105B6833
:107CA00030461A7813F07CFE72220B4B8DF80700D9
:107CB000A3F8F02B094B0FCB84E80F0004212046DA
:107CC00001AA8DF810501EF0A5F906B0BDE870406D
:107CD000FEF75EBEA49C0020485D0020443B0308E4
:107CE00008B5CB69084609334B61FEF758FF0523F9
:107CF000C373BDE808401DF079B908B5CB690846E3
:107D00000A334B61FEF77CFF0523C373BDE80840CF
:107D10001DF06CB910B5074C0A46D4F8F43B3BB1E2
:107D2000014604F6F43012F0DDF90023C4F8F43B08
:107D300010BD00BF485D002008280BD830235843F1
:107D4000054A1318105C30B198785B7EC31A58420C
:107D500058417047002070471C090020EFF305834D
:107D60000F2B84BF034A9B5C4FF0E023D3F80C3DFC
:107D7000704700BFF0E300E0002307B50193054B17
:107D80001B682AF0FBFD019B002BFCD003B05DF8C3
:107D900004FB00BF9C9C0020F0B50B780D4687B01B
:107DA000002B65D0C86A023101301DF0C5FF0023E9
:107DB000304E6B6096F8D44514F0020455D1D6F8D5
:107DC000C0350194002B4AD02B4F3868002846D08C
:107DD00008220493CDE90224234601AA02A929F02E
:107DE00045FD012833D13868D6F8C03578B309216C
:107DF0000A220493CDE90212234601AA02A929F01E
:107E000035FD012823D196F8C425D6F8CC3590400D
:107E10006FF001021B6A0292184A0590CDE9032314
:107E200002A923462246386829F020FDD6F8C0155D
:107E3000FFF794FF124B38681B6840B1062204918B
:107E4000CDE9022302A9234601AA29F00FFD019BD7
:107E50002BB14FF0E0234FF08052C3F8042D96F879
:107E6000D43543F0020386F8D4352B6901332B61F6
:107E700007B0F0BD485D00204C5A0020CF29030810
:107E8000345D00202DE9F74F0121866B90F83030EA
:107E9000346A994029F006FB236822690B4323606A
:107EA0000023DFF804A13D4D04F10C090193914535
:107EB00023680FD1019A23EA0203236029F084FD8D
:107EC000012196F82C30306B994003B0BDE8F04F9B
:107ED0002AF0FEBAD2E9000820F07F41470101EA0A
:107EE000030C04D4BCF1000F03D14246DFE7614527
:107EF000FBD1C00148BF019843F0024344BF08438F
:107F00000190DAF80010D2E903014F68136093681A
:107F1000BA42C8F80830C3F8048008BF4B60002399
:107F200013610B68013B0B6029F0A8FBD0E9023C10
:107F30004269C3F808C0CCF804305368011D8B4275
:107F4000136808BFC2F804C0013B1360C26A2B6803
:107F50009A424FF0140302FB03F305EB030CDCF829
:107F600008E088BF2A60DEF808B0C0F808E0C0F872
:107F70000CB0CBF80410CEF8081009490B4443614B
:107F8000DCF804300133CCF80430064B1B68DB6AA4
:107F90009A4284BF0123C5F84C3CA6E7485D002007
:107FA0004C5D00205C0C0020744F002007B5074B8F
:107FB00007480193C0F85C3C002301A91A46D0F899
:107FC000600C29F0D1FD03B05DF804FB819A010833
:107FD000485D002038B5284CD4F8843D002B49D1A9
:107FE00040B194F8F935012B02D001201EF0CEF8F3
:107FF000012038BD01201AF01AF8204BD86828F06B
:108000002FF8D4F8F4550DB91D4B1D6829F020FC4C
:1080100095F85C30022B04BF002385F85C3029F012
:108020008DFCD4F8F40501212AF09AFAD4F8F4056D
:1080300004212AF095FAD4F8F40540212AF090FAA8
:10804000D4F8F40502212AF08BFAD4F8F4050821BB
:108050002AF086FAD4F8F40510212AF081FAD4F82F
:10806000F40520212AF07CFA12F0C6F800201CF05A
:1080700071FFBDE70020BCE7485D0020A49C002004
:108080005C0C002038B50B4CD4F8883D1B691D688A
:1080900029F0DEFBAD6B29F051FC4DB10121064BFF
:1080A000186894F88C3D9940BDE838402AF010BA21
:1080B00038BD00BF485D00205C0C0020E2E7054AA7
:1080C00092F88D3D13B1013B82F88D3D002382F87B
:1080D0008E3DD7E7485D002070B51446134A06462A
:1080E00092F88D3D0D46A2B013B1013B82F88D3D53
:1080F00088220021684627F08BFAC0238DF80030D3
:10810000012301968DF808308DF8095034B10FCC59
:1081100003AD0FC594E8070085E8070068461CF02A
:108120007BFDFFF7AFFF22B070BD00BF485D0020B0
:10813000EFF3148010F0010F14BF002001207047EE
:10814000EFF3148040F0010080F31488704710B5FD
:108150000A46044620B119B1044B00211B68984718
:108160002046BDE810400CF07BBD00BFA09B002066
:10817000F8B50D4E0D4C0E4D33680E489847677894
:108180002B680C48984733680B489847022F08D152
:108190002478E31F5C425C412B68074898472046DF
:1081A000F8BD0024F8E700BF989B0020CC12002007
:1081B0009C9B0020641200200012002041F2052345
:1081C00098421AD8B0F5905F09D241F20103984263
:1081D0000CD0B0F5885F09D06FF085007047292377
:1081E000A0F5905080B2C340DB07F5D511F0070F22
:1081F0000CBF00206FF086007047B0F5105FEBD128
:1082000021F04003802B06D0B1F5807F0CBF002009
:108210006FF0860070470020704770B5046A05460D
:108220000E463CB901200CF00DFE286228B1204614
:108230006E6270BD6FF08A00FBE76FF08C00F8E7AC
:1082400038B50446006A10B1616AFFF780FF237EEB
:10825000012B0FD0023B012B0FD8E369012B0CBF80
:1082600000256FF0960528220021204627F0D0F93E
:10827000284638BDE369002BF1E76FF09605F2E779
:10828000034660B1017E8A1E012A0AD80329C26909
:1082900002D1012A00D1D3E71AB1013ADA610020F4
:1082A00070476FF0960070472DE9F0418EB004469C
:1082B0000E46FFF75DFF00285FD00AF059FD20B1A0
:1082C0006FF092000EB0BDE8F08104A82AF07CFAAD
:1082D00005460028F4D10090002E4CD0002CEFD0A1
:1082E00036F0030706F003081DD04FF0E063CDE938
:1082F000043001230194069002930C9047F0005340
:1083000001A904A803932AF06FFA04A839462AF0B9
:1083100062FA04A828F09AFA28B13A46294620467B
:1083200027F076F9CCE7B8F1000F24D000254FF004
:10833000E063CDE904350123CDF804D00293104B5E
:1083400001A904A8039306950C952AF04DFA04A8F8
:1083500004212AF040FA04A828F078FA08B132463D
:10836000DCE7009A3C44C300013022FA03F3804565
:1083700004F8013BF7D10020A4E76FF08800A1E7E3
:108380000400002000F0FE43B3F1A06F3FD1214B69
:1083900020F0FF029A4203D110F0FF0027D170476E
:1083A0001D4B9A4220D0A3F588539A4218D020F44E
:1083B000FF7323F00103B3F1062F0DD017498A4252
:1083C00006D0174A93421BD110F0FF000FD170471F
:1083D00010F0FF000BD1704710F0FF0007D170477D
:1083E00010F0FF0003D1704710F0FF0011D00D4BCB
:1083F00040F00070984214BF00206FF08600704774
:1084000010F4004F0CBF00206FF0860070476FF033
:1084100086007047000300060013000600090006EE
:1084200000040006FF000002F8B506460F46FEF7FE
:1084300042FA88B300241B4B22461D46197ED1B157
:108440003CB9022905D1D96919B91979002918BF90
:108450001C460132062A03F12803EFD114B96FF04C
:108460008C0006E02046FEF719FA2046FFF7E8FEEA
:1084700010B100240EE01C46237E83B9012323762D
:108480003EB1651BED1003F1CC335D4305F1804532
:10849000356000203C60F8BD6FF08800E9E76FF0C0
:1084A0009600E6E7D812002000232DE9F04F0B607C
:1084B0008BB006468846FEF7FEF9002800F065817D
:1084C000B34BB4481B68984700283AD106F14043A3
:1084D000052B16D82822B04902FB03110B7E022B74
:1084E00002D14B699E421FD041460020FFF79CFFFE
:1084F000DFF8A8A2044688B3DAF80030A548984708
:1085000021E0002E27DDA44B19461A7E022A02D153
:108510005A69964205D00130062803F12803F4D1A8
:10852000E2E7282303FB00110846FEF7B7F90446EB
:1085300068B9C8F80010994B1B689648984710B165
:108540000CB96FF08F0420460BB0BDE8F08F10F12E
:108550008C0FF0D1C8E76FF08704ECE70125D8F85D
:10856000009021468346C9F814603046C9F804508B
:1085700006AA0AF033FF0446A8BB069F28463946E0
:108580000CF060FC0546002800F0F18030465946AA
:1085900004AA0AF023FF044608BB47B1B5F1005F07
:1085A0005ED3C7F1005303F580339D4258D81022A3
:1085B000002106A827F02CF80023CDE902330AF0A9
:1085C000B9FD304659460AF073FE754B0446984291
:1085D0000CD90AF0DFFD002F42D16FF08B04394631
:1085E0002846FFF7B4FD00210846B4E002AB03AA19
:1085F00006A90AF0F1FD6B4B9842EAD040B1013B6D
:10860000984205D00AF0C6FD57BB6FF09104E6E72B
:10861000DDF808B02A462146039B63485F4594BFB6
:108620000097CDF800B008F06FF90646A0B90AF03F
:10863000B1FD5F4514D8232F15D86FF09804394643
:108640002846FFF784FD31460020FFF780FDD8F86B
:108650000000FFF7F5FD49E00AF09CFD5F45D4D925
:108660006FF09804BBE708222846504927F00BFF1B
:108670000028E2D1AB68002BDFD12E6AA7F12403DA
:108680009E42DAD8B6F5005FD7D29EB331460120BC
:108690000CF0D8FB8346002858D0324605F124015F
:1086A00027F0E4FEEB683946C9F804302B8A2846E7
:1086B000A9F800306B8AA9F802306B69C9F8083054
:1086C000AB69C9F80C30EB69C9F81030BBF1000F89
:1086D00000D08EB9FFF73BFD31465846FFF737FD16
:1086E000D8F80000FFF7ACFD6FF091040023C8F844
:1086F000003028E0B346D5E7FFF729FD314648466C
:10870000FFF78BFD044620BB32465946D9F82000BE
:1087100027F0ACFE31465846FFF719FDD8F80000A7
:108720008368D9042DD483689A0444BF43F400635A
:108730008360037E012B04BF02230376FEF7AEF8AD
:1087400004460028D2D1DAF80030F6E66FF08C0447
:1087500075E731465846FFF7FAFCD8F80000FFF7F6
:108760006FFD14F18C0F08BF6FF08704BEE7214640
:10877000FFF7EDFCD8F80000FFF762FD6FF08C0406
:10878000B4E743F480638360CDE76FF08804DAE6F2
:10879000989B00209C110020D81200209C9B002058
:1087A00081310800FFDF00F0A80B0020543B0308D4
:1087B000F0B5044685B0D0B101A9FFF775FE0446B7
:1087C000A8B9274B27481B689847274F0546019EA5
:1087D000A0BB337E032B12D13046FFF751FD3B681F
:1087E00004462048984728B10CB96FF08F04204602
:1087F00005B0F0BD002C08BF6FF08704F7E7022B2F
:1088000028D1032333763379FF2B26D0B3B1746993
:108810002946204602AA0AF0E1FD8C300DD0204600
:1088200029460AF011FE30B92046294602AA0AF06C
:10883000D5FD8C3001D06FF098052C463046FFF7FF
:108840001FFD3B68002818BF0446064898470028CB
:10885000CDD0C9E76FF09604F0E76FF08404EDE740
:10886000989B00209C1100209C9B00200B4B10B576
:108870001B6804460A48984718B16FF08F042046D9
:1088800010BD2046FFF7FCFC064B04461B6804485D
:1088900098470028F3D0002CF1D1EEE7989B0020F8
:1088A0009C1100209C9B00202DE9F8438846174628
:1088B0001C46FFF7F9FD054648BBD8F80060B368D1
:1088C000B6F800909F431AD10CB3254B24F0FF0259
:1088D0009A421FD114F0FF0304D0224A43F00073E0
:1088E000934232D022464846F168FDF7CCFE074657
:1088F00068B9224648463169FDF7C5FE70BB6FF086
:10890000840500233046C8F80030FFF7AFFF284643
:10891000BDE8F883144B9A42DCD0A3F588539A4201
:10892000D8D024F4FF7323F00103B3F1062FD1D084
:108930000E498A42CED00E4A9342CBD004F0FE4379
:10894000B3F1407F04D12304CCD56FF08605D8E77E
:10895000B3F1A06FF7D0034B9C42C2E73D46D6E788
:1089600000030006FF0000020013000600090006D5
:108970000004000673B50C46054618220021204667
:1089800026F046FE002328461A4601A9FFF78CFF71
:1089900060B9019E35460FCD0FC495E8030084E809
:1089A0000300304602B0BDE870405FE702B070BD22
:1089B000F0B541F221050A44914200D1F0BD0823EF
:1089C000802411F8016B264214BF4FF0010C4FF0C8
:1089D000000CC70B4000BC4580B218BF6840013B8B
:1089E0004FEA5404EFD1E7E7E82909D80123013918
:1089F000C1F3CC0201F007018B40815C0B4383542F
:108A0000704710B5044680B1006870B1002329F0AA
:108A1000ABF8012801460AD1A06808B9002010BDB2
:108A20002379994029F054FDF8E70220F7E7012067
:108A3000F5E770B5C46A0546ACB128F009FF94F8B3
:108A4000286028F07BFFAB6B95F830401D6A28F05A
:108A5000FFFE2D6828F072FF012000FA04F42C427A
:108A600000D1304070BD2046FCE7F8B5046A0546E9
:108A700028F0EEFE2668012706F07F43236028F0E9
:108A80005DFF002495F82430A34200D8F8BD07FA12
:108A900004F3334205D0AB6A53F82400C36B03B12F
:108AA00098470134EEE738B5056A0C4628F0D0FE49
:108AB000012303FA04F12B6823EA01032B60BDE8CC
:108AC000384028F03BBFC36A70B505460E461BB35D
:108AD00028F0E8FC03210022C06A29F0E3FC012809
:108AE000044613D132460421E86A29F0DBFC012850
:108AF00004460BD195F83010A86BFFF7D4FF074B55
:108B000021461A68E86A29F0CDFC044628F05CFF8B
:108B1000601E18BF012070BD0120FCE7345D0020FD
:108B200070B5044698B001465C2201A827F09EFC6F
:108B30002379002483BB049A002A43D0002B41D020
:108B40000124214D5C2201A920488DF8083027F02E
:108B50008DFC05F5BB601822002126F059FD85F833
:108B6000EE451B4D2B7803F0FF065BBB0A2119482D
:108B7000FFF7A9FF23463246314620462C7018B035
:108B8000BDE870401EF09AB9621C18A901EBC20141
:108B900051F8581C99B1D4B29C42F5D3CBE7561C7E
:108BA00018A901EBC60501EBC2025C3D52E91301B5
:108BB00085E80300F2B29A42F1DBDBB2BAE7224663
:108BC000013BF8E718B070BD485D00207008002038
:108BD000180E0020D80D0020174810B5B0F89E34AC
:108BE00013B390F8F04514F0300F23D0134A04F07B
:108BF0001003526852895AB133B140F2823100F603
:108C00009450BDE810405EE7A20613D5E021F6E7D8
:108C10002BB14FF47A7100F69450FFF754FFA3067E
:108C200008D5FA210648ECE700F69450BDE810405C
:108C30001BF0FABF10BD00BF485D0020A49C0020BF
:108C4000DC6A00202DE9FF41374D0DF10E01B5F82A
:108C50009E3405F6D450ADF80E3012F0E1F9BDF8AF
:108C60000E30D5F8D44DA5F89E3403B97CB3631CFF
:108C70002DD024BABDF80E302C4FA5F89E34A5F89F
:108C80007234C5F87444FDF76BFE7B68BDF80E6066
:108C900093F8008095F82436F868012BA5F88068D1
:108CA000C5F884481ED1FF2127F05EFC4FF48002F6
:108CB0000023CDE90023F86827F0BFFA55222146AA
:108CC000F86827F05FFC04B0BDE8F04184E718487D
:108CD0001AF0DEFF002104461548ADF80E1012F020
:108CE000F5F8C7E7314627F03FFC66B195F8FD354A
:108CF000023B012B07D84FF480020023CDE900236B
:108D0000F86827F09AFA7B68FD681B78012B03D17D
:108D1000552221462846D4E742463146204612F0E5
:108D20003FFE0246F5E700BF485D0020A49C0020FE
:108D30001C6B002038B52F4C94F8F03513F0300F31
:108D400052D02D4D6B685B89002B40D0D4F8D83DB4
:108D50000133C4F8D83D94F8F935042B02D1012031
:108D60001DF062F86B6894F800261B7840F6B83165
:108D7000012B40F6FF7308BFFF23032A94F8DC2D74
:108D800008BF4FF4FA6132B11C4AD4F8E00D126802
:108D9000121A91420FD2B4F8E42D9A4215D118F06C
:108DA00026FF0B23B0FBF3F202FB1301C9B21448F8
:108DB0000631FFF788FE05234FF4FA6202210020F6
:108DC0001EF07CF8BDE8384006E70021EFE7D4F854
:108DD000283E0133C4F8283E94F8F935042BEAD133
:108DE00001201DF021F8E6E7D4F82C3E0133C4F849
:108DF0002C3E38BD485D0020A49C0020345D00203E
:108E0000306B002037B51F4DD5F8840D58B103786D
:108E1000DA060AD500217F2381731A460190009358
:108E2000084617F049FB03B030BD448963051CD5E3
:108E3000837BD3B1013B837319F082FA98B14FF46D
:108E40007A72114B5B689B88B3FBF2F303339BB2DE
:108E5000B5F8F01B0D48C1F1C801C91A89B203B0B9
:108E6000BDE830402FE60323F2E724F48C6343810E
:108E7000002117F04DF8D5F8843D24F480645C811E
:108E8000D1E700BF485D0020A49C0020786B002043
:108E90002DE9F347D1F8388005460C4616461F46A3
:108EA000B8F1000F40D190F8243090F825209A4274
:108EB0003CD9172B3AD82C230193019B019B022309
:108EC000DFF86CA0DFF86C9081F828300EB329F041
:108ED00085F80123C4E9063894F82830C4F800A0C6
:108EE00043F00403C4F82090C4F8148084F82830B8
:108EF0000020C4E90E57E46295F8243084F830303D
:108F0000AA6A42F82340013385F8243002B0BDE854
:108F1000F08729F063F80123C4F800A0C4E90636FD
:108F2000C4F820906661E3E70220EFE70120EDE757
:108F3000532C0308857E000828B9084B93F8F025C8
:108F400012F0300205D0002302211A4601201DF044
:108F5000B5BF022101201DF07ABA00BF485D002094
:108F6000034B4FF48051D3F8F40529F0B1BA00BF98
:108F7000485D0020F8B5144B024693F80036032BE9
:108F800007D0FDF7DAFC1346104C1044834202D19F
:108F9000F8BD0220F7E700210A46651EE71D15F916
:108FA000016F16F1800F1FBF9219013112B2C9B2C1
:108FB000BD42F4D129B192FBF1F203F8012B083440
:108FC000E4E76FF07F02F8E7485D0020C56100200C
:108FD0002DE9F047234D95F80036032B14D0FDF70B
:108FE000ACFC06464FF000088027DFF87C905FFA63
:108FF00088FA56450AD895F87C34013303F0070304
:1090000085F87C34BDE8F0870226EBE719F07EF99D
:109010004FEAC804F0B9B8F1010F09D1D9F804300A
:109020001B7813F0FD0F14BF4FF0010A4FF0020A36
:109030005146D9F80C0027F07AFA95F87C342C4484
:109040001C44031EB8BF03339B1084F87D3408F121
:109050000108CCE795F87C342C441C4484F87D74DA
:10906000F5E700BF485D0020A49C0020B0E7831F07
:10907000012B04D9092894BF002001207047022049
:109080007047F8B51E4D0328044695F8FC7501D9C4
:109090000020F8BD95F8003683422FD019F036F93C
:1090A00006460028F4D1012018F0C1FF214685F8BA
:1090B0000046144C384685F8FC7519F0B7F8D4E929
:1090C000021027F038FA19F0DBF863689A88628397
:1090D0005A88E27518781AF053FC0122E0681146AC
:1090E00027F023FA012332463146E06885F8F93546
:1090F00026F0CAFF8020D5F8103698470120C8E72F
:10910000485D0020A49C0020F0B5D3B0A822002127
:1091100028A826F07DFA8822002106A826F078FAF1
:10912000C14CD4F8883D28A99B69186829F0E9FC4E
:10913000012801D053B0F0BD9DF8A0307D2B74D82C
:10914000622B07D8472B5BD83F2B41D8C6228DF81E
:1091500018208AE1A3F163021A2AF7D801A151F875
:1091600022F000BF759400084D9100088D9400080E
:109170004D9100084D910008819200080F9600085B
:109180004D9100084D9100084D9100084D91000847
:1091900041940008379600081D9400084196000885
:1091A0004D9100084D9100084D9100084D91000827
:1091B0004D9100084D9100084D9100084D91000817
:1091C0004D9100084D9100084D9100085B960008F4
:1091D000A3F14002072AB9D801A151F822F000BF3B
:1091E0003F9200084D9100085F920008919200089C
:1091F000AD920008BB9300084D9100080994000847
:109200005C2BA3D1FFF7E4FE4FF07F330793D82305
:1092100007A88DF81830FFF7ADFED4F8883D28A9CF
:109220009B69186829F08CFCC3E0852B8ED1F22352
:109230008DF818307D4BDB8CADF81C30EDE7C12389
:109240009DF8A4108DF81830202901D900230CE1D5
:109250000DF11D008DF81C101AF00EFDDDE7002247
:10926000D4F81836C3E90422C3E90222C3E9002274
:10927000D4F8883D28A99B69186829F061FC50E75B
:10928000D4F8180614220021183026F0C1F9EFE7AF
:109290009DF8A5309DF8A400002B654908BF00216A
:1092A000042828BF002015F0BDFAE1E70025614E33
:1092B000D4F8700E11F07AF9304635601AF0E8FCF7
:1092C0002946304611F026FE1022294606F1A1005B
:1092D00084F8745E26F09CF92946D4F8880E84F848
:1092E000855E1AF0F5FB1021D4F8880E1AF0F0FB19
:1092F0001121D4F8880E1AF0EBFB0321D4F8880E64
:109300001AF0E6FB0421D4F8880E1AF0E1FB0221E2
:10931000D4F8880E1AF0DCFB4FF4A06511F0D4FCF1
:1093200040F20A5611F0B2FD2946D4F8880E0135F4
:109330001AF0CEFBB542F7D14FF4806540F20A46F1
:109340002946D4F8880E01351AF0C2FBB542F7D190
:1093500012F018FB94F88E3D0BB984F88D3DD4F8CB
:10936000883D00211B69186829F009FCD4F8883D64
:109370000021D86929F003FCD4F8883D0021586900
:1093800029F0FDFBD4F8883D00219B69186829F07D
:10939000F6FB264B93F8200012F03EFA10F070FB1B
:1093A00010F02AFF13F0F0F8FDF7BAFAC4238DF895
:1093B000183006A81BF030FCB3E6D4F88C3ECBB1D5
:1093C0005A68910616D593F85A2002F00F02022A25
:1093D00004D11A7842F010021A7049E7987F01937D
:1093E000B0FA80F07F2300211A460093400917F05D
:1093F00063F83DE7D4F8843D002B3FF439AF5A6859
:1094000092067FF535AFE4E7C7239DF8A4008DF8F9
:109410001830FEF7DFFD8DF81C00FEE6064B074A0C
:109420005A6218F0EFFB00BF485D0020A49C0020AA
:10943000CD7800081C6B00200000085000001D03C0
:10944000DF238DF81830D4F8903E43B1D4F8943E21
:1094500073B1D4F8983E002B7FF4F8AE0223299A1A
:1094600004EB8303C3F8902E01238DF81C30D4E65F
:109470000123F4E79DF8A420032A3FF6F9AE824BBE
:1094800013449DF8A52083F82120F1E6DC238DF814
:1094900018300023D4F8A01E9DF8A45084F89C3EF8
:1094A00031B97A4E7A4A30461BF00AFBC4F8A06EF6
:1094B000B4F89E34BBB100260A230321D4F8880EE9
:1094C00003AACDE90366ADF8146018F06DFC9DF8B1
:1094D0001230012B07D131460820FEF7F7F900239F
:1094E0008DF8203099E6002011F062FDB4F89E342A
:1094F000C3B994F80066032E14D1664F0120FFF71C
:10950000C0FD014670B9012027F0CCFF3B6828F070
:1095100057F828F059FA08B929F00FFA013E16F069
:10952000FF06EBD1002D6ED0002384F8E43E94F8C2
:10953000E53E23B1012384F8E53E1DF0E3FB012D58
:109540000AD184F8E45E18F029FB0423C4F8E83E4D
:10955000022384F8E53E0BE0032D11D1022584F8A7
:10956000E45E18F01BFB0423C4F8E83E84F8E55ED3
:109570001DF0C8FB94F8E53E003B18BF0123AFE7A0
:10958000042D38D1B4F89E3433BB434A1278012AF3
:1095900003D0042A1CBF414AD36001250120FFF7F4
:1095A000CBFC84F89C5E1AF0A9FA034690B9364ABF
:1095B000022152681278023AAA428CBF2A4603223C
:1095C00062F30F23354AD36003221CF040FF284684
:1095D00011F0EEFC0423BCE794F8EC3E43B9012300
:1095E00084F8EC3E2C4B1B78052B01D118F05CFC69
:1095F00018F0D4FA73E7022DBAD10023C4F8E83E7C
:1096000018F0CCFAB2E7012384F8E45EA1E7DD2389
:109610008DF81830299B5A1F5E2A02D8C4F8F03EF4
:1096200001E0002BFAD0D4F8F02ED31A5A425A4156
:109630008DF82020F1E59DF8A40012F0C1FE17E698
:10964000D4F8F43E23B1002011F024FE11F000FE06
:10965000134B144A1A6006F0E5F9E9238DF8183027
:1096600094F8FD35012B3FF4F1AD9DF8A430092BA2
:109670003FF6ECAD03EB8303B4F8FA2E5B00DBB2EC
:10968000D31AA4F8F83EEFE6A49C0020EC6B00206F
:10969000E96B0208744F0020C49B002000000850B2
:1096A0000000002002020FF070B50646FFF7DFFC55
:1096B0000C46074D05EB8000D0F8043105EB86051C
:1096C000084698472046D5F81431BDE87040184741
:1096D000583A03080278112A03D8044B1341DB07D8
:1096E00003D5037C43F0010303747047E77CFCFF60
:1096F000431E032B024612D9A0F10C03D8B2022854
:1097000010D9A2F10F03D8B202280BD9931F022B54
:1097100007D9A2F109035A425A419000704701202B
:10972000704703207047F0B50446067E90F84870F5
:1097300087B0F319023380F82030114B02AD0FCB04
:1097400085E80F002146A37C11F8190B8DF80F3026
:10975000E37C49348DF8103054F8353C0593FFF71D
:10976000C7FF0A468DF809003B463146284600945B
:109770001CF098FB07B0BDE8F040FDF709B900BF49
:109780009C3B030830B5144B87B0B3F8B8200546AE
:10979000ADF80420028902AC8DF80520552203F5AE
:1097A000AA738DF806200FCB84E80F002878FFF706
:1097B0009FFF6422094B8DF80900A3F8F02BEB7C86
:1097C0000321204601AA8DF810301CF023FC07B0BD
:1097D000BDE83040FDF7DCB8583A0308485D00208A
:1097E000034B5B681878431E58425841704700BFCE
:1097F000A49C002010B5114A92F8701492F8743E9F
:1098000001F0070433B1002C0CBF00238823A2F819
:10981000783410BDFFF7E4FF00280CBF2E239623F9
:1098200014B10C3B9BB2F2E70906F0D5143B9BB296
:109830005B009BB2802B28BF8023E8E7485D0020B7
:109840002DE98048BE4BBF4C1B68C1B0C4F8F4354D
:1098500083461AF03BFA0023C4F8903EC4F8943EC5
:10986000C4F8983E94F8FC3E0BB91AF02FFA002386
:10987000B54AB64952F8040B884204D0C0BB04EB89
:109880008303C3F8001F0021D4F8180F04231BAA78
:10989000C4F8880E1B9118F087FAAD4D38B1D4F892
:1098A000180F18F093FB08B912F06CF81B951B9B6E
:1098B000AB4251D824D0B3F1A06F4FEA13621BD250
:1098C0001CF0C8FC002525AA08230321D4F8880E23
:1098D000CDE92555ADF89C5018F066FA0A2303210E
:1098E000D4F8880E25AA8DF89C5018F01BFB05E0D3
:1098F0000133062BBED1C6E7052AE3D01AF054F88F
:109900000025944F944EB846B2462B46D4F8889E14
:109910002593B9F1000F00F010814846316825AA5F
:1099200019F07EFA0023002840F044817168259ADE
:1099300091421CBF03200125884A0836964208F848
:10994000010BE5D1002D40F038811E230421844A0B
:10995000D4F8880E18F028FA9BF80C20814903925D
:10996000814ADBF808A00A630C324A664FF40051C2
:10997000A4F8681F7D49D4F8F42501F13400C4F837
:109980006C0FC4F8742F072020220023012584F8CF
:10999000700F0A92081D84F8403F84F8413F84F814
:1099A000423FC4F8F43BC4F8F83BC4F8443F0A9A79
:1099B00084F88A5528F050FF84F8605FC4F8641F6B
:1099C00010F01AFCDAF808301B7813EA050706D104
:1099D000990600F1178113F0100718BF032700251F
:1099E000DAF80C30624893F80880B4F89E34B8F185
:1099F000FF0F16A908BF4FF00008ADF8583011F05E
:109A00000FFBBDF858305B4EA4F89E345A4B2A2207
:109A1000C4F8F83F594B294646F8F83C584B0DF12D
:109A2000960046F8F03CC4F8FC5F46F8F45C46F853
:109A3000EC5C25F0EDFD04238DF894808DF8957095
:109A40008DF89830DAF80C3003211A78D4F8880EA3
:109A50008DF899205A88ADF89A209A88ADF89C2004
:109A6000DA88ADF89E20474A2892474A2992474A09
:109A70002A92474A2B92A6F1E8022C925A7A8DF844
:109A8000B4209B7A1BAA8DF8BC300A23CDE91B5564
:109A9000ADF8745018F088F99DF8733008F0FD02A5
:109AA000092A8DF8963007D1013B012B04D90120FA
:109AB0008DF8960011F098FA25A810F09DFE00226E
:109AC0008DF89800334846F8BC2C114642600830A7
:109AD0001AF0F6FFB4F89E3423B96FF065010E203A
:109AE00011F08CFF2C4B2D482E9326F0E8FA14220F
:109AF00000211CA825F08CFD294B2A4F1B932A4BD3
:109B000000221B881BA9ADF87C304FF48063ADF8B0
:109B10007E304FF48073ADF88030244B07F10C0099
:109B20001B682193224B229303F58063239324F037
:109B3000EFFE0290002867D0FEE701252846FBE6ED
:109B40005C0C0020485D0020486C00200C3C0308A1
:109B500001180706646C0020143C0308443C030809
:109B60006A6C0020600C0020CC9C00208C6C0020D3
:109B70001C6B0020406E00201569000881690008F8
:109B8000EDA30008C17400081575000839690008C4
:109B900071740008846D002059A50008690345EC24
:109BA000E9640208A49C002038A003083CA0030834
:109BB000CC6D002002200125BEE64FF000080125F3
:109BC000464617F8013B5AF83890022B0DD125B1C3
:109BD0000021484611F0B6FA054605F0010508F1E6
:109BE0000108B8F1060FECD1AFE6032BF7D14946D7
:109BF000D4F8880E25AA259619F012F9002DECD07C
:109C00002599E6E70227EAE6D14D0DF1940CBCE870
:109C10000F000FC5BCE80F000FC59CE80700DFF878
:109C20008C9385E807000121F8681DF0FDFAB9F86A
:109C3000EC3113A9F868ADF84C3026F0E4FA13A91A
:109C4000F86826F0F6FA0122F868114626F018FBAB
:109C5000BDA3D3E90023CDE90023F8684FF0FF321C
:109C60004FF0FF3326F0E9FA94F81C06003818BFCD
:109C7000012018F019FB94F8FC3594F8FD250493A5
:109C8000B4F9023609F5C6700793B4F90436023AFE
:109C9000059309F5B27194F80036012A98BF014680
:109CA000F868069325F074FC002851D1A94BD22105
:109CB00003F17409059BF868A9F88C34079BA5F893
:109CC000DE38A5F8DC3825F02FFDF8681DF096FA8F
:109CD000C728D4BF8C22C82235F9163C029993427A
:109CE000A8BF13460846FA8425F8163C18F030FA47
:109CF0000699049818F09AFAD7E9021026F01BFC8E
:109D000018F0BEFA7B689A887A835A88FA751878B0
:109D100019F036FE904B914A5B6823F0404323F4E0
:109D200040031B0C1B04934212D0322513A88DF85C
:109D30004C501CF059FA9DF84C30B3FBF5F205FB82
:109D40001233B9F88C242A4452FA83F3A9F88C34DC
:109D5000834D844F6B6807F10409187819F010FEE1
:109D60000122E868114626F0E0FB002518F0B1F961
:109D7000A8424FF0000300F2C78101257A4B7B4FC8
:109D80001B6807F59460C7F89C341CF02DFADAF8CC
:109D9000080087F8A15410F009FC404611F03CFD82
:109DA000E922E421724825F033FC2946714A7248C1
:109DB0001AF086FE0021714A71481AF081FEFEF702
:109DC00041FF039B6F4D042B01D0012B25D10027B0
:109DD00001201BA91B9719F088FE1B9B02201A0A61
:109DE000694985F8753E85F87D2E1A0C1B0E85F89D
:109DF0007E3E85F8762E19F078FE0320634919F02F
:109E000074FE04201BA919F070FE1B9B85F87B7E55
:109E100085F8853E1B0C85F8833EFCF781FD95F89F
:109E2000F035DA0702D50120FEF7D4F800274FF00D
:109E3000090A574B574DCBF82030574BDFF870814C
:109E4000CBF82830AB1CCBF82C50CBF83030CBF80B
:109E5000248084F88CAD84F88D7D84F88E7DFFF7A6
:109E6000C9FCAB1D05F15602F8210520009728F02A
:109E7000FEFC4A4BC6F8D009D3F8009005F23253E5
:109E8000C6F8D40905F28E52A821C6F8DC9986F8E6
:109E9000D8A9CBF81030022005F23E53009728F0E5
:109EA000E6FC0A2386F8843B05F2DE63C6F8800BE5
:109EB00005F23A728821C6F8889BCBF81830042046
:109EC00005F2EA63009728F0D2FCDBF800209BF84B
:109ED0000530C6F8FC0DC6F8000EC6F8082E86F848
:109EE000043E05F6BA1205F66A13E021CBF81C0011
:109EF0000097022028F0BBFC294DDBF800209BF8DE
:109F00000430394645F8DC0C45F8D80C45F8D02C1F
:109F1000CBF81400234AA5F1CC0005F8D43C1AF084
:109F2000CFFD1122C4F888BD0024DBF8283021467B
:109F300045F88C3C15F8883C1B48112B88BF05F868
:109F4000882C08F10A0335E0088D01552202000033
:109F500044630020CC6D00200080E00F0000170358
:109F6000A49C0020CE720020345D0020406E0020B2
:109F7000E961002011690008DC6A002099E100080D
:109F8000306B0020485D0020BF6B0020C76B0020B5
:109F9000586D0020E2720020B46100205C0C0020AB
:109FA000387F0020BD800008BC7E0020583A03089E
:109FB000463C030898BF05F8882C584A8CBF45F8E2
:109FC000843C45F8843C45F8804C1AF079FD2146E4
:109FD000534A54481AF074FD2146534A53481AF024
:109FE0006FFD534BC5E9114493F8F035DB070FD5EE
:109FF00005232246022120461CF060FF01214D4826
:10A000004D4A1AF05DFD4FF47A714A48FEF75BFD48
:10A0100000240020FEF790FF484B21466B64484B1C
:10A02000484A1B684848C5F89030AC64C5F88C4075
:10A030001AF046FD182221461BA825F0E9FA214610
:10A04000182225A8169425F0E3FA4FF4E02025A95C
:10A05000FEF790FC10B33D4B44F201011BA81B938B
:10A0600011F07CFA4FF4E022394B20921E931C9B96
:10A07000DAB222B923F0FF0343F001031C9317F077
:10A0800007FE022846D140F201131C9325A91BA804
:10A0900018F056FC10B110F18B0F06D14FF4E020F0
:10A0A0002C4916AA18F054FD18B111F05DFA11F000
:10A0B00019FBDBF8083000255B68274E187812F092
:10A0C0007FF9264B04215B6830681F78FF230DF170
:10A0D00023028DF8233001230B9517F065FE9DF8C0
:10A0E0002330FF2B40D0FCF701FC1D4B5B689BF835
:10A0F0000C30032B00D013B9012011F0CBF8194C10
:10A10000204619F0B3FBFBE707F8013B29F8023BB7
:10A1100001352BE6012808BF1C90B7E7055502085A
:10A120006D0C0208FC7E0020D90C02083C7F002048
:10A13000485D0020847F00206D9000085D74000859
:10A14000345D00205DA00108CC7F00204171FF003C
:10A15000000002090C800020D4130020A49C0020E1
:10A160000080E00FB07E00201022294617A8169527
:10A1700025F04EFA6622294626A80C95ADF83450F3
:10A180000E95ADF83C5025F043FA43F23903ADF893
:10A19000943043F23013DFF84482ADF896300EACC1
:10A1A00098F8013009A98DF8243018F8023B0CA862
:10A1B0008DF8253017F0FAFC20460CA918F01AFB90
:10A1C000206828AB5A19585123790535282D137169
:10A1D000E6D1032309A90CA8ADF8243017F0E6FC5A
:10A1E00006210CA826F079F97B4B0DF19D05ADF801
:10A1F0009D30421EAB709DF808300299984201F1E3
:10A200000101029100F2BB8043F2310343F23008B6
:10A21000ADF8CA304FF4805309A90CA8ADF824302A
:10A22000ADF8C88017F0C2FC20460CA918F0E2FA7D
:10A2300094E8030040F2047333908DF8D0100CA81A
:10A2400009A9ADF8243017F0B1FC20460CA918F08C
:10A25000D1FA23790E988DF8D53043F23023ADF83A
:10A26000D63043F23203ADF8D8306323CDF8D100B5
:10A2700009A90CA8ADF8243017F098FC20460CA9C9
:10A2800018F0B8FA23790E988DF8DE3044F65213A0
:10A29000CDF8DA0009A90CA8ADF8243017F086FC37
:10A2A00020460CA918F0A6FA23790E988DF8E33011
:10A2B00043F23543CDF8DF0009A90CA8ADF82430EE
:10A2C00017F074FC20460CA918F094FA94E80300E7
:10A2D00040F6140339908DF8E8100CA809A9ADF8E0
:10A2E000243017F063FC20460CA918F083FA237978
:10A2F000023F8DF8ED3043F63003ADF8EE3043F217
:10A300003033012FADF8F03094BF032301230E98B2
:10A310003033CDF8E9001BA8ADF8F2808DF8F430A9
:10A3200028F052FA002835D06FF0920011F01CF995
:10A3300011F0D8F9BDF8583009A95BBA0CA8ADF8EE
:10A34000243017F033FC20460CA918F053FA94E897
:10A350000300202326908DF89C10204A03213068AA
:10A3600017F0E0FD25AA6A230521306817F0DAFD11
:10A370000123042130680BAA17F0D4FDB3E640A9ED
:10A38000C91AD31A03F580736B4413F8D03C01F853
:10A39000613C30E7124B5821CDE91B301D902390D2
:10A3A0001BA828F018FA01230E4A10951193129257
:10A3B00016AA139214930C4B10A91BA8159308F01E
:10A3C000AFFE1BA813A928F00FFA1BA826F03EFA2F
:10A3D0000028AFD0A8E700BF303030000C8000204C
:10A3E00000020003580000201400002008B5044BB0
:10A3F00083F87004FCF7B4FABDE80840FFF7FAB937
:10A40000485D002008B5430756BFC0F34002402214
:10A4100052010146FFF7E4F910B142F0030008BD14
:10A4200001F03801102904D020290CBF032001209D
:10A43000F5E742F00200F2E7012803D9022808D02C
:10A4400000207047487900F00F00431E58425841E1
:10A450007047087A00F00700F7E7012806D8487926
:10A4600000F00F00831E584258417047002070478B
:10A47000012806D8487900F00F00431F5842584180
:10A48000704700207047012803D9022808D0002017
:10A490007047487900F00F00C31E5842584170477A
:10A4A000087A00F00700F7E7012802D14879C009CF
:10A4B000704718B94879C0F380107047022801D15D
:10A4C000087AF4E700207047FFF7EEBF012803D1B8
:10A4D0004879C0F38010704718B94879C0F340102C
:10A4E00070470020704702280DD0012807D1487915
:10A4F00000F00F00A0F1080358425841704710B90E
:10A500004879C009704700207047012803D1887A34
:10A51000C0F38000704708B9487AF9E70020704717
:10A52000012806D18B7A13F0060F14BF01200020FA
:10A53000704708B94B7AF6E700207047012803D925
:10A54000022805D000207047487900F00F007047BE
:10A55000087A00F00700704770B504468AB01C22E4
:10A560000D4601A8002125F053F82378E178013B3E
:10A57000DBB2032B8CBF00233A4A8DF8171098BF2B
:10A580009B18294698BF93F83C32A2788DF8043086
:10A590006378032A8DF81430134628BF032311F87B
:10A5A000010B8DF815308DF81C006068089109903A
:10A5B0001846FFF7C3FF2C4E012896F8741E1AD1D7
:10A5C000A2B995F90620002A09DB91B9254A02EBC8
:10A5D0008303D3F84032204601A9984709E041B9E6
:10A5E000204A02EB8303D3F85032F4E7D1B1022AB8
:10A5F000ECD00AB070BDE1B1022AFAD102380628C7
:10A60000F7D801A252F820F059A600084DA600087C
:10A61000F3A5000841A60008F3A50008F3A500086B
:10A62000E1A50008B6F89E140029CFD0022AE0D098
:10A63000CCE7B6F89E140029E0D0022ADED1D8E794
:10A64000084A02EB8303D3F86032C4E7054A02EB01
:10A650008303D3F87032BEE7024A02EB8303D3F8D8
:10A660008032B8E7583A0308485D0020012802D933
:10A67000022806D070474B7923F00F031A434A7122
:10A6800070470B7A23F007031A430A7270470128B8
:10A6900004D14B7963F07F034B71704718B94B7944
:10A6A00043F04003F8E7022802BF0B7A63F07F0310
:10A6B0000B727047012804D18B7A43F001038B722F
:10A6C000704718B94B7A43F001034B727047012869
:10A6D00004D18B7A23F001038B72704718B94B7A3F
:10A6E00023F001034B727047012804D18B7A43F0A9
:10A6F00002038B72704718B94B7A43F002034B7216
:10A700007047012804D18B7A43F004038B727047A1
:10A7100018B94B7A43F004034B727047012802D1F9
:10A72000C87A0009704708B9887AFAE700207047AC
:10A73000012803D1C87A00F00F00704708B9887A61
:10A74000F9E700207047012804D1887AC04300F05F
:10A750000100704708B9487AF8E7002070470128DF
:10A7600003D1887A00F00100704708B9487AF9E708
:10A7700000207047012802D11201CA72704708B93F
:10A7800012018A727047012807D1CB7A02F00F02BA
:10A7900023F00F031343CB72704730B98B7A02F06A
:10A7A0000F0223F00F0313438B727047012803D16C
:10A7B000887AC0F34000704708B9487AF9E700206A
:10A7C0007047012804D1487900F00F00012808E003
:10A7D00058B991F905204B79002A0DDB03F00F03DE
:10A7E000012B14BF002001207047022803D1087AF2
:10A7F00000F00700EAE700207047022813D0012884
:10A8000007D1487900F00F00082814BF002001206C
:10A81000704740B991F905204B79002A04DA03F01A
:10A820000F03012BF1E700207047FFF73DBE022820
:10A8300001D1487A7047012801D1087A704718B9C8
:10A84000887900F00F00704700207047012806D17A
:10A850004B7923F00F0343F008034B717047002836
:10A86000FCD14B7963F07F03F7E701289EBF4B795A
:10A8700003F07F034B717047012802D11144087B1C
:10A88000704710B91144C87A7047002070470128FA
:10A8900002D111440B73704708B91144CB72704751
:10A8A0000346022B08460BD10B7A01F10C0213F080
:10A8B00040031EBF0B7B03F007030133D018704722
:10A8C000012B01D1FCF7E7B90BB909307047002023
:10A8D0007047012803D1487A00F0E000704708B9BA
:10A8E000087AF9E700207047012803D1487A00F080
:10A8F0001F00704708B9087AF9E70020704701285F
:10A9000002D101F10A00704710B901F10900704746
:10A9100000207047012808D010F0FD0F0CD18B7972
:10A9200002F0600223F0600304E08B7902F0700211
:10A9300023F0700313438B717047012806D010F089
:10A94000FD0F07D18B7923F0600302E08B7923F0B0
:10A9500070038B717047012804D010F0FD0F05D0F3
:10A9600000207047887900F070007047887900F007
:10A9700060007047012807D010F0FD0F03D14B7A1B
:10A9800043F008034B7270478B7963F07F038B7140
:10A990008B7A43F008038B727047012807D010F0C0
:10A9A000FD0F03D14B7A23F008034B7270478B796C
:10A9B00003F07F038B718B7A23F008038B7270474F
:10A9C00010F0FD0F02BF8B7A01EB1311CA727047B2
:10A9D00010F0FD0F01BF8B7A01EB1311C87A00F064
:10A9E0000F0018BF0020704710F0FD0F07D18B7AC1
:10A9F00001F10B001B09C15C41EA0212C25470470D
:10AA000010F0FD0F01BF8B7A01EB1311C87A00091A
:10AA100018BF0020704720B9887A114401EB10114B
:10AA20000B73704728B98B7A114401EB1311087B23
:10AA3000704700207047C37A00EB13100C3070474A
:10AA400008B50346012B084607D013F0FD0F08D1C7
:10AA50008B7A01EB1310C27203E0FFF7ECFF1201D7
:10AA6000027008BD08B50346012B084604D013F058
:10AA7000FD0F06D0002008BDFFF7DDFF00780009BC
:10AA8000F9E78B7A01EB1310C07A00F00F00F2E7C0
:10AA9000012804D010F0FD0F07D000207047CB7ABA
:10AAA00001EB1311087B000970478B7A01EB13113E
:10AAB000C87A00F00F0070470346012B084610B516
:10AAC0000BD013F0FD0F11D18B7A01F10B041B0990
:10AAD000E15C41EA0212E25408E0FFF7ACFF0378C0
:10AAE00002F0070223F007031343037010BD10B5F3
:10AAF0000446012C0846194608D014F0FD0F09D170
:10AB0000837A104400EB1310017303E0FFF793FF07
:10AB10001044417010BD10F0FD0F01BF8B7A8918F1
:10AB200001EB1311087B18BF00207047012804D0E7
:10AB300010F0FD0F16D0002070474B7903F00F0383
:10AB4000082B04D1887A10F0080004D1704791F9DD
:10AB50000630002BEFDACB7A01EB1311487B00F0C3
:10AB6000070070478B7A01EB1311C87A0009704710
:10AB70000346012B084604D013F0FD0F03D000203C
:10AB80007047FCF79EB88B7A01EB1310C07A00096E
:10AB9000704708B50346012B084604D013F0FD0F9B
:10ABA00006D0002008BDFFF746FF01321044F9E748
:10ABB00001F10B03897A013202EB11129818F1E7C7
:10ABC0000346012B084601D1FCF793B86BB9827A92
:10ABD000437A0B3113F008034FEA12121EBF8B5C4D
:10ABE0001B0901331A44881870470020704710B5BC
:10ABF0000A460446FFF794FC002835D1012C1CD1ED
:10AC00005479D379C97A04F00F040E3B082C4FEA2B
:10AC10001111DBB207D1907A10F0080007D15B1A4E
:10AC20001B1AD8B210BD92F90640002CF7DA0A447C
:10AC3000507B00F007000130F1E7002CF2D1537A8D
:10AC4000897A13F008034FEA1111D0791CBF52180A
:10AC5000D37AA0F10C0018BF1B09C0B218BF013392
:10AC6000401AC01AC0B2DDE70020DBE7012802D19C
:10AC700001F11200704710B901F111007047002076
:10AC80007047012803D1C8791438C0B2704710B991
:10AC9000C8791238F9E7002070470346012B0846AF
:10ACA00001D1FCF743B833B90A7A01F1090302F084
:10ACB0001F02981870470020704701281DD14B795A
:10ACC000C87903F00F03082B4A7A04D18B7A1B074B
:10ACD00005D40A230AE091F90630002BF9DA02F0D4
:10ACE0001F03C91A8B7A03F007030A33013802F0F5
:10ACF0001F02801AC01AC0B2704728B9C8790B7AEF
:10AD00000A3803F01F03F5E700207047012802D13D
:10AD10000846FCF727B800207047012802D10846F2
:10AD2000FCF73DB800207047022805D148790B791F
:10AD3000000940EA03107047012801D108797047E3
:10AD40000028FBD000207047022808D113090B719E
:10AD50004B7903F00F0343EA02134B71704701284C
:10AD600001D10A7101E00028FBD07047022806D10A
:10AD70004B7988791B0203F47063184370470128EC
:10AD800001D1487A704708B9087A704700207047A7
:10AD9000022808D14B79C2F3032023F00F030343A9
:10ADA0004B718A717047012801D14A72704700B90E
:10ADB0000A727047437903F00F03082B07BF807AAC
:10ADC00000F00800807900F0800070470346012BF6
:10ADD000084600D1EEE71BB9487A00F0080070473A
:10ADE000022B0ABF087A002000F04000704708B527
:10ADF0000246FEF7F5FC60B9094BD3F88C3E4BB127
:10AE00005B8903F00601022903D003F00703042B3A
:10AE100000D19208012A38BF0122104608BD00BFA8
:10AE2000485D0020F8B505460C46074FA7F1B4066B
:10AE3000304619F0F9FE2146304647F8785CBDE807
:10AE4000F840FDF740BE00BF406E002073B50E46CF
:10AE5000054601A930460FF0F3FD9DF8053013F0CB
:10AE60001C0FC3F3820409D1144A164496F8A13486
:10AE700003F003018D4213D100240AE0002DF3D129
:10AE8000013CE4B22046FBF7A9FF204602B070BDAA
:10AE9000012482F8414FF8E70224FAE70324F8E797
:10AEA000C3F38101A942F3D0C3F301118D42F3D062
:10AEB000B5EB931FF2D00024E7E700BF485D002008
:10AEC000F0B50446344F87B097F8A00401A90FF0FD
:10AED00093FD694697F8A0040FF0B2FD032C03D947
:10AEE000FF24204607B0F0BD9DF804302B4D85F8B7
:10AEF000F430002BF4D0204697F8A014FFF7A6FFFB
:10AF000006AB00B203EB800050F8132C2301C5F808
:10AF1000F620D2B2DBB2FE2A85F8F5300DD0002241
:10AF2000114605F1F50010F8016F3EBB09B185F837
:10AF3000F53014B1D2B2002AD2D0204697F8A0142E
:10AF40009DF80060FFF782FF400046FA00F303F02F
:10AF50000303022B1CD0032B1CD0002B0CBF20237F
:10AF6000082385F8FA309DF8013013F003031EBF63
:10AF70005B0043F0100385F8FA30B2E70132013389
:10AF8000042A4FF00101DBB2CDD185F8F530D4E7CA
:10AF90001023E6E71823E4E7485D0020387F00200F
:10AFA00070B586B0044601A900200FF025FD9DF87C
:10AFB000040010F028FCFF23154E164D86F8FC30D7
:10AFC00085F8A03496F8FE30A3420DD1002085F814
:10AFD000A004FFF775FF86F8FC0095F8A004FF3881
:10AFE00018BF012006B070BD204601A90FF004FD76
:10AFF00021460020FFF72AFF06AB03EB800010F884
:10B00000133C002BE9D0002085F8A044E1E700BF05
:10B01000387F0020485D002038B5134D044695F870
:10B02000402F124B3AB1D3F8FF30C0F83E30002326
:10B0300085F8403F38BD93F80321042A0BD193F8DB
:10B04000042142B1D3F80D21D3F81131C0F83E20CC
:10B05000C5F8D43DEEE7002105480FF0E1FFD5F833
:10B06000D43DC4F83E30E5E7485D0020387F00203D
:10B070001C6B00202DE9F74F0546DDE90C9494F890
:10B080002C00984692460F4617F0F4FB022808BFA2
:10B09000636804F1550102BF23F0040343F0100379
:10B0A00063600646FFF7A9FB02463046FFF7FCF94E
:10B0B00003463046FFF70AFA400040EAC30343EA7A
:10B0C000021394F8462003F01A0322F01A021343E5
:10B0D00084F846306368B4F844B09B0003F008037A
:10B0E0006381237A13F02003009304F1140342D107
:10B0F000B8F1010F37D19AF80020002A33D1022E7F
:10B1000031D1042284F88460A4F8852099E80300F2
:10B1100083E8030025F010056581FBF78BFE012114
:10B1200002463C4B83F88A15237A990613D42346AA
:10B130003946304614F06EFB022E0CD16368DB07F3
:10B1400009D5344B93F80036032B01BF63785A1CA2
:10B1500062F30303637020466389A38103B0BDE8F3
:10B16000F04F15F03DBA4246514604F18500019377
:10B1700025F07CF9019B84F8848099E8030083E83A
:10B180000300731EDBB2012BC4D9022F09D0042D9A
:10B1900007D05FFA8BF3FF2B28D125F0070545F088
:10B1A0000105002EB9D1009BDBB9DFF8688098F863
:10B1B0008A3543B3A7F1080C05F00700DCF1000164
:10B1C000A0F1020E41EB0C01DEF1000040EB0E009D
:10B1D000FBF740FE3843C7B2012384F84B7088F870
:10B1E0008A350FF047F8002265819DE76B07D8D1BB
:10B1F000094BB3F816215A45CFD193F8183105F011
:10B20000F8051D43CDE798F88C3547EA0313DFB204
:10B21000E2E700BF485D0020387F00202DE9F04FB5
:10B220008DB0189C054667680693F80444BF012357
:10B2300084F82C3094F82C008B46164617F01AFB35
:10B24000022880469DF858906DD100220425BC4B01
:10B2500027F0040747F01007676083F8902504F192
:10B260005F0362680393110542BF237A63F07F0393
:10B27000237212F0C00F40F09C80CDE90098314657
:10B28000237A05F00700FBF72FFE0746002840F061
:10B29000AE81DFF8ACA29AF88F35002B00F08980E0
:10B2A000237A5A0640F1A38165689AF8903525F013
:10B2B000200565600A90ADF82C00EDB20BB145F0A9
:10B2C0002005A04B179A92E8030083E8030020466C
:10B2D00015F0C1F800238AF8903510F085F848B9C8
:10B2E000B9F1AA0F28BF4FF0AA0906994A46964815
:10B2F00025F0BCF8954C002341F28831944A04F5BE
:10B30000F67010F08BFD10F06FF888B1002102206C
:10B31000FCF700FD0023CAF8F43BCAF8F83B3846B6
:10B320000DB0BDE8F08F012899D104F1600398E7D2
:10B3300094F840C2BCF1080F05D8864B634493F8DB
:10B340009032012BE2D0804BADF824B0C4F8E0314C
:10B35000ADF826608DF82A50B3330CAA12E9070025
:10B3600003C31A807C4B1122C4F8D8310023A4F8FF
:10B37000E491A4F8E63184F8E82184F82B3284F8CB
:10B380002C32A4F8383284F83A32A4F8CA31A4F83E
:10B390003C62BCF1000F06D0BCF1060F07D011F0E3
:10B3A000D3FC0127BBE7172010F03CF8F7E7182083
:10B3B000FAE70023624FD4F804A097F89025A4F888
:10B3C00042B0A4F844606377002A51D087F89035E2
:10B3D000237A43F0010323721AF0900F5AD116F02A
:10B3E000FF0359D140F6FF739E424FF001074AD048
:10B3F000637F73BB636803F00503052B40F0E980AE
:10B40000F0B2FFF7CDFD002800F0DB80DFF83CA1B3
:10B410009AF8FA00FEF7F6FF9AF8F520054602F0D2
:10B420000F02531E032B0ED8B8F1010F4FEA02177B
:10B430000AF1F60100F0BE8004F1600025F016F874
:10B4400084F85F700827052363779AF8F430A4F82E
:10B450004430626812F0C00F00F0BE80179B39467E
:10B46000009328464B46069A0194FFF703FE98E79F
:10B470001AF0400FB0D007230827637740F6FF7318
:10B480009E4240F08F80B8F1020FB1D12AF005033F
:10B490006360ADE70127F1E797F8852E002AF9D020
:10B4A00097F87D2E9A4248D097F8752E9A42F1D19E
:10B4B000002307EBC307D90097F8763E029303F009
:10B4C0000F026389029823F0070343EA101397F8E9
:10B4D0007B0E23F0600300F0600003431FFA83FB40
:10B4E000A4F80AB0FEF77CF91C4B1944130104932D
:10B4F00002F10D03059398B304F1610024F0B6FF47
:10B50000049B84F86030059B84F854301BF0600F76
:10B5100018BF237A05F098051CBF43F0100323726F
:10B52000039B1B780F2B4FF0030363770BF067032C
:10B530008CBF082701271D43A0E70123B9E700BFFF
:10B54000485D00203C69002051800020387F0020A9
:10B5500091BF0108583A0308157D0008BF6B002011
:10B56000079004F1600024F081FF049B84F85F30B1
:10B57000059B84F8543097F87C2ED307C6D5227AE1
:10B58000029B42F00402227223F0700242F0300269
:10B59000079B87F8762E97F87C2E63F3000287F8D6
:10B5A0007C2EB3E7FF2E7FF423AFB8F1020F3FF4F8
:10B5B0001FAF6BE704F1610024F058FF84F860705E
:10B5C00040E7636823F004036360637F002B7FF42C
:10B5D00040AF062363773CE7CDE900983146237AF4
:10B5E00005F00700FBF780FC00283FF437AF20464A
:10B5F00014F031FF002792E62DE9F04F684B89B037
:10B60000D3F88C4E002900F09A80002C00F097802F
:10B61000FEF7E6F804F155010646FFF794F8002816
:10B6200000F08D8094F84790B4F844B0002E00F0FC
:10B63000898094F8607004F161014FEA171842465E
:10B6400005A824F013FF0220B4F842A00EF048FE33
:10B6500008F102050446002871D0032243785FFAFE
:10B660008BFB62F303034370BB1E03F00F0327F051
:10B670000F02A0F842B01A43002E6AD008210F2B07
:10B6800008BF90F8463080F8479008BF0B4380F819
:10B690004B1080F8602008BF80F8463000F15F0949
:10B6A00000F1610B304604F1550194F84B20FEF790
:10B6B000DDFFFEF7FFFFFFF724F894F846301B0785
:10B6C00001D5FEF7E4FF42465FFA8AFAA4F844A0E7
:10B6D00099F80030042A43EA071389F8003028BF9C
:10B6E0000422584605A924F0C1FE002384F88430C2
:10B6F000002E52D10935237A204643F020032372CD
:10B7000084F8545084F85C50FFF786FC254BB4F85D
:10B7100044200693002307936368B4F8421043F073
:10B720008103636006AB0294019394F884301E4851
:10B73000009390F8180104F18503FFF76FFD09B03D
:10B74000BDE8F08F94F85F7004F160014FEA1718BC
:10B7500075E7012180F84B1090F846100F2B41F04F
:10B76000100180F8461008BF90F8463090F85A1043
:10B7700009F00F0961F07F0108BF43F0080380F86A
:10B78000479080F85A1080F85F2008BF80F8463054
:10B7900000F15E0900F1600B84E70A35ABE700BFFA
:10B7A000485D0020896F0008387F00202DE9F04FA8
:10B7B000C36993B00793037EA44E099390F91330A5
:10B7C000C6F844020C93037806905A1F022A01D946
:10B7D0000A2B08D1079B079ADB79013BD371099BA0
:10B7E000013BDBB209939A4BD3F88C7E079BC6F8DA
:10B7F0004832099B86F85532069B1B7C86F85832E6
:10B80000069B93F811B0099B082B68D9079B099AEE
:10B81000DB79934263D80023BBF1010F86F85132E4
:10B8200022D0069B18780EF02BFC002386F8180116
:10B830000799584686F85932FEF780FE0246012ADB
:10B84000584613D0FEF74FFE0546A0B9052A40F032
:10B85000C580BBF1010F079B40F0AC809B7AD806F6
:10B8600000F0B680A9467DE00320DEE7FEF73BFE50
:10B87000002800F09A800023079958460F93FEF79E
:10B880004DFF04465846FEF753FF0246601EC0B205
:10B89000032824D85846FEF762FF18B394421ED0FE
:10B8A00001D20F2A1BD10FADDAB258460799FEF725
:10B8B000E3FFE8540133DAB29442F5D8042C15D1F1
:10B8C0009DF83F305BB19DF83E209A4207D09DF82D
:10B8D0003D209A4203D09DF83C209A4208D113B0F3
:10B8E000BDE8F08F9442FAD30346DCE7032C14D171
:10B8F0009DF83E30002BF2D09DF83D209A42EED0CC
:10B900009DF83C209A42EAD09DF83D30002BE6D0CD
:10B910009DF83C209A4202D1E1E7012CF4D19DF838
:10B920003C30002BDBD058460799FEF7DCFD0028A1
:10B930003BD05846FFF744F9437800F10109182B32
:10B9400005460FD8434A1A41D40708D5032B09D11D
:10B950000422414809F1020124F095FD10B9FE20AE
:10B9600019F0F8FAD6F8484258462146FEF7BBFDD2
:10B9700002465846FEF7E2FD354BBBF1010FB3F826
:10B980009E348246DFF8C480059335D1237905992A
:10B990008B4251D112B1637A8B425FD1002D6CD1B1
:10B9A00098F80331002B9AD032E058460799FEF7F9
:10B9B00077FFC1E75B7A13F01F037FF453AFBBF14E
:10B9C000000F15D1079B03F1110503F11209C9E717
:10B9D000079B03F1120503F11309C3E7022A7FF461
:10B9E00041AF5846FFF759F9054600F10109B9E79B
:10B9F0001D464FF00109B5E75846FFF795F9059B3D
:10BA000098420DD0002D5CD196F80331002B79D0EF
:10BA1000013B012B76D8BBF1020F7FF460AF71E0E0
:10BA2000BAF1010FBAD1002AB8D05846FFF79EF9F3
:10BA3000059B9842E6D1B1E765BB96F80331002B30
:10BA400060D0013B012B7FF64AAF5BE0387F0020DE
:10BA5000485D00207EFFFFFE1C6B0020002DECD017
:10BA60002B789F2B48D0982B19D096F80331002BB8
:10BA700048D0013B012B32D944E02B789F2B3FF477
:10BA80002EAF982B3FF42BAF98F80331002B3FF4E7
:10BA900026AF1EE02B789F2B2ED0982B2CD1214641
:10BAA0005846FFF763F9FF283FF419AF98F80331C0
:10BAB00043B3013B012B25D8BBF1020F22D075B94E
:10BAC0000DE72B789F2BF1D0982BE8D096F8033117
:10BAD000C3B1013B012B15D8BBF1020F12D0B9F154
:10BAE000000F3FF4FCAE2B78012B65D199F80030A4
:10BAF000032B07D0082B90E796F8033113B1013BD5
:10BB0000012BDCD914220021A44823F081FD00235D
:10BB1000A34988F8513288F870322368D1F88C6EC6
:10BB20000422A04801F6D4510A93C8F8713224F0D7
:10BB3000AAFC10B1012388F85132BBF1020F3ED1AB
:10BB4000237A03F00503012B72D16279217912095E
:10BB500042EA0112B2F57A6F03DDA2F6A272032A5D
:10BB600066D8914A92F85112C90703D592F8033169
:10BB7000012B5DD121465846FEF759FE884A82F8CE
:10BB80008C05002E00F06B8196F84720864981F8DD
:10BB9000762221465846FEF7D1FC0138DFF808A28C
:10BBA000072845D8DFE810F06101FE0335044400A2
:10BBB000440044004400A004002BA3D08FE6BBF156
:10BBC000010FDFF8E48140F0C88094F8059009F097
:10BBD0000F09B9F1020F05D12046FBF7A7F803784A
:10BBE000012B25D098F8513213F00103C2D0059BE8
:10BBF000002B00F0A88098F87532002B00F0A3808D
:10BC0000B9F1050F00F09D80B9F1080F40F0828076
:10BC10002046FBF76EF80422C11C644824F033FC74
:10BC200003460028A6D098F80331002B40F0898005
:10BC30005D4C5846D4F8486294F8519231468DF8DC
:10BC40001490FEF77BFC012840D15846FEF74BFCD0
:10BC5000002800F0CF855846FEF7B2FFBBF1020F77
:10BC6000037890F801A031D894F80381B8F1000F5F
:10BC70002CD009F04709B9F1010F27D10BF1FF32A0
:10BC8000012A00F2D585012B02D0042B40F0C68595
:10BC9000BAF1080F1AD0BAF1030F40F0B08531465F
:10BCA0005846FEF7FDFDB8F1010F064605D1C11C4F
:10BCB00004223C4824F0E7FB40B13279F378134387
:10BCC00072791343B279134340F0A885059B1E0691
:10BCD00044BF012384F8703294F87032002B14BFF3
:10BCE0000123002384F8793200F0F585BBF1020FBF
:10BCF000DFF8AC8000F0BE8598F8743E002B00F0B1
:10BD0000EA85069B93F9131093F90E000FF076FE67
:10BD100000F0E1BD98F80331002B89D0012B10D041
:10BD2000B9F1010F84D12046FAF7E3FF4378032BE2
:10BD300007D1C11C04221B4824F0A5FB00283FF4B6
:10BD400077AF002316E798F80331002B3FF470AF6C
:10BD5000012BF6D0B9F1080FE1E7BBF1000F7FF43A
:10BD600067AF94F8059009F00F03022B20D1237AD6
:10BD700003F01F0323445B7A012B3FF459AF98F87B
:10BD80005132DB073FD5084B93F80381B8F1010F1F
:10BD900039D019F0800F29D151E000BF94810020E3
:10BDA000485D0020A9810020387F00201C6B002006
:10BDB00098F85122D00726D5052B1CD0012BE2D1B3
:10BDC00019F0800F36D021465846FEF7F9FE0422BE
:10BDD000C11CAA4824F057FB00283DD1059B6BB934
:10BDE000A74B93F80381B8F1010F0CD0B8F1000F05
:10BDF0003FF41EAF07E0059B002BC4D0A04B93F887
:10BE00007532002BBFD021460020FEF710FDDFF871
:10BE100070928046D9F8443218780EF031F9811EBC
:10BE20004842984B484148EAC01883F88C85C6B10F
:10BE3000FF23AEE698F80381B8F1010FE3D0A37AAF
:10BE4000032BD3D10422904804F10C0124F01BFBF6
:10BE500000283FF4EDAEC9E798F80381C3E7FF225D
:10BE600094E6FF2389F87632E2E70023BBF1020F64
:10BE700094F807908AF8773244D1B9F10D0F04D8BD
:10BE800000227F4B83F85122D2E6584613F082FC01
:10BE90000028F5D021465846FEF702FD227AA9F186
:10BEA0000D0912F0400318BF237BCAF84C021CBFD7
:10BEB00003F0070301334B448AF850326379A079C9
:10BEC000190201F4706101430598814204D040F6E3
:10BED000FF7081427FF4ACAE9AF851121B0941F019
:10BEE00080018AF851122179120643EA0113AAF857
:10BEF00052327FF59DAE9AF8513243F020038AF812
:10BF0000513295E6BBF1010F2ED1B9F10A0FB7D925
:10BF1000584613F03FFC0028B2D02046FAF7BBFE8B
:10BF2000CAF84C022046FEF745FF18B1A07A00F08F
:10BF300007000130A9F10B0948448AF85002637ADE
:10BF4000059A934202D0FF2B7FF472AE9AF85132D9
:10BF500043F080038AF851322379AAF8523294F9D7
:10BF60000530002BC7DB63E6B9F1090F88D95846C5
:10BF7000FEF7B9FA002800F0EC81424A584692F8E0
:10BF80008C3543F0400382F88C35FEF7C7FB431E27
:10BF9000DBB2032B80463FF673AFB9F10A0F3FF4D3
:10BFA0006FAF5846FEF702FC58B15846FEF70EFF39
:10BFB00038B108F10D03DBB2994502D25846FEF7BD
:10BFC000ECFC21465846FEF7FBFDDFF8B490214615
:10BFD000C9F84C025846FEF70AFE89F85002237A47
:10BFE000059A214693425846089340F0AE80FEF7EA
:10BFF0009FFB8045024649D15846FEF755FA99F80D
:10C000005132002837D063F05F03DFF8748089F87D
:10C01000513298F85132013A43F010032146584604
:10C02000D2B288F85132FEF727FCDBB2DB07A8F862
:10C0300052021CD421465846FEF755FAB8B158466C
:10C04000FEF7BEFD0378012B11D14378032B0ED1EF
:10C0500098F87832022B1CBFD0F803300A930A9A62
:10C06000074BC3F8FF200122064B83F8402F002E18
:10C070003FF4DEAD19E143F08003C6E71C6B0020FE
:10C08000387F0020485D0020A98100200F28EED1D4
:10C090005846FEF709FA28B199F8513243F02003C7
:10C0A00089F851329EB3BE4B5846D3F8441206F17C
:10C0B0003C020DF0F9FF50B321465846FEF72EFB27
:10C0C00006F1550103465846FEF728FB83421ED170
:10C0D000217996F85D20914219D14FF0000806F1C0
:10C0E0005F095FFA88F2934207D8AD4A92F851325D
:10C0F00043F0800382F8513209E021465846FEF7AA
:10C10000BBFB19F801AF08F101088245E9D02146CF
:10C110005846FEF74BFBA24B68B193F8512242F010
:10C12000040283F85122002221465846FEF7A4FB60
:10C13000A3F852029BE75846FEF7E7F90028F2D031
:10C1400093F8512242F00202EBE7FEF7F1FA804643
:10C150005846FEF7E3FA804582467ED2424658466C
:10C16000FEF78AFB059B984277D121465846FEF799
:10C17000EAFA00284AD186B15846D9F8441206F1A5
:10C180003C020DF091FF40B199F8513263F03F034A
:10C1900089F85132052389F877320AF1FF3AD04500
:10C1A0002CD120797E4BA3F85202B8F1000F16D1A2
:10C1B00021465846FEF70AFE88B15846FEF752FC63
:10C1C00068B942465846FEF7A6FC10F0180F06D094
:10C1D000734A92F8513243F0200382F851322146DB
:10C1E0005846FEF761F96E4A92F8513290B323F047
:10C1F000280343F0280382F8513238E708F101029E
:10C2000021465846D2B2FEF737FBCBE7B8F1000F14
:10C2100019D12079624B0AF1FF3AD045A3F85202B6
:10C22000DDD121465846FEF7D1FD0028D7D058462B
:10C23000FEF718FC02460028D1D15846FEF76BFCE9
:10C2400010F0600FC3E708F1FF325846D2B2FEF794
:10C2500013FBDFE743F00803CDE7002E3FF4E8AC23
:10C260004F4B5846D3F8441206F13C020DF01CFF28
:10C27000D8B121465846FEF766FA002856D108F193
:10C28000020202F00F0292450FD95846FEF7F4FA67
:10C29000059B984209D1424B93F8512262F03F022C
:10C2A00083F85122012283F8772294F80480059BB9
:10C2B00098450DD00422204606F13E0124F0E3F813
:10C2C00000287FF4B5ACB6F8423043457FF4B0ACFB
:10C2D000334B5846D3F8441206F13C020DF0E4FE0D
:10C2E00000283FF4A5AC21465846FEF721FAB6F8DF
:10C2F00044300246089883427FF49AAC5846FEF7D1
:10C3000022FAD0B95846FEF709FA831E03F00F034C
:10C310009A427FF48DAC224B93F8512262F03F0297
:10C3200083F85122032283F8772281E4B8F1010FC8
:10C33000BBD9A8F10202D2B2A7E7012A7FF478ACF8
:10C34000174B93F8512262F03F0283F851220122E9
:10C35000E9E7584613F01EFA00283FF491AD237A1E
:10C36000059A934202D0FF2B7FF462AC9AF85132C7
:10C37000A9F10A0943F080038AF851322379214652
:10C38000AAF85232584604F10903CAF84C328AF826
:10C390005092FEF789F800287FF4ADAD48E400BF65
:10C3A000387F00205846FEF778FC2146CAF84C0238
:10C3B0005846FEF782FC21468AF850025846FEF79E
:10C3C00088FA059A03469042BFF432AC5846FEF70D
:10C3D0008BFA03EBC00082423FF72AAC501EC01A12
:10C3E000BBF1010F80B20DD10A34C308E35C00F049
:10C3F00007000341DC077FF51BAC9AF8513243F08C
:10C4000080037CE5BBF1000F01D10934EDE7002486
:10C41000EBE7012B4ED89AF85132D80733D4DFF826
:10C42000B482D8F8843D73B39A7B62B3A74A40F6CE
:10C43000FF7152681278012ADAF8442208BFFF21FE
:10C44000B2F808C0D0881A8A944501D18A4201D036
:10C45000904218D100229E489A73FCF7EAFA10B174
:10C460009B4818F0E1FBD8F8840D0021448924F49E
:10C470008C63438113F04CFDD8F8843D24F4806430
:10C480005C81FFF7D5BBBBF1010F13D19AF8513294
:10C4900043F040038AF851328E4B93F88C259AF87A
:10C4A00076329A427FF4C4AB637A059A93427FF462
:10C4B000BFABA2E7002E3FF4BBAB5846DAF84412FC
:10C4C00006F13C020DF0F0FD00283FF4B1AB21462F
:10C4D0005846FEF74BFC059B98427FF4A9AB9AF8AF
:10C4E000513263F03F030AE50023BBF1010F8AF8E4
:10C4F00077327FF49DAB94F80B904FEA19130893B1
:10C50000013B032B3FF6BCAC089BE2790D339A420A
:10C51000FFF4B6ACA37A99070B935AD59AF8513227
:10C5200043F0040320468AF85132FAF71BFCCAF89C
:10C530004C022046FAF733FCDFF89CA1059A8AF8F2
:10C540005002637A09F00F0893420D93089B40F064
:10C55000C58098454FD194F90530DFF87C91002BC8
:10C560009AF851326279B4BF63F05F0343F08003FD
:10C570008AF8513299F8513208F1FF3154FA81F1B9
:10C5800043F01003097B89F85132DB07A9F85212F6
:10C590001BD402F00F03082B17D12046FAF7A9FB92
:10C5A0000378012B11D14378032B0ED199F87832FF
:10C5B000022B1CBFD0F803300A930A9A464BC3F8EB
:10C5C000FF200122434B83F8402F002E3FF430AB75
:10C5D00055E00B9B5A0704D59AF8513243F00203F9
:10C5E000A0E72046FAF785FB2146CAF84C025846D8
:10C5F000FEF7FDFAA0E7B8F10F0FE6D194F9053088
:10C6000094F80C90002BBEBF9AF8513243F02003EF
:10C610008AF85132DFF8C0A0002E53D00120DAF89A
:10C62000441206F13C020DF03FFD237928B396F841
:10C6300060200899B1EB121F1BD196F85E209A4238
:10C6400017D1002306F1600104F10B0211F801CFAC
:10C6500012F8010F84450CD108980133DBB29842DF
:10C66000F4D81D4B93F8512242F0800283F85122F6
:10C6700000E0194BA3F8529201E0AAF8529294F804
:10C680000490059B99450DD00422204606F13E01F9
:10C6900023F0F9FE00287FF4CBAAB6F842304B45D0
:10C6A0007FF4C6AAB6F844300D9A93427FF4C0AA2C
:10C6B0000B9BDB0740F19B80089B023B03F00F03C1
:10C6C000984526E6AAF85292FFF7B2BAA49C002039
:10C6D000786B0020485D0020387F0020984553D2B9
:10C6E00004EB08031B7B059A93424DD10B9BD807A3
:10C6F0002DD586B10120DAF8441206F13C020DF086
:10C70000D3FC40B19AF8513263F03F038AF85132BA
:10C7100005238AF87732089B013B434518BF04EB99
:10C720000802524B0CBF2279527BA3F8522294F993
:10C7300005304E4A002B92F85132BABF23F028033D
:10C7400043F0280343F0080382F851323DE7B8F183
:10C75000000F13D12279454BA3F85222089A013ACF
:10C760004245E4D1089AA218127B51071EBF93F8E4
:10C77000512242F0200283F85122D8E708F1FF331A
:10C7800054FA83F31A7BE6E7002E3FF451AA374BA5
:10C790000120D3F8441206F13C020DF085FC00287C
:10C7A0003FF46DAF0B9BDA0718D5089A08F1020326
:10C7B00003F00F039342BFF462AF23441B7B059A3F
:10C7C00093427FF45CAF294B93F8512262F03F0211
:10C7D00083F85122012283F8772250E719F00E0FD7
:10C7E0003FF44DAFA8F1020354FA83F3E6E7B8F142
:10C7F000010FA3E55846FEF753F8FFF72FBABAF139
:10C80000290F0BD131465846FEF74AF80422811809
:10C81000174823F038FE00283FF458AA94F85182B4
:10C8200008F0570884F851828DF81480FFF74EBA4B
:10C83000012BF3D1BAF1080F3FF448AAB8F1010F68
:10C8400006D104220A4806F10C0123F01CFE38B17F
:10C85000727B337B1343B27B1343F27B1343DDD1F3
:10C86000BAF1030FDAD1FFF731BA00BF387F0020E9
:10C87000A9810020069B1A7CAE4B5B681B78023BAB
:10C88000012B3FF639AA032A00F01381042A7FF412
:10C8900033AA5E4698F8FE35B3423FF42DAA3046DF
:10C8A0000EF0A2FB98F8FC3503F0FD03092B05D12F
:10C8B00098F8FE35B34218BF88F8FE659E480DF023
:10C8C0009BFFFCF7DEFB08B9FCF74AFB94F87932D2
:10C8D000002B7FF411AA94F8513203F0C703802B88
:10C8E00018D1BDB12B781F2B14D9944BD3F8883DA8
:10C8F0005D6924F0ADFFEE6BAD6B25F01FF8AE4225
:10C9000008D1002294F8513284F8792262F3C713D7
:10C9100084F851325846D4F84812FEF705FABBF1B4
:10C92000020FA4F816010CD1D4F84C324BB11B788D
:10C93000012B01D0042B04D1A0F6A273032B7EF6A9
:10C94000CEAF94F9513294F85152002B1ADA7C4A46
:10C950007A4932F8BC6C91F8423F864200F0AB80D5
:10C9600032F8B86C864208BF012302EB830222F83A
:10C97000BC0C013394F8180103F0010302F8BA0C5F
:10C9800081F8423F94F879321BB100226B4B83F857
:10C99000DC2DAD0656D50DF085FC0646002800F0CE
:10C9A0009A80D4F84432654D5A7C1B6A012A14BF20
:10C9B000002295F88C25012B38BF01230365002345
:10C9C000032180F884300346584612F023FFBBF160
:10C9D000000F0AD1D4F844329B7AD80742BF96F8A8
:10C9E000463043F0010386F846300023C6E905339C
:10C9F000B4F852327289A6F8443095F88C3522F09A
:10CA0000070286F8473094F818315846134373816B
:10CA1000069BD4F848129B7B86F84F30FDF756FDF5
:10CA200000284AD096F8463043F0020386F8463094
:10CA30007F2386F84F30069B3046DB7C86F84D30EE
:10CA400013F0CEFD94F879629DF83050002E00F07E
:10CA50004E8394F8513203F04202022A41D1AFB121
:10CA600094F87A3293B1BBF1010F0CBF97F86000D4
:10CA700097F85F0020F00F0000EB80004000C0B28C
:10CA8000FEF7B5F901462F48FEF7CCF994F851327C
:10CA900018077EF524AF022094F850A20DF020FC78
:10CAA000264B0646002840F0368383F8400FFEF7F9
:10CAB00016BF0126EEE6002357E7D4F84C321A7869
:10CAC000012AB8D15A78182AB5D194F85022042AEC
:10CAD000B1D1DB78ADE784F8790284F85102FEF732
:10CAE000FEBE590640F11A81002F3EF4F8AE07F160
:10CAF000550631465846FDF7F6FC002800F0A280A6
:10CB000097F8843097F85400BBF1010F03440BBF32
:10CB100097F8602097F85F2007F1610107F1600145
:10CB20000A2B7EF7DCAE02F00F030F2B0CD1B7F807
:10CB300044800EE0A49C002044630020485D002057
:10CB4000406E0020C9D90008B3EB121FEFD011F8D6
:10CB5000038094F877329A0706D53C20FEF747F910
:10CB600001469448FBF7AFFFD4F8482258461146D7
:10CB7000FEF7DAF8404503D094F87732002B85D0E1
:10CB800011465846FDF7AFFC20B15846FDF70EFEA2
:10CB900084F87B02BBF1020F5DD1069B92F90CA0D9
:10CBA00093F90E300593069B93F90D801B7C033B94
:10CBB0005FFA83F9B9F1010F0DD81C237E48414675
:10CBC00003FB0900123015F05FFA18227B4B02FBC1
:10CBD000093383F89D0831465846FDF70EFE0028BC
:10CBE00068D0764B97F85920B3F89E349A4261D1B9
:10CBF00094F87B32002B5DD101239B4584F87A3277
:10CC00002FD197F8603007EB131393F861305B076F
:10CC10004DD131465846FDF781FD022340F26A2688
:10CC20004FF00608464318FB003815F089FB7B8956
:10CC3000002803F007030CBF00234FF4967308FB92
:10CC400003602AE05846FDF7F7FB10B1B7F84480BF
:10CC50008AE7804688E74FF07F08C246CDF8148007
:10CC6000B9E797F85E301807D3D597F85F2007F13A
:10CC700060031209995C0907CBD113445B7813F068
:10CC8000600FC6D04FF4616331465846FDF746FD4C
:10CC90004FF4966202FB00308000FEF7A8F80146D0
:10CCA0004748FEF7BFF8002384F87B32EEE642F2F5
:10CCB000AC63E9E731465846FDF715FCB0B994F886
:10CCC000FC30FF2B04D03D4B93F8410FFAF786F868
:10CCD000BBF1010F20D8D4F84432314658461B78B6
:10CCE00007F13E0213F06EFD0DF0C2FE354817F05D
:10CCF0009BFF4FF07F33C4F8B53294F8583284F874
:10CD0000B45287F8223001205346CDE90087059AB6
:10CD10002D4913F0D1FBC6E70220E5E75A0755D5A8
:10CD2000002F3FF4B3AE94F87A32002B3FF4AEAE4E
:10CD3000BBF1010F3CD8D4F84422584612F8023B0C
:10CD4000079913F03FFD0DF093FE7B685B0708D554
:10CD500094F8FC30FF2B04D0184B93F8410FFAF7EE
:10CD60003DF8184817F060FFD4F84432D4F8481260
:10CD70005E7C3046FEF72AF858B13046FDF772FE69
:10CD8000012806D100223046FDF703FF0368C4F8EE
:10CD9000B53294F8583284F8B45287F822307F23A1
:10CDA00001201A4608490197009313F085FB6DE6B0
:10CDB0000220C8E7786B0020B4810020485D002085
:10CDC000C9D900088C6D0020EC810020079B5B799D
:10CDD00003F00F03022B09D0D4E99121BBF1010F1D
:10CDE00040F038814B7AFF2B40F0628194F8513249
:10CDF000DA0640F1CC800220D4F8446294F85092D4
:10CE0000D4F848A20DF06CFA0746002800F0BF8065
:10CE100003224378514662F30303437096F811806E
:10CE200094F855624046013EA6EB0906F6B2FDF7BE
:10CE3000CDFF30B14046FDF779FE013E361A06F0CF
:10CE4000FF06B8F1010F04BF06F1FF36F6B22F2E30
:10CE500007F155093246514628BF2F22484623F094
:10CE600005FB0023494687F884304046FDF722FC45
:10CE7000FDF73AFCFDF75CFCB8F1010F0BBF97F82A
:10CE8000603097F85F3023F00F0323F00F0300F1B9
:10CE9000FF320CBF87F8603087F85F304046D2B26F
:10CEA000FDF771FC0122FDF765FDFDF7C9FD0422C8
:10CEB0004046FDF701FE7F23002249464046FDF72C
:10CEC00016FE7F23012249464046FDF710FE7F23D0
:10CED000022249464046FDF70AFE7F2303224946C7
:10CEE0004046FDF704FE032197F84830B8F1010FE2
:10CEF00043F0040387F84830D4F8443208BF053EB5
:10CF00001A8918BF043EA7F84220DA88F6B2A7F8BB
:10CF100044207A78B8F1010F61F303027A704FF080
:10CF2000000287F8546087F8842000F0C880B8F1C8
:10CF3000020F00F0C680B8F1000F05D10936F6B235
:10CF400087F8546087F85C603A7A384642F02002ED
:10CF50003A72DA7B87F84B20DB7A87F84730FEF7A6
:10CF60005BF8C14BB7F844200F9300231093812343
:10CF70007B600FABB7F842100297019397F88430AB
:10CF8000009394F8180107F18503FEF747F9B74FAE
:10CF9000D4F8482297F8853E1146022B14BF00238F
:10CFA00094F8BA325FFA83F8D4F844325E7C3046A3
:10CFB000FDF78CFA08B148F0020894F85132114696
:10CFC000DB07304648BF48F08008FDF7B7FA052870
:10CFD00079D148F0100894F85C32114648EA03030E
:10CFE000584684F85C32FDF79FFE1368A4F864028B
:10CFF000C4F86032B7F89E34B71EA4F866320C9BB2
:10D0000084F86832069B18780DF03AF87E427E412B
:10D01000BBF1020F14BF7F23069B84F86A0284F8D9
:10D020006B6209BF9B7B84F86C3284F86C32069B80
:10D030000FA808BF93F90D3084F86D32D4F84C3244
:10D040000F9394F850328DF84030894B119311F0C2
:10D05000AFFD1BE5BBF1000F10D10B7AFF2B3FF4A6
:10D06000C5AE917A1378480702D5012184F8B91228
:10D0700058460799023213F0A5FB12E0BBF1020FEC
:10D080007FF4B4AE4B7989791B0203F470630B43D0
:10D0900040F6FF718B423FF4A9AE937A5E0703D44A
:10D0A00002200DF0E5FCA1E6012384F8B932F7E790
:10D0B000917A1378490748BF84F8B9B2D8E70A369D
:10D0C0003DE70C363BE701280CD13046FDF74EFE1C
:10D0D000FF2804D040F6FF7398427FF47CAF48F0FD
:10D0E000040878E7022808BF48F0080873E7002F13
:10D0F0003FF4CCAC5F48FBF79CFC00283FF4C6AC87
:10D1000094F8BB32002B3FF4C1AC5A4818F004FA33
:10D1100084F8BB62BAE4012283F8402F0322D4F8DA
:10D12000713200F15507C4F8FF30437894F8188144
:10D1300062F303034370099BD4F84892A3EB0A02FD
:10D14000013AD2B22F2A28BF2F224946384623F06F
:10D150008DF9524606F185037A2A28BF7A22D4F83F
:10D160004C12184686F884A0059323F07FF93946BF
:10D170005846FDF7DDFA02465846FDF7F0FA00285A
:10D180005ED0013AD2B2FF2A08D15846FDF77FFAA5
:10D1900096F8463043F0080386F84630394658463C
:10D1A000FDF7F1FAFDF702FBB0B15846FDF70EFEB0
:10D1B00090B15846FDF76CFC01280DD13946584610
:10D1C000FDF7B6FA0F2814BF421C00222B46584622
:10D1D00018BFD2B2FDF78BFC337AD4F8449243F0F7
:10D1E0002003337299F80C3096F84820C3F380037B
:10D1F00063F3820286F8482099F80F30394686F8A2
:10D200004B305846FDF78AFA05465846FDF7DEFDD5
:10D2100096F884A0002858D05846FDF7C7FA002891
:10D2200049D0BBF1010F3FD13846F9F74AFD03352C
:10D2300050FA85F5EDB22F2D28BF2F250A354DE088
:10D240005846FDF76BFA013882422AD1BBF1010F33
:10D2500012D196F8603006EB131393F8613059073A
:10D260001FD048F040081CE0896F0008485D00208E
:10D27000948100208C6D002099F809301B0710D58F
:10D2800099F80A1009F10B030909585C000708D145
:10D290000B445B7813F0600303D0202BE1D148F0FE
:10D2A00020080132D2B279E75846FDF73FFC284406
:10D2B000C5B203354EE05846FDF738FCBBF1010F0F
:10D2C0002844C5B2F5D10435B4E7BBF1000F3BD11A
:10D2D0000235EDB22F2D28BF2F250935EDB286F886
:10D2E0005450554486F85C50524639465846FDF72E
:10D2F0009EFA7A2A28BF7A22D4F84C1286F8470080
:10D30000059823F0B3F8B9F808303046A6F8443051
:10D31000B9F80630A6F84230FDF77EFE164BB6F897
:10D3200044200F9300231093812373600FABB6F852
:10D3300042100296019396F8843040460093059B74
:10D34000FDF76CFFFEF7CBBA5846FDF72FFA002821
:10D35000AFD00235EDB22F2D28BF2F25BBF1020F24
:10D3600086F8545005D0BFD8BBF1000F7FF466AFEC
:10D37000B3E70C35B2E700BFF9B500080846C96944
:10D3800008B50B7A01F10C0213F040031EBF0B7BB2
:10D3900003F00703013313444361F9F75AFC0123F7
:10D3A000C373BDE80840FEF701BA08B5CB6908466B
:10D3B0000A334B61F9F724FC0123C373BDE808402D
:10D3C000FEF7F4B908B5CB69084609334B61F9F7A4
:10D3D000E6FB0123C373BDE80840FEF7E7B9F1E7B8
:10D3E00008B5CB6908460A334B61F9F709FC0823F5
:10D3F000C373837A43F010038372BDE80840FEF7DD
:10D40000D5B908B5CB69084609334B61F9F7C7FBB5
:10D410000223C373BDE80840FEF7C8B908B5CB695D
:10D42000084609334B61F9F7EBFB0223C373BDE8F0
:10D430000840FEF7BBB908B5CB69084609334B6114
:10D44000F9F7ADFB0323C373BDE80840FEF7AEB99F
:10D4500008B5CB6908460A334B61F9F7D1FB0323C2
:10D46000C373BDE80840FEF7A1B90846C96908B50D
:10D470000B7A01F10C0213F040031EBF0B7B03F08B
:10D480000703013313444361F9F7E3FB0323C37339
:10D49000BDE80840FEF78AB92DE9F84F8046FCF751
:10D4A0009FF98B469246064698F84C30DFF8C090BC
:10D4B00088B1A82B56D802200CF012FF0446002891
:10D4C00050D099F88A35002B44D036B1F9F7B2FC28
:10D4D0000746052509E03F2BECE701210846F9F74F
:10D4E000B9FC40F005053746EDB208F104017B2296
:10D4F00004F13C0022F0BAFF63683A4643EA0B03AA
:10D5000063600223638198F81C304FF0000884F8B0
:10D5100054300123294689F88A3530462346C4F819
:10D5200014A0C4F8188012F075F994F85A3003F07A
:10D530000F03052B06D194F88E3013F0020F08BFAD
:10D540004FF07F08204684F84F8013F049F80120FF
:10D55000BDE8F88F98F80F70002EBAD13D0145F064
:10D560000505C0E70123002089F88A35F0E700BFF0
:10D57000485D00202DE9F04F054689B00E46187829
:10D58000597817461C460DF0A7F89DF8488081464B
:10D59000DDF850B09DF854A0F8B10023ADF8166046
:10D5A0000126ADF81E30139BADF8147006938DF86C
:10D5B0001C600EF0F3FA41468DF81D00CDE902B66D
:10D5C0002046CDE9005A169B05AA10F00EF9003846
:10D5D00018BF012009B0BDE8F08F02200CF080FEDA
:10D5E000E0B1139B0E4A43601268169B8262C0F83A
:10D5F00030B080F84FA080F824903A46CDE90083FF
:10D600000290234631462846FDF708FE0028E1D166
:10D610000122044B83F8900583F88A250020D9E77E
:10D62000345D0020485D00202DE9F7430446B0F842
:10D63000447090F82C0015F01DF9054604F15501D1
:10D64000FDF794FB022D2AD194F85D8008F00708BD
:10D650006368627F590740F13781052A00F23481FF
:10D66000237A13F0100600F09F8023F0100323723A
:10D6700094F84630A08923F01803608184F846307E
:10D68000002D00F08180F9F7D5FB012102462346E9
:10D69000284612F0BFF8002384F824306BE094F899
:10D6A0005A20012D02F00F08D2D008F1FF33032BCE
:10D6B00003D8DFE803F00D0404044FF00108002D47
:10D6C000C6D194F84630D9060AD51306C0D512E063
:10D6D000160608D4002DBBD194F84630D906B7D42D
:10D6E00013F0010F0BE0002D4BD194F846304FF0B2
:10D6F0000808DE06F4D594F85E3013F0100F09D058
:10D70000237A23F00403237294F846306FF3000366
:10D7100084F84630A84B94F85910B3F89E349942D7
:10D7200096D1160694D5638903F00702032A8FD198
:10D7300094F85C20402A8BD8012123F0070343F0A2
:10D740000203638194F84630084623F0180384F8F6
:10D750004630237A43F004032372F9F77BFB00225F
:10D7600040F0080123461046C9B212F053F8237A5C
:10D7700023F004032372204603B0BDE8F04312F007
:10D780002FBF4FF0080863E700F00700A0F1020E7A
:10D79000DEF10000294640EB0E00F9F75BFB40EAA2
:10D7A00008012A46C9B272E7032ADFF8189233D873
:10D7B000C0B2FDF7F5FB0523637799F8FC3094F8C8
:10D7C0004680FF2B61D099F8F43099F8FA00A4F85C
:10D7D0004430FCF717FE0546FCF702F8638999F818
:10D7E000F52003F0180302F00F021D43531EEDB2A3
:10D7F000032B28F018030746658184F8463014D9B6
:10D8000038BB05F00700851E684239466841F9F7C4
:10D8100021FB40F0010132E099F8FC000130C0B278
:10D82000FDF74EFB89F8FC00C5E764494FEA021892
:10D8300088B104F1610022F019FE082184F86080AB
:10D84000F9F7F8FA064623463246384611F0E2FF69
:10D8500091E70121F4E704F1600022F007FE05F0F2
:10D860000700A0F1020CDCF100004FF0010184F888
:10D870005F8040EB0C00F9F7EDFA40F0080101225F
:10D880004D4BC9B283F88A25DDE728F0180384F8E8
:10D89000463055B1F9F7CEFA012102462346284613
:10D8A00011F0B8FF0623637765E76389294623F003
:10D8B000070343F0030328466381F9F7CBFA40F0EE
:10D8C00001012A46C9B2E9E7062A69D8227AD207B5
:10D8D00066D503F0020304F1140243F00103019240
:10D8E000009304F185063246394694F88430B4F842
:10D8F000420014F091F8002852D00027DFF8C480CD
:10D9000084F85470D8F8BC024FF47A61C279836B02
:10D9100042F020021A7040225F60DA70A36A03614D
:10D920000523037014F0F8F8254BD8F8BC12C4E9AD
:10D9300005376389012D23F0070343F00203638158
:10D940008A79636801F1850143EA0203636011F893
:10D950007D2C10D1AA2A88BFAA22304684F88420C0
:10D9600022F084FD07236377F9F764FA0521024664
:10D97000234628466AE7402A28BF4022304684F8DA
:10D98000842022F073FD07236377002DECD1012161
:10D990000846F9F75FFA40F005012A46C9B2E7E701
:10D9A0007F2300211A4608460194009312F084FD5B
:10D9B00003B0BDE8F08300BF485D00202E8000204A
:10D9C000A90C0208387F0020024BD3F88C0E00B15E
:10D9D0002AE67047485D0020094B33F8BC2C824290
:10D9E00009D033F8B82C824207D1012203EB82031D
:10D9F00013F8BA0C70470022F8E70120704700BF07
:10DA0000406E00202DE9F04F91461E4653680D46AA
:10DA100003F0370757604B4C99F80910804694F88B
:10DA2000B82887B0042907D8DFE801F043030A0DBE
:10DA3000100012F0010F71D1002007B0BDE8F08F87
:10DA400012F0020FF7E712F0040FF4E71206F3D515
:10DA5000B4F8D4A9BAF1000FEED1AA2DECD8B4F8DD
:10DA60009E34B9F800B0DFF8E890059309F53073FB
:10DA70002A464146184622F0F9FC334B84F8E45913
:10DA8000C4F8E00996E8030083E8030099F86A33D4
:10DA9000059A0133DBB25046A4F8D629A4F8D4B9CC
:10DAA000C4F8D87989F86A3384F8263A0EF062FB14
:10DAB00032E047F02007C3F340130220C9F8047096
:10DAC00084F890350CF00CFC014630B9002384F842
:10DAD0009035012384F88A35AEE71C4B1B688362BE
:10DAE000002380F8243099F80A304760DB0742BFF2
:10DAF000037A43F040030372B9F800703846FFF729
:10DB00006BFFCDE90161009543463A46B4F89E1497
:10DB1000FDF784FB0028D9D001208EE7B4F89E34AD
:10DB20004A46A9F8023000232946CDE90233CDE95F
:10DB30000033404633460FF058FE003818BF01202E
:10DB40007BE700BF485D002070670020345D002047
:10DB5000387F00202DE9F04FADF5117DF82200212E
:10DB600052A821F055FDBA48FAF763FF10B1B84842
:10DB700017F05AF8B74DB84ED5F8883D52A91B6931
:10DB8000186824F0BEFF012840F0B08088220021F0
:10DB90000EA821F03DFDC0238DF8383000239DF8FC
:10DBA000487109ACC4E90033132F00F28D81DFE81E
:10DBB00017F0570078008B01A100F0008B011400D2
:10DBC00021002D0037008B0145008B018B018B015B
:10DBD0008B0161018B018B018801012385F88E3D4A
:10DBE0009E4B2046236015F0C1FFFF27002840F020
:10DBF0002681F2E0012385F88E3D984B2046236074
:10DC000014F050FE003818BF0120EEE7539B266049
:10DC100063600CF025FD214600200CF097FDF1E734
:10DC2000539B22469DF85211BDF850012660636057
:10DC30000EF068F8003818BF012030E00022539B36
:10DC40009DF852116360864B9DF8500183F86B2359
:10DC5000012283F86C23224626600CF063FBE9E77F
:10DC60009DF85011539B0020636001F03703890633
:10DC700048BF01219DF8517143F0200348BF85F84A
:10DC800090152660CDE90073CDE902000494BDF83B
:10DC9000FC21B5F89E140DF5A973FFF76BFC022764
:10DCA000A4E79DF802723846F9F7D6FDD0B9539B28
:10DCB0009DF8511163607F9B30AA30939DF85031DD
:10DCC0000DF5A97031939DF8003226608DF8C830AB
:10DCD0009DF801328DF8C9708DF8CA302346FFF7E0
:10DCE00091FEA7E70A215A48FAF7EDFE0DF5117DDE
:10DCF000BDE8F08F5A4F9DF8518107F26D334246CF
:10DD000018460DF5A97122F0B1FB03469DF850911C
:10DD1000C7F8243409F0370E4EF0200387F8293471
:10DD20000023539A2660626009F0200287F81724C6
:10DD300007F21C42B5F89EC494E8030082E8030091
:10DD4000484A87F82A34CDE9302387F818C487F881
:10DD500028847FAB07F22B470DF5057A1A4603CAD4
:10DD6000524538607960134607F10807F6D110680C
:10DD7000B8F1820F386013793B712DD819F0010F7B
:10DD80004246714660460CBF374B30AB14F068FC1E
:10DD900050E79DF8FE713846F9F75EFD0028A1D1E5
:10DDA0009DF851A1314852460DF5A97122F05EFB54
:10DDB000539B17F0FB0F63609DF8FD3126600793BE
:10DDC0000AD00AF1FF33712B06D8D5F8F48E98F8F3
:10DDD0008C93B9F1000F09D0022763688DF8417068
:10DDE0000F9301230EA88DF8403078E01F4952466A
:10DDF00001F1F700B5F89EB422F038FB2021013F75
:10DE0000CDE90C998DF83670194F079A8DF83210BC
:10DE100094E8030087E8030098F88C130BAB1037E5
:10DE2000A3F800B05A8009B10529D5D10121404697
:10DE300030AA3197ADF8C8A030930FF0DDF8236811
:10DE4000002B4ED095F88D3D013385F88D3D48E08F
:10DE50006C7E0020485D0020D9800008BF8000084B
:10DE6000387F0020EFA0010854830020A582002005
:10DE70008C830020539B9DF8500163601E4B2660ED
:10DE800093F8FE20002A34D093F84C75012F30D13E
:10DE9000002203F5B263D1B2884291BF002152A99A
:10DEA0008918497A0132052A03F8011BF3D114F0CD
:10DEB00063FC214601200CF049FC003818BF01200A
:10DEC00094E613F0F1FFB5E68822002130A821F096
:10DED0009FFBC5238DF8C4708DF8C03030A816F0B4
:10DEE0009BFED5F8883D52A91B69186824F028FECE
:10DEF00042E6012771E700BF387F00202DE9F04F8F
:10DF00006D4D064695F8D4350F4613F0010887B0DD
:10DF10002CD16A4824F096FB694B6A4C1B7884F834
:10DF20009535694BD3F83034C4F89C3513F05DFE59
:10DF30000121664AC4F8980505F2945007F0A2F949
:10DF400095F8D4350A2168F3820305F2945085F8D8
:10DF5000D435FAF7B8FD3223A5F8923595F8D435C3
:10DF600023F0030343F0030385F8D435302296F8F9
:10DF700000B0574C02FB0BF814F8081004EB080A29
:10DF8000002940F08780504621F042FB0123BE4625
:10DF900008F1180C04F80830CAF82C60A444BEE854
:10DFA0000F00ACE80F00DEF80030CCF80030337919
:10DFB000002B6FD1F37806F10109002B6DD03A7870
:10DFC000012A6AD11146484603F00CFC08F102010F
:10DFD0004846214417F0B0FE302303FB0B437A7808
:10DFE0009978501A42424241DA70F378002B41D0BE
:10DFF0004FF0300808FB0B483B78D8F82C00012B79
:10E0000014BF797881F00101013088F8011015F012
:10E01000A9F80123103083401846039304F0B8FD9B
:10E02000284A039B92F89515042923D1D2F8981514
:10E030000B421FD0D2F89C255046134214BF012337
:10E04000002388F802307A78534088F80330282378
:10E05000C8F80430F8F799FF95F8D4359B0709D430
:10E060000A211C48FAF72FFD95F8D43543F0020336
:10E0700085F8D435B3680593302303FB0B44237E26
:10E08000022B0FD00422144BCDF800A0484605A95E
:10E0900018F0D8FF07B0BDE8F08F7A78032182F03E
:10E0A000010290E7E36A5A790C4B002A08BF042268
:10E0B000CDF800A0EAE700BF485D0020B4310308B6
:10E0C000C49B0020387F002000C00350E17000088E
:10E0D0001C090020DC620020997D00081166000800
:10E0E00013B5044622F028FD0D4B0E4A1B6811683B
:10E0F0009C4228BF1C460C4B421A1B6863439A4241
:10E1000038BFC9184FF0000334BF091A0121CDE907
:10E110000033064A064822F0EBFC02B010BD00BFF7
:10E120003C5D0020405700204457002035E10008A6
:10E13000D88400202DE9F04122F0FEFC064624F0B0
:10E140001DFC124B054693F8C04574B9104FDFF81B
:10E1500044803B68D8F80020F31A93420AD20CB1ED
:10E1600024F0EBFB0120FFF7BBFF2846BDE8F041A0
:10E1700024F00FBC23F094FA3B68D8F80020204329
:10E18000134414BF012400243B60E2E7387F0020E1
:10E19000405700204457002070B5EFF3108072B64E
:10E1A000294D2A4E95F84030FE2B04BF2B7C85F874
:10E1B000403024F000FB95F8400014F01FF8244B89
:10E1C00083F858020CF06EF8044638B3B6F89E3463
:10E1D0000321FF2B96F88C2503462CD9022011F041
:10E1E00019FB40F6FF7395F9411095F94200A4F828
:10E1F00044300DF003FC6389204643F400736381CF
:10E200000023C4E9053384F88430124B1B68C6F838
:10E21000E03D012386F8DC3D12F0E2F996F8F005C6
:10E2200010F001000ED1BDE8704005234FF4FA62F2
:10E23000022118F029BB012011F0ECFAFF23A4F809
:10E240004430D8E770BD00BFA49C0020485D00208A
:10E25000387F0020345D00200348044B834202D005
:10E26000034B03B118477047849E0020849E002012
:10E2700000000000064B0749C91A891048BF013148
:10E28000491003D0044B0BB101481847704700BF39
:10E29000849E0020849E00200000000010B5064CE3
:10E2A000237843B9FFF7D8FF044B13B10448AFF309
:10E2B00000800123237010BD84990020000000001D
:10E2C00068A0030808B5054B1BB105490548AFF325
:10E2D0000080BDE80840FFF7CDBF00BF0000000090
:10E2E000884E002068A00308A3F5803A704700BF5D
:10E2F000174B002B08BF134B9D46FFF7F5FF00217E
:10E300008B460F461348144A121A21F081F90E4B1E
:10E31000002B00D098470D4B002B00D098470020D1
:10E32000002104000D000D48002802D00C48AFF376
:10E33000008000F029F8200029000AF0EDFB00F031
:10E3400011F800BF000008000000000000000000FD
:10E350000804002008040020C099002000000000EC
:10E360000000000008B5064B044613B10021AFF3CE
:10E370000080044B1B6803B19847204601F067FBFF
:10E3800000000000A04E002070B50D4D00260D4C81
:10E39000641BA410A64209D10B4D00260B4C24F09F
:10E3A0003FFC641BA410A64205D170BD55F8043B88
:10E3B00001369847EEE755F8043B01369847F2E7F7
:10E3C0007C9E00207C9E00207C9E0020809E002061
:10E3D0007047FEE72DE9F04104460C264FF0010896
:10E3E000124D0CB314F001000BD0002024F00104F6
:10E3F00006FB00525768002FF3D09168C0B2B847AF
:10E40000EFE72246013020284FEA520201D0D3071D
:10E41000F8D508FA00F20F2824EA0204E8D91038E7
:10E4200006FB0052B432E5E7BDE8F08108040020A5
:10E43000074BD3F82404D3F8202403F500531040ED
:10E4400000F0553020F05020C3F82004C2E700BF90
:10E4500000C00350074BD3F82404D3F8202403F55D
:10E460000053104000F0AA3020F0A020C3F8200490
:10E47000B0E700BF00C003501A4B2DE9F0411F6DFB
:10E480005B6D1F4000D5FEE701260025164CDFF826
:10E49000608037421CD0C8F850602368C3B1A168BF
:10E4A000284601316268A1609847637B012B0FD138
:10E4B00070B90E4B03EB451393F8F42160F341025E
:10E4C00083F8F42193F8042260F3410283F80422D4
:10E4D0000135082D4FEA460604F11004D9D1BDE8F4
:10E4E000F08100BF000004507005002008040020E7
:10E4F000002004504369406CDA1C1438B2FBF0F27F
:10E5000003EBC203CA1DB2FBF0F20333B3FBF0F31B
:10E510000132023301EBC20100FB0310704773B5F7
:10E5200006460D460024F36B01225B6901A92819F8
:10E530009847019B013309D1736C043462196A4016
:10E540005B421A42EFD0204602B070BD0024FAE7C9
:10E550002DE9F341154690F842201E46012A0CBFD2
:10E56000022304235D43CF7D2C1D844605F0020564
:10E57000BFB915B1012724F00304486808342044CA
:10E58000DCF83C30012A5B6927D101A9984717B113
:10E59000BDF806300193BDF80430336002B0BDE829
:10E5A000F08155B124F0030400230D7E01F1200E0B
:10E5B000D8B2854203D80020E2E72F46F4E73EF8C0
:10E5C000330003F10108A04204D901EBC303D86969
:10E5D0000834D4E74346241AEAE70122314602B060
:10E5E000BDE8F0411847D01E009B42424241187ED0
:10E5F000824211D11A688A420ED85A688A420BD3D5
:10E600005A6901325A61D3E9030282423FBF9868D6
:10E6100040F8221001321A610120704700234FF0A8
:10E62000FF3230B544689C4202D10023037230BDF2
:10E63000016801EBC30541F833206A600133F2E75A
:10E640000023F0B545689D4210D00468DF0054F8FF
:10E65000332004EBC306B2F1FF3F08D0C2F313022C
:10E66000914204D14FF0FF33E3517360F0BD0133A9
:10E67000E9E710B5032A029C07D1A26A5340626CF5
:10E680005242134201D1FFF7DBFF012010BD0023EE
:10E69000F0B545689D4202D14FF0FF300EE00468AE
:10E6A000DE0054F83340671C09D0C4F31307B942A5
:10E6B00005D1240D1470036833445868F0BD01334C
:10E6C000E8E773B5164600F108040D4620460968D0
:10E6D0000DF10702FFF7DBFF032E05D16B688342C4
:10E6E00002D12046FFF7ACFF012002B070BD00BF91
:10E6F0002DE9F043466886B3056898464FF0000C54
:10E70000A946AE4655F83C400CF1010CC4F3130782
:10E71000013401D0B94217D066450EF1080EF1D18F
:10E720002F46002403E0A64207F1080712D055F84F
:10E73000343001340133F6D1C1F3130141EA0851F9
:10E74000C7E90012BDE8F08341EA0851CEE90012A2
:10E75000BDE8F083B8F1030F03D101230372BDE8D4
:10E76000F083002303E09E4209F10809F5D055F833
:10E7700033400133C4F30754032CF4D1C1F3130322
:10E7800043EA0853C9E90032BDE8F08308B5083010
:10E790001346D1E90012FFF7ABFF012008BD00BF0F
:10E7A0002DE9F0410646406882B0C0B10F46904660
:10E7B0000024336853F8345003EBC403C5F3075205
:10E7C000C5F31301013504F1010406D05B6830463E
:10E7D000CDF80080B84710B170688442E9D302B028
:10E7E000BDE8F08141F671320121064BDA6303F591
:10E7F0000052D1600022DA634FF48032A3F518335F
:10E800009A66704700000350704737B5054601F11E
:10E810000C04436901A9012220469847BDF8043041
:10E820000122009369462046AB69984703B030BD8A
:10E83000202A0B681EBF4FF0FF3191408B435908CF
:10E8400001F055315B1A03F033319B0803F0333389
:10E850000B44017803EB13130A444FF0013103F02A
:10E860000F334B43A2EB13620270704737B5044677
:10E8700000251B22011D0DF107008DF80750FFF741
:10E88000D7FF63689DF80720B2EBD36F03D123F065
:10E89000784003B030BD1B2204F108018DF8075009
:10E8A000FFF7C6FFA0689DF80730B3EBD06F0ABF33
:10E8B000C0434FF0FF3020F07840EAE74BF29A2255
:10E8C000036810B5B2EB134F044613D19BB2012B72
:10E8D00015D1FFF7CBFF013011D04FF6FF72E06882
:10E8E000B2EB104F4FEA10430BD180B2C01A18BFE1
:10E8F000012010BD013314BF04200320F9E70420D8
:10E90000F7E70220F5E7F0B50546002687B0EC6989
:10E91000013CB44203D80C46204607B0F0BD01B11B
:10E920004C1E6F6C2868EB6B05225B6901A907FB25
:10E930000400984701A8FFF7C1FF0128ECD9214640
:10E940000136E4E770B50025044686B00562E36948
:10E95000AB4202D8206A06B070BD666C2068E36BDB
:10E9600005225B6906FB050001A9984701A8FFF78E
:10E97000A5FF012898BF236A05F101059CBF01335B
:10E980002362E4E7F0B504460D46466CE36B00688D
:10E9900087B005225B6901A906FB0500984701A81D
:10E9A000FFF78CFF012804D801A8FFF75FFF07B02D
:10E9B000F0BD29462046FFF7A6FF0646676C206893
:10E9C000E36B05225B6901A907FB0600984701A8D4
:10E9D000FFF74CFF431CEAD0B54238BF0130E6E7F1
:10E9E0002DE9F0430646994689B0036908460F466B
:10E9F000904698470446002867D1D9F804305B0A4E
:10EA0000012B22464FEA530304F10104F8D899F888
:10EA1000035099F802302D03DB0203F4006305F480
:10EA200080551D43B9F800304FF00009C3F30A03C5
:10EA300052032B4492B29D18294B0DF107001B2263
:10EA400028F0784402A9039302948DF80790FFF709
:10EA5000EFFE9DF807306FEA054544EAC36404946D
:10EA60006FEA08041B2224F0784402A902948DF86E
:10EA70000790FFF7DDFE9DF807306FEA154544EA81
:10EA8000C3644FF0FF3301220594069307A9B369CD
:10EA9000079507F11000984701220446B36905A9BC
:10EAA00007F1080098470122484518BF0446B3699A
:10EAB00004A9381D98470122484518BF0446B36988
:10EAC000384603A9984728B1044639463046FFF72F
:10EAD0009CFE01E0002CF8D1204609B0BDE8F0838F
:10EAE00001009AB238B50446456C006804F1400351
:10EAF00005FB0101E06BFFF773FF05462046FFF7BA
:10EB000021FF284638BD174B10B50446D3F8200125
:10EB100000F0070006281FD8DFE800F0040A0E21E5
:10EB200012161A00012304B1206001B10B6010BD60
:10EB30000D4B18680523F6E70B4B58680323F2E7E3
:10EB400021F088FD0723EEE7074B18680623EAE764
:10EB5000054B58680423E6E700231846E3E7022341
:10EB60000248E0E7008000502C9B0020002D31017E
:10EB70000E4BD3F8403103F00303022B0DD0032BCF
:10EB80000FD0012B0BBF0A2301234FF400420022B8
:10EB900000B1026001B10B60704709234FF40042DD
:10EBA000F6E70B234FF47A72F2E700BF00800050C3
:10EBB00010B5044624F044F8431C15D0B0B90C4BF2
:10EBC00020469A6801230A3202F01F02934023F084
:10EBD00003032344984201D1002010BD50F8042BB8
:10EBE0000132F7D03E20F8E76E20F6E77120F4E717
:10EBF0000080E00F0022094B83F8E802A3F8E92225
:10EC000083F8EB22C3F8EC22C3F8F022C3F8F42215
:10EC1000A3F8F82283F8FA22704700BF0804002006
:10EC200038B5202204460D460C30002120F0F0FCBF
:10EC30004FF0FF33C4E90035A36038BD174B0629F8
:10EC400093F8FC2242F0080283F8FC22144A105C7C
:10EC50000A44927883F8000383F8012393F802238F
:10EC600010D1CAB9012283F8022393F804234DF28C
:10EC7000D861002A83F8030308BFC82103F5427056
:10EC8000F9F721BF42B1002203F5427083F8022355
:10EC900083F8032315F0C8BF704700BF08040020A5
:10ECA000542C0308002373B51A4619461E46224CFD
:10ECB000C4F8483304F5537050F8045B8D4204D90E
:10ECC000B5F5805F3CBF29460123013292B22B2A61
:10ECD00040F8046CF0D10BB1C4F848138123D4F888
:10ECE000F8038DF8033020B300230DF1030101AACE
:10ECF000019322F0BBFD019B01462BB14FF0E023B5
:10ED00004FF08052C3F8042D012912D1D4F8000429
:10ED100078B10023019394F8FC3301AA994023F0C1
:10ED2000D9FC019B2BB14FF0E0234FF08052C3F888
:10ED3000042D012002B070BD0804002008B5294B45
:10ED400083F30A884FF48041274B284A9A60D3F80E
:10ED5000882042F47002C3F88820254A91664FF05B
:10ED6000FF31244A1166244951660221C3F8D010AC
:10ED7000BFF34F8FBFF36F8F01204FF440331F4914
:10ED8000C1F88001D3600860A2F5005213611C48ED
:10ED90001C4BC01A801014F0E6F81B4B1B498B4229
:10EDA00012D300201A4B1B498B4218D3FFF7A0FA4D
:10EDB000186850F82240586840F82240013298689C
:10EDC0008242F5D30C33EAE70022F8E71C6844F8E6
:10EDD000220001325C68A242F8D30833E4E7002243
:10EDE000F8E700BF0800002000ED00E00060000828
:10EDF0000090005000A000447FFF7F0100E100E090
:10EE0000D06200087061000870A003087CA00308AD
:10EE10007CA003087CA0030810B5044644EA010363
:10EE200013F00303084609D1934201D1002010BD1D
:10EE300054F8231040F823100133F5E721469200DF
:10EE400021F014FBF2E708B538B123F077FA002877
:10EE500014BF6FF01D00002008BD6FF01B00FBE722
:10EE600073B5044640B150238065C36523F03AFD75
:10EE7000064628B1002323660126304602B070BD45
:10EE8000626D02F00803D20714D4002BF2D10120E6
:10EE9000234632463146009023F0E9FC054623F034
:10EEA000D0FD002DE6D0216D11B1284622F0C4FA24
:10EEB0002566E2E7002BDDD10423024601460093DC
:10EEC0000120234623F0D3FC054623F0BAFD002D94
:10EED000D0D0216D11B1284622F0AEFA45F00105DF
:10EEE000E6E7BDE74FF098435B6C13B5D9021CD53C
:10EEF00022F036FB0238012817D8174BD3F86444A8
:10EF00009CB123F0EFFC0346F8B10023204601A991
:10EF1000019322F0E3FC012807D1019B2BB14FF0B4
:10EF2000E0234FF08052C3F8042D4FF098435A6C01
:10EF3000D202FCD55B6D094A03F47023936008226A
:10EF4000074BC3F8882102B010BD02460146204697
:10EF500022F00AFEE9E700BF080400202C9B0020F5
:10EF600000E100E038B5A8B1056E25F0010423F0FA
:10EF7000B9FC78B9012D0DD9204622F07BFA204644
:10EF800022F078FA94F8463023B92046BDE838409C
:10EF900023F09CBD38BDF0B50C2805464FF00002AB
:10EFA0004FF05C0008BF464B464C08BF93F86854CE
:10EFB0000F46AFB004F10C0100FB02F35E5CAE4201
:10EFC0000ED001320C2AF7D15C2200210DEB020099
:10EFD00020F01EFB5C220021684620F019FB06E0B1
:10EFE00023445C22684603F10C0121F03FFA344EC1
:10EFF0009DF8022096F86A340FB99A4235D30A2D4B
:10F0000030D8DFE805F0062F2F2F2F2F2F3455474C
:10F010004100002007F024FA0546032007F0E6FB34
:10F02000012807D0032807D000B92DB100238DF89F
:10F03000083017E0002DF9D0222007F0D7FB20443C
:10F0400090F85C3403208DF8083007F0CFFB08B946
:10F05000242000E0232007F0C9FB204490F8653409
:10F060008DF803306846F9F75BFD2FB0F0BD96F8D8
:10F07000CA34012B22D0022B02D01BB90823D6E7B9
:10F080000A23D4E70923D2E796F8CA34234493F835
:10F090005C34D7E7222007F0A9FB204490F85C34C9
:10F0A0008DF8083096F8CA341C4494F86534D7E7D4
:10F0B000052007F09BFB08B90323B8E70523B6E753
:10F0C00008040020542C03080022034B01210220D5
:10F0D00083F8C4245FE700BF0804002070B53D4CEE
:10F0E000064694F8C4547DB3022855D1002304F297
:10F0F000CC4084F8C43415F097FD94F8C534012150
:10F100001BB93046BDE8704045E70846FFF743FFAE
:10F1100094F8C534013B032B3ED8DFE803F0020925
:10F120000D11032094F8CA14BDE8704016F05FBCBE
:10F13000222094F8CA14F7E7232094F8CA14F3E7BE
:10F14000242094F8CA14EFE7022826D10E68012E75
:10F1500022D194F80C355BB1284607F081F9B0FA5A
:10F1600080F040094042C1B23246284614F074FA99
:10F17000132007F03BFB01280ED194F80E3594F8CC
:10F180000F25134308D1312016F0B0FC642384F816
:10F190001035022384F80E3570BD0328FCD10B68AE
:10F1A000012BF9D141F2883289689142F4D1294684
:10F1B0000520C4F8C554A4F8C95484F8C434FFF732
:10F1C000EAFE04F2CC4042F21071BDE87040F9F75B
:10F1D0007ABC00BF08040020F0B5A14C87B094F8B9
:10F1E000A42594F81115E2B1D4F8B4350022013BFE
:10F1F000032B78D884F8132579B994F812350133A4
:10F20000DBB2132B81BF0123964A84F8121584F8D0
:10F21000113594BF84F81235D3600023C4F8B43597
:10F2200003E084F81225002972D194F8C43673B132
:10F2300094F8C506F8F780FD012840F08780D4F8DF
:10F24000C8360133B3F5FA7F73D2C4F8C83694F8E0
:10F25000CC36A3B194F8CD06F8F76EFD012879D12C
:10F26000B4F8CE3601339BB2B3F57A7FA4F8CE362C
:10F2700005D30021032084F8CC16FFF78CFE94F808
:10F280001035002B6CD06422013BDBB284F80F25D3
:10F2900084F8103513B9332016F028FCD4F8D03692
:10F2A0009B69DB8843B194F80E352BB994F810555F
:10F2B000002D65D084F8D4366B4B5A6C920700F160
:10F2C000C9805B6C5B0700F1C58094F80C1541B9EF
:10F2D00094F80D350133DBB2072B00F2B18084F8CE
:10F2E0000D3507B0F0BD84F81225002995D094F8AB
:10F2F00013350133DBB2042B81BF84F8132584F866
:10F3000011250222574B94BF84F81335DA6084E745
:10F3100094F813350133DBB2042B81BF84F8132535
:10F3200084F8112502224F4B94BF84F81335DA601C
:10F330007BE700250520C4F8C85684F8C45616F0AB
:10F34000DFF929460820FFF726FE80E7002384F82E
:10F35000C4367CE70023A4F8CE3684F8CC368EE79A
:10F3600094F80F35002B99D0D4F8FC3213B16423F4
:10F3700084F80F3594F80F35013B84F80F358DE78D
:10F3800094F8D4360133DBB2042B93D994F8FC32D1
:10F3900084F8D45613F008070FD0344A94F80013B9
:10F3A00094F8010314F03EFA012885D094F8FC3259
:10F3B00065F3C30384F8FC327EE713F0020616D02F
:10F3C000012294F8D53620218DF81730274BCDE94E
:10F3D0000022029326480DF1170314F0EDF90128DD
:10F3E0003FF46AAF94F8FC3267F34103E2E713F0AD
:10F3F000040516D0012294F8D63620218DF8173056
:10F400001A4BCDE9002202931A480DF1170314F0AC
:10F41000D3F901283FF450AF94F8FC3266F382032D
:10F42000C8E7D9077FF548AF1349144816F086F8A6
:10F4300000283FF441AF94F8FC3265F30003B9E7CC
:10F4400001230B2084F80D1584F80C3507B0BDE8B6
:10F45000F040A0E5002384F80D3584F80C3540E732
:10F46000080400200040005900C00350D1E3000808
:10F47000C4300308D4300308389B00202D700108E5
:10F480000B1F012B01D9FFF7D9BB70472DE9F041C4
:10F49000514C054694F8C4640F467EB340B904F25B
:10F4A000CC4016F039F894F8C5345BB9BDE8F0816A
:10F4B00094F8C534002BF9D10228F7D10B6884F8F1
:10F4C000C734F3E794F86834062B04D129460720A3
:10F4D000BDE8F0415FE594F8CA3494F8C9249A4233
:10F4E00005D9013384F8CA3400210C20F0E794F8E0
:10F4F000C634D907F8D594F8C834F3E7022845D1C3
:10F50000D1F80080B8F1010F17D14246FF213046F3
:10F5100014F0A2F8FF2384F8D53694F8FC3243F0B7
:10F52000020384F8FC32D4F8D0369B691B78ABB95F
:10F53000312016F0DBFA84F80E853968022921D1D2
:10F54000FF2384F8D63694F8FC3243F0040384F8A1
:10F55000FC320020BDE8F041C9B291E7132007F06A
:10F5600045F90028E9D194F80E3594F80F25134396
:10F57000E3D1312016F0BAFA642384F80E5584F8EA
:10F580001035DAE74B1E022B90D8E2E7032814D19E
:10F590008B68B3F57A7F89D1FF210122304614F0C0
:10F5A0005BF8062194F8D73643F0010384F8D73688
:10F5B0003046BDE8F041FFF741BB04287FF476AF49
:10F5C00094F8D736DA077FF571AF66F300030721A9
:10F5D00084F8D736ECE700BF080400202DE9F3419A
:10F5E000914C054694F8C4640F46002E00F0AC80A0
:10F5F00058B904F2CC4015F08FFF94F8C534012BB4
:10F6000000F28C8002B0BDE8F08194F8C534002B84
:10F61000F8D10228F6D194F8C734013B042B20D846
:10F62000DFE803F003233E576300022384F8C53468
:10F6300094F8C634694643F00103222084F8C634A6
:10F6400007F0B6F800210A209DF8043084F8CA3487
:10F65000009B1A7D1B7C84F8C92484F8C834FFF70A
:10F660009AFC002384F8C734CCE70323694623209F
:10F6700084F8C53494F8C6346FF3000384F8C634B4
:10F6800007F096F89DF80430002184F8CA34009BF6
:10F6900009201A7D84F8C9241B7C84F8C834DEE76D
:10F6A000012384F8C53494F8C634694643F0010355
:10F6B000032084F8C63407F07BF8009A0021137CFD
:10F6C000127D062084F8CA3484F8C92484F8C8342A
:10F6D000C5E7042384F8C53494F8C63469466FF34B
:10F6E0000003242084F8C634CAE7002594F8C63401
:10F6F0004E4843F0010384F8C63484F8C45415F02E
:10F7000093FA272015F0FCFF01210846FFF743FC80
:10F710000C22FF21284613F09FFFA2E794F8CA3479
:10F7200094F8C8249A4208D2013B84F8CA340021D4
:10F730000C2002B0BDE8F0412DE494F8C634D9079E
:10F74000F5D594F8C934F0E7022846D1D1F8008005
:10F75000B8F1010F16D142463146304613F07CFF16
:10F7600094F8FC3284F8D56643F0020384F8FC3246
:10F77000D4F8D0369B691B78B3B9312016F0B6F9AE
:10F7800084F80E853968022922D1002384F8D63600
:10F7900094F8FC3243F0040384F8FC320120C9B22F
:10F7A00002B0BDE8F0416BE6132007F01FF8002817
:10F7B000E8D194F80E3594F80F251343E2D13120A7
:10F7C00016F094F9642384F80E5584F81035D9E7BF
:10F7D0004B1E022B3FF616AFE0E7032816D18B68CD
:10F7E000B3F57A7F7FF40EAF31460122304613F035
:10F7F00033FF062194F8D73643F0020384F8D73656
:10F80000012002B0BDE8F041FFF718BA04287FF4E8
:10F81000F9AE94F8D7369A077FF5F4AE66F3410354
:10F82000072184F8D736EBE708040020D40800202D
:10F83000024B93F8C53603B928E6CFE6080400204A
:10F84000024B93F8CD3603B920E6C7E60804002042
:10F8500008B50A4B93F8113573B1002006F000FE8D
:10F86000BDE80840B0F1FF0118BF4FF0FF3104229E
:10F870000020C9B213F0F0BE08BD00BF080400208C
:10F88000542808B50CD106F0B1FF18B101210320AE
:10F89000FFF781FBBDE8084000210846FFF77BBB6E
:10F8A00004280DD106F0A2FF0122114B20B983F8E4
:10F8B000C50683F8CD26EDE783F8C5260022F8E7D4
:10F8C000272805D10C22FF21002013F0C5FEE1E717
:10F8D0000528DFD106F08AFF003818BF0120044B4D
:10F8E00093F8E8328342D5D0FFF784F9D2E700BF1E
:10F8F0000804002070474FF000639B6A03F17842D0
:10F90000B2F5C04F03D21968064A914203D00023D2
:10F91000037083607047012202709A689B6942609D
:10F92000F7E700BF07B0CD5E1FB54FF000639B6ADD
:10F9300003F17842B2F5C04F1CD21C6B04F178433E
:10F94000B3F5C04F16D2002301A8CDE90233FFF76B
:10F95000D2FF039BDB030DD5029B1A0E0AD0012AAE
:10F9600003D1C3F307430A2B04D9236C04B0BDE8C9
:10F970001040184740F2011004B010BD70B5224D80
:10F98000044695F8D866012E3BD1FFF7CDFF013034
:10F990000BD0FFF7C9FF40F20113984205D01B4B73
:10F9A0001B4A5E66D368DE07FCD42268194B1A66D0
:10F9B00062685A66A268C3F87021E2681A64226914
:10F9C0005A64E269D00744BF00229A60124BDA6A97
:10F9D000013207D195F8D92622B910494968C907DB
:10F9E00048BFDA6262690E4B5A66A2699A66D5F818
:10F9F000DC3683F31188BFF36F8F002385F8D83688
:10FA000070BD0123FAE700BF080400200090004009
:10FA100000000440008000442C9B002000C00550E2
:10FA200000800050BFF34F8F0549064BCA6802F4AF
:10FA3000E0621343CB60BFF34F8F00BFFDE700BF11
:10FA400000ED00E00400FA054FF0FF307047FEE7DC
:10FA500000207047002070470020704710B500B3A9
:10FA60000378DBB1013BDBB2022B1CD80F4AD35C1D
:10FA70004278D340DB0716D5EFF31184302383F3AC
:10FA800011880122017840785943094B82405A502D
:10FA900084F31188BFF36F8F002010BD40F2FF1375
:10FAA000E6E72220F9E72120F7E700BFEA30030864
:10FAB00040D0035010B500B30378DBB1013BDBB29B
:10FAC000022B1CD80F4AD35C4278D340DB0716D5F3
:10FAD000EFF31184302383F31188012201784078F9
:10FAE0005943094B82405A5084F31188BFF36F8FFA
:10FAF000002010BD40F2FF13E6E72220F9E72120A5
:10FB0000F7E700BFEA30030840E0035038B5054688
:10FB100044692146FEF7EEFC6A6CE31D143AB3FB20
:10FB2000F2F3013304EBC304204438BD0368F0B59D
:10FB3000CC1A436C0646B4FBF3F4002587B0F36996
:10FB400037685A1E9542706C06D3736C306803FB9D
:10FB50000400143007B0F0BD0134B4FBF3F203FB32
:10FB60001244F36B05225B6901A900FB04709847FE
:10FB700001A8FEF7A3FE0128E7D90135DFE72DE94B
:10FB8000F041D0E90A369E42044686B028D11422BC
:10FB9000C369456802FB1355284606B0BDE8F081ED
:10FBA0002068676C331AB3FBF7F3E26B07FB0300C3
:10FBB000D2F8148001A90522C04701A8FEF77EFEF5
:10FBC000012804D0636C1D44013B3340ED1A3146DB
:10FBD0002046FFF7ABFF0646A36AB342E0D1DBE75E
:10FBE0000025F9E710B423F0030422449B070A44DC
:10FBF000436C18BF04325B4282EA0104234202D004
:10FC00005DF8044B92E710465DF8044B70472DE910
:10FC1000F04F97B0CDE908230D460A69416CD31D1A
:10FC20001439B3FBF1F3013302EBC302036B044657
:10FC30009342C0F0CF820023DFF8C0920C93E36AB6
:10FC4000AD4819460693FEF7EBFFD5E9033703935A
:10FC5000099B022B40F02681CC2F40F0A682089B06
:10FC6000002B00F0F18000266868E36B01225B69DD
:10FC7000119611A908309847B04694F84230012BEC
:10FC800040F0AD80632E2DD9119B666C069A1293BD
:10FC9000731E1340F61AE36B01225B69686814A9AE
:10FCA0009847149B13F07E0F14BF04230823782F6A
:10FCB000059340F20781012200234FF0080A0492C5
:10FCC0002A68C9F8F076C9F8E026099A032A00F0F4
:10FCD0001F81022A00F0C780049A002A14BF002264
:10FCE0000722C4E0612E08D814AB324629462046CC
:10FCF000FEF72EFC9DF8503023B314AB3246294654
:10FD000020468DF84C80FEF723FC94F84230DDF855
:10FD100050A0012B52D14FF6FF739A4500F092800C
:10FD2000082214A913A8FEF783FD9DF84C20CAF3FE
:10FD300007239A4240F086805FFA8AFA119B534467
:10FD400011937FE094F84230012B2DD132462946A1
:10FD5000204612ABFEF7FCFB2946204613AB721C73
:10FD6000FEF7F6FB2946204614ABB21CFEF7F0FB6B
:10FD70000823102213A90DF143008DF84330FEF73C
:10FD800057FD102214A9FEF753FD129BDAB2002A88
:10FD900051D19DF84320B2EB132F4CD1DDE9133242
:10FDA00003EB0243119346E0302E2BD943E09DF83C
:10FDB0004320B2EB134F3ED1139BF3E7BAF1FF3F61
:10FDC00040D0102214A913A8FEF732FD9DF84C2054
:10FDD000CAF307439A4235D11FFA8AFAAEE7312EA9
:10FDE0003FF652AF89D014AB324629462046FEF783
:10FDF000AFFBBDF85030002B7FF47FAF94F842305A
:10FE0000012BA3D032462946204612ABFEF7A0FBB9
:10FE10002946204613AB721CFEF79AFB10232022C2
:10FE200013A90DF143008DF84330FEF701FD129B3D
:10FE30009AB2002ABBD094F84230012B14BF0123A0
:10FE400002231E44013618E7039B01221B684FF072
:10FE5000080A12932B680492C9F8E0360823059328
:10FE6000089BC9F8F076049AC2F10202D2B289F86E
:10FE7000F4264FEA9A020E92069A019200220A9202
:10FE80000D9207920B92606C019A411E1140421A2A
:10FE9000002F3FD053449A4247D8236B1B1A0B4480
:10FEA00023635BE1666C069A731E1340782FA6EB02
:10FEB000030619D8EB7D8BB9089B002B7FF4EBAEC2
:10FEC000042305933B1DB3421AD9F7B1082E3FF620
:10FED000F2AE042300229A460492F1E6089B002B1E
:10FEE0007FF4D9AE0823ECE7089B002B7FF4D3AE58
:10FEF00008230593DFE600BFE80A0020080400207D
:10FF0000002304934FF0040ADAE604230497F9E788
:10FF1000099AACE75245C0D3B846019B53440293BB
:10FF2000079B002B18BF032314E0A2EB0A02019BDE
:10FF30009742B846534428BF904697420293EFD960
:10FF40000123D9F8F02689F8F736974243D1019A70
:10FF5000C9F8E426079399F8F736002B3DD099F8B5
:10FF6000F8260199D31C09EBC303C3F8E4160799DB
:10FF70000132A3F8E88683F8EA1689F8F826B8F182
:10FF8000000F14D0099B022B2BD10A9B7BB90D9B30
:10FF90004344032B0BD9E36B01229B69029812A9FE
:10FFA00098470646002840F01B8101230A9399F8E0
:10FFB000F4362E68884A012B02EAC61628F07C4BDC
:10FFC00040F289809A1E012A03D908F1070303F041
:10FFD0007F031E4385E00223BCE7019BC9F8E4369A
:10FFE000CDE7089B002B31D1039BB8F1030F03EB46
:10FFF000080B28D9DDE90201E36B4FEA98029B69FF
:020000040801F1
:1000000098470646002840F0CA8018F003025FD0E7
:10001000039B28F0030633440393029B1E444FF0D6
:10002000FF33039913A8139320F020FAE36B3046B3
:1000300001229B6913A998470646CDF80CB0002E03
:10004000B5D0029B6FE04246029EE8E705F120032F
:10005000DDF808B00F93EB7D68689BB100232E7E1E
:100060000B9AD9B28E4211D90F9903F1010C31F8D4
:100070003310914226D9059905EBC303D8690A4488
:10008000104403E00B9B059A13441844E36B0122D0
:100090005B6913A99847139B012211930B9B584648
:1000A00004330B93E36B11A99B699847029B0646A7
:1000B0004344A3EB0B03042B07D9002872D10BF1A7
:1000C000040BC8E76346521ACBE7CDF808B0B6E791
:1000D000CDF80CB06BE7079A43EAC263334343F0B1
:1000E00060464FF000038DF84C30049BCDE9146B53
:1000F000002B49D0202214A913A8FEF799FB1A223D
:1001000015A9FEF795FB9DF84C304BEA83631593D8
:10011000E36B0E9A9B69019814A99847019A061EF1
:100120000C9B18BF134652460C9320464346019938
:10013000FFF758FD236B08F10302A3EB0A0322F03B
:1001400003029B1AC9F8E8062363002E48D10D9BD1
:10015000A7EB080743440D93029B019320460199A6
:10016000FFF7E4FC00230190002F7FF48CAE1B4AC4
:100170002968D2F8E83604F10800E362D2F8E426F0
:10018000099BFEF7B5FA11E01B2214A913A8FEF78C
:100190004FFB9DF84C3046EAC3661496B8E7CDF89D
:1001A0000CB04EE7CDF808B04BE77027384617B0D3
:1001B000BDE8F08F002754E02A69616CD31D143923
:1001C000B3FBF1F3013302EBC302236B9342BFF4A1
:1001D00036AD61E01C27E9E780FFFF070804002037
:1001E0003D2E59D104F1080301932768069B204650
:1001F000E16AD4F844A0A3EB070BFFF797FCA26ACF
:10020000BBFBFAFB8242D7D0616CD9F8E82601F13A
:10021000FF3C02EA0C0C226B0C9B521A62442263D4
:100220002268E0629A1AB2FBF1F8C345C2D10AFB18
:100230000877069B07F1140BB3EB0B0711D0E36BA8
:10024000BA0859469B6998478246E26A069B3A4437
:10025000E262226B0198D21A5A442263FEF7DEF959
:1002600057462368616CE06B01FB0831FEF7CDFA5D
:100270002046FEF767FB2046FFF781FC2063002F36
:100280009AD02A69616CD31D1439B3FBF1F30133A1
:1002900002EBC3029042A8D2374687E72DE9F0432C
:1002A0004FF6FF79D0F8248004460E46C84514BFA7
:1002B00045460025002787B0E369BB4202D807B056
:1002C000BDE8F083E26B2368606CD2F814C000FBD9
:1002D0000530052201A9E04701A8FEF7EFFA022840
:1002E00006D0C8450CD1721C29462046FEF7FAFB01
:1002F000E3690135B5FBF3F2013703FB1255DBE788
:1003000029462046FEF73EFBB0F1FF3F14BF0246F0
:1003100032460132E8E703460846EFF3108172B631
:10032000024ADB6BC2F80C17DB6818470804002090
:10033000036813F07E0F03D1406820F07C407047C3
:1003400013F078001CBF03F07F03D81F70472DE91E
:10035000F04F144607460E468BB00393C36B012241
:100360005B6907A960689847FB6B01225B693046AF
:1003700006A99847079B5D1C07D10022A360A275C0
:10038000627500200BB0BDE8F08F0122A27500223B
:10039000217E069D04EBC101CE610A846068C5F32D
:1003A000D31CB04205F07F010CD14FF0FF33C4F8ED
:1003B00000C02175A360237D043B022B26D80023B7
:1003C000A375DEE794F814E020688E4503D1A0EB16
:1003D0000C004242424103F07F0001288CBF002004
:1003E000012001298CBF00210121884218BF002271
:1003F00015F07E0FA27503F07E0304D1002BDAD036
:100400000023A375D7E7002BD5D1F9E715F07E0FB0
:100410000FD1FB6B022230465B6908A9984708A8F8
:10042000FFF786FF237D032B51D8DFE803F0150F7C
:10043000045906A8F4E7CC22237E04EBC3031A84F4
:100440000123634A134493F890340AE0237E04EBBB
:10045000C30318840023F4E7237E04EBC30318844A
:100460000123149A1370069A12F07E094FEAD26A99
:10047000227E37D1FB6B04EBC2020AF003055B69F5
:10048000B2F8208082F8225008A90222304698470C
:1004900020220DF117000DEB02018DF81790FEF7E9
:1004A000C7F91A2209A9FEF7C3F99DF81730099A6E
:1004B0004FF0080BB3EB926F0CBF01230023637561
:1004C000637D33BB0023A3754FF0000950E0227E0B
:1004D000013BDBB204EBC202052B1084C0D8B0E7AD
:1004E0000223AEE7002504EBC202B2F8208082F8B6
:1004F000225006A91B2208A88DF82050FEF798F973
:100500009DF820204FF0040BA2EB0A025342534106
:10051000D5E794F81690B9F1000FD5D0B8F1000FD7
:1005200008D1D5B10123627EE37552BB9D4218D13B
:10053000657614E07B6C06EB0B02594286EA0200FA
:1005400008421CBF0021A175591E0A409B1A434551
:10055000B8D3A37D002BE4D1B6E7E37D43B94FF0D8
:10056000000943465A4631463846FFF73BFBA06038
:10057000A27D237E5AB9012B27D801332376A07D93
:1005800000E7012DF4D0032DE9D1A376E7E7226936
:10059000012B4244226118D801332376039B002BA0
:1005A000EDD0E37D002BEAD0B9F1000FE7D1032DA8
:1005B000E5D0A1684B1CE2D0149B2246009338463C
:1005C0000123FFF7C4FEA075D9E70023A375D6E782
:1005D000542C030813B50C46002121760093616862
:1005E00013462246FFF7B3FE18B1E37D03B1A07EA8
:1005F000A075A07D02B010BD2DE9F04F0F469A46C0
:10060000002389B004464FF0FF31104690468DF824
:100610000B30FEF705FBB7F5801F20D2394603AA41
:1006200004F10800FEF733F8451C014605D1237C90
:10063000BBB92D2009B0BDE8F08F4046FEF7F0FAB7
:100640000122414620460DF10B03FFF7C3FF0028AE
:10065000EDD09DF80B308AF800300020EAE7B81C96
:10066000E5D1E66A711C2CD12046616AFEF74BF990
:100670000646BB1C18BF0123DFF8C4B00093636AB1
:10068000626C0193236803A902FB0639E36B4846B9
:1006900005225B6909F114099847002549464B1C5E
:1006A00005D0636C81EA09025B4213420FD03146E8
:1006B0002046FEF728F9019BB3422FD085BB0646A2
:1006C000DDE72368F61A636CB6FBF3F6D1E71B4847
:1006D000FEF7A6FA2046009A18490DF10B03FFF722
:1006E00079FF8446B8B1BA1C03D0DBF8E036BB42D0
:1006F00011D145469DF80B30DFF840E08AF8003014
:10070000BEE80F000FC5BEE80F000FC59EE807004A
:1007100085E807006546DBF8E816C0E7002D88D0BD
:10072000B7F5801F99D239469AF80030D8F80420DE
:1007300004F10800FDF7DCFF8FE700BFE80A0020A6
:10074000080400202DE9F341089C032A1746266877
:1007500006D1237A012B25D0012002B0BDE8F0811B
:10076000DFF8988030460DF1070308F5E262FFF7E5
:1007700043FF60600028ECD12568D8F81437A96AD7
:10078000D5F844C04B40CCF100021340207AE0D1B0
:10079000012809D1E068D8F8202702447069824214
:1007A00002D92374207CD8E72868EB6A1B1A081A40
:1007B000B3FBFCF3B0FBFCF083420BD1706CF36A2B
:1007C000421E1340326B121A134428463363FFF75C
:1007D000ADF9E862D8F82027E36808321344E360F3
:1007E00001223B4604492068FFF711FA60600028A7
:1007F000AFD00020B1E700BF180B00200804002094
:10080000032A2DE9F34106460D4617461C4606D13C
:10081000237A012B24D0012002B0BDE8F081DFF85B
:10082000608009680DF1070308F5E262FFF7E4FE56
:1008300060600028ECD19DF80720237A032AE7D0D6
:10084000D8F814176A689142E2D1012B2969D4F8CB
:100850000CC007D172690CEB0103934202D92074DA
:10086000207CD9E708316144E1603B4601222946FA
:100870003046FFF7CCF960600028C9D00020CBE7F4
:10088000080400202DE9FF410C4617461E46054688
:1008900090B390F834308BB3B1F5801F30D2DFF8CD
:1008A00064800121FFF737FD214628460DF10F0333
:1008B00008F23C72FFF7A0FE044678B99DF80F30AD
:1008C000012B12D1D8F84C379E4213D1024600902A
:1008D00033463946284612F00AFE0446E86B15F006
:1008E000ADFC204604B0BDE8F081022B14BF2D24DE
:1008F0006024F3E76324F1E72124F2E71124F0E711
:100900002924EEE7080400202DE9F04385B00C46C9
:1009100017461E460546DDF83080A0B390F8343007
:100920009BB3B1F5801F32D2DFF868900121FFF749
:10093000F2FC214628460DF10F0309F23C72FFF745
:100940005BFE044688B99DF80F30012B14D1D9F80D
:100950004C2706EB08039A4213D3009043463246D5
:100960003946284612F0C3FD0446E86B15F066FCD4
:10097000204605B0BDE8F083022B14BF2D2460246F
:10098000F3E76324F1E72124F2E71124F0E72924B7
:10099000EEE700BF080400202DE9F3411F460023C5
:1009A0000C46164605463B6058B390F8343053B3B6
:1009B000B1F5801F29D2DFF858800121FFF7ABFC89
:1009C000214628460DF1070308F23C72FFF714FE9A
:1009D0000446A0B99DF80730032B10D0022B0AD192
:1009E0000123336004233B60E86B15F027FC2046AD
:1009F00002B0BDE8F0813060D8F84C37F3E72D2421
:100A0000F2E72124F3E71124F1E72924EFE700BFFF
:100A10000804002073B50D46D11E4A421C461B7EB9
:100A20004A419A4228D129682368994224D36368AD
:100A3000994221D8124E0DF1070306F5E262FFF745
:100A4000DBFDC8B9D6F814276B689A4214D19DF81B
:100A50000730DA1E53425341227E93420CD1636920
:100A600001336361D4E90323934205D22968A26864
:100A700042F8231001332361012002B070BD00BF92
:100A8000080400202DE9F743044616461F460D468C
:100A9000DFF87480816AE36A8B421ED04B1C1CD045
:100AA000DFF860904846FEF7BBF801224946204631
:100AB0000DF10703FFF78EFD30B13B4620469DF850
:100AC00007201049B04740B1D8F870174A1C07D02A
:100AD000012D0DD0E36A9942E4D103B0BDE8F08363
:100AE000D8F86C172046FFF721F8012D0146D2D126
:100AF000D8F86C3781EA0302636C5B421A42ECD18E
:100B0000C9E700BF700B0020080400202DE9F04168
:100B1000036B9046826B07689A4288BF8363426C7E
:100B2000436A92B002FB0377C36B0E46052203A90A
:100B30005B6904463846984703A8FDF7BFFE0128C5
:100B40000146307070D0656CE26B2368606AD2F841
:100B500014C005FB0030052208A9E04708A8FDF7EE
:100B6000ADFE01284FF000053CD0D4E90A32012146
:100B70009342CDE90D458DF83C8010958DF84410D9
:100B800043D119462046FEF7D1FF236B626C143324
:100B90009B1AE06223630E9B1BBB9DF8443003B39A
:100BA000636A626C2568D4F83C8002FB03550C35FF
:100BB0000122D8F8143001A9284698474FF6FF7251
:100BC000019B99B291420CD11B0C1B0443F42543A9
:100BD00043F0A503029301222846D8F8183002A951
:100BE00098470E9DE36B05225B6903A93846984739
:100BF00003A8FDF763FE30702846236BA26B9A4270
:100C000088BFA36312B0BDE8F081237C33B91D49CE
:100C10000DAA04F10800FDF7C3FDBCE720461A4AFF
:100C20000DABFFF72FFFB6E7237C23BB2246174906
:100C300004F10800FDF7B4FD616A2046FDF7A2FE4D
:100C4000616A421C2046FDF74DFF054620B9236B23
:100C5000626C1344143B23632046A16AFEF766FFCF
:100C60002368A062C01A636CB0FBF3F06062204698
:100C7000FEF785FFB6E700232046054AFFF702FF8F
:100C8000DAE700BF450701080108010873E600081C
:100C9000C3E600082DE9F0474FF0FF334FF6FF722F
:100CA0000025044600F1080AC0E909238AB0C3629E
:100CB0000562056350460F46FDF7B0FC2046FDF780
:100CC00041FE18BB20463946FFF7E8FA2046FDF7FB
:100CD00039FE18BB5E200AB0BDE8F087E26B606C9D
:100CE0002668536905A9052200FB0560984705A8F9
:100CF000FDF7E4FD012828D129462046FDF742FEF4
:100D0000421C29462046FDF7EDFE0135E3699D4270
:100D1000E4D32046FDF716FE0028D3D000254FF07F
:100D2000FF394FF6FF73C8462F46C4E90853E369FD
:100D30009F4214D3A5EB0905012D30D84FF6FF7261
:100D4000636A93423DD16720C5E70338C0B20128EA
:100D5000DBD829462046FDF715FE0246D1E7E26BB7
:100D6000606C2668536905A9052200FB0760984757
:100D700005A8FDF7A3FD01280FD805A8FDF776FD0E
:100D8000404538BF6762814528BF8146854238BFEC
:100D900005468046236A013323620137C7E74FF6D1
:100DA000FF7300256362E3699D42C7D2676C2068C8
:100DB000E36B07FB050005225B6905A99847013530
:100DC000F1E7E26B676C206855696946052207FB0D
:100DD0000300A847626A616C23684F4D01FB023330
:100DE0001433A3624FF0FF336FF00101E36220463A
:100DF00005AB05F5E262FFF7FFFB002851D1D5F8FE
:100E0000185729462046E562FDF789FB206320B983
:100E10002046E16AFEF78AFEE06229462046FEF798
:100E200085FE0546A36A9D423DD16569626CE91C59
:100E3000143AB1FBF2F1002705EBC1050335B5FB10
:100E4000F2F5B8460235E36998453ED3AF4258D231
:100E50002046616AFDF757FD4FF00008064604F191
:100E6000400A474512D8626C2368694602FB06397E
:100E7000E36B05225B69484698476846FDF7F6FC38
:100E8000534602464946E06BFDF7AAFD314620462F
:100E9000FDF739FD08F10108A8450646E1D36420B5
:100EA00019E7A56AADE729462046FDF738FB236B15
:100EB00029460344074623632046FEF737FE0546CE
:100EC000002FAFD1C4E90B07ACE7626C236805A91A
:100ED00002FB0839E36B05225B694846984705A881
:100EE000FDF7ECFC012809D8204609F11401FDF7B3
:100EF00016FB636C143B984208BF013708F10108E8
:100F0000A1E75046FDF78AFB002320461946034A15
:100F1000FFF7B8FD0020DEE6080400208DE700089A
:100F20002DE9F8430023A44F0E46D7F894870446D2
:100F3000C7F8943718B921252846BDE8F88390F8FA
:100F400034500DB309680268914240F02A817168FB
:100F50004268914240F02581B1688268914240F038
:100F60002081F168C268914240F01B813169426979
:100F7000914240F01681B169C26B914240F01181FB
:100F800072691D468261D7E768222946D0F83890F9
:100F90001EF03EFB336804F1080023607368C4F858
:100FA00038906360336963617369A361D6E9022392
:100FB000C4E90223FDF732FBB36904F14000E363A7
:100FC0009B68984700284CD1616C11B16368B3FBF2
:100FD000F1F194F84330E161002BACD00023656C53
:100FE0002366002D00F0E580002900F0E2802368F0
:100FF000B3FBF5F205FB1233002B40F0D480D4F89C
:101000000490B9FBF5F605FB1696002E40F0CB8058
:101010002046FEF77BFDA369043303449945C0F0E5
:10102000C48040F634726369CC3B934200F2BF80C7
:10103000B5F5805FC0F0BD8003212046FFF76BF956
:10104000D4E90001E36B1B6898470546E36B022077
:10105000DB6898473DB184F83460E06B15F0EEF83A
:101060006AE72946B5E741462046FFF713FE6428A4
:10107000054604D141462046FFF70CFE0546636C49
:10108000143B8DBB226A204602FB03F6FEF73EFDB1
:10109000A369043303449E4203D284F834505A2592
:1010A000DBE70123D4E9009684F83430D7F8983789
:1010B000D7F89C870133C7F8983704F04BF81F2EF8
:1010C00016D8BFF35F8F05223C4BC3F894205A6AB1
:1010D00042F480325A62BFF34F8FBFF36F8FBFF37A
:1010E0004F8FBFF36F8FB8E7002384F83430B4E735
:1010F0004FF0000C19F01F0F06F1FF3618BF29F052
:101100001F0109EB06030CBF49462031DA062B4AC2
:1011100018BF23F01F035FFA8CF0804526D8D2F861
:10112000C00021F01F0120F47F4040F48070C2F81D
:10113000C00041F00301EFF31186302080F31188E5
:10114000D7F89C0723F01F0343F00303C2F898006D
:10115000C2F89C10C2F8A03086F31188BFF36F8FDD
:10116000D7F89C370133C7F89C37AAE7C2F8980034
:10117000D2F89C00D2F8A06020F01F00884226F030
:101180001F0601D19E429CD08E4201D3984298D92D
:10119000D2F898000CF1010C20F0FF00C2F8980082
:1011A000B9E75D25C8E65925C6E65A25C4E65F2598
:1011B000C2E65B25C0E600BF0804002000ED00E0A9
:1011C00001490248ACE600BF5C9B0020A80B002050
:1011D00070B5514C054694F8D83686B023B1022339
:1011E00084F8D83606B070BD0126CDE9013384F805
:1011F000D866EFF31183302282F31188C4F8DC360D
:1012000094F808386BB9FFF7DBFF50B9082343495E
:1012100004F60C0204F5F460FFF734FB08B984F817
:1012200008683F4B5A6E6A619B6E3E4AAB614FF451
:10123000804393663C4B5968E9613C499960196E5B
:101240002960596E6960D3F87011A960196CE96062
:10125000596C29613649086C1864496C596401213C
:1012600051661B6E9E043BD5324AD368DD07FCD421
:10127000314BDA6A511C38D04FF4801393402F4A17
:10128000136604222D4B4FF400011A664FF40072CE
:101290001A6608221A664FF480521A664FF00062EE
:1012A000956A1A66596605F17843B3F5C04F07D2BF
:1012B000002303A80593FEF71EFB059B5B0526D4C0
:1012C000029A1E4B1A66019A5A6694F80828002A58
:1012D00088D0D4F80C281A66D4F810285A6681E70A
:1012E000174AD368D807FCD4C2E794F8D936002B44
:1012F000C7D14FF400720B4B5A6603F5A6235B6807
:10130000002BBED14FF480120C4B1A66B9E72B6C40
:1013100001A902A89847D3E708040020007108003B
:1013200000800050009000500080004455CEAC007A
:1013300000C00054000004402C9B0020009000449A
:101340000000045070B54FF00064A36A03F17842C6
:10135000B2F5C04F28D21A68154B9A4224D1154DC8
:1013600095F8D93613F0FD0F02D00024204670BD49
:1013700005F61400FFF72CFF01264FF480330E4AC8
:101380000E49C2F88061CB6016600D4A1361A36AF2
:10139000DB699847044605F61400FEF7EFFA002CC7
:1013A000E4D185F8D966E0E74FF48174DEE700BF49
:1013B00007B0CD5E0804002000E100E000A000447A
:1013C0000090004438B54FF00065AB6A044603F165
:1013D0007842B2F5C04F12D21B6B03F17843B3F5DC
:1013E000C04F0CD20648FFF7F3FEAB6A20461B6BDA
:1013F0005B689847BDE838400148FEF7BFBA38BD82
:101400003C0C00202DE9F0418EB0054601A80C46A9
:10141000FFF7D8FF9DF80C30012B26D145EA0403D5
:10142000C3F30C03002B3CD1B4F5002F17D805F102
:101430007843B3F5002F12D81D4B2E199E420ED8BB
:101440004FF480381B4F2846C7F8688021F0F8FB1E
:10145000044620B905F50055B542F4D101E040F24B
:10146000024420460EB0BDE8F0814FF00066B36A3A
:1014700003F17842B2F5C04F16D21B6B03F17843EB
:10148000B3F5C04F10D20C48FFF7A2FEB36A214655
:101490001B6B2846DB6B984704460748FEF76EFA3D
:1014A000DFE740F20444DCE740F20114D9E700BF73
:1014B00000000808009000503C0C00202DE9F0418D
:1014C0000F4616469846044688B060B390F83450EC
:1014D000FDB10121FEF71FFF00210E9BCDE9051193
:1014E000CDE902379DF83C30CDF804808DF81C30F2
:1014F000237C04968BB90D4901AA04F10800FDF77D
:101500004FF9DDE90553E06B002E08BF1D4614F0CE
:1015100095FE284608B0BDE8F0812046044A01AB9C
:10152000FFF7B0FAEDE70546F3E700BFE7E500088F
:10153000150A01082DE9F34104461F461646884660
:101540002C4D4FF0FF3105F5E260FDF769FB9DF88A
:1015500020300022204605F5E261C5F82077C5F865
:101560001087C5F81C67FEF752FB236E0746002B59
:101570003BD02046FEF7CAFA636E256B03449D42BA
:101580008CBF00230123854294BF00252D1A656579
:10159000257C002684F8503084F85850D5B1DFF807
:1015A000588033463246314620460196CDF80080B9
:1015B000FFF784FF01230546CDE900833246334619
:1015C00031462046FFF77AFFE36805449D4294BF09
:1015D0003546ED1A94F85030E56513B994F8583053
:1015E0001BB1236E04F150009847384602B0BDE8A5
:1015F000F08100BF08040020FFFF0F002DE9FF412C
:101600000F4690461E460546002847D090F83430D5
:10161000002B45D0B1F5801F44D2234C0221FEF7A8
:101620007AFE04F23C72394628460DF10F03FEF7AC
:10163000E3FF024620B16B699E4219D9622410E093
:101640009DF80F30012BF6D1D4F84C178E42F2D111
:10165000009341463346284611F049FF04460028CE
:10166000E9D1E86B14F0EAFD204604B0BDE8F08152
:10167000284614F03DFB31462846FCF73BFF2C6B17
:10168000844209D301234246009339463346284613
:10169000FFF750FF0446E4E71C24E2E72124E3E7D8
:1016A0001124E1E72924DFE70804002007B52048DA
:1016B00090F8D83603B9FEE700236A46CDE9003337
:1016C0001C49082300F5F460FFF7DCF8E8B91A4A72
:1016D000D2F84031D2F840211F2B4FF001030FD92F
:1016E000203A9340019A1A43019208236A4611490D
:1016F0001248FFF783FF124B124A1A60FEF792F965
:101700009340009A1A430092EFE72D28F3D10A4A3A
:10171000D2F84031D2F840211F2B4FF0010385BF92
:10172000203A93409340019398BF0093DDE700BFB8
:10173000080400200071080000800044A80B00206D
:10174000000000200B020FF07FB50C46054648B3A1
:1017500090F8343043B3B1F5801F27D20221FEF751
:10176000DAFD21462846124A0DF10F03FEF744FF29
:101770000646A8B99DF80F30032B11D0284614F067
:10178000B7FA032321460093324633462846FFF733
:10179000D1FE0446E86B14F051FD204604B070BD44
:1017A0002D24F7E72124F8E71124F6E72924F4E7AC
:1017B000440B0020034B5A6812B19A6A002AFAD1EE
:1017C000704700BF0040065030B40446EFF310806D
:1017D00072B6256885EA02030B406B40236030BC7B
:1017E00020F0E9BF2DE9F04188461646044600285E
:1017F00068D00F2968D80378002B58D0013BDBB2A2
:10180000022B61D8324A134493F896346278D3405D
:10181000DB0759D52F4AD2F81053002D56D1EFF3DC
:101820001187302181F31188D2F8100308F1FF30BD
:101830000E28237894F801C03FD80120594300FABC
:101840000CF00A44002E35D002F582521060424658
:101850000F21BCF1070F03EB430388BFACF1080C69
:101860004FEA03131C4895BF4FEA8C0C4FEA8C0CCF
:1018700004330C3302FA0CF201FA0CF11844FFF7AE
:10188000A3FFB8F1000F0BD101223020637821783B
:101890009A40104B00FB01338EB103F582531A605E
:1018A00087F31188BFF36F8F2846BDE8F08140F2BF
:1018B000FF13ABE702F50152C8E72A46C8E703F574
:1018C0000153ECE72225EFE72125EDE70225EBE7C1
:1018D000542C030800C0035030C00350044BD3F80D
:1018E0008420D206FBD4D3F88400C0F38110704763
:1018F00000400050430905D0012B0CD0022B084BAF
:1019000018BF002300F01F0039B103F580530122F6
:1019100082401A607047034BF4E703F50053F6E783
:10192000688000506480005038B5174CFF28A26AC8
:1019300028D8A36D154D13F4803F18BF4FF48031A4
:10194000134B18BF99624FF080719962A36995F9A2
:101950004C5023F47F03054423F47F4343EA0023E0
:1019600085F3080543EA0543A3610A48FFF72CFF06
:10197000A36DDB0304D54FF480310648FFF724FF45
:10198000002038BD2120FCE70040005A2C9B00209D
:101990000050005A2840005A38B50F4C0F48A26A30
:1019A000A36D13F4803F18BF4FF480310C4B18BF68
:1019B00099624FF080719962A569FFF705FFA36DE9
:1019C000C5F30725DB0304D54FF480310348FFF747
:1019D000FBFE284638BD00BF0040005A2840005A90
:1019E0000050005A014B83F84C0070472C9B00209C
:1019F000014B93F94C0070472C9B00204FF480332F
:101A000010481149826A8B62836D03F00303032B34
:101A1000FAD14FF080730D488B620A4B996D30EA12
:101A20000101FBD1012008490865996D8907FCD4A3
:101A3000044B996D8807FCD5996D8907FCD504493D
:101A40000448C1E60040005A0050005A030001005B
:101A5000000001012840005A164B10B5D3F8283178
:101A6000044603F00703013B052B04D8DFE803F02D
:101A70000A161E120E1A0023184604B1206001B186
:101A80000B6010BD0C4B18680523F6E70A4B18686D
:101A90000623F2E71EF0DEFD0723EEE7064B58684B
:101AA0000323EAE7044B58680423E6E702230348CC
:101AB000E3E700BF008000502C9B0020002D310187
:101AC0001FB50023B0F5807F019300F0328165D807
:101AD00058285CD858285DD8DFE810F072005C0008
:101AE0005C005C005C005C005C005C005C005C0016
:101AF0005C005C005C005C005C005C005C005C0006
:101B00005C005C005C005C005C005C005C005C00F5
:101B10005C005C005C005C005C005C007200FD002E
:101B20007200FD000C010C010C010C010C01FD0008
:101B300019017C003C01AB007C00FD00FD00FD00B4
:101B40005C005C005C005C005C005C005C003C01D4
:101B5000FD00FD00FD00CC005001FD005C005C00BC
:101B60005C005C005C005C005C005C005C005C0095
:101B70005C005C005C000C017200720072004101AC
:101B80007C007C005C01D8009200E900E90080281C
:101B900000F09280019805B05DF804FBB0F5E06FAD
:101BA00000F0EC8057D8B0F5607F00F09B801CD827
:101BB000B0F5007F00F0848005D8B0F5C07FE9D192
:101BC0001EF0B4FD7AE0B0F5207F00F08480B0F51F
:101BD000407FDFD11EF0AAFD8F4B1B6FC3F3802324
:101BE0000133B0FBF3F0400868E0B0F5B06F00F0EF
:101BF0008E8017D8B0F5806F7CD0B0F5A06FC9D1BA
:101C00000021854B0391D3F8203203F00703042B06
:101C100006D8022B77D8012B71D0022B00F0D08090
:101C2000039B90E0B0F5C06F00F09480B0F5D06FEA
:101C3000B0D1794BD3F8003203F00700032800F04D
:101C400098805B0700F18F80013801288CBF00204D
:101C50000120C00332E0B0F5206F00F09B800DD86A
:101C6000B0F5086F00F0C380B0F5106F77D0B0F515
:101C7000F06F8FD1684BD3F8603182E0B0F5306FF0
:101C800000F0A4800CD8B0F5286F83D10021624BFE
:101C90000391D3F8703203F00303012BC0D18BE022
:101CA000B0F5386F56D0B0F5406F7FF473AF0021B8
:101CB00001A8FFF7D1FE6DE71EF01AFD019069E75C
:101CC0001EF016FD544BD3F89030C3F30463013378
:101CD000B0FBF3F0F2E71EF029FD4F4B1B6FC3F38F
:101CE0008023F4E71EF004FD4B4BD3F88030C3F3A0
:101CF0000113ECE7002101A8FCF705FF4AE703A860
:101D0000FFF7AAFE8CE74FF40043039388E7002116
:101D1000414B0391D3F8803103F00303022B53D0DE
:101D2000032B4DD0012B7FF47BAF03A8FCF7EBFE18
:101D300076E702934FF0E0231B695A0705D51EF0A2
:101D4000F5FC0290029B019324E703A902A8FCF78B
:101D50000FFFF7E7002101A8FCF70AFF1AE72E4B57
:101D6000D3F8083268E7042806D11EF0DFFC800AA9
:101D7000A4E74FF47A70A1E700209FE7264BD3F841
:101D8000403203F00303032B2ED0003B18BF012386
:101D9000DB03D8E7002303931F4BD3F8603203F033
:101DA0000703013B032B3FF63BAFDFE803F00204E0
:101DB0000D090021B9E7002103A8FCF7D9FE2FE7A0
:101DC0001EF048FC03902BE7144B9EE7124AD2F812
:101DD000902202F00302012A04D0022ACCD11EF084
:101DE00039FC6BE70D4869E74FF47A73ABE70A4BB0
:101DF000D3F8003103F00303022B06D0032B07D0E6
:101E0000012B07D1064B5B689DE74FF400439AE72F
:101E1000044B98E7002396E700800050002D310125
:101E20002C9B002080D5430208B58020FFF748FE98
:101E3000034B98429EBF4FF48032024B1A6708BD95
:101E4000005A620200A000504FF48032104B10B5CF
:101E50009A66A3F580531B6FC3F3033303FB0000A3
:101E60000C4BDC69144041F67132DA635A6822F493
:101E7000401259B90849884294BF0020012000054A
:101E800002435A600CB10022DA6310BD0349F2E745
:101E90000090005000000350005A6202002D3101F2
:101EA000024A536B0342FCD1704700BF0040095007
:101EB00070474FF00042104B70B55D6E03F58053D4
:101EC0005A664AF6CD3304460C4980204E6C0B64AA
:101ED000FFF7E6FF0B6A23F4F85343EA04230B628F
:101EE000F30744BF064B0B64002DA2BF4FF0004226
:101EF000044B5A6670BD00BF00800050004009507E
:101F00003254FFFF00A000500123F0B5C4B2214DB0
:101F1000A340D1F800C08F7ACC7A0E7B2B65850068
:101F200005F1A04505F58825C5F804C030256843AE
:101F3000240591F80DC044EA074400F1A04000F5E3
:101F4000802044EA465422F00302C0F860C0C46511
:101F50000267EFF3118485F311880F4A087A5365FD
:101F600000B11364487A00B1936308798A7942EA30
:101F70000042084882614D79CA79074942EA054220
:101F80008A61064A4363936484F31188BFF36F8FB9
:101F9000F0BD00BF002004500010045000000450A9
:101FA0000123C0B28340EFF31181302282F3118804
:101FB000074AD06A184209D1526B93430CBF0120E3
:101FC000002081F31188BFF36F8F70470020F8E77E
:101FD0000000045070B59400224605460E4620F0DD
:101FE0002BFE431C0AD058B92246314628461EF023
:101FF0004AFA002814BF3D20002070BD6E20FCE787
:102000007120FAE74FF48032054B9A6641F671323F
:1020100003F51C33DA63012203F50053DA607047DD
:102020000090005008B5FFF7EDFF002008BD1143F8
:1020300021F0F8014904044B490C41F440210630D9
:1020400043F82010704700BF00800350021E30B5D7
:102050004FF000000CBF0C25042547F60774084913
:1020600052B9831D51F82330234023B101308542FA
:10207000F6D14FF0FF3030BD00F11203F2E700BFA0
:10208000008003503AB122F0030202F1A04202F5AF
:10209000603209B9106070470002FBE74FF48032EC
:1020A000064B5A6603F5E6239B69C3F385128270DB
:1020B00003F03F021B0B427003707047009000500A
:1020C000CC4CCD4BCD4DC4F880380C33C4F8B4386B
:1020D000CB4B2DE98048ED1ACA4BED105D43D4F887
:1020E0005478023595B0C4F8D0062846C4F8C078B4
:1020F00020F0DEFC0026C4F8C808284684F8C4682E
:1021000020F0D6FCC4F8D008284684F8CC6820F02B
:10211000CFFC0321C4F8D808304684F8D46803F013
:1021200014FB3146B84803F051F994F8C43804F66A
:102130002C1584F8DC38D4F8C8384FF00109C4F8FD
:10214000E03894F8CC3884F8E438D4F8D038C4F8BF
:10215000E83894F8D43884F8EC38D4F8D838C4F88F
:10216000F03804F6DC03C4F8283905F02FF8A02273
:10217000314628461DF04CFA0C2384F8513904F5F9
:102180001663C4F85439202304F513600493C4F88B
:102190005C79049B20F060FB94F8CC7984F8489932
:1021A000C4F84C59002F40F08A8049462520FFF79B
:1021B000A1FB3A20FFF79EFB4FF40070934B0AA956
:1021C000CDE90A034FF4803338460C938DF8347010
:1021D00010F078FF08238E4E4FF480424FF4704188
:1021E0008C48C6F8A030FFF7EFFADFF868828A4B18
:1021F0008A4DC8F81C372B6BAF66D6F8183748469F
:1022000043EA0903C6F818370AA910F05BFF042354
:102210004FF480624FF470617E48C6F8A030FFF73B
:10222000D3FA4FF00213C8F820372B6BC5F888702B
:10223000D6F81837022043F00203C6F818370AA967
:1022400010F040FF02234022C6F8A030F021714870
:10225000FFF7BAFA724BC8F824372B6BC5F8A87091
:10226000D6F8183743F00403C6F818372B6B42F240
:102270000F73EB612B6BD90702D52B695A06F9D482
:102280000122684B1A632E6B16F00206FBD14FF445
:10229000E01301276B60644B39461F63634A6E622B
:1022A0006348AE60EF6002F0EDFF84F8106A84F8D6
:1022B000CC79A4F8126AA4F8146AA4F8166A00206B
:1022C0000FF031FDC4F8180A01200FF02CFD002595
:1022D0000326C4F81C0A84F8205A13F0ECFB554B73
:1022E00030461A46194684F82C6A013EC2E9035565
:1022F0001071D580157202F11002F6D194F8305A9F
:1023000094F8400AEA1E18BF01220328C4F8601A94
:1023100094F8501A02D0032900D03ABB4FF0010CB8
:102320001F794FB9DF883FB91F7A2FB9424F1A6919
:10233000BA4201D1DF68CFB10CF1010CBCF1040F3E
:1023400003F11003ECD1032D00F0BA81032800F053
:10235000B98103290AD102230022374904EB031370
:1023600083F8302AC3F83C1AC3F8382A00253348CA
:102370002946C4F8645A03F029F82946B2223048A5
:102380001DF046F92F4B012103F150020095052065
:1023900084F81A5B84F81B5B84F81C5B20F067FAF6
:1023A000294B082103F15002C4F8780B0095022054
:1023B00020F05DFAD4F8C038D4F8782BC4F8003493
:1023C000C4F8E83B0423C4F8F82384F8E43B032270
:1023D00094F8EC3B0025052B4FF0050384F8FC2313
:1023E0001A4A1B4F86BF84F8EC3BC4F8F02BC4F8A4
:1023F000F02B31E0080400207C9B002010660008D0
:1024000090630008CDCCCCCC6544010800010300EA
:1024100000D0035094C003500200030000C00450D9
:102420000200010000E0045000D004507571000863
:10243000D80D0020340E002001730108F13D010881
:10244000700E0020280F0020840F0020F0300308B9
:102450000431030800C0035098BF84F8EC3BC4F873
:10246000F45BC4F8DC0BC4F8E00B04F0DBF90FCF2D
:102470000DF1140CACE80F0038464FF0020950F88B
:10248000043B05A9CCF80030FBF738FD07F1140038
:1024900005A9FBF733FDDFF8808207F1240005A9C9
:1024A000FBF72CFD07F134000AA9CDE90B55CDE966
:1024B0000D55ADF82890FBF721FD3022F0218D4815
:1024C000C8F84090FFF780F904234FF44072C8F831
:1024D00040304FF470618748FFF776F90121864F4D
:1024E0003A20FFF707FAD7F820332A200B43C7F822
:1024F0002033FFF7FFF92A20FFF7E2FA4CF24F33BF
:102500001844984284BF4CF25033B0FBF3F0DFF82C
:102510000CC20AAF88BF00F1FF35BCE80F000FC73F
:10252000BCE80F000FC79CE80300032387E8030003
:102530008DF82B3040F6E4430D930123032D28BF83
:1025400003252A208DF83830FFF7BAFA5FFA85F8AC
:1025500001354CF24F32B0FBF5F31344934286BF82
:102560004CF25032B3FBF2F3002340F2FF3288BF4B
:1025700003F1FF33934294BF0C930C920FAD0AAF5B
:102580000FCF0FC53B682A202B60FFF799FA5B4BF2
:102590005B4A034493422ABFB3FBF2F3002503F1E5
:1025A000FF35032D28BF0325EDB2454538BF45460D
:1025B00010F02EFE2A20FFF783FA514FB842C0F0E8
:1025C0008380B0FBF5F04F4B00F5742000F23F2004
:1025D000B0FBF3F0002201387F2828BF7F2091460E
:1025E000DFF830B12B0743EA0043CBF808300AAFDD
:1025F000CBF81020CBF82020BA6897F80080424B27
:102600000392424A2A20B8F1000F08BF1A469246A8
:10261000FFF756FA05F1010CB0FBFCF00AF1FF3CA4
:102620006044B0FBFAFC40F2FF33824598BF0CF1E6
:10263000FF3C634528BF6346039ADFF8E4E091B2AC
:10264000994238BF19468A460BEB09118B6CFA7810
:1026500003EA0E0E08F003034EEA030E7B784FEAFE
:1026600009109B0003F01C034EEA030EBB781B030A
:1026700003F4E0434EEA03034FEA024E0EF4E02E69
:1026800043EA0E0397F810E04FEA4E5E0EF4600E38
:1026900043EA0E0397F804E04FEA0E7E0EF0405E28
:1026A00043EA0E038B64896C194BC1F30231013983
:1026B000042900F2E680DFE801F0E4E435CBD7003E
:1026C000002349E6012347E600287FF47CAF2A2057
:1026D000FFF7F6F950B1B8427FF675AF0D4B9B6826
:1026E000C3F302730133B0FBF3F06CE701206AE738
:1026F000C14681E734C0035000C00350FF59620255
:10270000005A620240420F0080969800404B4C00F5
:102710000080E00F0040005900D0035058310308FA
:10272000E08F18CFD3F88011090CB8F1000F00F03A
:10273000188109F10503CAF309010BEB03134FF0EC
:10274000010859601437B9F1000FD1D0C04DC5F858
:10275000048010F05DFD302348F20102CBF87030A8
:10276000DBF82C3023F48B3323F4807343F4805351
:10277000CBF82C30DBF80430C5F80480DB07CBF84D
:10278000982001D410F044FD01216960EFF311831A
:10279000302282F3118894F8F85B002D00F0158147
:1027A00083F31188BFF36F8F94F8F83BF3B1EFF325
:1027B0001182302383F31188A64B1D7B002D40F03E
:1027C0003B814FF0010AC4F8FC6B04EB061686F857
:1027D00074A1C6F8685182F31188BFF36F8F94F823
:1027E000F83BD4F8FC8B002B40F052819A4A01212F
:1027F0009A4802F047FD0A219848F6F764F900214B
:10280000974A984802F03EFD94F8CD06F5F794FA01
:10281000012808BF84F8CC0694F8C506F5F78CFAB1
:10282000012808BF84F8C406052003F0DFFF003844
:1028300018BF012094F8E832834201D0FCF7DAF99E
:10284000042002F0EFFD884C204611F00FF8FBE762
:10285000D3F88411B8F1000F7FF46BAFD3F88C314B
:1028600089B21B145B007FE0D3F88411B8F1000F2C
:102870007FF45FAFD3F88C31090C1B1403EB4303D7
:1028800072E0D3F88011B8F1000F7FF452AFDFEDA2
:10289000777A89B20B044FF001035844806C21F41D
:1028A000C048C0F3820000F1010E03FA0EF306EEF9
:1028B000103A4FEA8848B8EEC66AF6EE006A6C4BEA
:1028C00048BF48F00048002853D1D3F88C311BB2E0
:1028D00007EE103AB8EEC77A77EE877A002A5DD114
:1028E00005A8FFF7DBFB9FED637ADFED635A67EE28
:1028F000277A85EE867A9FED616A27EE067AB1EE39
:10290000006AB8F1004F07EE867A0BD09FED5C6A43
:1029100007EE901A77EE065AFAEEE87AB0EE467AAB
:1029200017EEA57AB5EEC07AF1EE10FACBBFB1EE94
:10293000477A76EEC76A37EE667AFDEEE67AC8BF6A
:10294000FDEEC77A17EE903AB3F5003F33DB6FEA3E
:1029500058436FEA434309F1050109014BF801307F
:10296000E7E6D3F88C311B1407EE903AF8EEE77ADD
:1029700090E7D3F8900166EE265A00B207EE100AEF
:10298000B8EEC77A77EE677AD3F8883187EEA57A02
:102990001BB207EE903AF8EEE77A9DE797ED037ADF
:1029A0009FED385AB8EE477AC7EE055AB7EE045A8B
:1029B00085EE257A99E713F5003FAABFC3F311030B
:1029C00048F4003343EA0803C5E784F8F81B83F3AF
:1029D0001188BFF36F8F202084F8745184F88451DC
:1029E00084F8945184F8A45184F8B45184F8C45103
:1029F00084F8D45184F8E451FEF77CFF2120FEF7DF
:102A000079FFFF22204B4FF4800759609D609D6144
:102A10009A624FF000429D631D645A654FF0FF3289
:102A20001A4D03F500531A6508211620C5F8807168
:102A300002F003F92F60B7E60136082E03F1100308
:102A40007FF4BBAE82F31188BFF36F8FCEE600BF79
:102A50000050005970050020D9F10008081000202E
:102A6000C9F00008D4080020F40F00200000000086
:102A70000080E00F3D3B843F000080430000204485
:102A80000000004900007A440000045000E100E02A
:102A9000B8F1070F3FF6AAAE04EB081999F87431A4
:102AA000002B3FF4A3AE284B04EB4816059306F524
:102AB000F473102229461846CDE9065508951CF0F6
:102AC000A7FD0221214A224FC6F8E821C278C6E9B3
:102AD0007B7761F38302C270132206F5FC7CC2602F
:102AE0000FC88CE80F006FF00301D6F80422194BD1
:102AF00061F39F02C6E97F37C6F80422C6F8EC31BD
:102B00004FEA481B144BA7F5B27240465A4405A938
:102B1000C9E95A35C9F8705189F875A1FFF7F4F978
:102B2000C4F8EC52A4F8E952A4F8F852C4F8485397
:102B300084F8E85207F8615C47F85C5C47F8585C39
:102B400007F8525C52E600BF01000A00A002100321
:102B50005407002074400059A5EC000807B5014651
:102B600001A8FFF79BFA9DF8063001220B804FF475
:102B7000807300204B80054B9B680A3303F01F03D2
:102B800002FA03F34B6003B05DF804FB0080E00F32
:102B9000014BC3F82404704700D003500020704755
:102BA00047F6FF739A42F0B570D0092970D8394BB7
:102BB0000B4493F82C35032B6AD8374DDE0005EB18
:102BC000C30393F8400C93F8421C012815D100254B
:102BD00093F8430C401A854202D30844C0B2F0BDBA
:102BE000441BD3F8446CA0EB540436F914609642AD
:102BF000D4BF254604F1FF30EDE7D3F8440C00289C
:102C0000EDD0B0F90040A24204DCB0F90240944299
:102C1000B8BF144683883544FF2B19BFC823282723
:102C2000B0F90630B0F90870A3EB04030CBF012221
:102C3000002293FBF7F395F8416C13441BB29E42BC
:102C400001DD002B01DA731E1BB24FF47A7C00EB1E
:102C5000C305EA88AD685F1C14FB02521D4622EAD8
:102C6000E2723BB25C329E42B2FBFCF204DD00EB4E
:102C7000C307BF88BA42EAD900EBC50398889042DF
:102C800028BF1046884238BF0846A7E7FF20A6E7BE
:102C90000020A4E7542C0308080400200929F0B5FB
:102CA0005DD8304B0B4493F82C15032957D82E4B85
:102CB00003EBC10393F8400CD3F8441C012811D155
:102CC00093F8430C93F8424C904294BFC4EB00033A
:102CD000C4EB0203001BDBB28342C8BF002331F9FF
:102CE0001300F0BD00293AD093F8420C904202D371
:102CF000B1F90200F5E793F8434CB1F900009442B2
:102D0000EFD993F8414C8B88013CA3F1FF06734245
:102D100001F10405E4B2734101F10C07DEB2B442E3
:102D200016D805EBC3034FF47A756A43B3F9024032
:102D30005B68D21A04EBD47302EB630292FBF4F2E9
:102D40009042CEDBB1F902009042CADC10B2C8E773
:102D500037F833C05E1C9445E3D33346DEE70348BF
:102D6000BFE700BF542C0308080400200080FFFFC9
:102D7000334B2DE9F3419B681EF0F2FB0128074617
:102D800030D91FF0C4FD061E04DA0124204602B02B
:102D9000BDE8F0812B4890F8683C002B4CD100F640
:102DA0006C40FCF75DF80446B0B90023254DC5F82A
:102DB0000434C5F80834502305F21448C5F80C84CF
:102DC000C5F810341FF08EFD0446C0B10023012465
:102DD000C5F86434012FD9D930461FF010FE002801
:102DE000D4DAD2E7174890F8683C3BBB00F66C4059
:102DF000FCF736F804460028C8D10646D5E7032379
:102E0000024601460093012043461FF030FD8046F4
:102E10000028DBD0D5F8041409B11EF00DFB012108
:102E20004320C5F8648401F008FF0822064B9A602D
:102E3000012385F8683CCDE70024CDE70024A5E711
:102E40002C9B00200804002000E100E0036810B57E
:102E500013F0704208D1C3F30E030B6013B943683B
:102E60006BB10B6000200BE003F05044B4F1004F55
:102E700007D0B2F1304F04D0B2F1404F01D0212041
:102E800010BD03F07F03E8E7002337B50D4601A925
:102E900004460193FFF7DAFF28B9226812F0704266
:102EA00003D1019B2B6003B030BDA468B2F1004F89
:102EB000C4F38033C4F3403404D103EB4403019AD8
:102EC0005343EFE7B2F1204F01D12344F7E7B2F1CA
:102ED000304FFAD0B2F1404FF7D02120E3E72DE98F
:102EE000F34705680F680446BD420E4690469A4671
:102EF00005F070492AD0B9F1004F06D0B9F1404F22
:102F000003D0212002B0BDE8F08785EA0703B3F1C2
:102F1000805F0CD3BAF1000F2FD1B8F1000F18D099
:102F2000A368B268534013F4E04F12D0E9E70023DE
:102F3000204601A90193FFF789FF0028E1D1019AFA
:102F4000C2F30E0215431743BD42DAD1B9F1000FA7
:102F5000E0DB0023204601A90193FFF777FF00285B
:102F6000D0D1009069463046FFF770FF0028C9D1E4
:102F7000DDE900329A42C5D0C3E7B268B8F1000F6C
:102F800003D0A3685340D904BBD49304E1D4B8E779
:102F9000002337B50B600368054603F070430B60F0
:102FA000C2680C4622B1032A0DD143F080630B6046
:102FB000D5E90232980103F0407107D5B1F1407FA5
:102FC00007D0002A62D1212003B030BDB1F1407F8B
:102FD00055D1002AF7D04FF04073226822F040729A
:102FE0001A432260EB68032B09D12B69F62BEAD92F
:102FF0001B0403F47F0322F47F0213432360AB68B6
:103000001B0442BF236843F400432360EB68032B97
:1030100009D023682A6823F4FF4323F07F03C2F317
:103020000E02134323602B68AA68002B31DB12F4D5
:10303000C84FC8D12B6803F0704303F10043B3F1CC
:10304000804F05D2530542BF236843F48063236059
:103050000023284601A90193FFF7F8FE0028B3D109
:103060002B6813F0704226D12368019A23F4FF43A2
:1030700023F07F03C2F30E0213432360A4E703F09F
:103080008073002AA9D1002BA7D09CE74FF00073D2
:10309000A3E7500402F4005106D4002993D023681A
:1030A00043F400532360C5E7236843F4804323605F
:1030B0000029BFD0F3E703F05043B3F1004F06D02F
:1030C000B2F1304F03D0B2F1404F7FF47CAF019B9F
:1030D0002268013B03F07F0322F07F02CCE701234B
:1030E00037B54B60C36805460C469BB901A90193EF
:1030F000FFF7CAFE60B9019B6A699A4207D32A6941
:1031000062B1226043F000530020A36000E01D2064
:1031100003B030BD032B01D10023F5E72120F7E7F1
:10312000436813B9416070475B685A68012AFBD154
:103130005960704770B5144D144E95F8D03C03F0AB
:10314000FF04E3B91EF00CFA012802D91FF0DFFBDF
:10315000044695F8D03C5BB9D5F8283D0C4843F0BF
:103160000103C5F8283DB36E9847012385F8D03C8C
:103170001EF0F6F9012802D920461FF040FCF36E3C
:103180000348BDE870401847080400202C9B00202D
:10319000DC100020044890F8D03C23B1034B00F62B
:1031A000D4401B6F18477047080400202C9B002058
:1031B000A0F50320A0F58070064A430902EB8302C4
:1031C0000123D2F8381D00F01F0083400B43C2F8E2
:1031D000383D7047080400202DE9F04380460E4634
:1031E0001F46154689B00AB1002313600FB10023B2
:1031F0003B604FF010090023324641462748CDF886
:103200000090FDF781FB0446F0B93268244B9A42E6
:1032100025D14FF0180901464A4602A81CF0F8F9DA
:10322000234641461D48CDF8009002AAFDF76CFBED
:10323000044648B9069B7360DDE90423C6E902230E
:10324000184B336025B9184C204609B0BDE8F0830F
:10325000C5F8009032689A421BD0144CF4E7114B29
:1032600015B99A42F0D0F8E7C5F8009032689A4252
:10327000F3D1002FE8D03B464146084802AAFDF7AB
:103280008BFB48B93B682A68934204D39B1A3B6086
:10329000DAE7054CEDE702200446D5E7A80B00204D
:1032A000D175E105105D175EFEDF00F0FFDF00F075
:1032B0002DE9F04F93B007468846FDF781FF04469D
:1032C00000284DD13C4D95F84C3D0BBB01464022AA
:1032D00002A81CF09DF9DFF8F890384A4B4609F136
:1032E00010094A4528BF4A460026013A0092344850
:1032F0001022019602A9FEF7E1F882460DF1080BB3
:10330000564516D12F4B9945E7D1012385F84C3D01
:1033100095F85C3D9BB12C4BD5F8502D5B689845DA
:1033200008BF97420BD1D5F8586D304613B0BDE8B1
:10333000F08F5BF8040BFFF73BFF0136E0E7DFF8A7
:103340009490DFF894A0630905EB8303D3F8383D2C
:1033500004F01F02D340DB0704D40134812CF2D1E6
:103360001A4EE2E7002304F5032606F580761A4696
:10337000304602A9FFF730FF08B1484510D1DDE91A
:103380000423984508BF9742E7D1012385F85C3DA7
:103390000D4BC5F8586DC5F8507DC3F80480C4E7DF
:1033A000504501D06328D8D131460548FEF7CCF905
:1033B0000028D2D0D4E700BF0804002081310800E3
:1033C000A80B00209031080058110020823108001D
:1033D00000310800FEDF00F0FFDF00F070B586B0BE
:1033E00006460D4614460021102202A81CF010F9D2
:1033F0000023CDE90033FFF79DFE30462946FFF755
:1034000057FF0F4B984206D96FF08B04FFF7C2FEAF
:10341000204606B070BD01AB6A4602A9FFF7DCFE8C
:10342000084B9842F0D010B1013B984205D1039B64
:103430006360019B23600024E8E76FF09104E5E7F7
:1034400081310800FFDF00F0F0B587B01022074699
:103450000E4602A800211CF0DBF80023CDE9003362
:10346000FFF768FE38463146FFF722FF234B04463C
:10347000984206D96FF08B04FFF78CFE204607B008
:10348000F0BD01AB6A4602A9FFF7A6FE1C4B9842AD
:10349000F0D028B1013B984202D06FF09104EBE7E5
:1034A000039B012B26D0174D214605F5F460FEF74E
:1034B0004BF90028F1D195F85C3D4BB1D5F8502D72
:1034C000D5F8543DB34208BFBA4208BF85F85C0D39
:1034D000A4F50320A0F58070430905EB83050123C3
:1034E000D5F8382D00F01F00834053400024C5F864
:1034F000383DC1E76FF08404BEE700BF81310800AA
:10350000FFDF00F008040020F8B5134642880C469F
:103510000732072A4FEAD20101D0A1424DD1D0E9AA
:10352000016705882022184600211CF071F8360A30
:103530000346002E44D1002C3FD041F201029542B7
:1035400005D0B5F5885F02D0B5F5905F02D15C601B
:10355000002011E0B5F5105F07D1182C03D0202C06
:1035600001D0102C29D11C60F1E705F44F42B2F5CF
:10357000824F02D06FF08500F8BDEAB2412AF9D13E
:10358000202CF7D1104A25F0FF05B5F5E24F026077
:103590000CD0B5F5824F10D14FF4005217F4705F84
:1035A00009D017F4864F04D09A60E3E74FF48042C5
:1035B000F4E742F480629A60CAE76FF08600DBE7C6
:1035C0006FF08B00D8E700BF200000B02DE9F0417C
:1035D0001C46436807461B0A8846154688B055D1E5
:1035E000038823F0FF02B2F5824F2CD14688413B7D
:1035F000DBB20736012B4FEAD60607D90B78042B2E
:103600001AD06FF0860008B0BDE8F081B542F8D15D
:10361000224631463846FFF777FF0028F3D10335BD
:1036200025F00305C4E90308656176B9202200216D
:1036300020461BF0EDFFE4E7013DB5EB460F01F13D
:103640000108E5D0DDE72E46E2E701462022684684
:103650001BF0DEFF6A4631463846FFF755FF00286B
:10366000E4D12368009A9A42E0D16368019A9A42B1
:10367000DCD1A368029A9A42D8D1A369069A9A42E9
:10368000D4D1E369079A9A42BDD0CFE76FF08B009F
:10369000B9E708B538B11DF08FF8002814BF6FF0F6
:1036A0001D00002008BD6FF01B00FBE72DE9FF4760
:1036B00003212D2001F0C1FA4FF480124FF4005184
:1036C0005E4B5A665E4A5F4B536713675E4AC2F8A9
:1036D000841151605D4A5E4C5367FDF733FEFDF780
:1036E0006FFD12F053FB12F051FB05F09DF9F0B99C
:1036F0004FF41672D4F8603D5343564A03F57423D1
:1037000003F23F23B3FBF2F3C4F8643DD4F8683D01
:1037100004F66C52D4F8641D013042F8041BC0B2A8
:10372000D4F8641D0A280B44F4D1C4F8683DFFF7AF
:103730001FFB494E494B4A48B3664A4BF3664A4B16
:103740003367FBF78DFBB36E48489847B36E484824
:10375000984794F8C03E03F0FF05B3B91DF000FF91
:10376000012802D91FF0D3F8054694F8C03E2BB9C2
:10377000B36E3B489847012384F8C03E1DF0F0FE2D
:10378000012802D928461FF03AF9F4F7F1FC002885
:1037900040F0DD80F36E35489847054600286DD02F
:1037A000F36E3248984794F8C43E5A0700F13082CD
:1037B00094F8C43E9F071AD500274FF001094FF037
:1037C00003082C4D2846C5F81C9085F81880013751
:1037D000F4F736FD062F05F12805F3D1002384F810
:1037E000C03F94F8C43E23F0020384F8C43E336F14
:1037F0001E489847F36E1E48984794F8C53E1E4DE4
:1038000013B1284601F044FB002108222846736FBB
:1038100084F8C51E98471648336F9847F36E1348CF
:10382000984794F8C43E1148DD0744BF23F00103D4
:1038300084F8C43E336F984789E000BF0090005081
:103840000060005A010000A000E100E00050005AB2
:103850000804002040420F002C9B0020E3EE0008EB
:103860009C11002047EE000893360108001200204A
:1038700064120020D8120020D012002094F8C43E18
:10388000DF070BD4FFF774FA002818BF6FF092051A
:1038900094F8C43E43F0010384F8C43E336FB54846
:1038A000984700287FF47CAFF36E002D7FF478AF4B
:1038B000B048984700287FF473AF94F8C43E980747
:1038C0005FBF012243F0020384F8C43E84F8C02F96
:1038D000336FA848984700287FF462AFF36EA5487D
:1038E000984700287FF45CAF336FA24894F8C45E19
:1038F000984700287FF454AFF36E9F4898470028FC
:103900007FF44EAF94F8C53E3BB9E90705D59B4817
:1039100001F0BEFA022384F8C53E336F96489847FB
:1039200000287FF43DAFF36E9248984700287FF45B
:1039300037AF94F8C43E8F485A075CBF43F0040386
:1039400084F8C43E336F984700287FF429AFFFF70F
:103950000FFA8B481BF001FF48B98A4D884F0FCFF3
:103960000FC50FCF0FC597E8030085E803000120BE
:103970001BF0F7FE13F012FE4FF400314FF050220F
:10398000B76F814B781C08BFD3F894707F4808BF8D
:10399000B7671167DA6E07F0040822F0300242F0D0
:1039A0002002DA665A6F22F440725A671EF04AFE0D
:1039B0004FF000524FF6FF711368C4F8C43F1180F6
:1039C0004FF20F02B2EB134F04BF4CF23C33A4F89A
:1039D000C63FF90700F13D8117F4D06540F033810F
:1039E000BA0700F120817B0600F131813D0740F1EB
:1039F00014810325664884F8C85F1EF023FE654FD6
:103A00004FF000093B6B84F8CA9F03F00803002BBA
:103A100015BF012300234FF0100A4FF0080A84F865
:103A2000C93F12F02FF918225B4BDA62BA6A9A6228
:103A3000A3F58053C3F82CA04FF48002574B5A6073
:103A4000502201274FF0020A83F8362349463422D8
:103A500053481BF0DDFD34224946524884F858781B
:103A600084F85BA81BF0D4FD03224F4B84F88C78BC
:103A7000C4F884380C33C4F8B8384C4B84F88FA899
:103A800084F8B0785A62B8F1000F04D003F5E0333F
:103A90009B68C6F894300023032084F8CB3F84F859
:103AA000005986F898500EF03EF994F8CB3FC4F8D0
:103AB000CC0F4BB994F8D03F33B9012284F8D13FF1
:103AC00084F8D02F84F8D23F01212D20FDF712FF7A
:103AD000374AD2F8003223F0070343F00303C2F859
:103AE0000032344A344BD16110212C4A82F82B1316
:103AF0004FF40061C2F8841151605A68002A40F006
:103B0000AA804FF420222C4B9A605A69002A80F236
:103B1000AC8001200EF0D8F80123284A1946D4F8C9
:103B2000CC0F0EF0FFF994F8D23F002B5CD140F29D
:103B30000123A4F8F838224BC4F8FC3894F8CB3FA2
:103B4000002B51D194F8D03F002B4DD094F8D13FA9
:103B5000032B49D81B4A1C4B01921122029300925D
:103B60001A494FF410721A48A3F5DA631EF073FF76
:103B7000D0B32FE00012002064120020D0120020E9
:103B80008C3103084810002000400050B431030875
:103B9000B8310308004009500060095000E100E01E
:103BA000600C0020940C0020A89B002000400650D0
:103BB000008000500050005B0040005BCE9B002066
:103BC000BC3103083C140020DC130020482C0308FF
:103BD000C120010894F8D13FC4F8F408013384F8F7
:103BE000D13F012384F8D23F254B4FF4B0620293BA
:103BF000244B254901932D2324480093244B1EF088
:103C00002AFF0123002084F8CB3F04B0BDE8F087F1
:103C100023F0040384F8C43ECAE5B8F1000F14D1C0
:103C2000B8040ED50A251B4884F8C85F1EF00AFDAB
:103C300000231946184A42F823100133202BFAD1E9
:103C4000DDE6FF25D6E60925EDE70125D2E60725C5
:103C5000D0E60525E7E75A6A002AFCD101210F4A80
:103C600051605A689107FCD44BE75A6AD207FCD4DA
:103C700001220A4B5A600A4A53689B07FCD448E762
:103C80003C1D0020F02000204C2C03084198000827
:103C9000FC0C0020B8310308000008500060005BF5
:103CA0000040005BBFF34F8F0549064BCA6802F422
:103CB000E0621343CB60BFF34F8F00BFFDE700BF4F
:103CC00000ED00E00400FA05034613B59C680846C1
:103CD0001146E4B11B78022B0BD0032B12D0012B21
:103CE00017D12346027AD0E9000102B0BDE81040A6
:103CF0001847131D00931368027AD0E90001A0470A
:103D000002B010BD234602B0BDE81040184720465F
:103D1000F6E70420F4E730B403460A4608480949A8
:103D2000884202D3042030BC70475C684588247800
:103D3000A54202D1194630BCC6E72830F0E700BFE3
:103D40009063000810660008037813F00C0F074B0F
:103D50000AD190F90820002A06DB1878421E50424A
:103D6000504100221A7070470120FAE7280E002007
:103D7000C378012B02BF0022034B1A70034BDB6890
:103D800003B11847704700BF220F0020A44E002047
:103D9000164B30B5186985B08268416814790B7A82
:103DA000012C03F07F0318BF002314880D78ADF8B1
:103DB0000040947815F0020FC4F306048DF8094012
:103DC0009478C4F3C0148DF80C4052798DF8083003
:103DD0000CBF252327238DF80B208DF80A300368AC
:103DE0000BB16846984705B030BD00BFA44E002017
:103DF00008B5C36903B19847002008BD08B5036A38
:103E000003B19847002008BD024B1B6803B1184757
:103E1000704700BF6C0E0020094B1B689B69D88857
:103E200060B1831EE62B08D9A0F58070B0F5806FD5
:103E30002CBF00200120400070470120704700BFC8
:103E4000D80A0020438870B5FF2B04460D4607D0E2
:103E500043692BB100262A68F3B21178994201D840
:103E6000002070BD5268D25C63889A4209D16A68AA
:103E70006369106898476A6800B2136803EB4003EF
:103E800013600136E7E7024B024A5A61704700BFF0
:103E9000A44E0020AC37030830B50624431CDBB227
:103EA000C3EB03135B0014FB02335A2414FB0134ED
:103EB000104B2344D4B2042C0CD11E2358430623A8
:103EC00003FB04005A23FF2203FB01010A4B0B44AE
:103ED0001A8330BD33F8185C0132FF2D03F106035D
:103EE000EBD053F81E4C43F8244C33F81A4C23F80B
:103EF000204CDFE7BC4E0020A44E002001280246E3
:103F000008B501D841B90122FFF786FF022805D183
:103F1000531E5842584108BD0020FCE70520FAE72F
:103F20002DE9F04F1C461B7987B0012B019338BF58
:103F300001235A259A461E2393464FF0000911FB90
:103F400005F513FB0253494F0390FB18501E0293D3
:103F5000C0B24FF00408FF23029E36F806CCBCF135
:103F6000FF0F17D016F8022C012A13D0019A0AB9B4
:103F7000227B22B1226812F8092062450AD126F874
:103F8000063C5FFA88F2CDE90401FFF785FFDDE921
:103F90000401FF2308F1FF38B8F1FF3FA6F1060640
:103FA000DBD109F101095FFA89F39A45D1D8039B66
:103FB000852B55D094F80CA00BF1FF395346012BFB
:103FC00038BF012302931E2303FB09F94D4407EB7D
:103FD00005080027264B45460426B5F818C0BCF155
:103FE000FF0F33D02A7F012A30D1019A5ABBBAF190
:103FF000000F38D0A26802EB470012F81720624584
:1040000000D01ABB06224FF05A0C02FB06920CFBA2
:1040100001221A4492F81AC042780CF07F0E02F086
:104020007F00864512D1D209B2EBDC1F0ED1FF22F0
:104030000BF1FF302A83C0B2F2B20391FFF72CFFDD
:1040400003990B4B02E0BAF1000FD3D1013E721C71
:10405000A5F10605C1D102980137FAB29042BAD84B
:1040600007B0BDE8F08FFF222A83EFE7BC4E0020A7
:10407000A44E002070B500240331032A01600471AE
:104080008460047301D8046070BDD51E043AEDB29B
:10409000D2B28E2B0ED114460A7852B96608012C82
:1040A000067301F1010102D8002CF4D1ECE7816024
:1040B000EAE72246AC1A013AD2B2FF2A047101F1B2
:1040C0000101E6D1E0E7002370B50A681578DCB29B
:1040D000A54201D800200AE05468E65C4488A64264
:1040E00006D1C4680CB9046914B14860012070BDE0
:1040F0000133ECE725230370012343707047252328
:10410000037003234370012070475B230322037075
:10411000837006234270C370022070470A4B70B54B
:104120005A6F4FF6FF7000232825148899B28C42ED
:1041300000D870BD05FB03F156680133715A8842FF
:1041400028BF0846F2E700BFA44E00205A220346CB
:1041500002700120587070470120704708B5436A0B
:1041600003B19847002008BD054B93F8780030B1A3
:1041700093F87900003818BF01204042C0B2704760
:10418000A44E00208723037003234370012070474F
:1041900010B51C46FFF7D8FDA0BB4B78042B02D00E
:1041A000062B14D010BD7223237005236370632384
:1041B000E37049232371522363713423A3713523A0
:1041C000E3710823A070029AFF201370EAE77223BC
:1041D000237007230C4A6370936CD26CE372110E48
:1041E0002171110C6171E271110A1A0E22721A0CFE
:1041F00062721A0A0123A3702823A171E370A272CC
:104200000C23E0E70220CDE70080E00F0022024B04
:1042100083F87A20704700BFA44E002010B51C46DA
:104220004B78012B19D1FFF78FFD034602209BB974
:104230005E22227005222371094BE2701A885B8886
:10424000110AA2711A0AE27109226070A070FF209F
:104250002372029B61711A7010BD0020FCE700BF41
:10426000DC9B00202DE9F0473B4CFFF71FFAE56F80
:104270001EF038FB002848D1002D46D0374F3B6850
:104280009D421AD01DF0E4FAD5F828A0D4F8809009
:104290006E69D4F884801DF051FB04F188039A45BF
:1042A0000BD04E4509D0464507D004F19C039E42F1
:1042B00025D1AB6A0BB995F85C302E1D1DF0C8FAFC
:1042C00030461EF08FFCAB6A1BB105F118001EF0E2
:1042D00089FCD4F8C4300133C4F8C4303B689D4233
:1042E000D4F8C83013D01E4A1368013B13601DF088
:1042F000C5F91DF023FB28461EF0F3FB1EE004F178
:10430000B0039E4201D0002ED7D1BDE8F087002B2C
:10431000E9D0D4F8B4309A68AB60EA6056609E6029
:10432000104B6B61D4F8B0300133C4F8B030D4F81E
:10433000CC300133C4F8CC301DF000FBD4F8C830C9
:10434000002BE2D03B689D42DFD1D4F8D030BDE8ED
:10435000F0471EF0F2BA00BFA44E00205C0C002013
:10436000EC200020544F00200148F4F77EBB00BF32
:10437000340D0020442300B5ABB08DF80030054B60
:104380004FF4FA721B6869469868F4F73AFB2BB051
:104390005DF804FBD80A0020C378012B00D1E9E7BF
:1043A0007047712300B5ABB08DF80030044B00228C
:1043B0001B6869469868F4F724FB2BB05DF804FB92
:1043C000D80A0020EDE730B50A4BABB00446A8226E
:1043D000002168461D681BF01BF97D234FF4FA721B
:1043E0006946A8688DF800308DF80440F4F709FBA1
:1043F0002BB030BDD80A002013460A4601460248B9
:1044000000680DF08FBD00BF240E0020F0B40C46F4
:104410000025FF2701F12D0622460523012812D190
:1044200092F800C0BCF1000F0FD0013B13F0FF0366
:1044300002F10302F2D10F34A642EDD145B1F0BC36
:104440002D220120D8E70028EFD101251770ECE7D5
:10445000F0BC7047012202490B200A70CCE700BF74
:104460000C070020418808B5982908D009D855299B
:1044700005D05E2903D00020C9B211F045FB002011
:1044800008BD9F29F6E773B51C464B780546042BFB
:10449000069E29D0052B14D0012B45D1FFF754FCE3
:1044A00010B1022002B070BD02231F22A3706370FE
:1044B000832322715B22E370052322703370FF2077
:1044C000F0E7FFF741FC01460028EAD1A722E01CF3
:1044D0001BF09EF85B23237006236370134B1B783D
:1044E000DB01A3700323E9E78B780122DB0901A933
:1044F0000B208DF80430FFF77FFF9DF804200B4B55
:104500000B491A700023C1F8D430C1F8D830C1F873
:10451000DC302B68D4310B606B6806484B60AB68AD
:104520008B6011F00BF8CAE70020BBE70C070020F6
:10453000A44E00207D7001082DE9F041B8B0E022C2
:10454000002168461BF064F8FF238DF800301D4BF6
:10455000DFF874801F68694678681EF0F1FA012858
:1045600002D038B0BDE8F0819DF80030822B26D013
:10457000842B24D0802BEED1D8F80060002534465F
:1045800033789D42E7DA2379012B07D0022B0DD037
:104590004BB969462369E068984704E09DF8042018
:1045A000E3889A42F5D001351034E9E79DF80420FC
:1045B000E3889A42F7D19DF80520237AF1E7FFF7C7
:1045C00023FCC8E7D80A0020680E0020002373B53A
:1045D000CDE900330D4D0E4E694628681EF0B0FA45
:1045E000012810D002B070BDA288BDF804309A42F4
:1045F00005D123681BB100999DF80600984708343F
:10460000B442F1D3E8E7034CFAE700BFE40F00201F
:10461000E0620008D062000810B5094A044692F82A
:104620007A30013BD8B282F87A0040B982F8E000D3
:10463000FFF7C9FE2046BDE8104010F0F5BA10BDE6
:10464000A44E00202D49F8B50B69002B54D000254D
:10465000032601F1E40401F1F40701F5827C0A6903
:10466000137B013BDBB213737BBBA242C2E9003375
:10467000936021D0BA4221D0624521D10222134653
:104680000D610133B3FBF6F000EB40001B1A01EBA8
:10469000031EDEF8E4E01801BEF1000F12D0204442
:1046A00008610A69AAB91648F4F7C3F920B3BDE84E
:1046B000F840134810F0B8BA1A46E0E70122DEE7E6
:1046C0000322DDE79A42DCD1EBE79368063393607F
:1046D000E7E7506892680379B2F800E0408803F099
:1046E0007F03864504D1927802F07F029A42B6D0C9
:1046F000BDE8F840FFF74CBBF8BD00BFA44E00205A
:10470000B84F00200C4B03F58A72824213D11A690C
:104710008AB1516892680B791088498803F07F0349
:10472000884204D1927802F07F029A4201D0FFF7CA
:104730002FBB002086E77047A44E002010B5064C22
:104740002046F4F776F910B1204610F06DFA0022F9
:10475000024B1A7510BD00BFF49B0020DC9B0020AB
:10476000044B93F8AB20FF2A03D1034AC3F89820E7
:10477000E4E77047DC9B002000000F1D38B50025E2
:104780000E4C2846A4F8545184F85651A4F85851B8
:10479000A4F85A5184F85C5184F8E050FFF713FEF6
:1047A00004F5B07084F87A50F4F743F928B104F5B1
:1047B000B070BDE8384010F037BA38BDA44E0020C4
:1047C000002105234FF4FA62084612F05DB810B5D7
:1047D0000E4CE3680BB1607C9847637C2BB994F86E
:1047E000AA30812B01D0FFF7DCFD94F8AC30012B0F
:1047F00004D1074B074A5A620DF004FA0021BDE8C4
:10480000104003236422084612F03EB8DC9B0020CF
:1048100000000850FFFF1D03F0B406880D888A7859
:10482000AE420CD002F07F03072B13D8AE4221D842
:10483000520624D083785B0621D1012024E08478BD
:10484000544014F07F0301D127061CD502F07F03EA
:10485000072B14D9847804F07F079F4207D3ECD844
:10486000AE420BD914F07F0F09D054060ED14FF091
:10487000FF3009E0837813F07F0FF5E7D8D30422E7
:10488000F0BC1BF000BE1846F0BC7047AE42F6D23A
:10489000D0E707B50A4B019093F8A0218A420CD1CA
:1048A000042203F5D1710DEB02001BF0ECFD003882
:1048B00018BF012003B05DF804FB0120FAE700BF38
:1048C000A44E0020F8B5436805465C780F46012CDD
:1048D00003D0022C1ED000241AE09B78643BDBB28C
:1048E0009A2B14D90368197A587801F07F0111F0D6
:1048F000AFF806460028EED0C4684CB16868A047FF
:104900003A4629463046BDE8F840FFF7DDB90224B3
:104910002046F8BD05682846FFF716FA0028F7D1AB
:104920002C7A687804F07F04214611F091F8002871
:10493000D1D00569002DCED02023396820460B70D8
:104940000323CA1C4B700B1D0231A8470523FF240B
:104950003B71DDE708B5094B0022197802200EF003
:1049600061FF074B4DF2D8611B780648002B08BF4A
:10497000C821BDE80840F4F7A6B800BF0B07002027
:104980000C07002010070020074A084892F8A631BB
:104990001830012B4FF0010380F8913088BF82F866
:1049A000A73110F095BE00BFA44E0020DC9B002074
:1049B000002845F2352018BF0020704770B51C460E
:1049C000FFF7C2F9002840F08F804B78113B062B8F
:1049D00000F28C80DFE803F0048A1E8A548A5C00AF
:1049E0008623237012236370414B1B685B69DA795D
:1049F000A270DA78E2701B792371082363711423A3
:104A0000A3710123E371002323720923FF20049A79
:104A1000137070BD8623237014236370344B8D781C
:104A20001E68344B29461A785868A5701BF061FD42
:104A300058B9FF23E370304B304A934218D3E378E0
:104A4000FF2B04BF0023E3700AE0982D0AD09F2DAE
:104A50000BD0552DEDD173699B78FF2BE370EAD015
:104A60000423D3E773691B78F7E773695B78F4E78E
:104A700059882833A94204BF13F8241CE170DCE7ED
:104A800086232370162363700723A3700323BDE7D7
:104A900086230722237018230A216370A270E37013
:104AA0000122A371AB250023CD2061711049227131
:104AB0000968E2714969A372E37223736373A37394
:104AC00025726072CE78E6730E7926744979A274E5
:104AD0003122E274082222751422A375617419230D
:104AE0006275E575207691E7022092E7002090E755
:104AF000D80A0020CC0C0020906300081066000843
:104B000038B500250B4CC82229460B4884F8AD5017
:104B10001AF07EFDB4F898002575013080B20EF0D1
:104B200051F928B104F11800BDE8384010F0D0BDAB
:104B300038BD00BFDC9B00204C500020002370B526
:104B4000194E1A4A347C5178814227D11178A142FA
:104B500024D10C22164D02FB0355EB6898472B7CA1
:104B6000B4FA84F23374B3FA83F352095B099A42BC
:104B70000AD0104D4CB995F870322BB120460DF08B
:104B800093FB012385F8713270BD95F87132002BCB
:104B9000FAD0BDE8704001200DF086BB01330D2B2B
:104BA00002F10C02CFD1EFE7DC9B0020B437030801
:104BB000AC370308A44E0020034B1B7C032B0CBF17
:104BC0000B200820BAE700BFDC9B0020064B93F8BF
:104BD000AB30FF2B07D183780BB1052B01D102201D
:104BE000ACE70320FCE77047DC9B0020002310B5F6
:104BF000044C84F872320CF0FAFF00F03F0084F8A5
:104C0000730210BDA44E002002460846097C022A09
:104C100001F03F0107D0032A07D0012A4FF0FF32ED
:104C200018BF0022D2B2002305E0427C12B101225B
:104C300041F08001837C10F02DBD0028ACBF00F155
:104C40006040064B4FEA0111C9B2ABBF00F56140AD
:104C500000F00F0080F800131954704714ED00E0C5
:104C60002DE9F74F002800F0E8807549D1E9A24E00
:104C7000EFF3118B302383F3118810F8086C30F8B0
:104C800006CCF30702D5BCF1000F07D18BF31188D6
:104C9000BFF36F8F012003B0BDE8F08FD1F87C32F5
:104CA000D1F88492A3EBCC0330F8048C0093C1F8C4
:104CB0007C3209F10103A0F108050CF10102C1F8F1
:104CC0008432B8F1000F3BD0A5EBC803DF88B3F8FE
:104CD00002A001971F7806F00206FF0725D42EBB1D
:104CE000019EA6EB0A06012E2AD1009E0CF10202BB
:104CF000A6F108075244C1F88492C1F87C7230F8DA
:104D0000028CB8F1000F1DD110F8085C20F8068C59
:104D100068F3000500F8085C013A5A801A7868F3D5
:104D200000021A700022DA803FE04EB110F8086CE1
:104D300042446FF3410600F8086C00269E80DEE7CF
:104D40002B46DCE705EBC809D1E99D673744B94537
:104D50000ED310F8085C013A6FF3000500F8085C08
:104D6000002520F8065C5A801A7865F30002D8E71F
:104D700015F838504E4615F0010530D010F8085C93
:104D8000013A6FF3000500F8085C002592B220F8A4
:104D9000065C5A801A7865F300021A70C3F10702A4
:104DA0003244C2F3CF02DA80B280002C43D09C425E
:104DB00041D86288002A08BF1C46BEF1000F06D009
:104DC0009E4504D3BEF80220002A18BF7346C1E9ED
:104DD000A2438BF31188BFF36F8F00205BE7A8EB32
:104DE0000C08B8F1010FC9D1B9F80270A9F8025046
:104DF0001744B9F80620E2B109EBC2060025D1F844
:104E00008422013AC1F88422D1F87C22083AC1F800
:104E10007C2210F8082C20F8065C6FF3000200F8E2
:104E2000082C1A785F8065F300021A70002EB5D145
:104E300078E71646E2E71C46BFE722202BE700BFD3
:104E4000A44E0020002313B5019369B160B101FBAA
:104E500000F401A920460EF095F8014620B901980A
:104E600010B122461AF0D4FB019802B010BDFEE743
:104E7000002307B5084601A901930EF083F80198B5
:104E800003B05DF804FB0846EAE608461146D9E798
:104E9000002303604360704730B5D0E9054553B344
:104EA00094420FD0E2B9046974B9036983B300294D
:104EB00018BF0D462B78DB0714D5AB8843B3A5EBA1
:104EC000C305F7E704698CB141B904682378DB07AF
:104ED0000CD5E3884BB104EBC304F7E70C46F5E7C8
:104EE0009542E2D0C0E9054530BD1C469542DCD074
:104EF000002ADAD0F6E7944208D08C4228BF0C464C
:104F0000954207D08D4238BF0D46EBE70C46F7E7D8
:104F10001D46E7E70D46E5E700232DE9F3478B4EF5
:104F20000193D6F878320C469A42104604D239B929
:104F300012B101A90EF026F8019802B0BDE8F08781
:104F40001AB90846FFF78CFEF6E7EFF31187302316
:104F500083F3118834F8063C07304FEAC30820F089
:104F60000705A845A1F108017ED234F8020C0028FB
:104F700068D0C21A012A65D101EBC00211F83000D5
:104F8000C0075FD4B2F802C0A8EB050919EBCC0941
:104F900058D4B9F11F0F38DDC5F3CF03611924F8D8
:104FA000063C0133084624F8023CFFF771FF34F851
:104FB000020C4FEAD9038880D0884B8010B3B2F836
:104FC00002C0A0EB0C0C1CFA83F39BB202EBC000F6
:104FD000CB80838000235E48FFF75EFF1046FFF71B
:104FE00057FFD6F87C32D6F880222B44A3EB080377
:104FF00093420194C6F87C3233D887F31188BFF30B
:105000006F8F99E70023CB80E4E7D6F88402013361
:105010000138C6F88402D088634424F8063C68B19D
:10502000B2F802C0A0EB0C0C1CFA83F39BB202EBAB
:10503000C00024F8023C83800123CCE7002324F83D
:10504000023CF9E7284601A90DF09CFF0028D4D1C5
:105050004246214601981BF009FA2046FFF700FE60
:10506000CBE7C6F88032C8E76ED934F8020CA8EB5B
:10507000050900F1FF3AAAEB030A002839D011F81C
:10508000303001EBC002DB0734D4BAF1000F31D16C
:10509000C5F3CF03611924F8063C0133084624F810
:1050A000023CFFF7F5FE508800EBD90334F8020C00
:1050B0004B808880D088D0B1B2F802C0A0EB0C0C35
:1050C0001CFA83F39BB202EBC000CB8083802048A4
:1050D0000023FFF7E1FE1046FFF7DAFED6F87C3238
:1050E00001941D44A5EB0805C6F87C5285E7C880ED
:1050F000EDE70246B9F1270FF0D9C5F3CF036119E7
:1051000024F8063C0133084624F8023CFFF7C0FEB1
:1051100034F8020C09F1FF33DB084B8088808AB138
:105120000AF1010A1AFA83F39BB2CB809380D6F876
:10513000843207480133C6F8843200231A46FFF749
:10514000ABFECBE7CA80F2E7019456E7A44E0020FD
:1051500018510020BFF35F8F074B5A6A22F4803248
:105160005A62D3F8942022F00102C3F89420BFF3CE
:105170004F8FBFF36F8F704700ED00E00122014BAE
:105180001A707047A44E0020364B70B51D6F15F095
:1051900001013CD0012203F50053334C1A6794F807
:1051A000B03213B31BF0C8FCD4F8B432C01AC4F840
:1051B000B802D4F8B8320BB1D4F8B812C4F8B812A7
:1051C0004FF41671D4F8B832284BD4F8B8221B68C3
:1051D0004B43274903F5742303F23F23B3FBF1F359
:1051E000934220D2002384F8B03294F8BD3273B1D8
:1051F00094F8BE325BB11BF043FC002384F8BE324E
:1052000084F8BF32012384F8C03284F8C13215F02B
:1052100000521CBF174B1A67002DBEBF4FF0004253
:10522000144B1A6770BD94F8BC321348D4F8B81206
:1052300050F82320114E511A3268521AD4F8B8127D
:10524000326040F823100A210932B2FBF1F20C4817
:105250000133DBB20260B3FBF1F201FB123384F8DD
:10526000BC32BFE70040005AA44E00206811002065
:1052700040420F000060005A74110020701100209D
:105280006C11002038B50B4D134604460A46014602
:105290002846F3F7FDFD022808D048B994F83030CD
:1052A000EA181C3382F8640045F82300012038BD59
:1052B0000020FCE7340D002038B50D461C466B7805
:1052C0000499013B042B79D8DFE803F0032B783DE8
:1052D0006200AB78092B01D9022038BDEB78002B96
:1052E000FAD0374C0121374A04F5B070FFF7CAFFF6
:1052F00004F5B0700FF098FCAB7843B984F87A30BD
:10530000A87884F8E000FFF75EF8FF20E5E7EB7887
:105310004FF47A7104F5B07084F87A30F3F7D3FB68
:10532000EEE7FEF711FD0028D6D173232370032387
:105330006370234B93F8E02093F87A30A270E37007
:1053400004230B70E1E71E4C94F85C31022BC3D0B0
:10535000AB885ABAA4F85821002BBDD0438800214D
:10536000A4F85A31AB78184AA4F85431EB7804F514
:10537000347084F856310223A4F8CC1284F85C31DE
:10538000FFF780FF282104F53470F3F79CFBBCE79E
:10539000FEF7DAFC00289FD1732306222370084B06
:1053A0006270B3F85401A07093F85C01B3F8CC328A
:1053B000E070180A207163710A70A6E700208CE77C
:1053C000A44E00201946010871710108F8B5054680
:1053D0000E46064C064FBC4200D3F8BD314620466F
:1053E000A8470028F9D12834F5E700BF90630008EA
:1053F0001066000807B500210848FFF7E7FF042200
:10540000074B0DEB020100200193FEF7F5FF002191
:10541000132010F0ECFA03B05DF804FBFD3D010829
:105420000014080030B50A4BABB00446A822002196
:1054300068461D681AF0ECF8652300226946A868E2
:105440008DF800308DF80440F3F7DBFA2BB030BD57
:10545000D80A002008B50420FFF7E4FF0022094B1A
:105460001A70094B93F810235AB983F8782083F8FF
:10547000792083F8112305490548BDE8084010F05C
:105480005DB808BD230F0020A44E00208C9C002096
:105490009D6F010813460A460146024800680CF059
:1054A00083BC00BF240E00202DE9F0474FF0000818
:1054B00005468EB02D22414602A8CDF804801AF090
:1054C000A7F8022D4A4C11D0032D49D0012D09D146
:1054D000484B2946186801AA0DF0A2FC10B9019AA0
:1054E0002D2A7FD0284602A9FEF790FF02A92D227F
:1054F0000120FFF7CFFF4FF0060800214FF01E0EEE
:105500003D4E02AB354600200EFB01FCC1EB0117FE
:1055100000EB400213F802903A44A5F8009008FB13
:1055200000C938326A4412F82FACA14489F81AA095
:1055300012F82E2C0130C2F340190528C2F30302E1
:1055400085F804906A7105F10605E1D1013103295E
:1055500006F11E0603F10F03D4D10EB0BDE8F087AB
:1055600041464FF006094FF01E0E04F1180602AF37
:10557000354600200EFB01FCC1EB01182B8800EB27
:105580004002BB54424402F138030DEB030A09FB0D
:1055900000C323449B7E01300AF82F3C02AB1A441F
:1055A0002B7995F805A05B010AF00F0A03F02003A0
:1055B00043EA0A0392F802A005282AF02F0A43EAD8
:1055C0000A03937005F10605D8D10131032906F1CC
:1055D0001E0607F10F07CBD12D2202A90120FEF7ED
:1055E0000BFFBAE7284602A9FFF754FF7AE700BF8E
:1055F000A44E0020240E0020BC4E00200120024BAF
:1056000083F8BE0050E700BFDC9B002000204BE782
:1056100037B50021154D0123286801AA8DF8001027
:105620008DF804100CF0C0FB044650B9012201A90A
:105630000B208DF80420FEF7DFFE214628680EF0CF
:1056400047FA012269460B20FFF724FF50B99DF865
:105650000020074B1A700121064A0748FFF712FE87
:1056600003B030BDFEF7F6FEF5E700BF200E0020C8
:105670000C07002055490108100700202DE9F043D0
:105680009846294B0446D3F800900D46D9F81830B7
:1056900016461878BFB0002841D057683B7903B947
:1056A0009370AA2D3ED8ACB1B378BA780BB9510635
:1056B00010D0602104F8041C0D2104F8023C02F013
:1056C0008003C2F30602134304F8031C04F8013CF0
:1056D0000435043CF8220021684619F099FF0123A3
:1056E0008DF8003033788DF809508DF808303B88FC
:1056F0002A46ADF8B430737821468DF8B8307B79FE
:105700000DF10A008DF8BA30CDF804801AF0AEFE23
:105710004FF47A626946D9F80000F3F772F93FB0A6
:10572000BDE8F0830220FAE7D80A002041070346CB
:1057300007D4820707D410F0010005D1DB099800D7
:105740007047032070470220704738B50D465E2130
:10575000044610F0D9F92A0603D59821204610F006
:10576000D3F96B0703D09F21204610F0CDF98CB1FF
:105770008521204610F0C8F98E21204610F0C4F98A
:105780005921204610F0C0F96C212046BDE8384070
:1057900010F0BAB95521F8E7024B1B689B691879DC
:1057A000704700BFD80A0020F8B5064607980D4696
:1057B00017461C4620B19DF820201AF09AFEE8B941
:1057C000FFF7EAFFFFF7B2FF48B1B0420CD1BCB11E
:1057D000294620469DF818201AF08BFE70B9A5F1D5
:1057E000200358425841F8BD042809D1722D07D131
:1057F000042F05D1B6FA86F04009F4E70120F2E75C
:105800000020F0E7002070472DE9FF41104B0546CE
:105810005F6893F800800F4B0E461B6814469B6927
:10582000DB889BB1FFF7B8FFFFF780FF70B10A4B31
:105830001A78294602925B683246CDE900832046F9
:105840003B46FFF7B1FF04B0BDE8F081034BEFE743
:10585000DC0C0020D80A0020D40C0020CC0C002046
:1058600008B50246FEF7D8FA02281DBFB2FA82F048
:1058700040094000012018BF013008BD10B5104C90
:1058800094F81233022B17D194F8131394F81403DD
:105890004B1C84F81333FFF7E3FF81420CD2002145
:1058A00004F54670074AFFF7EDFC04F546700A213F
:1058B000BDE81040F3F707B9002384F8123310BD98
:1058C000A44E0020497401082DE9F0430D4685B02F
:1058D000044616460021102268461F4619F098FE1D
:1058E000012D61D8012C37D1002D5DD12846FFF75D
:1058F000B7FFA04258D3032F04D0042F47D1F37829
:10590000002B44D15A221E2315FB02F213FB042361
:10591000264A4FF0FF0902EB03080422013CE4B2DF
:105920003378D7B2852B03D118F8023C012B06D06F
:105930003A462946204628F8069CFEF7ADFA7A1E1C
:1059400052B2531CA8F10608EAD10320FFF7ACFDC0
:10595000012005B0BDE8F0832846FFF781FF002C49
:10596000C7D18E233A4668463146FEF783FB204670
:10597000FFF776FF01240546AC42E6D822466B4687
:10598000002130780134FEF7CBFAE4B2F4E7684640
:105990003A4631468E23FEF76DFB034622462946E2
:1059A0003078FEF7BDFAD0E70020D2E7BC4E0020E9
:1059B0002DE9F74F804614469A46FFF751FF0F46F0
:1059C0008978814200D809B90123BB70BE7841466D
:1059D0003046FEF793FA3B785A212370BB780022B9
:1059E000A3701E2318FB01F113FB0613354DE07065
:1059F0001D44AC4613462271D1B2884207D83A788A
:105A0000852A17D08E2A18D00533DBB230E03CF857
:105A10001E1CFF29F3D01CF81AEC0132BEF1010F55
:105A20001FBF04EB030E01338EF80510DBB20CF13F
:105A3000060CE1E703226270E6E7032200271E213D
:105A40004FF05A0C62704FF0060B3A46013E71431C
:105A50000CFB08FC03F106090191F9B281420CD359
:105A6000002AD1D000211C4406331A446171D3B2FC
:105A70008AF8003003B0BDE8F08F35F81E1CFF290E
:105A8000EED015F81AECBEF1010F18D104EB0208A4
:105A900008F8091001990C4E0BFB071161443144C1
:105AA000897E02F1010E01F08008C1F30601023285
:105AB00054FA8EFE48EA0108D2B20EF80980013786
:105AC0000635CAE7BC4E0020A44E00200129F8B5D7
:105AD000054617461E4626D838B30846FFF7C0FECF
:105AE000A84222D35A2211FB02F41E226B1E02FB93
:105AF00003440F4B284623443B60FEF7FFF9002385
:105B000006213070DAB2904207D901FB03F43D68F8
:105B100001332C5BFF2CF5D132703078B0FA80F075
:105B200040094000F8BD0620FCE70720FAE700BF67
:105B3000BC4E00202DE9F04FB2F800A00546BAF1A6
:105B4000E80F0F461646994687B018D8FEF764F955
:105B5000022818D1012D12D10023284604938DF874
:105B60000F3004AA0DF10F03FFF7B0FF9DF80F30BF
:105B70004BB1012B03D1049B1B88012B03D00020C8
:105B800007B0BDE8F08F39462846FEF7B7F94FF069
:105B900000088DF814904FF05A09B3781E26ADF81E
:105BA0001280ADF810A08DF812300446FFF7F4FD16
:105BB000FFF7BCFD17FB09F9013D06FB0596DFF871
:105BC000CCA08DF815005644444540DC1E2106202B
:105BD00001FB05F3621ED2B200FB02335A2202FB24
:105BE0000733294A13441B8BFF2BC8D15A23012C9E
:105BF00098BF00244FF0060B01FB05F503FB07F7E8
:105C0000DFF8848088BF023CA944E6B20BFB06F6AD
:105C100006EB09002E443E444644338B06F118023D
:105C2000FF2B504401920FD004A9FEF7F5FD002888
:105C300019DD631CDBB20BFB0353B1693B444344E6
:105C4000019A996192889A83013CDED50CE03388F1
:105C5000FF2BBBD0304604A9FEF7DEFD063680B12F
:105C600008F10108B0E7EFD006230134E4B203FBEA
:105C700004880498BDF81430C844C8F81800A8F87F
:105C80001C3001207CE700BFA44E0020BC4E002049
:105C90002DE9F047054686B00E4617460021102232
:105CA00002A8984619F0B4FC2846FFF7D9FD012D4B
:105CB00003D9002006B0BDE8F087B478012C48D1A4
:105CC000002DF6D18442F4D843463A46314602A824
:105CD000FEF7D0F929462046FEF710F99DF80C9002
:105CE0009DF8148009EB08078742E2DC002FE0D022
:105CF00000270124BA46FBB299450ED9029B8DF8C4
:105D000006A0DB5DADF8043033B300232946B0783C
:105D100001AAFFF70FFF00BB04460027FBB298451E
:105D200012D9049B03EB4702527813F817308DF811
:105D30000620ADF8043093B101232946B07801AABA
:105D4000FFF7F8FE60B904460320FFF7ADFB2046DD
:105D5000B0E7002CADD0B5E71C460137CBE71C46B9
:105D60000137DBE770B51C464B780546013B049EC6
:105D70000A2B4AD8DFE803F01506491E294949498C
:105D800049493B002846FDF7DFFF08B1022070BDFE
:105D9000287A3346224600F07F00FFF709FEFF20F5
:105DA000F5E7287A852300F07F00FFF771FF0028D0
:105DB000F5D1EBE7022AE9D913460A46287A00F022
:105DC0007F019078FFF780FDF1E72846FDF7BCFFE3
:105DD0000028DBD1852323700623287A637000F026
:105DE0007F00FFF73DFDA07003233370D7E72846FF
:105DF000FDF7AAFF0028C9D1852323700C23637007
:105E0000034B93F8BE30A370EEE70020BFE700BF5E
:105E1000DC9B002070B51D464B780446013B049E78
:105E2000042B3DD8DFE803F012033C1B2A00204678
:105E3000FDF78AFF08B1022070BD207A33462A465A
:105E400000F07F00FFF7B4FDFF20F5E7207A8E23F6
:105E500000F07F00FFF71CFF0128ECD1F4E7022AD5
:105E600004BF00238B7013460A46207A00F07F019E
:105E70009078FFF729FD0028E6D1DCE72046FDF702
:105E800063FF0028D7D18E232B700623207A6B70F6
:105E900000F07F00FFF7E4FC0323A8703370D3E722
:105EA0000020C9E7094930B5D1E9D6345D1DB3FBFF
:105EB000F4F204FB123201EB8202D2F860030133E8
:105EC00008B9AB42F3D1C1F8583330BDA44E00201D
:105ED000084B0022D3F85C1310B5084603F558733D
:105EE0008A4200D110BD53F8044B04B90138013285
:105EF000F6E700BFA44E0020002373B5454C94F88C
:105F0000752384F874331AB184F8753302B070BD08
:105F100094F876238AB1D4F87C339A1A53425341C9
:105F200084F87B33B4F88033A4F8783300B18078F8
:105F300084F87A033848FDF71BFF94F87663D4F8A9
:105F40007C339E42E2D2D4F8843394F888535A7852
:105F50009B788DF8002045F001028DF801208DF826
:105F60000230FFF79FFF01902EB9AB0744BF45F009
:105F700005058DF801500388284DA4F88033A4F856
:105F8000783394F8893313F0070F31D094F88A33BB
:105F900073B390F90230002B2ADB0DF083FAEB7912
:105FA00004350433C4F88C53C4F890331C4B6A4650
:105FB000D4E9E301FFF762FB94F88A33054633B175
:105FC000002104234FF47A72084610F077FFC5B120
:105FD000022384F87A33FFF77BFFB0FA80F04009A0
:105FE00084F87B030C4802B0BDE87040FDF7C0BEEA
:105FF0000DF058FAEB79C4F890330A4BC4F88C339F
:10600000D4E7012384F8743394F87633013384F8A9
:1060100076337BE7A44E00201C520020700E002037
:10602000F95E0108780E002038B51F4D0446B5F81A
:1060300080330380837843B1FFF74AFFB0FA80F0E2
:106040004009E0702046FDF793FE95F894338BB934
:10605000FFF73EFFC5F87C03F8B10DF09BF9B5F8EA
:106060008033012823800CD0022815D12046BDE8BA
:10607000384041E70DF0DCF8B5F880330128238083
:1060800008D10223A370FFF723FFB0FA80F0400984
:10609000E07004E00228DBD038BD0123E370204625
:1060A000BDE83840FDF764BEA44E002007B5084B9C
:1060B0008DF80600B3F8803301A8ADF80430012351
:1060C0008DF80730FFF718FF03B05DF804FB00BF41
:1060D000A44E00202DE9F0430025B7B0934CC42214
:1060E000002105A819F094FAD4F8980305A9CDE980
:1060F00003550195ADF808501CF022FD012801AEB2
:1061000040F01181059BBDF8C420C4F8A03384F889
:106110009C039DF8CC30B2B39DF8D11009B18DF835
:106120000D008DF80E30003B18BF01239DF8CE10F6
:10613000ADF804209DF8CD208DF80C109DF8D010FE
:1061400002F07F028DF808309DF8CF3042EAC1128C
:106150008DF806208DF809309DF8D410744B03AAF1
:1061600006A80496FFF78AFA002800F08580BDF89B
:10617000C4306846ADF800304FF48173ADF802309A
:1061800000F022F978E02521329A84F8A51384F8EA
:10619000A633002BEBD12AB11678002E6FD153789D
:1061A000012B6CD1634B002101201A1FFFF78EFCDD
:1061B0000028DCD10125604B9DF8D46083F8BE50E7
:1061C00094F8AC339DF8D19084F8A453002BCED032
:1061D000002ECCD0594F3D78002DC8D1DFF86C810E
:1061E000324606A940461AF041F9514B84F8B053A3
:1061F000E360534BC4E9E386C4F884330DF052F9ED
:1062000094F8733208F8016C013303F03F0384F80B
:1062100073324C4BA8F108051B6884F8B063C4F8CE
:10622000B4339B6984F88A931B7984F889335B07BC
:1062300002D0B9F1000F56D10DF034F9EB79C4E971
:10624000E38305220023C4F85C233F49D4F8A82344
:1062500084F8743384F87533C4F8B8331088FF2891
:106260004BD1C4F85C330025A4F880530CF0E0FF58
:1062700000284AD101233B7037B0BDE8F0830023EA
:10628000D4F814C09CF804E0DDB2AE457FF66FAFE1
:10629000DCF800701901795C07EB0310B1420BD1F7
:1062A000577841788F4207D1002190F802809DF8FD
:1062B0001890CFB2B84501D80133E5E7476817F821
:1062C00011700131B945F4D10235EDB2FF2D3FF423
:1062D0004EAF184B002128461A1FFFF7F7FB002886
:1062E0003FF469AF43E70DF0DDF8EB790435043393
:1062F000C4F88C53C4F89033A3E70133052B41F85D
:10630000042B02F10602A9D1ADE701283FF42FAF1B
:106310000DF040F80028ADD001283FF428AF284602
:10632000FFF7EAFDA6E784F89C53A5E7A44E0020FA
:10633000ED63010850520020DC9B0020220F00205A
:1063400048520020D80A002004520020780E002075
:106350000022044B83F8A72193F89C3303B9B9E6D4
:10636000704700BFA44E002038B5154B054693F882
:10637000A631012B01D9FFF7EBFF124C237D01332E
:10638000DBB2092B23750ED8B4F89800013080B227
:106390000CF018FD10B984F8A90038BD2846BDE8F6
:1063A00038400FF095B994F8AC300420FF2B04BFAF
:1063B000012384F8AC30BDE83840FEF7BFBB00BF16
:1063C000A44E0020DC9B002010B5074CD4F8A0336D
:1063D00003B1984794F8A73113B9BDE8104079E6A6
:1063E000002384F89C3310BDA44E0020C37803B171
:1063F000EAE7704720220A200149FDF7FDBF00BFF0
:106400006052002030B5094B0146D3F8DC2393F8E5
:10641000E0430023D8B2844201D8204630BD157B2A
:1064200001338D42FAD02032F4E700BFA44E0020A1
:1064300038B5047805461CB1FE2C0CD0FF2C08D0D2
:106440002046FFF7DFFF054B93F8E033834202D984
:106450002C70012038BD0020FCE700BFA44E0020B6
:1064600013B58DF807000DF10700FFF7E1FF80B1CC
:1064700000200D4A9DF80710D2F8DC3392F8E02393
:1064800003EB4212934206D1003818BF012040426C
:10649000C0B202B010BD1C7B8C4201D0FF2901D1DB
:1064A0001C7E20432033EDE7A44E002013B58DF869
:1064B00007000DF10700FFF7BBFF80B100200D4A78
:1064C0009DF80710D2F8DC3392F8E02303EB421278
:1064D000934206D1003818BF01204042C0B202B03A
:1064E00010BD1C7B8C4201D0FF2901D19C7E204332
:1064F0002033EDE7A44E0020F8B51C460F461546A4
:106500000646FFF7ADFF38703046FFF7CFFF002398
:1065100028702370F8BDF7B504684568237A0E46E5
:10652000C3F306038DF807306B78012B23D0022BC1
:1065300050D12046FDF708FC054610B1022003B0FB
:10654000F0BD0DF10700FFF773FF0028F6D02523FB
:1065500034689DF807702370032338466370FFF793
:106560007FFFA0703846FFF7A1FF0523E07025717B
:106570003371FF20E3E7237813F00C06DED1AB780C
:10658000643BDBB29A2BD9D9077A022FD6D90DF109
:106590000700FFF74DFF0028D0D0032F08BFEE7093
:1065A000154E9DF80770D6F8DC3396F8E02303EB20
:1065B00042129A4209D1D4F802300822C6F8E233D6
:1065C0003846A9780DF048F8D3E7197BB94203D0D3
:1065D0002033EEE70020B2E71A462068616803C264
:1065E000A0681060EA78013AD2B2FD2AE3D99A7A1B
:1065F0006FF3C7129A72DEE7A44E0020094B70B504
:10660000596F0246002328250C8898B2844201D88D
:10661000002006E005FB03F04E680133305A90423B
:10662000F3D370BDA44E00201FB5019103A9044609
:106630000CF052FF18B1039A019B9A4208D0042231
:1066400020460DEB0201FDF7D7FEB0FA80F04009BD
:1066500004B010BD70B5002428260C4D6A6FE0B25E
:106660001188884206D300220120094B1A70094B79
:10667000187009E05368013406FB0033D969586883
:10668000FFF7D2FF0028E9D170BD00BFA44E002063
:10669000CD0A0020D50A002038B5134B0024186815
:1066A0000BF094FC114B124D18680BF08FFCFEF7A9
:1066B000A1FEFFF7CFFF202200210E4818F0A8FF0F
:1066C000FFF798FE95F8E033E2B2934200D838BD68
:1066D000D5F8DC33002103EB4213187B0B220CF0BE
:1066E000BBFF0134EEE700BF200E0020240E002087
:1066F000A44E002060520020F7B500252827134E35
:10670000134B7367736FAAB21988914201D803B013
:10671000F0BDACB27C435B6801A923445868009388
:106720000CF0DAFE736F5B68234430B9D969009BC3
:106730005868FFF779FF0135E4E75B6A002BFAD070
:10674000684698470028F6D00199F0E7A44E00204B
:10675000543803080B4BF0B45A6F282700231688CF
:1067600099B28E4202D80020F0BC704707FB03F1BB
:10677000556801336C18695A8142F1D1E16960684A
:10678000F0BC51E7A44E0020084BF0B5596F02460B
:10679000002328250C88D8B2A04206D205FB00F6BB
:1067A0004F680133BE5B9642F5D1F0BDA44E002088
:1067B00010B50C46FFF7E8FF0B4B5B6F1A8882425F
:1067C0000DD92146BDE810405B6800B200EB8000A7
:1067D00003EBC003586841F8043B0CF07DBE002376
:1067E000C4E9003310BD00BFA44E002007B5FFF779
:1067F000CBFF0B4B5B6F1A8882420DD95B6800B2EE
:1068000000EB800003EBC003586801A90CF064FEA4
:10681000019803B05DF804FB00230193F8E700BF83
:10682000A44E002004222DE9F34100200DEB0201CB
:106830000190FEF72FFE044600284AD12720FFF7DB
:10684000D5FF88B10C22FF2120460CF005FF042063
:10685000FFF7CCFF0121204A204B002835D11070D2
:10686000197002B0BDE8F0811D4B1B689B691A7856
:106870000AB91146E9E70DF103008DF80340FFF76F
:10688000D7FD78B1174F9DF80380D7F8DC5397F800
:10689000E06305EB4616B54208D1003C18BF012461
:1068A0006442E4B2002221461046CEE7287B4045F0
:1068B00002D0B8F1FF0F06D1FFF7A4FD384490F8DD
:1068C000BC332343DCB22035E5E7117000221A7097
:1068D000C7E7FFF7E1FEC4E7CD0A0020D50A002094
:1068E000D80A0020A44E00203A232DE9F04FA14EF3
:1068F00087B08DF81330A04B0DF1130118681CF010
:106900001FF9012802D007B0BDE8F08F9DF81330C1
:10691000A3F13002082A5CD8DFE802F0400E1F1C09
:10692000055B5B5B3100954B1B781BB133200FF08F
:10693000DDF8E0E73120FAE7914B1B689B691B7893
:1069400033B10320FEF76EFD01228C4B1A70D2E7A3
:106950000120F7E70020FEF765FDFEF77BFD3378A9
:10696000012B09D1864B1B689B691B7823B1854A93
:10697000137843F00103137000233370BBE7FFF774
:106980008BFE814B1A7832B100221A707F4B804AFD
:106990005A620BF037F9FFF745FFACE701227A4B5B
:1069A0001A704FF080730593754B1B689B69DB88E9
:1069B0001BB905A8FDF7F0FC9DE7764B5A21029321
:1069C00000231846CDE900330CF0F6FE002892D0E3
:1069D000EFE7702B57D08ED9812B8CD140F6E44253
:1069E0006D4B1B6853436D4A1278012A59D06C488D
:1069F0006C4C4178A342827801707ED36A4CA342EA
:106A000034BF01230223427001EB810102EB8202B9
:106A100001EB8101520002EB8102837013440022DA
:106A20006249DBB201F1B00010F812409C4266D11D
:106A300001EB420191F8B1A00025AB465C4CAA45A0
:106A400063885FFA85F97AD14FF00008632B9CBF09
:106A500001336380638884F804803C2B60D1062175
:106A60004846F8F70DFD534F002D4ED10522FF216A
:106A700028460CF0F1FD3A7842F004023A70257095
:106A800025710634B7E04C4B1B78002B3FF433AF35
:106A9000032B01D130204AE701210020F8F77BFACF
:106AA00029E74649464C8B4222784FF0000112D923
:106AB000012AA1703FF41FAF63780133DBB2132BBF
:106AC00001D8637017E7022A617001D1F8F7C0FEA0
:106AD000012323700FE7022A61703FF40CAFA37803
:106AE0000133DBB2132B01D8A37004E7012AA17094
:106AF00001D1F8F7ADFE0223EBE7002383E7013273
:106B00001B2A91D14FF0020A96E7062241464046E1
:106B10000CF0A2FD3A7842F008023A7084F8008046
:106B200094F80080B8F1000F00F09C8023790133C5
:106B3000DBB21B2B46D82371002DA2D0DBE63B2B0A
:106B400011D907214846F8F79BFC1A4B1A783DB932
:106B500065F382021A7000232370A4F802B0DFE705
:106B60006FF3C302F6E7002BF7D02378FF2BF4D0A6
:106B70000133F1E716090020800F0020230F0020C9
:106B8000D80A002004070020240F0020000008502D
:106B900004001D039943010850070020F00600205F
:106BA00000070020A87D2500C0F96300AC3703086A
:106BB000F4060020DF0A0020700800202E087D0067
:106BC000F10600200021217115BBB8F1010F14D18D
:106BD0000522FF2128460CF03FFDFF22234B1A70AF
:106BE000234A137843F00203414648461370F8F7EE
:106BF00047FC04F8065B012521E7B8F1020F25D117
:106C0000FF221A4B5A701A4A137843F00403EBE739
:106C1000B8F1010F10D1062208460CF01DFD00212D
:106C2000124B134A1970137843F002031370414654
:106C30004846F8F725FC12E0B8F1020F0BD10B4BD8
:106C40000B4A5970137843F00403EFE708F1FF3360
:106C5000022BCED8EBE708F1FF33022BE7D9002354
:106C6000237069E784F8048066E700BFDD0A00202E
:106C7000040700200D4B4FF0280C5A6F0023F0B48E
:106C800017889CB2A74202D80020F0BC70470CFBCA
:106C900003F5566801337419755B8542F1D160685C
:106CA00041F8044BF0BC0CF017BC00BFA44E002010
:106CB00003289DBF034B03EB8003D3F8E800024891
:106CC000704700BFAC370308C43303080B289DBFCF
:106CD000034B03EB8003D3F8F8000248704700BF72
:106CE000AC370308D433030810B51C4898B090F8AB
:106CF000782072B390F8793063B3642490F811135C
:106D000012FB04F211BB5108FF2B08BF0023521ADB
:106D1000134C2478C4B1FF240692ADF8044002223B
:106D200004248DF808208DF80C406422002404917E
:106D30008DF814408DF80720179329B1012380F8AE
:106D4000103301A8F1F7ECFE18B010BD11FB04F1EF
:106D5000DAE713461A461946DAE700BFA44E0020C8
:106D6000D40D00202DE9F8430D466E788046022EA2
:106D700017461C4608997CD0042E00F0B580012EE1
:106D800040F0CE80674C0E2204F2E63900214846DE
:106D900018F03EFCD8F80030032FC4F8E633D8F8DA
:106DA0000430C4F8EA33D8F80830C4F8EE3308D118
:106DB00028460EF047FC0646012E45D1FF20BDE8CF
:106DC000F88341D903230421EA7802F01F0213FB60
:106DD0000213BB4238D8002AEAD0002398469946CD
:106DE000194618461F4695F804C0BCF1500F2DD126
:106DF00095F805E095F806C0BEF1040F28D0BEF165
:106E0000050F29D0BEF1030F12BF002661460120F5
:106E10000137BA4205F10305E5D8A8B1B9F1000F71
:106E200012D099424FF0500584F8781084F8798098
:106E300014D2002384F81133FFF756FF3A493B4838
:106E400084F8F2530EF07AFB0220B8E70026DFE761
:106E5000E0464FF00109DBE76346D9E784F81133D8
:106E6000FFF742FF3049314884F8F2530EF066FBD9
:106E7000A2E7FCF769FF02460028E5D1022F08D1FE
:106E80008723032223706270FDF76EF9A0700A70E9
:106E900094E7D9D9AE7887230325502E23706570E7
:106EA00018D1FDF761F91F4BA07093F87820E570B9
:106EB000A2710422227293F8792093F8113362723E
:106EC000052223730D2326716571E671A672E272A5
:106ED0000B7073E7FDF748F90123A070E37022718E
:106EE00007236271A271F3E7FCF72EFF0028ABD1F4
:106EF000022FA9D98723AA7823700523502A63700B
:106F000000D04AB95023A3700023E37001232371FA
:106F1000382363710623DBE7A070E0702071D7E7A8
:106F200000204CE7A44E00208A5200209D6F0108EB
:106F3000F0B50D4606461C461746B3B0C0220021E8
:106F400002A818F065FB2A46314602A88DF8C45005
:106F5000019719F08BFA23462DAC03F11005224658
:106F600018685968083303C2AB421446F7D10023AE
:106F7000094C1A46D4F8980301A91AF0F5FD40B15E
:106F800094F89C3323B994F8A7310BB9FFF7A2F812
:106F9000012033B0F0BD00BFA44E002030B50D4637
:106FA000ADB0AA220446002101A818F031FB40F23E
:106FB00087332A7BADF80430502A2AD1FDF7D4F864
:106FC00003238DF807304FF454738DF80B200422FF
:106FD000ADF80830134B8DF806008DF80C2093F8AF
:106FE000792093F878108DF80D204FF4AA628DF86F
:106FF0000A100D2193F81133ADF80E208DF81030E2
:107000000123094A637301A82346FFF791FF2DB0BE
:1070100030BDFDF7A9F8012307218DF806008DF892
:107020000730EDE7A44E00204546010830B5ADB06D
:107030000446A8220D460DF10600002118F0E8FADA
:1070400025238DF8043003232D7B8DF80530284649
:10705000FFF706FA8DF806002846FFF727FA012306
:107060008DF80700637305212346034A257201A8A2
:10707000FFF75EFF2DB030BD4546010810B5ACB03E
:107080000446A72200210DF1070018F0C1FA40F2D2
:107090005B63ADF80430074B03211B78064ADB0124
:1070A0008DF80630012301A863732346FFF740FFE4
:1070B0002CB010BD0C0700204546010870B5837840
:1070C000294CB0B023B9B4F8CC320133A4F8CC3297
:1070D00026480DF0A9FDB4F858315BB1013B9BB2D5
:1070E000A4F8583133B12821204830B0BDE87040B1
:1070F000F1F7E9BCB4F8CC520E22003D18BF0125CF
:1071000000210DF10600B4F8CC6284F85C5118F04F
:107110007FFAB4F85A3176BAADF8043025238DF8E9
:107120000E30FEF739FBFEF701FBA4228DF80F00AD
:1071300000210DF11A0018F06BFA40F27363ADF8FC
:107140001430B4F8543100228DF816300123062192
:107150008DF8113005A801AB8DF81750ADF8186007
:10716000FFF7E6FE30B070BDA44E00207451002041
:1071700010B5124BC0B01B68F822002102A81C6891
:1071800018F046FA0B238DF808300D4B2046039378
:107190000C4B02A9B3F8542193F85631ADF81020E6
:1071A00000228DF81230F1F72CFC012804D1064B97
:1071B00001A80193FFF782FF40B010BDD80A00205C
:1071C000BD700108A44E00200000020273B5002526
:1071D0000C4C294604F57D764FF47572304684F8E0
:1071E0009C5384F8A75118F013FA3246C421009535
:1071F00004F5F96305201BF03AFBC4F8980302B0CC
:1072000070BD00BFA44E002030B5A5B0882200217B
:1072100002A818F0FDF9FF238DF80830284B1C68F0
:10722000E06802A91BF08CFC012801D025B030BD1C
:107230009DF80830C32B19D0C42B3ED0C02BEFD102
:107240009DF81030002BEBD0039B002BE8D00022E0
:10725000ADF804209DF8112001A88DF80620022227
:107260008DF807209847FCF7CFFDD9E79DF80C3043
:10727000ABB9A3691A781AB11879FEF757FA50B169
:10728000FEF7B8F8A3691D782DB9FFF79FFF0D4BE6
:107290001D700EF010FC32200EF028FCE3E7052BE9
:1072A00003D139200EF022FCBAE7072B01D132209E
:1072B000F8E7082BB4D13020F4E73820F2E700BF1C
:1072C000D80A0020280E002043880B800379C3F3DE
:1072D00006034B72037913F07F0318BF01230B736E
:1072E0004378CB72037813F0020F0CBF25232723BA
:1072F0008B72037AC3F306030B7200234B73704740
:1073000070B50C4691F8BD60B8B032464979207925
:10731000FEF77AFA002840D0002594F8B02094F8BF
:10732000AE308DF80C20B4F8B8208DF82030ADF8D0
:107330000E20B4F8BA200DAB29461846CDE9045505
:107340008DF80D60ADF8122003AEAA220434069623
:10735000079418F05DF901A9CDE9010506A8FCF72D
:10736000DAFC042814D09DF808408CB102280FD014
:107370000E2229460DF1260018F04AF909A93046D7
:10738000FFF7A2FF2A460B4601982146FFF7D0FDE2
:1073900038B0BDE87040FCF737BD38B070BD00B5FF
:1073A000B1B0A622002106A818F032F90E22002161
:1073B0000DF1060018F02CF9214A01A902F6180077
:1073C000FFF782FF40F25943ADF8143092F81233C0
:1073D00092F81303991E4B424B41DB0192F820189F
:1073E00043F0010301288DF8163001F07F0106D922
:1073F000536903EBC1031B790133984202DD01237A
:1074000082F8133392F81333012B8DF817300CD018
:10741000526903F1805352F83120023B180102EB0C
:107420000313125C5B788DF819208DF81A300A214D
:10743000044A01AB05A8FFF77BFD31B05DF804FB02
:10744000A44E00207D580108A9E72DE9FF410A9EBE
:10745000044617461D46FCF777FC00285ED14B78A2
:10746000032B35D0052B5DD0012B58D1032F55D1DF
:1074700059232B7002236B708B78012BAB700AD9C8
:107480004D49227A486902F07F0200EBC201097976
:1074900001318B4215DD0123484CAB70204619F0B9
:1074A00036F821460246281D18F0E0FF204619F064
:1074B0002EF8E870204619F02AF804303070FF20CA
:1074C0002DE050F8322002EB031353F8184CE5E797
:1074D000394D95F812330BBB8B78227A13F0400F9D
:1074E0004FF0010312BF022185F81233CB78C2F3AB
:1074F000060285F81333236885F81423C5F8183875
:1075000063682F4A18BF85F812135360A36893600D
:10751000FFF745FF0028D2D185F81203022004B0FE
:10752000BDE8F081CF78237A012F03F07F0305F1C6
:10753000040819D9204A516901EBC30212790132BA
:10754000974211DCCDF80480002BE7D10B6807F1DE
:107550008052023A03EB02139C78404664002246B4
:10756000596818F083FF19E0CDF80480002BD5D1BD
:10757000FEF712F90446FEF7D9F8D8B9114B124AB2
:10758000002C08BF134601270293104801AB02A943
:107590000393FDF71BFF019CA4EB0804002CBDD056
:1075A00059232B700623E4B2EC7004346B70AF7077
:1075B000347084E7064BE6E7A44E0020E43303086A
:1075C000BC560020D40C0020CC0C0020453E010805
:1075D000DC0C00202DE9F04F054648780C460E28BB
:1075E000B9B015D8002800F0F28201380D2812D861
:1075F000DFE810F0320311001100B7007B0011002A
:1076000078025B021100280111001300110095019E
:10761000FD2800F024830020D9E2884B10221B684B
:10762000B1F802809B69002107A89F8917F0F0FF3D
:107630002846FCF789FB064608B10220C7E298FA03
:1076400098F005A980B2FFF715FB4FF45763024687
:10765000ADF83430A37828468DF83630E37807A9A2
:107660000E968DF83C608DF83730FFF72DFE002A1E
:1076700000F05281059BDB68D3B91C467D1FADB27B
:10768000B4FBF5F305FB1342002A08BF013B0026BB
:1076900003F0FF03A6428DF838300BD3FF2096E2AB
:1076A0000134B4F5807FE9D01A5D002AF8D1E5E70E
:1076B0003446F9E7A71BAF4228BF2F46059B3A4641
:1076C000D9680DF13900314418F0D0FE791D00223F
:1076D00007ABC9B20DA8FFF72BFC0028ADD09DF871
:1076E00038303E44013BDBB2D4E710228C7807A847
:1076F000002117F08DFFB22200210BA817F088FFA0
:107700002846FCF721FB002897D1204605A9FFF762
:10771000B1FA20B9FCF702FD05A9FFF7ABFA05990C
:107720004FF4CE63A1B9ADF834308DF8364006AAD7
:107730000EA80EF013F807A92846FFF7C5FD002292
:107740000B4608210DA8FFF7F3FB0028A6D174E72C
:107750000A88ADF834308DF836200B7E8DF837303E
:10776000E5E7CB7803F00702022A1ED8002A3FF48F
:1077700064AFDB095AD107A90793E01C1144013318
:1077800010F8015FDBB29A4201F8015DF7D80023DF
:107790004FF028092A4E94F802E0716FB1F800C04A
:1077A0009FB2BC4504D8022032E0042AE1D044E76D
:1077B00009FB03F84D6805EB080090F820A01AF0CB
:1077C000020F31D135F8085075452DD1037E934213
:1077D0007FF433AF0CA940680BF07EFED6F87490AE
:1077E0000546D9F8040007A940440B900EF0A4F810
:1077F00000283FF422AF07990C91D9F80430434494
:107800005868FEF711FF00283FF417AF681CC0B29C
:10781000736F1B88BB423FF410AF01283FF40DAFDC
:10782000A078F8F72DF839E70133B9E7A078FEF72B
:1078300091FF00283FF401AFF2E700BFD80A002013
:10784000A44E0020A34B10221B68B1F802809B6954
:10785000002107A89F8917F0DBFE2846FCF774FA81
:10786000064600287FF4E9AE98FA98F005A980B2A0
:10787000FFF700FA4FF437630246ADF83430A378CF
:1078800028468DF83630E37807A90E968DF83C60CF
:107890008DF83730FFF718FD002A3DD0059B9B6817
:1078A000002B37D11C467D1FADB2B4FBF5F35A1E39
:1078B00005FB1343003B18BF0123002613FA82F394
:1078C0008DF83830A642BFF4E9AEA71BAF4228BFFF
:1078D0002F46059B3A4699680DF13900314418F05E
:1078E000C5FD791D002207ABC9B20DA8FFF720FB2B
:1078F00000283FF4A2AE9DF838303E44013B8DF89D
:107900003830DFE70134B4F5807FCCD01A5D002A2F
:10791000F8D1C8E73446F9E7092107AB12E7CB787D
:10792000B1F802A091F802901022002107A801935B
:1079300017F06EFE00234FF0280CDFF8A4B19AFA7E
:107940009AF6DBF87470B6B23888DAB282423DD368
:107950004FF000082846FCF7F7F900287FF46DAED9
:10796000BAF1000F3CD1FCF7D9FB5B4AABF8260813
:1079700007A92846CDF818A00592FFF7A5FCB8F195
:10798000000F38D1FCF7CAFB0023FF241A464FF042
:10799000280EB7F800C0DDB265457BD34FF477639E
:1079A000002A18BF10460022ADF83430019B8DF834
:1079B00036908DF83730030A8DF839308DF838203D
:1079C0008DF83A008DF83B2007ABBAE60CFB02F2CB
:1079D000796801338A5A9642B7D14FF00108B9E766
:1079E000B8F1000F51D005A93046FFF743F92846FA
:1079F00007A9FFF769FC002110220EA817F008FE66
:107A00004FF47763ADF83430A378059D8DF83630A8
:107A1000E3780DF139008DF837302B7E6A7E43EA2A
:107A2000C202013BDBB2032B8CBF00262B498DF831
:107A3000382098BF5B1805F11002294698BF93F8CB
:107A400028610DF08BFE2B7E0DF13902D4182046F3
:107A5000294605F114020DF081FE2B7E29461C44B7
:107A600005F11C0220460DF079FE6B88297E1B0A69
:107A700063546B886218537095F820303146C3F315
:107A800080039370002207AB5CE6284607A9FFF746
:107A90001BFC77E7796801330EFB051149888D1BC4
:107AA000A542DCBF0A46ACB275E72846498824796E
:107AB000FCF74AF9034600287FF4BFAD284649BACF
:107AC00014FA81F292B289B239B0BDE8F04F0DF0EC
:107AD00056BE00BFD80A0020C8560020AC370308A5
:107AE000A44E00204B880F795BBA9BB20193002F04
:107AF0003FF4A3AD91F805B00BF00708B8F1020F01
:107B00004FEADB193AD8B8F1000F3AD00198FEF7E6
:107B100075FD064600283FF490AD019B1F44BFB29F
:107B200087427FF68AAD00283FF487AD0BA9FFF7A7
:107B3000A1F800283FF481AD0B9B93F8202091071A
:107B400023D4B9F1000F34D13046874201D900283F
:107B500040D1B8F1010F04D0B8F1020F18BF4FF0B7
:107B600004080023B14602930DF11C0A4F4502D9C7
:107B7000B9F1000F3BD1029BFBB95EE5B8F1040FF0
:107B8000C4D0B9F1000FC1D157E55888C8E73046D5
:107B90000BA9FFF76FF880B10B9B93F820309A0781
:107BA00005D43046FEF7D6FD3046F7F769FE0B9B4D
:107BB0005E88B74201D9002EE9D11BF0400F3FF497
:107BC0006DAD01233A46284601990DF0D8FD39B034
:107BD000BDE8F08F0BA9FFF74DF800283FF42DAD5D
:107BE0000B9B1A7E42457FF428AD5888ADE70BA960
:107BF0004846FFF73FF80B9A92F820108B07C1F325
:107C0000400025D4A9EB060111FB08F10631CAF8A2
:107C1000000054FA81F10AEB080011F801CB00F8DA
:107C200001CD8245F9D11046514603920DF084FEF4
:107C3000039A68B107995068FEF7F6FC40B14846D0
:107C4000F7F71EFE029B03F101091FFA89F3029365
:107C50000B9BB3F8029089E7FEF7FCFC75E58B7887
:107C6000FD2B7FF4D8ACCB78072B27D10B79012BD8
:107C70007FF4D1AC0E2200210DF11E0017F0C8FCDC
:107C800007A92846FFF720FB314B32490D93032308
:107C90008DF83830304B0DF1390213F8010B8B425F
:107CA00002F8010BF9D10022152107AB0DA8FFF74F
:107CB0003FF9002814BFFF20022088E7082B7FF43B
:107CC000AAAC0B79012B7FF4A6AC002400210E2274
:107CD0000DF11E0017F09CFC284607A9FFF7F4FAE7
:107CE00025461E4E1E4F0134E4B2592D0D968DF8D7
:107CF000384028D82B4605210DF1390203F10060E8
:107D000000F5FC20013190F80004C9B201332529A7
:107D100002F8010BDDB202D0D8B25928EED9114BCE
:107D200013F8010BBB4202F8010BF9D10731002215
:107D300007ABC9B20DA8FFF7FBF800283FF47DACF4
:107D4000032CD0D1AAE405210DF13902E7E700BFE9
:107D500070FDFD07F0E30708E0E3070870FDFD088C
:107D600067E4070860E407082DE9F04FB3B08046E8
:107D70000C4617461D46DDF8F090FBF7E5FF00289E
:107D800040F018824E78731E092B00F22E82DFE835
:107D900013F00A002C02F5002C022C022F002C02FA
:107DA000DC012C0221027A232B70022363226B70E8
:107DB0000023EA701846AB70FCF7FAFD020A2A713C
:107DC000FF222A724FF6FC72AB71EB716B72AD4BF6
:107DD00068711B689B699B89063B1A40C3F30723A4
:107DE000AB7201232B730D23EA7289F8003013E084
:107DF000A54D3A4641F60F50F0F7DAFD2B7C94F88A
:107E000002A0022B94F80390A04E09D096F8A63158
:107E1000012B01D9FEF79CFAFF2033B0BDE8F08FAB
:107E200048B196F8A631012B01D9FEF791FA00234B
:107E300085F8AC30F0E74FEA0A2303F4FE43994497
:107E4000B5F8983028750133994503D0012385F89A
:107E5000AC30DBE796F84C38063FFFB2BB424FFA36
:107E60008AFA02D0BAF1000FF0DA95F8A91089B9B0
:107E7000A82205A817F0CCFB45238DF81430814BC0
:107E80004FF4FA721B6805A99868F0F7BAFD012350
:107E900085F8A9307E480DF01BFC96F8A6317D4888
:107EA000012B04F1040496F84C3826D995F8ADC09E
:107EB0003A4621460CFB030018F0D8FA95F8AD803D
:107EC000B5F89A0008F101083A4621465FFA88F8A9
:107ED00085F8AD80A5F89890F0F76AFDBAF1000F2B
:107EE000A5F89A0034DA6B8A834213D00023092064
:107EF00085F8AC30FCF722FE88E709F1FF3803FB78
:107F000008F821463A4618F0B1FA394640460BF0D7
:107F100005FDD3E796F8A631012B0ED9FEF718FA26
:107F200095F8AD3096F84C085A1E02FB0071A9EB8B
:107F30000303584389B20BF0F1FC64215648F0F773
:107F4000C2FD01287FF468AF0820FCF7F7FD63E766
:107F500096F8A631984501D20520F6E7012B0BD9FA
:107F600096F84C08A9EB080908FB00F100FB09F0A2
:107F70000BF0D4FCFEF7ECF90720E6E71022002115
:107F800001A817F045FB0A2F237A1AD8002B57D1E6
:107F90004FF6FC753B4B1B689B699B89063B1D405C
:107FA0006288A388B2F5C64F374F06D10020FCF790
:107FB000FFFC5BBA9BB2834257D0002687F8AB60C8
:107FC00002E0B4F8095023B30120FCF7B7FDB22258
:107FD000002105A817F01CFB40F27A4301A9404696
:107FE000ADF81C308DF81E60FFF76EF901232B4AA7
:107FF0008DF8113007A80B460321FEF799FF0028E2
:108000007FF40AAF4FF4003368460093FCF7DEFDBF
:1080100002E70B2F1C4A18D0E17A92F8AA30C90760
:108020004CBF43F0010303F0FE030C2F82F8AA308B
:108030000BD0237B012B08D0042682F8AB60C3E76A
:108040000322114B83F8AB20BEE70E4B6DBA1B68C1
:10805000ADB29B6999894FF6FC7306390B409D427E
:1080600001D8002D9CD10226E7E797F8A830002B15
:10807000E6D0E688BB6876BAB1B28BB1984778B9DA
:1080800001269BE7D80A0020DC9B0020A44E00209C
:10809000F49B00204C500020349C0020CD4B010864
:1080A000002103230846524A0EF008FF514A0023DC
:1080B000C7F898204FF0010CFF224F4C87F8AC20F6
:1080C0003B743B75C4F858387B82C4F85038C4F808
:1080D00054C8D8F80000D8F80410484A089303C2DE
:1080E000D8F80800EDB2106097F8AA3010228DF889
:1080F0001430B8F802300620ADF8183098F8043083
:1081000005A9C3F306038DF81A3098F80030ADF8CE
:1081100016608DF81B3098F801308DF815C0079364
:10812000FCF76AF9642DD8BFC8237E82D8BFB3FBA1
:10813000F5F34FF0FF064FF0000084F84C58D8BF1D
:1081400084F8A63187F8AB603FE7DFF8B88091F894
:1081500008A0B1F802B08F88CE88B8F8121061B9C3
:10816000102205A817F054FA1022062005A9FDF7E1
:1081700091F9BDF81630A8F81230BBF5C64F1BD1E7
:108180005046FCF715FC7FBABFB2874214D1B8F84D
:10819000123076BAB6B29E420ED1637A012B0BD161
:1081A00064211748F0F78FFC01280CBF0B200A2030
:1081B000FCF7C4FC022030E623682B6063686B6028
:1081C000237A2B7209236B7000236B72637AAB7274
:1081D0000B230AE67A232B700B236B700323AB70FF
:1081E0000023EB702B710523FFE5002015E600BF8F
:1081F000009F240000000F1DA44E0020789C00204A
:10820000349C0020DC9B0020F0B5B3B005460F463F
:1082100016460021B22205A81C4617F0F9F940F2D3
:108220007A7301A92846ADF81C308DF81E708DF8C0
:1082300020602246FFF748F80B4607A80521FEF705
:1082400077FE40B9054BD3F82C0100906846A04753
:10825000012033B0F0BD0020FBE700BFAC370308BE
:108260000023F0B5BFB0734CCDE903330593724BD7
:10827000724DA360724BE360012384F8A83085F847
:10828000A63194F8AA3063F07F0384F8AA30F9F796
:1082900059F8002840F0BB8005F65C000AF04EFE5D
:1082A000002840F0B88003A809F028FD9DF80C30A4
:1082B0000025012B18BF0023624E18BF84F8A83098
:1082C000059B062113F00103306801AA08BF84F85A
:1082D000A83001950AF0A4FD70B110242946224669
:1082E00011A817F095F901232246062011A98DF84F
:1082F00045300194FCF780F80021534A5348FCF7BD
:10830000C1FF0021524A5348FCF7BCFF524B1B7877
:10831000072B7AD1514B1D886FF40073EB18092B92
:1083200073D800214E48FDF751F81022002109A80A
:1083300017F06EF90023062102AA306802930AF0B2
:108340006FFD0620029A09A9FDF7A4F8029B0C2BE9
:1083500013D101209DF829209DF828109DF82A307E
:108360008DF82500ADF828108DF82A20062010225F
:1083700009A98DF82B30FCF73FF89DF82B3000242D
:108380008DF818300B9B9DF82A208DF81930BDF818
:108390002830CDE90744ADF81A304FF0000362F3FE
:1083A00006038DF81C309DF8243040F20121812B0A
:1083B00035D18D4214BF0126FF260E2221460DF134
:1083C0003600BDF8267017F023F92046FCF7F0FAC6
:1083D000B2220546214611A817F01AF9214B0DA922
:1083E0001393012306A87FBA6DBA8DF85630ADF805
:1083F0005050ADF852708DF855602246FEF764FF7C
:108400000B4613A80B21FEF793FD3FB0F0BD05F618
:108410005C000AF093FD002384F8A83043E723466C
:1084200022468D4214BF0521FF2106A8FFF7ECFE6E
:10843000EBE700BFDC9B002059410108A44E00205F
:10844000B11E0108240E002069630108F49B00207E
:10845000B94B0108349C0020D0130020CC1300201D
:108460005D4101087A09006308B5FCF767F90C481B
:1084700090F8AC10FF290ED0FC298CBF00220122FD
:10848000084B52009C30FFF7BFFE40B1BDE80840EA
:108490000020FCF79CB9BDE80840FBF782BF08BD8F
:1084A000DC9B0020CF4701080122014B5A74DBE717
:1084B000DC9B002070B50026334CC822314633487F
:1084C00090B084F8AD6017F0A3F8314B5D6815F0FB
:1084D000010502D0304609F0F7FB4FF000639B6ABC
:1084E00003F17843B3F5C04F04D20AF0DDFC064631
:1084F000002838D003A8F8F765FF9DF81430012B49
:1085000017D1069B3BB101A80AF018FD18B9DDE9A7
:108510000101F8F777FFF9F775FD284609F0D4FB5C
:1085200001236374042384F8AC3010B0BDE87040BC
:108530009AE74FF00066B36A03F17842B2F5C04F94
:10854000E9D21B6B03F17843B3F5C04FE3D2114876
:10855000F8F73EFEB36A00201B6B5B6998470D4835
:10856000F7F70CFAD7E7284609F0AEFB94F8AA30E3
:10857000812B14BFFF23FD2384F8AC30FFF774FF79
:10858000667410B070BD00BFDC9B00204C50002012
:108590000040005B3C0C00202DE9F0474A7804467F
:1085A000012A0D461F468AB006D0022A00F0B78085
:1085B00000200AB0BDE8F0870023634EDFF88C810D
:1085C00091F8029088F8002096F8A021017A09F02D
:1085D0003F0A5245CDE9043318BF86F864384B068C
:1085E00050D1427869792879FDF70EF9002861D0D9
:1085F0005146D4F80600FCF74CF908B34FEA49029B
:1086000002F07E022B1D42F0010209F0800942EACD
:1086100009020793EB78A27204A906A88DF820300E
:1086200006940497FBF777FB474B9DF81410129ABA
:10863000042883F86408117002D1002283F86428AA
:10864000002388F80030DFF8008198F86498B9F1C9
:10865000030F15D0AF78D4F806A007F03F073946CE
:108660005046FCF716F9237813F00C0F24D000289D
:1086700053D0C8F8A2A1237888F8A07188F865388B
:10868000FF2096E7002001F07F01FDF7BBF80346CD
:1086900080B10120FDF7B6F860B11A7802925B68EC
:1086A00001930378009343686A7929796078FDF72C
:1086B0007BF89BE7244BC0E710B998F8653863B3A3
:1086C000D4F8063019F0FD0FC6F8A2314FF00003C0
:1086D000AD7886F8A07186F8653818D105F03F05A9
:1086E0002046FBF731FB01460028C9D10E220DF1CF
:1086F0001A0016F08DFF204606A9FEF7E5FD4A4652
:1087000029469DF8153006A80CF0C4FFB8E7B9F16A
:10871000FF0F08BF05F07F05E2E7022049E70A4C9A
:108720008A7894F873329A42AAD10021042208462A
:108730000DF08DFE94F874030028A1D1FDF7DCFB49
:10874000012384F875339BE7A44E0020280E0020F7
:1087500003464160EFF3108072B6044AD2F89C12CF
:108760001960C2F89C321AF026B800BFA44E00204F
:108770000146EFF3108072B6084AD2F89C3202F537
:1087800027722BB1994205D10B68136000230B604F
:108790001AF011B81A461B68F3E700BFA44E002078
:1087A0000246EFF3108072B60E4991F86738FF2B3E
:1087B00002D1A2B119F0FFBF1BB9002AFAD00122E1
:1087C00003E0002A0CBFFF2201221344DBB281F830
:1087D0006738B3FA83F35B0981F86838EAE71A4629
:1087E000F3E700BFA44E00202DE9F84FEFF3118806
:1087F000302383F31188564B56495B6903F001021D
:1088000013F0020F03F003034B6110D14AB1524A37
:10881000D2F8AC380133C2F8AC3818F02FFA18F09F
:108820009DFA88F31188BFF36F8FBDE8F88F4A4E29
:1088300042B1D6F8AC380133C6F8AC3818F01EFA9D
:1088400018F08CFAEFF3118A302585F311884FF078
:10885000000B18F013FA5F46B4680CB16369ABB152
:108860000023012F86F8B03804D11BF0020F18BF87
:1088700086F8B07818F072FA222802BF0222354B2F
:108880009A618AF31188BFF36F8FCAE723465A694A
:108890003AB91A792179914288BF1C469B68002B0E
:1088A000F5D18AF31188BFF36F8FD4F810B0BBF104
:1088B000000F1BD0264B1A6AA369A2EB030A4FEAEA
:1088C000EA72DA4572F1000211DB5B44A361E368EE
:1088D00013B1204621689847B4F806B00137EFF38A
:1088E000118A85F3118818F0C9F9B5E7DA46EFF374
:1088F000118985F31188204618F05EF889F31188F4
:10890000BFF36F8F2369002BE1D0A38BBBEB0A0170
:1089100033B1E28B13449BB2B3F57A7F10D2E38379
:10892000EFF3118A85F31188204618F0D5F9A36971
:1089300022691344A3618AF31188BFF36F8FC6E7DE
:10894000A3F57A73E383A3690139013BA361E7E7E8
:108950000040065000600650A44E00202DE9F84368
:1089600001230025DFF8BC902B4C2C4E2C4FC9F86E
:10897000DC4389F8E03309F56F7899F8E033AB42CE
:1089800004D8012389F8B138BDE8F88399F8B138E3
:108990002BBB237C012B22D001223023607BA17BC7
:1089A00094F80FC003FB00638A40BCF1000F2FD185
:1089B00003F582531A6004220F23072900EB4000BD
:1089C0004FEA00108DBF083989008018890088BFE0
:1089D0000C308A40384403FA01F1F8F7F5FE202202
:1089E00041460A20FCF756FD30B1202200214046C6
:1089F00016F00EFEFDF7FEFC99F8B1382BB9237680
:108A0000A376637663610123637401352034B4E790
:108A100003F50153CEE700BF389B002000C0035090
:108A200030C00350A44E00202DE9F843EFF3118825
:108A3000302383F31188304E96F8B238002B55D18D
:108A40002E4C2F48C6F8C832B360C6F8AC3819F0BF
:108A5000F9FD63680BB1F8F7ADFE0122294B5A60AE
:108A6000656815F00205FBD103220127254BDFF8CD
:108A7000A490A5606562C9F804709A615A61F8F71C
:108A800099FE0223E3602562F8F794FEE760F8F7A9
:108A900091FEE760F8F78EFE4FF480221A4BC3F880
:108AA00080211A60C9F81870EFF31184302383F322
:108AB00011884FF4F060F9F703F8024684F3118847
:108AC000BFF36F8F114B186030B988F31188BFF373
:108AD0006F8F2320BDE8F8832B4640F2E7310C4826
:108AE00016F084FB86F8B278C6F8B40888F31188CB
:108AF000BFF36F8F0020EDE7A44E0020004006502A
:108B0000DC3803080060065000E100E06811002036
:108B100018FCFFFF00500650002380B5B148B24A50
:108B2000B24C121A88B0C4E99D02C4E9A20084F8CC
:108B30009032C4F89832FCF7ABF90123013AD2081D
:108B40004280C4F8843208234FF48030C4E99F3354
:108B5000A749A84A4B6E5066486E4FF000414AF64E
:108B6000CD355166A44903F480334A6C0D6402F09C
:108B700001024D6BED07FCD40125A0494D60A1F524
:108B800000510E6B16F00106FBD00AB19C4A0A6434
:108B90000028A2BF4FF000419A4A51661BB94FF41A
:108BA0008032984B5A66984819F04CFD17F0C4FF74
:108BB000964B1860EFF31183302282F3118894F8FA
:108BC000B828002A40F08483012284F8B82883F36F
:108BD0001188BFF36F8F6FF0040210460132052138
:108BE00052B2FCF72AF84C2AF7D14FF00043814FDC
:108BF00007227B664AF6CD337F4D0B20D5F84480A3
:108C00002B64834BDA63F9F74BF96B68002023F48C
:108C1000F87343F480736B6040F20913AB6040F269
:108C200003132B610CF0E4FF18F0010F18BF744B15
:108C30004FF0800018BF2B646D4BD3F864804FF069
:108C400000437B664AF6CD336F6C2B64F9F728F945
:108C50002B6AF90723F00F0343F009032B6248BF87
:108C6000674B6C4848BF2B64B8F1000FA2BF4FF0B0
:108C70000042644B5A6619F0E5FC674BD3F84C216F
:108C8000120340F12A83A3F5FE43B3F80080B8F540
:108C9000807F28BF4FF08C08604B614F93F90090A4
:108CA000604BC1443B60524B89F308091B6F03F0D2
:108CB0000703032B01D117F039FD0AF0DFF8032871
:108CC00052D04FF480124B4B574D5A6645F60E0367
:108CD0004FF0A062C5F88030544B9A624FF4803256
:108CE00003F580539A62AB6DDB03FCD4AB6D580087
:108CF000FCD44F4B4FF400622B61AB694FF44061E1
:108D000003F0004343EA094343EA082343F00073B6
:108D100043F03C03AB614748F8F756FD2B6A4649E0
:108D200023F00F032B62AA6A444B134043F48033B1
:108D30003D4AAB62936D31EA0303FBD14FF0807182
:108D40003A488162136923F4700343F440131361BA
:108D50004FF000434FF480328361394B99629A623D
:108D6000314A936D5900FCD44FF4C0222A4BD3F8FA
:108D70009850204B5A6603F598335A68012A00F040
:108D8000B1820AF07BF805280CD100212D48F9F7B3
:108D90005BF8174A136F43F4806313674FF4803214
:108DA000144B1A67DFF8A890274BD9F8008025F0FC
:108DB0004075984502D823480EF030F9234BDA6805
:108DC00012F0060FFBD19A689D6099684D4015F42A
:108DD000F81F0DBF1B4D9A604546C9F800500AF0B8
:108DE0004DF837E0889E002000000120A44E0020AE
:108DF0000080005000900050004009500060095071
:108E00003254FFFF00A00050DC380308D89B00203C
:108E100000400050E03803080080E00F789B0020FD
:108E2000309B0020C01753020040005A0050005AE7
:108E30002008C00B3840005A03000100C7FFFEFEA7
:108E40000060005A00B4C404FFB3C4040000015021
:108E50002C9B002005281DD117F068FC8146F8F7EF
:108E60003DFD0128D4BF012100214846F8F7ECFF61
:108E70004FF4C070F8F724FECB4BCC4A984288BF21
:108E80000226136F013E23F4806343EA86261667A9
:108E9000F8F7CAFF454502D800200EF0BFF84FF49E
:108EA0000022DFF81883C24BC04DD3F8C030C8F899
:108EB00064204FF0B44223F040739360BD4819F032
:108EC000C1FB02200EF076F82E6F0021C6F380263B
:108ED000731CB94884F8B938F8F7B6FF2B6F43F420
:108EE00080632B674FF48033C8F870302B6F23F00A
:108EF000070343F003032B6717F018FC8046F8F7CD
:108F0000EDFC0128D4BF012100214046F8F79CFF69
:108F100000200EF083F82B6F23F4806343EA86234E
:108F20002B67F8F781FF2B6FA44923F474432B6759
:108F3000A34BD3F8FC2012F0807240F0D981C1F825
:108F400080209A4B4FF48031D3F820219D4822F0A5
:108F5000070242F00202C3F82021D3F8282122F0B0
:108F6000070242F00202C3F82821D3F8802122F040
:108F7000030242F00102C3F88021D3F8902222F0CC
:108F8000030242F00102C3F89022D3F8402122F0FC
:108F9000030242F00102C3F84021D3F8602122F01D
:108FA000030242F00102C3F86021D3F8402222F00C
:108FB000030242F00102C3F84022D3F8002222F05B
:108FC000070242F00102C3F80022D3F8082222F07F
:108FD000070242F00102C3F80822D3F8702222F0FF
:108FE000030242F00102C3F87022D3F8202222F0DB
:108FF000070242F00102C3F82022704A5D6E5166FA
:10900000426A22F001024262E8035CBF6E4A516686
:109010004FF0E0210A6942F004020A61D3F86022AD
:1090200022F0070242F00102C3F86022EFF310863B
:1090300072B6664819F006FB94F8BA38002B40F077
:109040007A81FFF7F1FC0546002800F06181304687
:1090500019F0B1FBFFF7E8FCFCF77CF8584A5C49D3
:10906000D2F8C03023F0FF0343F0A003C2F8C030B1
:10907000584B9942584940F0FC810B685748C2F858
:109080009830C2F89C005648C2F8A00001330B602B
:10909000BFF35F8F05224A4BC3F894205A6A42F40B
:1090A00080325A62BFF34F8FBFF36F8FBFF34F8F82
:1090B000BFF36F8F19F016FC40B918F041FA012880
:1090C00004D1D4F8C4380BB9C4F8C40800230593FC
:1090D00019F008FC074600BB4FF4805019F0E8FC7B
:1090E0000646D0B1602019F0E3FC0546002800F0E8
:1090F000E1816022394616F08BFA05AB2E630193AD
:109100003623384800934FF480623B463649029537
:1091100019F060F9284618F0E5FE059BE36719F0A1
:10912000E1FB0546002840F0D28018F009FA01283A
:1091300040F0CD80D4F8C438012B40F0C880022321
:1091400005AA11462948C4F8C43810F8016B02F882
:10915000016B002EF9D1264CA02204F6C80302931D
:1091600004F62813CDE900632248334619F073FC56
:10917000002800F0A98018F031FFD4F8A83B002B9C
:1091800000F0A28004F6AC33029304F60C43019382
:109190003723A022009318493346184819F05BFC86
:1091A000002800F091802BE080F0FA02008000504F
:1091B0000080E00FE438030800B4C40400900050BD
:1091C00000ED00E000C0075000A00050B4310308DB
:1091D000209B0020C0990020A40B00200300002049
:1091E0000100012065420108532C0308ED330308F8
:1091F000A44E002011220308F2330308392003088B
:1092000019F0BCFB4FF0FF33C4F88C3E01234FF044
:109210007F42C4F8C8304FF0E023C4F8906E059642
:10922000C3F81C2DD3F81C3D1B0E8DF813309DF890
:1092300013309DF813309DF8133013F0800F059B09
:1092400040F03C81082B4FF0E02318BF059D6FF0E4
:10925000040018BFC5F107052D0205F4E065C4F848
:10926000945ED3F8202D002542F47F02C3F8202D10
:10927000D3F8202D294642F07F42C3F8202D4FF429
:109280007A72C3F81C5DFBF7D8FC914B1B6803F2A4
:10929000E733B3FBF2F34FF0FF32C4F8A038B2FB70
:1092A000F3F30A3BC4F8983E17F046FCC4F89C0858
:1092B0000120F4F715FF874BC3F8C05018F0B8FA37
:1092C00018F0F8F8EEF758FD824BD3F8C430FEE7FB
:1092D00083F31188BFF36F8F87E4D3F850315FFABF
:1092E00083F8D9E47C494A605A689207FCD448E57F
:1092F000D3F8FC2022F08072C3F8FC200022C1F8D1
:109300008020D3F8FC2042F08072C3F8FC2018E6DD
:10931000AFF300806E4BC4F86C581B68C4F89C52C5
:10932000C4F8BC386D4B5A6F42F001025A67DA6ECE
:1093300022F03002DA664FF00008404684F8C08818
:109340000DF06CFE6348D4F8BC5890F8BF308BB178
:10935000624962684B6F23F440734B67AB0160490D
:1093600003F5742303F23F23B3FBF1F3134463606B
:1093700080F8BF804FF480125A49D1F800315A4B1F
:109380005A664FF400325A660B6F584A03F00703CF
:10939000C4F8A4329269032B02F00200C2F3400227
:1093A00084F8A1220BD0D1F8203103F00703022B5F
:1093B00005D0D1F8283103F00703022B1FD1012378
:1093C000237040BBD4F8BC384549C3EB431202F5C7
:1093D000742202F23F22B2FBF1F260680244626042
:1093E0004FF4C872534303F5742303F23F23B3FBD6
:1093F000F1F3C4F87438012384F8BA3827E600235F
:1094000023700028DED0D1F8003103F003035A1E88
:10941000534253412370334BD3F8003103F003031D
:10942000022B21D0032B22D0012BCBD13A68002A6A
:10943000C8D02E4BDFF8A880DF6800231946C7F399
:109440000B070137501E07EB8707E7FB080115F0F4
:10945000CDFE684300F5742000F23F20B0FBF8F029
:10946000636818446060ADE74FF40042E1E7204ACA
:10947000DFE723F01F03203BB3F1005F0BD3086845
:109480001C4DC2F8980043F001030130C2F89C5013
:10949000C2F8A0300860184A0B68184822F01F0272
:1094A00042F00302C0F89830C0F89C20144AC0F87B
:1094B000A020EBE5304619F009FB2EE601330593B9
:1094C0009DF813305B00DBB28DF81330B3E600BFBC
:1094D00068110020DC9B002000E00150004000509B
:1094E00040420F00008000500090005000C001502A
:1094F00080D54302030000203F9B002000ED00E0E8
:10950000E1FF002010B5431800EB5101884200D163
:1095100010BD027813F8014D00F8014B1A70F5E701
:1095200078B1094B1B7863B1084B1A7A824206D096
:109530001B78834205D101200138C0B27047022058
:10954000FAE7FF20704700BFCD6B0020BD6B002005
:1095500008B5FFF7E5FFFF2809D0054B1B7833B9A5
:10956000044A02F83030044A1378013B137008BDF6
:10957000F2810020BD6B0020CD6B002010B5094B9F
:1095800000F1100250F8044B904243F8044BF9D11B
:10959000054B01F1100251F8040B914243F8040B02
:1095A000F9D110BDC0880020D0880020002383702E
:1095B00070477047002230B50C49002311F8015F55
:1095C00045FA03F010F0010008D19C1806D0084BB2
:1095D000B3F85231A34200DDA0B230BD0133082BF5
:1095E000EED10832D02AE8D10020F6E7F789002032
:1095F000C088002010B5054C0846D4F854311146F7
:109600001BB198470023C4F8543110BDC088002016
:10961000002330B5074C821C123012F8015F14F899
:10962000011B824229440B441370C3F30F23F4D16E
:1096300030BD00BFD03E030890F88C33042B01D01E
:10964000022B18D190F8DA3013F0060F13D0D0F8AF
:10965000FC2082B1B0F8803333B1B0F884335BB111
:10966000B0F888333BB90223927800EB830080F88E
:109670008223A0F8801370470123F5E77047A0F517
:109680008073B3F5806F05D340F6FF73C31A584259
:109690005841704701207047094A0A4B11680A482F
:1096A0001B680268016053B1881A511A5A688242D5
:1096B00094BF002252185A601B68002BF6D17047E5
:1096C000345D0020C47F0020C87F0020F0B5134D1A
:1096D00000262C469DF8147095F802C0BCF1000FCE
:1096E00015D095F800C0844511D195F801C08C457E
:1096F0000DD147B11C2202FB0642043203CA186096
:1097000001205960F0BD95F804C09445F2D00136AF
:109710000F2E05F11C05DFD10020F3E79467002030
:1097200041F2017300B500298BB0ADF81C3014BFB5
:10973000042305238DF81E30002308AACDE9033247
:109740000293CDE9083305220323CDE9003206490F
:10975000064A098892F8582107AB0120F3F70AFF5F
:109760000BB05DF804FB00BFE6610020C08800205C
:1097700000B5164B8BB01B78DB0723D5144B15496E
:109780001A788378012A81F858318DF81E30124BEF
:1097900041F2016108934FF00003ADF81C1008A9D5
:1097A000CDE9033102934FF0050109934FF0030314
:1097B000CDE90031094938BF01220120098807ABF2
:1097C000F3F7D8FE0BB05DF804FB00BF3863002050
:1097D00036800020C088002021970108E661002023
:1097E00008B50B4A08B9107008BD01231370FFF7C4
:1097F00097FE0128F8D1074B07499A681A60DA6882
:109800005A600A78013A0A7000229A60DA60EBE73F
:10981000F2810020BD6B0020CD6B002010B5044C00
:1098200020460BF001FA012304F8043C10BD00BFF0
:109830008884002001480BF0F7B900BF1C8A002083
:109840000148EFF712B900BF8C6C002010B5044638
:1098500008F076FD40F2D11140F25553002818BFB0
:109860001946034804FB0111BDE81040EFF72BB97E
:109870001C8A002038B5294CFFF7DCFF94F89C3196
:10988000DA1E012A0FD808F05BFD40F2D11340F236
:109890005552002818BF13464FF4FA60B0FBF3F09E
:1098A000BDE83840D2E7012B1BD100221C4B1A70B7
:1098B0001C4B1B88BBB984F89C3100201A4B184DF7
:1098C00018701A4B18702B78012B07D0184B1B7887
:1098D00013F0300F08BF01200BF0FCFD00232B70AC
:1098E00001E0002BE9D0D4F8A03194F89C0143B1F9
:1098F0000C4A1188984794F89C3113B9C4F8A031E8
:1099000038BD94F89C31012BFAD1064B1B88E82B0B
:10991000F6D8032384F89C31B5E700BFC088002047
:109920003B800020E6610020F2810020A38200201D
:109930003863002008B5FFF77DFF074991F89C3197
:10994000033B012B07D8002281F89C211046BDE87B
:10995000084011468EE708BDC08800200423F0B5FA
:10996000224F0E4689B00546144687F89C31FFF712
:1099700061FF00221E4B022E1A7088BFAA781D4973
:1099800088BF1A701A7801F12103002A08BF0B461C
:1099900006200121587019702078C7F8E83110F0BE
:1099A000020F154818BF032506904FF000000790DE
:1099B000987808BF0D4600B9997099785818C27008
:1099C00000200431CDE90200C9B2009106AA0B497A
:1099D0000492019522890988F3F7CCFD024610B95B
:1099E0000221FFF747FF09B0F0BD00BFC08800208B
:1099F000A3820020648A002075980108E661002097
:109A0000084B09491B780978024653EA010007D13F
:109A1000064B1B7813F0300F08BF90780BF05ABD3F
:109A2000704700BF3B800020B081002038630020D9
:109A300010890BF06BB80022024B1A601A7108F003
:109A40009BBE00BFC884002070B50E4614461D465C
:109A50007BB193420DD813460A4601460748006879
:109A600008F0A2F90021621B7019BDE8704015F0E2
:109A7000CFBD224600213046F7E700BFD06B002063
:109A800008B50C4B1B7803F0FD03092B11D10A4BD1
:109A90001B8863B1094B1B78002B0CBF00200320EF
:109AA000EFF7EFFA28B9BDE80840EFF759BA0120FF
:109AB000F6E708BDC49C0020E6610020BC6B0020D6
:109AC00070B50D46044628B9062202210CF0BFFCF1
:109AD000FFF7D6FF044BD3F8EC3123B129462046DB
:109AE000BDE87040184770BDC088002012890BF097
:109AF00032B812890BF02FB8118910780BF016B814
:109B0000118910780BF012B81146064B064A1B78E3
:109B100092F89C21134304D11A46832009890AF044
:109B2000D7BF70473B800020C088002037B5052391
:109B300004460D4601A8074A074901930AF09AF91D
:109B40002A46214601980AF0E2F801980AF0D4F872
:109B500003B030BD00444004C08800202DE9F84324
:109B60000F460026DFF83080451EA8F11009B742E5
:109B7000F3B201D1BDE8F88313F00F0403D14146DD
:109B80000548FFF7D3FF09EB040315F8012F1B7CF1
:109B9000013653402B70EAE7D0880020F8B507461D
:109BA0000E461048114614460025FFF7BFFFAE428F
:109BB000EBB206D1330713D021462046BDE8F8406A
:109BC000B4E703F00F03E25C795D0F2B82EA010238
:109BD000E25403D121462046FFF7A8FF0135E6E70E
:109BE000F8BD00BFD08800202DE9FF411D46064684
:109BF0000F469046002390F8B822B2B190F8A62202
:109C0000424512D1B0F8A422BA420ED196F8C8202B
:109C100090F8B7120A41D20707D5162202FB036358
:109C200003F5297004B0BDE8F08101330A2B00F17F
:109C30001600E0D17DB3694618480AF0B0FA002456
:109C4000162206F52E7302FB04F1595C49B101346A
:109C50000A2CF8D19DF80030B3FBF4F204FB123467
:109C6000E4B21623002F18BF02255C43331983F892
:109C7000B85283F8A682A3F8A47296F8E02004F202
:109C8000A721064883F8B722314404F529740AF065
:109C900086FA3019C6E72846C4E700BFB08A00201C
:109CA00030B5024604460D46002385B092F82911CE
:109CB00081B1B2F82201298888420BD1B2F824017F
:109CC0006988884206D12A2202FB034303F580708B
:109CD00005B030BD01330A2B02F12A02E6D16946F4
:109CE00014480AF05CFA00232A2104F2291201FB2D
:109CF00003F0105C48B101330A2BF8D19DF8002025
:109D0000B2FBF3F103FB1123DBB22A2201215343FF
:109D1000E21882F82911298803F58073A2F822112C
:109D20006988E018A2F824119DF8011082F8271123
:109D3000CEE700BFB08A002010B51446FFF7B0FF91
:109D400090F82930012B05D090F826301B1BDBB290
:109D5000012B03D980F82640012010BD0020FCE72C
:109D6000F8B500F1D6070C4616468A7839460546FE
:109D7000FFF7E2FF80B139462846FFF791FF132E27
:109D8000E37819D9D90708D49A0704D52846B5F835
:109D9000D810FFF751FCE078F8BD0246231D04F10E
:109DA000140153F8046B8B4242F8046BF9D104237D
:109DB00080F82930E378E7E79B07ECD5022EEAD953
:109DC000E4E700232DE9F04107460E46244C88B015
:109DD000CDE9063304F50878C4F82032C4F82432FB
:109DE000C4F81C32A8F80830A4F81612A4F814021B
:109DF000C4F81822082106A809F03EFF00233946BE
:109E0000009330469DF8182004ABFFF75FFC054631
:109E10000028EFD1982384F820328023114A84F857
:109E2000213206AB03CB0E3AC4F8220202ABC2F8D1
:109E3000121040460A21CDE90255F3F7E3FD60B167
:109E40002A463946304606AB0AF088FD01234FF416
:109E5000FA72022128460DF031F808B0BDE8F08111
:109E6000C0880020E28A0020F0B500251D4C8646FF
:109E7000104604F50B72C4F82C52C2E901550F8844
:109E8000B1F802C08979A4F82E72C4F83012012109
:109E9000A4F82CC284F83612134C144994F80061CB
:109EA00089B0CDE9061ED9B206ABBEB1049394F8D1
:109EB000F53062460393D4F8FC300293D4F8F830BE
:109EC000CDE900130346394694F8F400F3F752FB4A
:109ED000C4E93E55A4F8F45009B0F0BDF3F792FD83
:109EE000FAE700BFC08800208083002039D701082E
:109EF000F0B587B017460E46FFF7D2FE9F232B4CD6
:109F0000054684F83832022384F8393290F8273035
:109F100084F83B7284F83A32FB071ED503232F46A0
:109F200080F8293002A904F5F8700AF038F902AB7C
:109F30000DF1180C1A4603CA624538607960134661
:109F400007F10807F6D12B46194A05F1100153F81D
:109F5000040B8B4242F8040BF9D195F82730154ACF
:109F6000013385F8273094F83B32A2F1140013F046
:109F7000010F4FF00003C4F84C32C2E901333188BD
:109F8000CDE90033A4F84E1271886B46A4F84C1248
:109F9000B179C4F850124FF0010184F856120CBF89
:109FA00004211421F3F72EFD07B0F0BDC088002076
:109FB000FC8A00200C8B002070B498260C4C80B2D8
:109FC00084F8BC620526D4F87032D4F8605284F864
:109FD000BD621D406BB2ED0748BF23F0010384F85A
:109FE000BE3202F0010370BC0A46032108F06ABACF
:109FF000C088002010B5074C94F85832092B07D0C0
:10A0000008F0C6FB092384F858320023C4F85C32F8
:10A0100010BD00BFC088002038B50E4D2C6844B973
:10A020002B680D488BB1596879B1BDE83840EEF71F
:10A030004ABD63683BB9A3680BB1E0689847214605
:10A04000284607F0C1FD2468E9E7BDE838400AF07A
:10A05000EBBD00BFC47F0020CC7F0020074A08B5BD
:10A0600013680BB1196811609A680AB1D8689047F3
:10A07000FFF712FBBDE80840CEE700BFC47F002019
:10A0800002380C280CD8DFE800F00909090D070791
:10A090000B0B0D0B0D0D0D000420704702207047B7
:10A0A000012070470320704710B5C9B180B90C7802
:10A0B00013789C4211D1CB7A83B1C87B032802D19B
:10A0C000D07A98420AD0907A8B7A4340D80607D447
:10A0D000C87AD37AC31A5842584110BD0120FCE710
:10A0E0000020FAE703680BB140681847704710B5C5
:10A0F00088B009B1214B1970214B22481A78E72A00
:10A1000009D900221A7000221C4B1F48197808B088
:10A11000BDE81040E6E7D108415C02F007042141A8
:10A120000132C90792B2EAD598781A7010F001008E
:10A13000E9D1164B16491B7806ACC3F340130B70DC
:10A14000144BCDE90304CDE90630134B02901B7884
:10A15000124943F400630193114B1B780093114B98
:10A1600009781B68F3F706FA024628B90221034B67
:10A1700020461970FFF7B6FF08B010BD62830020BB
:10A180003380002063830020548300204F8300200D
:10A19000D8620020EFA001086183002050830020D6
:10A1A000608300205C83002008B500220121034861
:10A1B000FFF798FFBDE80840FFF730BBBC8B0020DD
:10A1C00010B5144649B9BDE810400848084B4CF298
:10A1D000706103640430EEF776BCFFF71FFB224684
:10A1E000BDE81040012103487CE700BF84840020C3
:10A1F000A9A10108BC8B002013B5184CD4F8043376
:10A2000053B900930421032004F5427304F55672F8
:10A2100018F02DFBC4F80403D4F864334BB90421BF
:10A2200000930F4B084603F1500218F020FBC4F8CE
:10A2300064030C4C236843B900930B4B04210320A7
:10A2400003F1500218F013FB20600021074A084870
:10A2500002B0BDE810400AF033BC00BFC088002047
:10A26000288C0020A8690020888C00205504020852
:10A27000786B002038B50A4CD4F8045317F0E8FA8C
:10A28000AD6B17F05BFBD4F8644317F0E1FAA46BF5
:10A2900017F054FBEC420CBF0120002038BD00BF7A
:10A2A000C08800200023902010B50B4900FB03F26A
:10A2B0008C1894F82444E40708D40848835C23F0FD
:10A2C0000F0343F003038354104410BD0133042BE8
:10A2D000ECD10020F9E700BFC0880020E48C00200A
:10A2E000022818D10E4A137813F0010308D092F80F
:10A2F0003431D90710D592F86832DB070ED4034603
:10A300004FF49A714B43D15CD01821F00F0141F00A
:10A310000501D1547047C5E70123F1E700207047DC
:10A320002485002010B504460120184B7F2983F8AE
:10A3300064064FF0180083F865064FF0000083F8BC
:10A34000660614BF0846032083F86706104B86B0E4
:10A350001878022802D0032818BF01200D4B1B7863
:10A360001BB1022B14BF42202220CDE9031211237E
:10A370000022CDE901320423074900932246074B0E
:10A380000988F3F7F7F806B010BD00BFC0880020B9
:10A39000A4820020A3820020E6610020248F0020F8
:10A3A00030B52E4C89B094F86836002B51D0D4F8D3
:10A3B000E8118B78DB00DBB298422FD3002584F8BC
:10A3C0006856EFF70DFAA8420CBF01220322244B76
:10A3D00084F866561A70012384F86436072384F8DB
:10A3E000653603231F4A84F89C31CDE9062506AA69
:10A3F000CDE903520295D4F8B0261B49CDE90032CD
:10A400001A4894F8AC261A4B09880078F3F7B2F88A
:10A410000246F0B90221FFF72DFA1AE001EBD00253
:10A42000D27800F007052A4112F0010F00F1010572
:10A4300011D0104B84F86906069300237F2106AAE9
:10A44000A8B20793FFF76EFF18B90A210A48EEF782
:10A450003AFB09B030BDE8B2AEE700BFC0880020CB
:10A46000A482002075980108E6610020E89C002085
:10A47000248F00207DA401082C8F0020094B93F825
:10A48000690659B10121D3F8E83100F0070203EB66
:10A49000D0039140DA7822EA0102DA700130C0B2CA
:10A4A0007EE700BFC088002008B50AF0BDFB044B62
:10A4B00093F86906BDE808400130C0B270E700BFFC
:10A4C000C08800202DE9F843314D164695F86826DE
:10A4D00004460F46002A58D10B1F1E2B55D88378EF
:10A4E0001D2B52D8B17B2B4B1046197002231146FD
:10A4F00085F89C31FFF7BEF90123274885F86836B7
:10A500000378042B02D104300AF08EFB307AFFF777
:10A5100067F90023DFF88C90DFF88C8089F8003031
:10A52000EFF75EF900280CBF0123032388F8003001
:10A53000A37803F01F020332974204D92344DB7847
:10A5400089F80030FBB915483A462146C5F8E801BC
:10A5500015F08CFFA378002003F01F031A1D97420B
:10A5600082BFE418237988F80030338985F8AC3647
:10A57000337813F0020F0CBF01230323C5F8B03664
:10A58000BDE8F8430CE70648DEE7BDE8F88300BF06
:10A59000C0880020E89C002084840020648A002079
:10A5A000858A0020A3820020A4820020F8B500251F
:10A5B00001261F4C1F4F04F5D273C4F8E8313860F0
:10A5C00084F8A66184F8A75184F8C76184F8C8515B
:10A5D000EFF706F9A8420CBF32460322164B31466C
:10A5E0001A7004F26C60154A0AF06AFA2A4631467B
:10A5F00013480AF065FA3B6831461A78114B04F5A6
:10A60000AE701A70104B114A1D700AF059FAFFF71C
:10A6100011F90F4B0F4A1D700F4B84F89C511D70A0
:10A620000E4B84F8685684F8B4561A60F8BD00BF23
:10A63000C0880020B86B0020A4820020A9A40108D3
:10A640008884002038630020F181002035990108BA
:10A650003B800020ADD80108F281002080830020DB
:10A6600010B50C480C4C052322460221006807F067
:10A670009BFB00210A46631D13F8010DE82884BFE7
:10A6800001211A70A342F7D119B1BDE8104008F0BA
:10A6900073B810BDD06B0020C884002070B50C4B7F
:10A6A00004461B78012B12D000260A4DFFF7B6F89E
:10A6B00085F89C61FFF7BEF8FFF7D2FFA17832461C
:10A6C000023905F53F70C9B2BDE870400AE570BDBA
:10A6D00084840020C0880020012810B501D00428FF
:10A6E00026D1154B1B8833B1144B93F8B53613F0B4
:10A6F000070318BF0123124A126892F8B904A0B1E7
:10A700000D20104A12F8014BA1420FD0013810F071
:10A71000FF00F7D14BB100230B4A12F8014BA142C5
:10A7200008D00133DBB20A2BF7D110BD0120F1E7CD
:10A730000020FAE70120F8E7E6610020C088002049
:10A740003C6C0020E03E0308ED3E03082DE9F0419B
:10A75000224A034616788AB0002E37D0204D2C7836
:10A76000012C33D102222A701E4A03C982E8030059
:10A7700000228DF8272041F20152ADF820201A4A1C
:10A7800011681279CDF822108DF826201BB3FF2313
:10A790004FF008088DF827300027144B30460693F9
:10A7A0000797F3F719F906ABCDE903730523CDE954
:10A7B00000830F4902973246098808ABF2F7DAFEA8
:10A7C00028B901232B700B4BC3E9BF00002420469E
:10A7D0000AB0BDE8F0814FF00708DDE736800020C1
:10A7E00084840020BC8B0020C8840020C1A1010803
:10A7F000E6610020C088002008B588B1037803F026
:10A80000FD03092B0ED10079032808D0074B1888C7
:10A8100050B1FEF734FF00280CBF0020032008BD14
:10A820000420FCE70020FAE70120F8E7E6610020B9
:10A830002DE9F84FDFF8BC809B4698F800300F46B2
:10A840001146002B4ED15FFA80F94846FEF768FEAC
:10A85000FF280446244D09D1244A1378012B31D80E
:10A860002C780133003C18BF01241370002322B25E
:10A8700005EBC20045F83230D600436005EBC40258
:10A88000584605F834909371FFF7FAFB91F800A051
:10A890004FEAC4090AF00F0A4AEA00105070BAF1F0
:10A8A000000F12D1FE239370EEF79AFF20B94D44AA
:10A8B000EB7960F30003EB71012388F80030204648
:10A8C000BDE8F88F0A4B1C78D0E7B31C2B445246E6
:10A8D0001846013115F0CAFD002FE5D15146FEF7AB
:10A8E00011FEE1E7FF24EAE7BD6B0020CD6B0020FD
:10A8F000F281002091810020E82811D8094B50B145
:10A900000138C0F3CC029B5C00F0070043FA00F072
:10A9100000F001007047587F003818BF01207047D1
:10A92000002070476A6C0020E82870B504460D4688
:10A930001AD8FFF7E1FFB8B1E0B20AF059F81320D6
:10A940000A4A04F0030300FB032329880848A3F8FC
:10A95000C716A1084C23BDE87040006802F2B66239
:10A9600001F5007107F0DEBA70BD00BFC08800209D
:10A97000D06B002070B50546C0B20C4616460AF0F2
:10A9800037F81321194B05F0030201FB023321466E
:10A990001A4604F1100051F8044B814242F8044B6E
:10A9A000F9D10978124C11703288A908A3F8112046
:10A9B00020684C230D4A01F5007107F0B3FA2846D0
:10A9C000FFF79AFF80B95DB129460A48EEF70CF807
:10A9D00020681E23BDE870400421064A07F0A2BA91
:10A9E0000122044B5A77F3E770BD00BF768F002039
:10A9F000D06B00206A6C002038B50546FFF77CFF5D
:10AA00000C46014628B92046BDE83840112214F012
:10AA1000FFBDE8B209F0ECFF13222046074B05F01A
:10AA2000030502FB053303F1100253F8041B9342A4
:10AA300040F8041BF9D11B78037038BD768F0020D5
:10AA400038B504460D46FFF757FF08B9088038BDF2
:10AA5000E0B209F0CDFF1322044B04F0030402FB23
:10AA60000433B3F8C7362B80F1E700BFC08800205D
:10AA70002DE9F04F5E4B824693F8684687B0002C74
:10AA800044D1012842D85B4F5B4B17F830801B78CC
:10AA900001AE434514BF45460025112221463046EC
:10AAA00014F0B6FD31462846ADF80040FFF7A4FF8C
:10AAB00069462846FFF7C4FF9DF801308DF80480F1
:10AAC00013F0030F4FEACA090FD007EB09014A78C8
:10AAD0005B0122F0700242F020024A708A7903F092
:10AAE000600322F0600213438B713046042407EBAD
:10AAF00009035A784FEACA0802F00F0207EBCA0AA4
:10AB0000417800F1010E22B9FE2916D107B0BDE847
:10AB1000F08FD44600230CE079B99A42F6D0013385
:10AB2000DBB2042B0CF1010CF0D09A421EF8011F8D
:10AB3000F2D99CF802B08B4557D0013C14F0FF04C9
:10AB400000F10400DCD1A2465FFA8AFB2946584690
:10AB5000F0F77CF906AB03EB800010F8133C33B13F
:10AB60000AF1010ABAF1040FEED14FF0030B584677
:10AB70002946F0F76BF9B94499F801B082461BF009
:10AB80000F0306D1FE21012406AA02EB800202F87F
:10AB9000131C4FF001090420002210FB0A9008F159
:10ABA000020132501A1B2044D2B221449C4288BF79
:10ABB00000223944304415F059FC0BF0F00B9DF89D
:10ABC0000030BBF1010F09FA0AF98ABF43EA090014
:10ABD00023EA0900C0B2E82D8DF8000096D86A4635
:10ABE00031462846FFF7C6FE90E7FE2996E700BFEC
:10ABF000C0880020BD6B00203680002070B5174C47
:10AC00008678C57886B084F802672EB311220021B9
:10AC100001A814F0FDFC304601A9FFF7EDFE94F801
:10AC200002170846FEF794FC9DF80400884213D1F1
:10AC300000236946ADF80030FFF702FF9DF80130B0
:10AC4000013503F0030343EA8503694694F80207DC
:10AC50008DF80130FFF768FE06B070BDC088002097
:10AC600030B5184D837887B011220021C47801A82F
:10AC700085F8023714F0CCFC002001A9FFF7BCFED8
:10AC800095F802379DF80400984218D1032C16D885
:10AC90000025FEF75DFC69462846ADF80050FFF739
:10ACA000CFFE9DF80130013403F00303E4B243EA20
:10ACB0008403694628468DF80130FFF735FE07B05A
:10ACC00030BD00BFC08800201C232DE9F041204A80
:10ACD000D15C49B101335C00537F4BB101251D4F5D
:10ACE000AE000021B6B216E0013BF1D2BDE8F08122
:10ACF000012188B2FFF700FE30B1164B4FF400710E
:10AD0000186808F0E5FEE9E701310429F1D1E5E72B
:10AD1000013104290AD0701880B2FFF7EDFD002838
:10AD2000F6D0386805F5007108F0D2FE0135AC4266
:10AD3000D6D81D220021064814F06AFCBDE8F04177
:10AD400004481E230421024A006807F0EBB800BF44
:10AD50006A6C0020D06B00202DE9F047C3780546CF
:10AD600013F0700F8846444F86B04FEA131AC3F3AE
:10AD7000021608D1837887F80237ABB9FFF7A4FF32
:10AD8000FEF759FE02E097F802378BBB3B48037889
:10AD9000012B6ED04CF27061394B0430C36306B0A6
:10ADA000BDE8F047EDF78FBE012436480021FF22B1
:10ADB000864610F801CB9C451CD11AF0040F97F879
:10ADC0000297E3D11CB1E4222F4B03F80920112292
:10ADD000002101A81FFA89F914F01AFC484601A9BC
:10ADE000FFF70AFEEB78ACB903F0070200231FE07F
:10ADF0000024DAE7BCF1000F02D1FF2A08BF0A469F
:10AE000001310529D5D1FF2AD7D00EF8023007F03D
:10AE1000B3FCD2E797F802278DF8042013F007025D
:10AE2000E4D1FE2106AB03EB860303F8131C0123D8
:10AE300001A901EB86060136281DD9B291422CBF2B
:10AE40000021C15CF1540133D9B20429F5D10023AA
:10AE50004246ADF8003028466B4697F8021709F0D5
:10AE6000FDFDB9F1E80F04D86A46484601A9FFF78D
:10AE700081FD06B0BDE8F087C088002084840020F2
:10AE8000A9A10108C8840020E961002010B50D4A7D
:10AE9000537FB3B100230C4C0421537720681E2349
:10AEA00007F040F8012188B2FFF726FD48B90131CB
:10AEB0000429F8D120684FF40071BDE8104008F073
:10AEC00007BE10BD6A6C0020D06B00207FB5002348
:10AED00004460E4E0D46CDE90133ADF80C3003218A
:10AEE0000A23306801AA06F05FFF0CB123680193C2
:10AEF0000A230321306801AAADF8085007F012F8C0
:10AF000010B9019A024B1A6004B070BDD06B0020DA
:10AF10001C6B002038B505460C46FFF7D7FF0A4AE0
:10AF2000136833B1286855685DB10146224628464A
:10AF30009847064B4FF400611868BDE8384017F099
:10AF4000C7BA21469847F4E7486D00203C630020CB
:10AF500038B5124B93F86846FCB9114A1278E2B141
:10AF600007291AD9012583F89C5143885BBA99B205
:10AF7000A1F58072B2F56A6F0FD80A4A1380436850
:10AF800009480360FFF7C6FF084B224621462046CA
:10AF90001D70BDE83840FEF76DBC38BDC08800208C
:10AFA0003B800020E66100201C6B0020BC6B002071
:10AFB000002330B504460B4D85B0CDE90133ADF823
:10AFC0000C3001AA0A230321286806F0EDFE0A23AB
:10AFD0000321286801AA8DF80A4006F0A3FF05B0F6
:10AFE00030BD00BFD06B0020002330B504460B4DB0
:10AFF00085B0CDE90133ADF80C3001AA0A23032155
:10B00000286806F0D1FE0A230321286801AA8DF8DA
:10B010000B4006F087FF05B030BD00BFD06B0020AD
:10B02000002330B504460F4885B00D46CDE9013305
:10B03000ADF80C3003210A23006801AA06F0B4FE23
:10B0400060B9094B019A9C4207D1019B236015B15D
:10B05000BDF808302B8005B030BD1A60002CF4D14B
:10B06000F5E700BFD06B00201C6B002002460548AE
:10B0700008B510214023006806F096FEB0FA80F073
:10B08000400908BDD06B0020F0B50025044693B000
:10B0900001A80F468DF8045007F09EFB9DF8043080
:10B0A000234023D0661E14EA060121D114F0870044
:10B0B0001AD0402202A8761114F0AAFA46EA5406E1
:10B0C00002A8FFF7D3FF06F0030602AB03EB06135B
:10B0D00003F110041A4603CAA2423860796013468D
:10B0E00007F10807F6D1012013B0F0BD1846FBE7C1
:10B0F0002846F9E71FB580200F49FFF7C5FF044632
:10B1000020B9014610220C4814F082FA1022552171
:10B11000684614F07DFA68460849FEF707FD1022DC
:10B12000AA21684614F074FA68460549FEF7FEFC49
:10B13000204604B010BD00BFC0880020C38F00208F
:10B14000D38F002010B5102804460B4690B03ED097
:10B150000BD8032824D004282DD0022810D0012099
:10B16000B0FA80F0400910B010BD112836D0142874
:10B17000F5D12022FF21684614F04AFA20230DE081
:10B18000194A6946D2F8270092F82B2000908DF8D2
:10B19000042020460522FEF757FC05236A4610E0EE
:10B1A00000226946CDE90022ADF808200A22FEF708
:10B1B0004BFC0A23F2E71E220C49FEF745FC1E2336
:10B1C0000A4A0B482146006806F0ACFEC8E7402258
:10B1D000FF21684614F01CFA4023DFE7012269468C
:10B1E000FEF732FC0123D9E7D03E03086A6C002049
:10B1F000D06B002008B500210220FFF7A3FF90B11B
:10B2000000210320FFF79EFF68B100210420FFF713
:10B2100099FF40B100211020FFF794FF18B10021E1
:10B220001120FFF78FFFBDE8084008F0BDBB837811
:10B23000032B09D0054BD0F888001B68C01A0028E2
:10B24000CCBF00200120704701207047345D0020F2
:10B2500030B50E4B0E4C1B6885B093F8B9540023E3
:10B260000321CDE90133ADF80C3020680A2301AA8F
:10B2700006F09AFD38B90A230321206801AA8DF847
:10B280000C5006F04FFE05B030BD00BF3C6C0020F6
:10B29000D06B00202DE9F04FDFF828818BB070B122
:10B2A000D8F80040DC22002104F5297014F0B0F930
:10B2B0004FF4D272002104F5807014F0A9F9002334
:10B2C0004FF4FA72184602213D4D0BF0F7FD28228B
:10B2D00000216846D8F8004014F09AF940F209536A
:10B2E0004FF4A0626946286807F09DFA04F52974B6
:10B2F000814627464FF4A06640F20A5A3B7D2BB1A7
:10B3000016233A463146286806F00CFE01365645AB
:10B3100007F11607F2D1EA4600264FF0160BB145A9
:10B320002F6832D1282200216846D8F8006014F036
:10B330006FF9384640F209434FF48062694607F0DE
:10B3400072FA06F58076804637464FF4806440F204
:10B350000A4997F829302BB12A233A462146286812
:10B3600006F0E0FD01344C4507F12A07F1D16C46A7
:10B3700000274FF02A09B84514D1002202211046B7
:10B380000BB0BDE8F04F0BF062B85AF8041BA1F502
:10B39000A0630BFB03431B7D13B9384608F098FBF1
:10B3A0000136BCE754F8041BA1F5806309FB036375
:10B3B00093F8293013B9286808F08AFB0137DAE7D7
:10B3C000D06B00203C6C0020064B1B6893F88E234A
:10B3D00032B993F88C0320B1053818BF01207047AB
:10B3E000012070473C6C0020054B1B78082B8EBF5A
:10B3F000FF20044AD05CB0FA80F04009704700BFDB
:10B4000078810020E83C030838B50A4605460C461A
:10B41000014641F60F50EDF7CBFA2B19020A2A55D7
:10B42000587038BD382330B50C490D4A0C7892F865
:10B43000B851013BA54203D192F8B951854205D0DC
:10B4400013F0FF03A2F10802F1D130BD054A02EB6F
:10B45000C30393F82E300B70F7E700BF788100200C
:10B46000FC3E0308D03E030808B520B1044B5B69DD
:10B470000BB100219847BDE808401A20D2E700BF71
:10B48000FC80002070B598B1144B93F83831DB077D
:10B490000ED40E20FFF7C6FF114B93F8222022B1E5
:10B4A000012283F86720012015E009F0EBF9FAE7A3
:10B4B00001250A4C014481420CDD04EBE00292F8C4
:10B4C000386100F0070305FA03F33343C82882F814
:10B4D000383101DD002070BD0130ECE7C08800206C
:10B4E000FC80002010B5044608461146002286B0B4
:10B4F000CDF80E20CDF8122004930A4BADF816209B
:10B50000CDE90132089A084BADF80C40C3F854213C
:10B5100001AB03AAF2F776FA431E5842584106B02F
:10B5200010BD00BFF5950108C088002010B50A4C79
:10B53000D4F8240790F8973400F26F4200F1E2014A
:10B54000FEF792FC30B194F82837013BDBB284F867
:10B55000283710BDFF23FAE7C0880020CB0448BF7E
:10B5600041F480618160704710F18B0F06D028B1E3
:10B5700010F1950F0CBF6FF09400C8207047082899
:10B5800002460CD8B8B1421E072A14D8DFE802F0F0
:10B590001504130F131313114FF0071070471028E1
:10B5A0000DD0084B0848802A08BF18467047074846
:10B5B0007047074870470448704706487047064878
:10B5C000704700BF01000700FFFF07000A000700E7
:10B5D0000D00070004000700100007002DE9F347E5
:10B5E00000248846134E144FC6F8240780F8C8403C
:10B5F00006F229793D7849462846FFF745FD70B1A6
:10B600002846FFF7BCFF0023D6F824A70093CDF807
:10B6100004800146094B50467A7808F074FF0134E3
:10B62000032C07F10207E5D10023C6F8293702B041
:10B63000BDE8F087C0880020BC400308E98F0020E7
:10B6400070B505460F4C0121D4F82407FFF7C6FF5B
:10B65000D4F8242704F5EE63D2F8E200D2F8E6101D
:10B66000C4F86C5703C3D2F8EA00186092F8C430EB
:10B6700004F26C7084F87C37034BBDE870405B6863
:10B68000184700BFC0880020E89C0020082809D87F
:10B6900018B30138072820D8DFE800F00C101F137A
:10B6A0001F1F1F17102814D0802816D101F5E02085
:10B6B0000130704701F5E0200430704701F10710B8
:10B6C000704701F5E0200A30704701F5E0200D30A9
:10B6D000704701F5E020103070470148704700BF07
:10B6E000FFFF070010F18B0F08B509D0C82809D05B
:10B6F00095300CBF02230423034A536206F082FAFA
:10B700000123F9E70323F7E70000085010B50246CC
:10B71000044615488AB020230321006806F044FB44
:10B7200000211C2203A8CDE9011113F071FF4FF491
:10B73000E02001AA02A907F00BFA18B1FFF714FFE5
:10B74000FFF7D0FF019A202A04D00A22074B5A6241
:10B7500006F058FA214602A814F095FE10B10B220B
:10B76000024BF4E70AB010BDD413002000000850CB
:10B7700030B4104BD3F8242792F88F13012906D147
:10B7800092F8C42012F01E0F01D030BCBEE793F82F
:10B79000EC37002BF9D10346074C04F12005224673
:10B7A00003CAAA4218605960144603F10803F6D18F
:10B7B00030BC7047C0880020B490002010B504460B
:10B7C00086B000211822684613F022FF6946204601
:10B7D000EDF7D0F818B1FFF7C7FEFFF783FF039826
:10B7E00006B010BD03681BB1406800B11847184788
:10B7F000704703461A68084622B15B680BB11846C9
:10B80000104710477047024B014618700148F0E797
:10B8100036800020406D002010B51A4B1A4C8AB0BB
:10B82000187023880DF106011848ADF80630FFF7AF
:10B83000F7FBBDF806302380FDF7F0FF1122002151
:10B8400005A813F0E5FE05A90020FFF7D5F89DF83F
:10B850001400FFF7D8FFFEF703FF00230C48CDE9E3
:10B860000233ADF8103003210A2302AA006806F063
:10B870009BFABDF80C00FDF702FF064B18700AB0EA
:10B8800010BD00BFC49C0020E66100201C6B00209E
:10B89000D06B0020BC6B00202DE9F041C37886B04E
:10B8A000112204460F4601A800211E09C3F3021508
:10B8B00003F0070813F0ACFE002001A9FFF79CF885
:10B8C00006F0040655B176B3204B93F89C3113B1C2
:10B8D0000120FDF7BBFF06B0BDE8F081E4221C4B60
:10B8E00083F8E820A078FFF78EFF1A4B1B788DF8BD
:10B8F0000430002EE8D1B8F1000F14D1FE238DF8EA
:10B900000530144B1B78EBB100253A4629462046FA
:10B910006B46ADF8005009F0A1F86A46284601A927
:10B92000FFF728F8D0E701AB03EB85050023211DC5
:10B93000984594BF0022CA5C0133042B05F8012FFF
:10B94000F6D1DEE7FFF7A2FABEE700BFC08800200D
:10B95000E961002036800020002307B501A88DF89A
:10B96000043006F039FF9DF80410044B04481970A8
:10B97000FFF73FFF03B05DF804FB00BF0066002047
:10B98000506D002038B50024044D55F8040B08B163
:10B99000FFF728FF0134062CF7D138BD486C002092
:10B9A00080F0FF0383EA102383EA1343FF2AD8B20F
:10B9B00015D0012A15D145280BD00CD80A2808D05B
:10B9C00003F0DF03052B0AD103E00B4BD340DB0769
:10B9D00005D5013003E0A0F14A021B2AF5D9C0B217
:10B9E00070471AB1022AFAD1FF29F8D803F0BF0331
:10B9F0000A2BEED05528E6E7010800080023034A89
:10BA000060F3070361F30F231362704700000850CF
:10BA1000037CF7B513F0010304465B4D28D00023E7
:10BA2000052001A9019308F060F895F814389DF9F4
:10BA300004005A1C012BA07385F814285BD80A2235
:10BA4000524B0330B3F90A3040B293FBF2F37F2B31
:10BA5000A8BF7F23834205DA58B27F21A073FFF786
:10BA6000CDFF48E06FF005039842B8BF1846F4E7F1
:10BA700085F81438EDF7ACFA454B444FD3F8F20192
:10BA800000906846EDF776FA3E792278032E1DD0B5
:10BA90001C20B11E9DF903503E4B4E424E4100FB0F
:10BAA0000630294684F82350657306F0EDFA182213
:10BAB000394B02FB06331875E37B032B10D194F945
:10BAC000133084F82430A37303B0F0BD02AB062A10
:10BAD00018BF013313F9085C84F823506573EBE752
:10BAE00040F6FF730A262289B7F90A709A4297FB3B
:10BAF000F6F606D1A67394F90E3084F82430E37478
:10BB0000E2E70023052001A9019307F0EEFF9DF96C
:10BB100005107F2EA8BF7F267F299DF9040005D13F
:10BB2000033040B2B04228DD70B222E015F1800F40
:10BB3000F8D011F1800FF5D0CBB203F17802D2B278
:10BB4000822AEFD86FF040029542A8BF15466FF0E9
:10BB500065029542ACBF5B1B9B1A5BB25A1DDFDBD3
:10BB60001A2B08DC052BDBDD0A2B04DC0937DBDBB9
:10BB70000020A07373E70338D3E76FF00503984202
:10BB8000B8BF1846F5E700BFC08800204463002016
:10BB9000D03E0308BC810020D0650020084B1B6804
:10BBA0001B79590707D49A0707D413F0010005D170
:10BBB000DB0998007047032070470220704700BFE0
:10BBC000AC7E002038B50F4B05461B68BBB10E4A52
:10BBD000546BA4B11B78012B04D80C48002D08BF6E
:10BBE000204638BD022B0AD110B904F10800F8E74D
:10BBF000FFF7D4FFA84202D104F11000F1E7034897
:10BC0000EFE700BFAC7E0020FC0C0020C84003081A
:10BC10002DE9F843374B04460D461E68364F3378FE
:10BC20000021282202303B7013F0F2FC0123257022
:10BC30003978637011F0300F05D011F0100F0CBF80
:10BC400020234023E3702D4B2D4F5B6838881A78F2
:10BC5000023A012A8CBF0022012252002271FDF714
:10BC60000EFD40B95323A370E37842F0010263F064
:10BC70006303E3702271B6F801300020A4F80530A8
:10BC8000CB0748BFA37804F1070944BF63F07F03E3
:10BC9000A370FFF797FF042D0CBF22232323027804
:10BCA0000ABFC8464FF0000804F10809934228BFB4
:10BCB0001346002106461D460A46CBB29D420AD8CD
:10BCC000B8F1000F03D0531C88F80020DAB2D01D61
:10BCD000C0B2BDE8F88373685C5C982C03D13888E7
:10BCE000FDF7CDFC18B9531C09F80240DAB2013156
:10BCF000E3E700BFB86B002038630020A49C00205D
:10BD0000E66100202DE9F04304460D4693B0002182
:10BD1000174607A82A2213F07BFC2046F1F75CFEA9
:10BD2000AB0644BF01221F4B064648BF1A701E4B8C
:10BD3000DFF8788093F8B49605F01705B9F1000F95
:10BD400019D00026012107A883F8B466FFF760FF29
:10BD5000FF2C0CBF7F233346009022460220CDE902
:10BD60000337CDE90156B8F8001007ABF1F702FC34
:10BD700013B0BDE8F08304280CBF0421012107A8FB
:10BD8000FFF746FFFF2C0CBF7F230023CDE90159AD
:10BD9000CDE90337009022463046B8F8001007ABD3
:10BDA000E4E700BFD8620020C0880020E6610020E0
:10BDB00013B5174C134694F868260ABB154A127837
:10BDC00012F0FB0F1CD002291AD98278D10717D59F
:10BDD00011490978012915D112F0020F10D1002262
:10BDE000CDE90022012284F8B4261A78188912F0CD
:10BDF000020F08BF10216A4618BF1221FFF782FF09
:10BE000002B010BD0229EAD112F0040FE6E700BF2C
:10BE1000C08800203B800020B08100202DE9F04147
:10BE2000164E904604460D46014630461F4605F024
:10BE3000CBFEFDF731FC336800221946C4E90158F6
:10BE4000E76059B96AB921460C4805F0BDFE336870
:10BE500023603460BDE8F041FEF7DEB809680132C6
:10BE6000EFE75A68AA42EED81A461B6813B1596820
:10BE7000A942F9D923601460ECE700BFC47F002019
:10BE80000346014A0148C9E77DD7010848840020DC
:10BE9000F7B5FDF78FFB314CC0B294F8273000287E
:10BEA00050D0042B04D103B0BDE8F04008F03ABDF7
:10BEB0000920FFF7B7FAFDF77DFB28B9052003B08D
:10BEC000BDE8F040FFF7AEBA94F830200F2A43D80F
:10BED000552384F81538C823002584F81638C0F394
:10BEE000022343EA02131E4E1E4F84F8173884F8CB
:10BEF00018080023324641F288313846FFF78EFF9A
:10BF000094F82630009504221749208C43F0010351
:10BF1000FFF7E8FA30B994F839301BB1013B84F8E7
:10BF20003930E6E70123052084F85C30FFF77AFA20
:10BF30004FF448710D4B0E4AA3F1100003B0BDE859
:10BF4000F0406BE7042B07D00320FFF76BFA03B038
:10BF5000BDE8F04008F044BC03B0F0BDC08800204C
:10BF600091BF010824810020D59000201C89002069
:10BF7000B1BF010808B50146044805F025FEFDF7EC
:10BF80008BFBBDE80840FEF747B800BFC47F002028
:10BF900008B50548FFF7EEFF0022044B1A70BDE814
:10BFA000084008F0BFBC00BF248100207881002039
:10BFB00010B504780848FFF7DDFF0820FFF732FAD4
:10BFC00034B1FDF7F7FA18B1BDE8104008F0AABC8B
:10BFD000BDE810405CE700BF0C890020F8B50646BC
:10BFE0000F4600250B4C14F80A3C6BB114F80C3CBE
:10BFF000B34209D114F80B3CBB4205D100232046C3
:10C0000004F80A3CFFF7B6FF01350F2D04F11C04BC
:10C01000E9D1F8BDA06700202DE9F04700264E4C7D
:10C020008CB0257CCDE908661A2DCDE90A66CDE9EC
:10C030000466CDE90666074684BF01261A25082155
:10C0400008A807F019FE002394F8029094F80080E5
:10C050009DF8202000934146484602ABFDF736FB91
:10C0600002460028EBD14FF0010A49464046CDF880
:10C0700000A00AABFDF72AFB00285FD049464046E6
:10C08000FFF7ACFF52462178A07808AB08F066FCB9
:10C09000002F56D094F8523003F00F0343F03003D2
:10C0A0002A46E1686F1C2D4884F82E30FFB214F048
:10C0B000DDF92B4808A9FDF761FA39462948FDF753
:10C0C0004DFD002E0CBF8123C12384F82A306388E4
:10C0D000254884F82B30238808A984F82C3084F86C
:10C0E0002D70FDF74BFA691D204804AAC9B2FDF76F
:10C0F00055FD982384F8243094F82A301C4A84F89B
:10C10000253008AB03CB05F10B03C4F826005160C2
:10C110009DF8281005F10C0654FA83F3023A83F8CF
:10C120002410B71804AB03CB90517960E3682B441B
:10C13000E360237C5B1B14352374E8B20CB0BDE8CC
:10C14000F08736B194F8523003F00F0343F0100338
:10C15000A6E73346A4E700BF1C6700204B6700201A
:10C16000D38F00204A670020C38F0020466700203D
:10C1700042670020F0B54C4C85B060740138062849
:10C1800005D8DFE800F020224D65505283000023DF
:10C1900042F21071454A4648FFF740FE454B0221E6
:10C1A00002930023404A0393434802ABF1F72AFC71
:10C1B00010B90720FFF7DEFF022342F21072194682
:10C1C00000200AF07BFE05B0F0BD394D002728465F
:10C1D000FFF7D0FE0020FFF71FFF064615F8141CDE
:10C1E000A078FFF7FBFE354B039702931EB907209B
:10C1F000FFF7C0FFE7E7314602ABA5F1140205F1F6
:10C200001000F1F7FFFB0028F1D0237C002BDAD0DF
:10C210003B4642F210712846244AFFF7FFFDCBE768
:10C22000237C002BCFD10623637400252048258072
:10C23000FFF7A0FE0222284611460AF008F9294617
:10C240001F4AA2F1080005B0BDE8F040FDF74ABF63
:10C25000174D2846FFF78EFE0120FFF7DDFE15F88B
:10C26000141C0646A078FFF7B9FE164B0093002376
:10C270000193002EBBD06B463146A5F1140205F1A7
:10C280001000F1F7BFFB0028B1D09CE7002508485B
:10C290002580FFF76FFE0222284611460AF0D7F8E4
:10C2A0000221074ACDE700BF1C670020C9C2010870
:10C2B00030670020CDC20108D0400308E5C2010864
:10C2C0007867002015C30108072053E7044B5B7C07
:10C2D00023B9002914BF072001204BE7704700BF96
:10C2E0001C67002070B40A4D0E466B7C1446022B6E
:10C2F0000CD10FCC5C350FC5002E94E8070085E803
:10C30000070070BC14BF0720032033E770BC7047E0
:10C310001C67002070B40A4D0E466B7C1446042B3B
:10C320000CD10FCC5C350FC5002E94E8070085E8D2
:10C33000070070BC14BF072005201BE770BC7047C6
:10C340001C670020F8B5FEF7D5FE00240322184B29
:10C35000064618489A7083F88E20C3F88840C3F8C0
:10C360001441FFF707FE78222146134813F050F9D5
:10C370001048FFF7FFFD782221460F4813F048F9D7
:10C3800027460E4DAF7005F10C000134FFF7F2FDAA
:10C390000F2C05F11C05F5D10222002011460AF0F0
:10C3A00056F80122022100200AF051F83046F8BD6B
:10C3B00004660020306700201C670020946700207E
:10C3C0002DE9F04F694D8DB00024064685F8B5067D
:10C3D000FFF7C2FA06F0DCF90923C5F85C4285F8DC
:10C3E0005832FFF7AFFF1C222146C5F8740203A89C
:10C3F000029413F00DF9202102A807F03DFC22461B
:10C4000002A905F5F87007F0A7FE594B05F64C0890
:10C410001F6840F2BC42214640463FBA13F0F8F88C
:10C42000C5F81879534F40462146FFF7D7F8C7F8AB
:10C430000080DFF85081AA22214608F11800C8E9DF
:10C440000044C8E90244C8E9044413F0E1F8DC22DE
:10C45000214605F52F60C8E93C44C8F8F84088F843
:10C46000FC4013F0D5F82822214602A813F0D0F89A
:10C47000414840F209534FF4A062006802A906F057
:10C48000D2F94FF0160B01900DF1080905F52F6A4E
:10C49000394BD3F80080019BA3424ED13C684FF446
:10C4A000D27204F580740021204613F0B1F82822DE
:10C4B000002102A813F0ACF8404640F209434FF4C3
:10C4C000806202A906F0AFF94FF0000881464FF0F4
:10C4D0002A0B0DF1080A284BC145186839D10023F1
:10C4E0000321CDE90233ADF8103002AA0A233C68DB
:10C4F00005F05AFC18B99DF8103084F8B9341F4B78
:10C500001F4A02215A600022104609F0A0FF0023B2
:10C5100016F0780F85F8683285F8083D0AD116F0D4
:10C52000870F07D0022385F8093D012385F80B6D9D
:10C5300085F80A3D0DB0BDE8F08F59F8041B1623AD
:10C54000A1F5A06240460BFB02A205F02DFC0134D0
:10C550009EE75AF8041B2A23A1F580620BFB0242D6
:10C5600005F022FC08F10108B5E700BFC0880020F3
:10C570001C6B00203C6C0020D06B0020E89C00204D
:10C58000A9C501088483002008B5FF2008F034F80D
:10C590000120FEF77FFE034B93F8B506BDE8084087
:10C5A0000EE700BFC0880020036813B5062B2ED805
:10C5B000DFE803F0702D042D2F5E4B00437D3A4CD5
:10C5C0007BB10021E02204F61450A4F80C1D13F0F6
:10C5D0001FF8832384F8143D02B0BDE8104007F033
:10C5E000EFB9027E01A984F8F42D427E84F8F52D7E
:10C5F000827E84F8F62DC27E2C4884F8F72D2C4AD2
:10C6000000680192C4F8FC2D1A4615F0ADFA02B08C
:10C6100010BD254CD4F8003E93B1264B1B7833B1A6
:10C62000037C23B9022384F8083DFFF7ADFF224ABB
:10C63000D4F8003E0020118898470023C4F8003E3B
:10C6400002B0BDE81040FEF755BD174CD4F8003ECF
:10C650004BB1032284F8082D174A0020118898470F
:10C660000023C4F8003E02B0BDE81040FDF7C2BC94
:10C670000D4CD4F8003E4BB1022284F8082D0E4A2E
:10C680000020118898470023C4F8003E02B0BDE89E
:10C69000104079E7FDF7AEFCFDF7CCF80022024B25
:10C6A00083F89C21B3E700BFC0880020A869002060
:10C6B00039EA0108BC6B0020E661002000232DE967
:10C6C000F743B74C94F8586294F85822C4F85C3297
:10C6D00023B300239642A4F8783284F87A3284F89F
:10C6E0008032A4F8883284F88A3284F8903284F850
:10C6F000983284F8A03284F8A832A4F8B232C4F890
:10C70000B43284F8B83200F033824FF48031A54B54
:10C71000186803B0BDE8F04315F0DABE013A112AFB
:10C7200000F2B380DFE812F012005700F200B5000B
:10C73000EF00F200FE000C012701B1008501BA01F3
:10C74000D401F601F801FF0122021D0294F88A5279
:10C750000DB313230025944884F85832C4F85C5272
:10C76000FFF708FCD4F88C329048C4F86C3205F01E
:10C77000EFFE2A46D4F86412D4F86C02FDF71CFCD4
:10C78000802007F039FFFEF7B5FC894B1B6883F862
:10C79000B854022312E094F8B232002B75D0132360
:10C7A000814884F85832C4F85C52FFF7E3FB94F8F0
:10C7B000683201223BB10623C4F8702284F8583253
:10C7C000C4F85C5261E084F8082D072284F85822EE
:10C7D000C4F85C3259E0D4F89C22D4F86C329A4206
:10C7E00036D194F898329BB3002513236E4884F811
:10C7F0005832C4F85C52FFF7BDFB6E4805F0A8FE46
:10C800006D4AD4F8643215605560C4F8183E0423AC
:10C81000D4F86C1284F81D3E684B1581CDE90035C3
:10C82000A4F8141E6B4602216548023AF1F7EAF8B3
:10C8300010B9012384F88932D4F87032D4F8602218
:10C840001340C4F87032042384F858320023BFE741
:10C8500094F8893213B994F8B33263B113230025E5
:10C86000514884F85832C4F85C52FFF783FB032325
:10C87000C4F87052A2E7D4F87022D4F860321A4299
:10C8800003D194F88832002BE8D1D4F85C3201331C
:10C890001AE794F8685265B994F8883263B31323A1
:10C8A000414884F85832C4F85C52FFF763FB072311
:10C8B00084E794F88932002BD0D194F8B452002D3B
:10C8C000CCD1D4F89422D4F86C329A42DDD194F8C9
:10C8D0009032002BD9D01323334884F85832C4F84F
:10C8E0005C52FFF747FB0122D4F86412D4F86C02C3
:10C8F000FDF762FB052361E794F88932002BADD187
:10C9000094F8B432BFE794F888321BB1072384F857
:10C910005832BAE794F88922002AB6D0C4F87032A7
:10C920000323F4E71323002584F85832D4F8703237
:10C93000C4F85C52C4F8743205F0ECFD11233DE7F5
:10C9400094F88A3233B11323002584F85832C4F89E
:10C950005C5207E794F87832002B96D01323002519
:10C96000184884F85832C4F85C5205F0F1FD0123F0
:10C97000C4F8745222E794F87852002DEED194F85E
:10C980007A721FB3132384F85832D4F87C320E48DD
:10C99000C4F86C32C4F85C5205F0DAFD0B230DE7E5
:10C9A000C08800203C630020C4960020738B0020C8
:10C9B0003C6C0020748B0020D69600208DCB0108A3
:10C9C000D2400308728B0020758B002094F88032CF
:10C9D00043B3132384F85832982384F8BC320323DA
:10C9E000042084F8BD32C4F85C7284F8BE72FFF78C
:10C9F000E9F80546027841685F48D4F86C82D4F8BB
:10CA0000649213F033FD2978012303314A46C9B2F9
:10CA10001FFA88F005F056FD1223C4F85C7284F802
:10CA2000583232E794F87932002B3FF42EAF0823C6
:10CA30006DE7D4F8A422D4F86C329A4219D194F854
:10CA4000A032B3B1132300254C4884F85832C4F8FF
:10CA50005C52FFF78FFAD4F87032DA0704D54848F1
:10CA600005F076FD0C23A9E600230E22C4F87032EF
:10CA7000ACE694F8893223B994F8B532002B3FF430
:10CA800004AF132300253D4884F85832C4F85C52A3
:10CA9000FFF770FA0E23C4F870528FE694F8B6329E
:10CAA000002BEED194F88952002DEAD194F8883207
:10CAB000002B3FF4EAAE1323304884F85832C4F810
:10CAC0005C52FFF757FA2F4805F042FD102375E638
:10CAD00094F88932002BD4D194F8B732002BD0D1FE
:10CAE000D4F8A412D4F86C2291427FF4CEAE94F81C
:10CAF000A022002A3FF4C9AE13222048C4F85C32B9
:10CB000084F85822FFF736FAD4F87032DB07ABD539
:10CB10000F2399E60F23FAE61323002584F85832F1
:10CB2000C4F85C5208E7D4F86C22D4F8AC329A42CC
:10CB300014D194F8A8328BB1132300250F4884F840
:10CB40005832C4F85C52FFF715FA94F86832002B9B
:10CB5000DED00D4805F0FCFC0D232FE694F8B8322A
:10CB60008CE7B4F88832002B3FF48FAE0923CEE671
:10CB700003B0BDE8F08300BF7F8B0020C496002087
:10CB8000768B0020788B0020778B002008B501225F
:10CB9000054B31B983F88822FFF790FDBDE80840C6
:10CBA0008CE583F88922F7E7C088002008B50122C8
:10CBB000064B41B983F88822FFF780FDFFF77EFD21
:10CBC000BDE808407AE583F88922F5E7C0880020AF
:10CBD000044B984204DB073398423CBF01230370A7
:10CBE0006CE500BF728B00200148FFF7C3B900BF9E
:10CBF000E096002070B5104C0546FFF7F5FFD4F81D
:10CC000024070021FEF7EAFC0523D4F82427C4F802
:10CC10006C37D2F8E200D2F8E61004F5EE6303C3F5
:10CC2000D2F8EA0084F87C571860044B04F26C7068
:10CC30005B68BDE870401847C0880020E89C002071
:10CC400037B51C4D1C4C2846FFF794F9002341F2E0
:10CC500088311A4A1A48FFF7E1F8002394F87A203D
:10CC600084F8223063766089A37B1649B2B12288AA
:10CC70000732009143F001031349D2B2FEF732FCB0
:10CC80000028E0D0A37B042B02D06389FF2B08D1BE
:10CC90000A2003B0BDE83040FEF7C4BB228806324C
:10CCA000E7E7044800234FF47A71084AFFF7B6F823
:10CCB0000520EEE7FC880020FC80002091BF0108E1
:10CCC00024810020B3950108D5900020D1CC010823
:10CCD00070B51C4C94F82310237E81B100252020D0
:10CCE00084F8243084F82350A4F87850FEF79AFB97
:10CCF00063695BB12946BDE870400220184794F88B
:10CD000024209A4203D16369002BF4D170BD94F8BA
:10CD1000763063B1636984F87610A4F878100BB1AB
:10CD200002209847BDE870401F20FEF77BBB1E2005
:10CD3000FEF778FB94F87630013384F87630BDE85E
:10CD400070407DE7FC8000202DE9F341404C207EBF
:10CD5000002851D104F04BFF00F00F0000222318EF
:10CD600083F858202F223B4B207683F8302EA27B6D
:10CD7000910647D5272283F8302E258C93F8306E04
:10CD80000001B54284BFAA1B97B24FF055028EBF77
:10CD9000B046A8462F4683F81528C5F3022262F054
:10CDA0003F0283F8162883F818084246E1692A48AA
:10CDB00083F81758E780A4F8008013F057FB08F1B8
:10CDC00004012648C9B2FEF71FFBB7FBF8F2D3B245
:10CDD00008FB127292B20AB10133DBB2B54263763C
:10CDE0004FF0000311D81C2084F87A30FEF71AFBAC
:10CDF00002B0BDE8F04123E70130C0B2102828BFDF
:10CE00000020ABE7D206B5D5B7E741F28831144A26
:10CE10001448FFF703F822881349A37B06320091D8
:10CE200060890E4943F00103D2B2FEF75BFB60B1AB
:10CE30000E4B18201B68A4F87430012384F82230AC
:10CE400002B0BDE8F041FEF7EDBA02B0BDE8F081F6
:10CE5000FC800020C0880020D9900020D5900020C0
:10CE600091BF01082481002073CE0108345D0020A9
:10CE70006AE710B5184CB4F8742032B1174B1B6830
:10CE80009B1A03F59673A4F8743094F8682032B1B5
:10CE9000002384F86830BDE8104005F065BB94F8C5
:10CEA00067302BB184F86720BDE8104007F0EABC7A
:10CEB00094F82410227E914206D10948FFF75AF8CF
:10CEC0000023A4F8743010BDB4F87410054A044867
:10CED0000F31FEF7A3FFF3E7FC800020345D002054
:10CEE00044810020E9CE01082DE9F7433C4C3D4840
:10CEF000FFF740F8E3880BB9238CE3803A4DB4F890
:10CF0000068095F8309E4646C84528BF4E46207E8E
:10CF10002680231893F85830012B5ED05521228C9F
:10CF200085F81518A2EB0803C2F302219BB261F049
:10CF30001F0185F8161885F81728E169C3F3022246
:10CF400042EA0012194485F8182805F61A003246FC
:10CF5000A38085F8193805F6150713F087FA711DB7
:10CF60003846C9B2FEF750FAC84509D801231C203B
:10CF700084F87A30FEF756FA03B0BDE8F0435FE676
:10CF8000002341F28831194A1948FEF747FF2288E9
:10CF90001849A37B073200916089394643F00103A9
:10CFA000D2B2FEF79FFA80B1E38895F8302E208840
:10CFB000934224BF9B1AE380E388B3FBF0F100FBAC
:10CFC00011339BB2CAB233B96276182003B0BDE800
:10CFD000F043FEF727BA0132F6E703B0BDE8F0836D
:10CFE000FC800020FC880020C088002091BF010840
:10CFF0002481002073CE01082DE9F04F90F88C3386
:10D0000004461546A7B0052B00F20682DFE813F0B0
:10D0100006003E026B02040271020600002940F085
:10D02000E5802E683146FCF73BFE04F1D60100286E
:10D0300000F0F28090F8293003F0FD03042B40F05B
:10D04000EB8090F82820B37A9A4240F0E5802A6875
:10D050006E6813682889C4F8D63053684B609368AB
:10D060008B600223C4F8F060A4F8F40084F88D33D8
:10D07000022384F88C3394F8DA30D80707D50423D8
:10D080004FF6E851204684F88C33FEF7F9FE20462F
:10D0900004F1D601FCF704FE9F2384F891330323A7
:10D0A000002784F8923390F8273084F8947384F83A
:10D0B000933390F829300646042B04F2913B04F296
:10D0C000953840F077827A480AA90EAD07F067F8E4
:10D0D000A846334606F110072A46186859680833EF
:10D0E00003C2BB421546F7D194F8E030424604EB48
:10D0F0008313203330460AA907F083F894F8E03010
:10D1000004F2973786F82830062386F82930122350
:10D1100084F89533412384F896330AAB1D4603CD3A
:10D120004545386079602B4607F10807F6D101279D
:10D13000162504F2A73894F8DA3013F0060F2DD034
:10D14000D4F8FC3053B3B4F8D830B4F880239A4202
:10D1500018D0B4F884239A4214D0B4F888239A42A1
:10D1600010D0032388F80030432388F80130D4F826
:10D17000FC3003359B78013788F80230ADB2FFB23E
:10D1800008F1030894F8DA30590707D594F88D337D
:10D19000022B03D1D4F8FC00FCF73AFAD4F8FC30A7
:10D1A000002B00F015821A7D022A40F01182002126
:10D1B0001975042302350137C4F8FC10ADB288F8A4
:10D1C000002088F80130FFB294F8943343F0010353
:10D1D00084F89433013F17F0FF0700F0FC8194F8C6
:10D1E000963363F07F0384F89633F3E7032939D14C
:10D1F0002B89022B40F210816B6829689A78FCF722
:10D200009BFD002800F0088101222968204627B0F4
:10D21000BDE8F04FFCF76CBE40F20123A4F88C335C
:10D220002A68288913686E68C4F8D63053684B6042
:10D2300093688B60A4F8F400C4F8F0602046FCF713
:10D240002FFD1C4990F827300831032220468B70AF
:10D2500000F097FA4FF6E851204627B0BDE8F04FAE
:10D26000FEF70EBE042915D12868696803682A896B
:10D27000C4F8D6304368C4F8DA3083682046C4F86E
:10D28000DE30C4F8F010A4F8F42027B0BDE8F04F69
:10D29000FCF766BD0139072900F2BE80DFE811F016
:10D2A0000C00CC00BC00BC00BC00BC00D500EB00F6
:10D2B000B08A0020E89C0020D5E900201368298965
:10D2C000C4F8D63053684FF00309C4F8DA309368D5
:10D2D0009278C4F8DE30C4F8F0000123A4F8F4100A
:10D2E00020460021FCF780FC022384F88C339F2326
:10D2F00084F891330123FF2684F894334323C4F840
:10D30000FC0084F8929384F8936384F8959384F8EE
:10D3100096338378B4F8F45004F566782A460746C5
:10D32000D4F8F01084F89733404613F09FF80723A1
:10D330000F35ADB20DF1580B01950093CDF808B043
:10D3400004F2913A5346B4F8D820B4F8D6102046E7
:10D3500005F0DAF905230993F97C974A04EB81116A
:10D360001031054609A806F085FDD4F8FC1012AA74
:10D370004944099806F0CBFC099806F0BDFCD4F8A6
:10D38000FC00FCF745F9002394F8B824CDE9099393
:10D39000D4F8FC30002A42D1D97C884A04EB8111B0
:10D3A00009A806F067FDB4F8F4300AAA049203F164
:10D3B0000802CDE90282CDE900835A46ABB2099852
:10D3C00012A906F007FB94F8B834BDF8285013B939
:10D3D000099806F091FC0023794AE91DC2F83C3E09
:10D3E000B4F8D6305046A2F8363EFF23A2F8343EB9
:10D3F00094F8DC3002F634625360724BC9B2CDE966
:10D400000E340EABF0F7FEFA30B9022120460EAA18
:10D410008DF83C10FFF7F0FD27B0BDE8F08FDA7C07
:10D420000121042A97BF684B30469B1893F80402E9
:10D43000FEF72CF90990B6E72979B1FA81F149098B
:10D4400027B0BDE8F04F02F057B90A21FEF718FDEA
:10D450002A681368C4F8D6305368C4F8DA30936881
:10D46000C4F8DE300023C4F8F030A4F8F43005230B
:10D4700084F88C33D0E7052BCED100230222C0F8EC
:10D48000FC3080F88C3300F1D601BFE602290AD1C6
:10D490002979012930D1002380F88C334B48FEF7DD
:10D4A00069FD297905E0082909D10023022184F8C2
:10D4B0008C33204627B0BDE8F04F02F03FB9042975
:10D4C000AAD12B68B0F8D62019889142A4D15A88E5
:10D4D000B0F8D8309A429FD12A896968FCF740FC9D
:10D4E000C50799D5C4E5022996D1002380F88C336D
:10D4F000D7E7022907D1297909B9E988ACE60023E1
:10D5000084F88C33D5E705292CD12B68B0F8D620C8
:10D510001988914280D15A88B0F8D83093427FF46C
:10D520007BAFB0F880239A4207D0B0F884239A42A8
:10D5300003D0B0F888239A420CD194F88D334BB1C4
:10D540000023A4F8F43094F8DA3023F0010384F8CF
:10D55000DA308DE500231D4884F88C33FEF70AFD90
:10D560000521A6E7082903D1002180F88C13A0E744
:10D5700004297FF451AF2B68B0F8D6201988914266
:10D580007FF44AAF5A88B0F8D8309A427FF444AF5B
:10D590002A896968FCF7E4FB00283FF43DAF0228C4
:10D5A00004BF0023A4F8F43094F88D33002B7FF4EB
:10D5B0005FAD7AE70425BEE5004440040001500554
:10D5C000C088002039D70108D03E030848840020D5
:10D5D000002F7FF4F9AD0BEB0509A046CA460027E2
:10D5E00004F10C030793B8F88023B4F8D8309A42BA
:10D5F00022D100232046194698F88223FCF7F4FA3A
:10D60000D0B113238AF80030C2230AF10302114675
:10D610008AF8013098F8823301378AF80230FFB275
:10D62000C31C133053F804CB834241F804CBF9D127
:10D6300000239246A8F88033079B08F1040843456D
:10D64000D1D19FB113227B1E5343013319F803201C
:10D6500002F07F0209F8032007EBC70307EB43073B
:10D6600094F8943343F0020384F89433B4F8F4202C
:10D67000D4F8F01009EB07000DF1580812F0F6FE8F
:10D68000CDF80880B4F8F430204608332B443B44EE
:10D690009BB2CDE900535B46B4F8D820B4F8D6105D
:10D6A00005F032F812A98246304606F078FD0323D1
:10D6B0000022CDE9082394F8B83494F8E0105BBB5D
:10D6C0001B4A04EB811109A806F0D4FBB4F8F4302E
:10D6D00008AA3B44049203F10802CDE90292CDE985
:10D6E000009342461FFA8AF3099812A906F072F9CC
:10D6F00094F8B834BDF8206013B9099806F0FCFA24
:10D70000AA195946204692B200F03BF894F88D339E
:10D71000013B84F88D337FE6042997BF054BFF203A
:10D720005B1893F804020121FDF7B0FF0990CDE7E3
:10D7300000015005D03E0308F0B50F4606461146DD
:10D7400085B0A2B114460C4D0FCC0FC594E807006C
:10D7500085E807004FF4FA730221304601AA8DF8DC
:10D760000870ADF80A30FFF747FC05B0F0BD1C2289
:10D77000014811F04DFFEDE75884002000220821F8
:10D780003AE430B500F1D605134685B00A4629467D
:10D790000446FCF769FB50B129462046FCF780FAA5
:10D7A00090F82730013380F8273005B030BD0221D2
:10D7B000204601AA8DF80810FFF71EFCF5E71FB5FB
:10D7C0005C1EC72C0FD890F88C430CB1052C0AD1E5
:10D7D0000292019101AA0021ADF80C30FFF70CFC78
:10D7E000012004B010BD0020FBE72DE9FF411E46DB
:10D7F0002A4B0D461F68144697F88C339DF83480E9
:10D800000BB1052B47D1AA2D45D82A4601462448FD
:10D8100012F02CFE0023CDF8093003936388626870
:10D82000ADF8043023888DF80A20ADF80630237A4D
:10D830008DF80830637A013B8DF80E30B8F1000F97
:10D8400010D00121174B83F800119DF82810C3F860
:10D85000F82083F8F4100C9A9DF82C10C3F8FC20E3
:10D8600083F8F51026B196E803000F4B83E8030018
:10D870002B4638460A4A01A9FFF7A1FF044630B1FA
:10D88000002342F210720221184608F0FDFF2046E4
:10D8900004B0BDE8F0810024F9E700BF3C6C002033
:10D8A0009C83002080830020848300202DE9F04F9A
:10D8B000076806793B7885686C2B8DB03CD16A7B14
:10D8C000531E022B38D87B78012B35D13B79012BA5
:10D8D00001D0042B30D1A949BB7891F8400E03F058
:10D8E0003F03984228D081F8403E8DF81E304FF417
:10D8F0001B71FF23ADF81C108DF81F302989002300
:10D90000ADF824109E498DF82D200988CDE9023309
:10D91000ADF8261005210193AA7B07A8009209AA59
:10D920008DF820300A918DF82C308DF82E30FFF7CD
:10D930005CFF043E0437F6B23B78042B00F06582AE
:10D9400008D8002B00F04082012B00F053820DB06C
:10D95000BDE8F08F552B40F05B820023874CDFF849
:10D96000208204F64269C4F8423EC4F8463EA9F853
:10D9700008302A898348A4F8422EB8F8002041F2E2
:10D980008831A4F8442E2A7884F8492E252284F878
:10D99000482E7D4AFEF742FAFDF726FD78B17B4B13
:10D9A000B4F8422E5B89934209D1B8F800209A421C
:10D9B00005D21420FDF736FD012384F84C3EB4F85F
:10D9C000423EB4F8442E9A42C1D0C82EBFD86F4D03
:10D9D000D4F8422EC5F86A20D9F80420C5F86E2084
:10D9E000B9F80820A5F87220B4F83621934200D087
:10D9F00022B9B5F8782093421ED0EAB194F8493E96
:10DA000093B9634B1B78042BA1D00B20FDF70AFDC3
:10DA100095F822301BB1012385F8673097E70DB0E8
:10DA2000BDE8F04F06F02EBF042B05D10C200DB041
:10DA3000BDE8F04FFDF7F6BC94F830207B78102A53
:10DA40000ED103F0F802E02A0AD1BA7803F00703F6
:10DA500002EB0323C82B01D90D20E8E70E20D5E700
:10DA6000DFF82CB19BF80000002855D0012853D0D6
:10DA7000484BDA7A0AB34FF0000883F80B80102382
:10DA8000DFF820A1C4F82A80CAF8048084F8303076
:10DA90000123C82241460AF14300AAF8088084F80D
:10DAA000358184F83930A4F8368111F0B1FD1A229D
:10DAB00041460AF5877011F0ABFDD9F80410364BDA
:10DAC000D4F8420EB9F8082003C367631A8084F8BB
:10DAD00038603A7897F80190552A97F8028097F8BD
:10DAE00003A03B797FF433AF09F0F802E02A00F09D
:10DAF000B38014D8C02A36D0C82A7FF428AF1620A5
:10DB0000FDF790FC95F824204FEA1813B2EB181F8C
:10DB100040F007810F208AE7FDF784FCA8E7E82A98
:10DB200000F02781F02A7FF412AF2B7E2B4493F86C
:10DB30005830012B00F0B0801B20FDF773FC2B7ECA
:10DB40000021022085F82430FFF793F96421002397
:10DB500008FB0111114A124884F831800DB0BDE86C
:10DB6000F04FFEF75BB994F84C3E13B12B7E85F86D
:10DB70002430062E18D8012059E700BFC0880020A5
:10DB8000E66100202481002091BF0108FC80002074
:10DB900078810020E89C0020E088002071CE0108F8
:10DBA00034810020EA8800203246394641F60F5081
:10DBB000EAF7FEFE0028DED194F830304FEA1A155D
:10DBC000B3EB1A1F02D0102B7FF446AF09F0070900
:10DBD00008EB0929B9F1C80F3FF63EAF00269E4B6E
:10DBE0004FF44871A3F110009C4AFEF717F984F82E
:10DBF0003050254485F85D6094F838501A22063D6F
:10DC00003146EDB2964884F83551A4F8529111F09E
:10DC1000FFFC616B238C04312A469248A4F836310C
:10DC200012F024FC304694F83511FDF72BFC002847
:10DC30007FF48DAE94F83521B4F852319A4207D171
:10DC40000320FDF7EFFB0DB0BDE8F04F06F0C8BDB7
:10DC5000002384F85C307AE694F84C2E12B12A7EC8
:10DC600085F82420072E059385D93246394641F69A
:10DC70000F50EAF79DFE00287FF47DAF04EB1A12E7
:10DC800092F85D20059B012A4FEA1A1106D19BF8F4
:10DC90000030012B7FF45BAE1520C8E694F83020ED
:10DCA000914202D0102A7FF4D7AE0AF0070A073E4D
:10DCB000F6B203EB0A2A84F835615644C82EE6DC36
:10DCC00009F0070908EB0929B9F1C80F3FF6C4AEFE
:10DCD000614B4FF44871A3F11000604AFEF79EF8C3
:10DCE000504694F83511FDF7CDFB00287FF42FAE98
:10DCF000616B5C4894F8352105315044A4F8529189
:10DD000012F0B4FB94F83531B4F8522153449342E5
:10DD10009EDB1220FDF786FB0DB0BDE8F04FFEF74D
:10DD2000B7B82A7E9A427FF4F5AE228CB5F87830E7
:10DD30009A4204D0B4F836310BB1102077E64FEA9E
:10DD40000828494808F4E068FEF714F94AEA080A86
:10DD50001120A5F802A0FDF765FB95F822301BB154
:10DD6000012385F86830F2E50DB0BDE8F04F04F00E
:10DD7000FBBB1620FDF756FB95F824304FEA18162A
:10DD8000B3EB181F3FF4C6AE2B7EB3427FF4C2AE96
:10DD9000228CB5F878309A4203D0B4F83631002B93
:10DDA000CBD13148FEF7E6F82B7EB3420AD10123EE
:10DDB00000212E4486F858306B69A5F878100BB115
:10DDC00008469847222032E628890DB0BDE8F04F7A
:10DDD00006F09CBE08339342BFF4B9AD1878797849
:10DDE0008842F7D12A46314638465B680DB0BDE817
:10DDF000F04F18471D4B1E4AEDE718787978884296
:10DE0000F0D008339342F8D3A1E51A4B1A4AF9E748
:10DE10001F2B7FF69CAD9F2E3FF699ADDFF85C80FF
:10DE2000E022002108F6145011F0F2FB08F6C45469
:10DE30003246394608F6185088F8C26D12F016FBC3
:10DE40000FCD0FC42B682360802388F8143D0DB0DC
:10DE5000BDE8F04F05F0B4BD1C890020B1BF01083A
:10DE6000F88900202D890020FC880020F06200083D
:10DE7000606300086063000890630008C0880020A9
:10DE800008B5FEF7B1FE184B93F82827D3F82407FE
:10DE9000013A83F8282790F8C1209F2342F001021D
:10DEA00080F8712490F8C42080F86F3480F87424CE
:10DEB0000022062380F8EC200122B0F8C21080F87E
:10DEC0007034A0F8721480F8973480F8E62000F1DE
:10DED000E20100F26F42FFF772FCBDE808404FF428
:10DEE0007A7005F0E7BD00BFC088002010B50A4C6D
:10DEF000D4F8240790F8973400F26F4200F1E20161
:10DF0000FFF75DFC30B194F82837013BDBB284F8B1
:10DF1000283710BDFF23FAE7C08800202DE9F04F15
:10DF2000A14CC3B00022D4F82467A04B96F88E13FE
:10DF30001D78A94202D0142D40F075835D88A84257
:10DF400003D0B5F5047F40F06E835A79142A03D0CC
:10DF5000914218BF86F88E231B79013B102B20D8E5
:10DF6000DFE813F019001F005C0350031C002200BF
:10DF70002B007000DC002C018C02A002F1023103A6
:10DF8000540311005A03D6F8F030987843B0BDE836
:10DF9000F04FFEF72FBE96F89003F7E7002386F8C0
:10DFA000E63043B0BDE8F08FFEF71EFE40F6B83015
:10DFB00043B0BDE8F04F05F07DBD0025FEF714FE2F
:10DFC000FF2006F019FBD4F82427794BD2F8E200A1
:10DFD000D2F8E610C4F86C5703C3D2F8EA00754AC9
:10DFE00043F80C09184652689047D4F824379F210B
:10DFF00093F88F2383F86F14B2FA82F25209520019
:10E0000083F8C02042F0040283F8712494F8092DAB
:10E01000052183F8722494F80A2D83F8701483F88C
:10E02000732494F80B2D83F8B85483F874240622D3
:10E0300083F89724032384F82837FDF777FA45F609
:10E04000C050B5E7FEF7D0FDD4F82407D0F8F03083
:10E05000DA78511E11425DD194F8091D0A4259D057
:10E0600080F8C2201A79511E114255D194F80A1D28
:10E070000A4251D080F8C320597969B9B0F8E2203A
:10E08000A2F5807292B2B2F56A6F0AD8012004F04C
:10E0900023FB40F20B2045E794F80B2D31EA0202F6
:10E0A000F4D180F8C4109A7891072FD590F88F2377
:10E0B000002AEBD15A7980F8C420012280F8C520CB
:10E0C0009B7880F8C1309F2380F86F34082300F2DA
:10E0D000724020F8023CFDF74BFBD4F8243793F84C
:10E0E0008F23012A07D193F8C42012F07E0F1CBFA2
:10E0F0000022A3F87224232283F89724032384F8B0
:10E100002837FDF713FA4FF47A7051E7012280F8AF
:10E110008F23CFE70220BAE70320B8E7FEF764FDBC
:10E1200045F6C05005F0C6FCD4F82457D5F8F030B9
:10E1300005F59360DA1C1146233351F8046B9942BC
:10E1400040F8046BF9D10223D5F8E200D5F8E610C7
:10E15000C4F86C37164B02F1200703C3D5F8EA0068
:10E1600043F80C0B1E4610685168083203C6BA42C9
:10E170003346F7D12023A4F8823795F8C4300E48EF
:10E1800084F8803713F006031FBF95F88F33B3FA76
:10E1900083F35B099B0084F88137064B5B6843B0CF
:10E1A000BDE8F04F184700BFC0880020DA400308E0
:10E1B00030900020E89C00202C90002096F88F33AF
:10E1C000012B04D196F8C43013F01E0F55D194F8EA
:10E1D000EC37002B51D1D4F8F00700234FF48042E4
:10E1E000029302A9A74BEAF75FFB054600283CD142
:10E1F000029DB5F800B02BF0FF03B3F5E24F02D05B
:10E20000B3F5E44F04D16B880733B3F5847F39D27B
:10E21000D5E9089A6F683F0A40F0C1804FF02008A6
:10E220003946424612A811F0F3F9424639461AA877
:10E2300011F0EEF94246394622A811F0E9F92822F8
:10E2400039462AA811F0E4F9B9F1000F0BD00BF40C
:10E25000E043B3F5804F6A8805D0D11DBAEBD10FEA
:10E260004FEAD1030CD26FF0860520218648EAF7E9
:10E270001BF80298EAF7FAFA98E04FF4E020ACE7CE
:10E28000202B02D96FF08905EFE747F241118B454A
:10E2900040F08580FF2A40F082807C4A28461A920E
:10E2A000794A2393CDE926284946524606F59366D6
:10E2B00012ABCDE91E68F5F789F905460028D4D1DF
:10E2C0004FF400532AA81C9314F07EFA034610B1B1
:10E2D0006FF09205C9E702461AA912A8F4F7FFFDEC
:10E2E000002859D105A91AA8F4F7B0FD002853D188
:10E2F000664A1299059B914218BF5B00202BB2D849
:10E3000000234FF0606204A912A8CDE92A232C93C0
:10E310003293F4F73DFE00283ED104992AA821F457
:10E32000F061049114F057FA03A922A8F4F730FE23
:10E33000002831D103992AA814F04DFA01230A9339
:10E340004FF0005309A92AA80B93F4F7E9FE0CA992
:10E3500012A8F4F7C4FEF8B90CA92AA8F4F7E0FE55
:10E3600006A91AA8F4F7BBFEB0B906A92AA8F4F7C3
:10E37000D7FE0FA922A8F4F7B2FE68B90FA92AA800
:10E3800014F032FA03252AA812F060FA012802D10B
:10E39000013DF8D167E728B148287FF464AF6FF0FA
:10E3A000850562E70298EAF761FA05462846FDF717
:10E3B000DBF808B1FDF796F9334B03F12002114663
:10E3C00053F8040B8B4242F8040BF9D1D4F82437EC
:10E3D0002F4903F5936203F5976352F8040B9A42B1
:10E3E00041F8040BF9D12B4822ADFDF7C1F92B46BA
:10E3F000D4F82477284A07F5936702F1100C2E46CB
:10E4000010685168083203C662453546F7D12AAD17
:10E41000A846224A02F1200C2E46106851680832A4
:10E4200003C662453546F7D1194A32AE02F1400CB7
:10E43000354610685168083203C562452E46F7D14B
:10E44000062219461A921AA8154A05F013FD3B46F2
:10E45000602241461A9805F0A7FC1A9805F04CFC7A
:10E4600000220123D4F824071146CDE9003200F53B
:10E47000936306F048F8182384F8283743B0BDE8C2
:10E48000F04FFDE4000002090D970020200000B0CD
:10E49000E98F0020099000200C3D03082D970020F3
:10E4A0000002C003FEF7A0FBD4F82437D3F8F02015
:10E4B0005178052917D1D07894F8091D884210D1D8
:10E4C000107994F80A1D88420BD1507994F80B1DED
:10E4D000884206D193F8C010907841F0050290422E
:10E4E0000ED00720D3E50C290AD1927802F003025E
:10E4F000022A05D0092004F0EFF840F20A2011E5C5
:10E5000093F8C41029B940F20F200BE5520083F8AC
:10E51000C52093F8C5201142F8D09F2183F86F14CD
:10E52000092183F87014002183F8712483F8EC101A
:10E530000322012183F8972483F8E61084F8282722
:10E54000FFF7D4FCDFE5FEF74FFBD4F82437D3F810
:10E55000F01093F8C5508A78954201D00A2096E5CC
:10E560002846033106F0D8F8D4F82477284697F8DF
:10E57000C53000255B0087F8C530FDF700F8D7F8F7
:10E58000F06001460336334601223846CDE9005596
:10E5900005F0B9FF10222946304611F039F89F22C4
:10E5A000D4F8243783F86F240B2283F870240222D6
:10E5B00083F89724012283F8E65083F8EC200323A4
:10E5C00084F82837BCE7FEF70FFBD4F82437D3F8DC
:10E5D000F02051780C2904D1927802F00302022A2B
:10E5E00088D19F2283F86F244FF486720021A3F80C
:10E5F0007024032283F8EC1083F8972483F8E61044
:10E6000084F8282743B0BDE8F04F6FE4042043B0FE
:10E61000BDE8F04FFDF714B80620F8E743B0BDE8B9
:10E62000F04FFCF783BF0332B42A03F106037FF4F3
:10E630007FACB6E47FB5254C254B04F64C061D682F
:10E6400040F2BC420021304610F0E2FF2DBA3046C5
:10E650000021C4F81859FCF7C1FF1E4B00251E60AD
:10E660001D4BCDF80A50C4F8003E1C4BADF80E50BF
:10E670001A8825238DF80A30FF23CDF806508DF82F
:10E680000E30ADF8042001AB03CBC4F82E09186896
:10E690000123C4F8360940F20120A2F58072B2F5D8
:10E6A0006A6F84F8DB3B98BF94F80B3DC4F824678D
:10E6B00098BF03F07E03C4F8321984F8DC5B98BF7E
:10E6C00084F80B3D04B0BDE8704027E4C08800200A
:10E6D0001C6B00203C6C0020C19A0108E661002000
:10E6E0002DE9F041394F05463C8854B9FDF74CFF00
:10E6F00028463988FBF7E4F9354BC3F8A041BDE85B
:10E70000F0812046FAF7BBFF28B121462846BDE834
:10E71000F041FBF7D5B92E4C94F8B566002D3DD1EC
:10E720004FFA86F816F0070616D1B8F1000F4ADA4C
:10E7300031460920E9F7CAF894F85832082BDED19F
:10E74000244B84F8086DC4F8903E012384F8783295
:10E75000BDE8F041FDF7B2BF29460920E9F7B6F858
:10E76000B8F1000F1B4E0BDB1B4BC4F8006E1B688F
:10E7700040F20E20C4F82437BDE8F041FFF7CEBBCD
:10E7800094F85832082BEFD1012384F8085DC4F8BF
:10E79000906E84F87832FDF791FFE5E7012D12D1F4
:10E7A000320684F8080D0AD594F85832092B06D1A0
:10E7B000084B84F87952C4F8903EFDF77FFF730749
:10E7C00001D0FFF737FF3988A0E700BFE6610020DE
:10E7D000C0880020C19A01083C6C0020012908B5BE
:10E7E0000CD9FFF727FF064B40F20E201A68054BA5
:10E7F000C3F82427BDE80840FFF790BB08BD00BF61
:10E800003C6C0020C0880020044B40F203201A68B2
:10E81000034BC3F82427FFF781BB00BF3C6C0020EB
:10E82000C08800202DE9F84F374C054694F89CB17C
:10E830008846BBF1000F60D1DFF8DCA0334F344EC7
:10E840008AF80000002846D00428DFF8D09012D1C2
:10E85000304BC4F8EC11C4F8A031FDF77DF89AF8FC
:10E860000030012B21D10023337089F800303B7038
:10E8700084F8EC3722E006235A460221584608F075
:10E880001DFB244BC4F8EC81C4F8A031FDF764F8FB
:10E890009AF80030012BE6D0022D11D0032D18D0AC
:10E8A0008AF800B086F800B00CE003F0DDFA01232E
:10E8B00089F800B03B7084F8EC373370BDE8F88F0E
:10E8C0000123337089F800B087F800B084F8ECB702
:10E8D000F4E70223F5E706220221387084F8EC07FA
:10E8E00007F0B5FD0B4B3570C4F8EC81C4F8A031CE
:10E8F000FBF780FBBDE8F84F86E70022BDE8F84F44
:10E9000011461046FAF7B6BFC08800203C800020B0
:10E91000B0810020E1E601083B800020AD810020AD
:10E9200010B5154B1B7833B3072924D9134A4388F4
:10E9300011885BBA9BB299421DD100240121104B72
:10E94000104883F89C11214614800460FCF7E2FA19
:10E950000D4B1C70FFF758FF0C4B1B6883F8B94434
:10E96000FCF776FCFDF710FE224621462046BDE866
:10E970001040FAF77FBF10BD3B800020E661002009
:10E98000C08800201C6B0020BC6B00203C6C002069
:10E9900038B5214B93F86846002C3BD11F4C2478A6
:10E9A000002C37D0062935D91589012281781C4CD5
:10E9B00083F89C21D0F803301A4821800360FCF7CB
:10E9C000A9FA2488E4B910222146174810F020FE45
:10E9D000164B1C70164B1C605C60FBF72CF8FCF7A8
:10E9E00055FAFCF771F92046FCF70DFFFFF70CFF15
:10E9F000104B1B6883F8B944FCF72AFCFDF7C4FDF3
:10EA0000002210461146FAF735FFE8B2BDE838405B
:10EA1000FAF7E6BE38BD00BFC08800203B8000206A
:10EA2000E66100201C6B0020BD6B0020CD6B002038
:10EA3000846D00203C6C00200A4B0B4A1B68C2F816
:10EA4000243703F29C4102F6F85203F5936312F85F
:10EA5000010D01F8010D9942F9D140F20220FFF7B2
:10EA60005DBA00BF3C6C0020C0880020F8B54E4A5B
:10EA70000346C2F824074A79D70700F1948090F83A
:10EA80008E53012D08D10A68C0F8E2204A68C0F808
:10EA9000E6208A68C0F8EA20B3F8E4004A88904289
:10EAA00040F08180897AD3F8F04083F8EC106078E8
:10EAB000021FD2B2092A76D8002D74D03B4DB3F88C
:10EAC000F46005EB820292F87273B74205D940F206
:10EAD0000A20BDE8F840FFF721BA92F87363022ECE
:10EAE00020D1A678F6074CBF92F8752392F87423CC
:10EAF000012A1BD0914226D1421F072AE9D801A141
:10EB000051F822F063EB010863EB0108D3EA010836
:10EB10006FEB0108D3EA0108D3EA01087DEB010895
:10EB200091EB010892F87473012F12D106290AD8CB
:10EB30000D4495F8962393F8C6109142DCD093F8D3
:10EB4000C5100A42D8D1072003F0C6FD40F20B20C1
:10EB5000BFE7B942D0D0012EF5D192F875238A4291
:10EB6000C9E7A3781B0203F480731843B1E7A078C8
:10EB7000000200F4807040F00800AAE740F207208D
:10EB800093F8C52093F8C4309A4218BF0B20A0E731
:10EB900093F8C52093F8C43052421A4240F205203F
:10EBA00018BF0C2095E7F8BDC0880020D03E0308B0
:10EBB0002DE9F04FD0F800B005469BF800600479CD
:10EBC000982E8768E7B000F0AF839F2E40F0528503
:10EBD0000023CDE910339F4B0DF13C081B88A8F8AA
:10EBE00000303B89A8F802303B7813F00C0F14BFBB
:10EBF0000122002288F8073088F8052003F002027D
:10EC00003B7B42F0050288F8062088F808309BF824
:10EC100000309F2B40F085839BF80130062B23D1D9
:10EC20009BF8053013F0060F1ED18B4D95F8EC17AD
:10EC3000D1B98A4B142241A84093209110F0E8FCEE
:10EC400044F2010140A8FCF789FC854B05F5FE6103
:10EC5000439303F075FE08B18B3005D18149D5F897
:10EC6000F00720AA03F074FF7F4BCDF84CB01E686C
:10EC70009BF80130ADF85040022BCDF84880079347
:10EC800029D0032B2DD0012B40F0318398F805308B
:10EC9000DA070DD4022C0BD9414630469BF80220EE
:10ECA000FBF74AF820B141463046079AFBF720F9B6
:10ECB0009BF80130013B022B00F22E83664CE022D0
:10ECC000002104F6145010F0A3FC842384F8143DB2
:10ECD00004F076FE25E30421304612AAFEF78CF9F3
:10ECE000E6E70025CDE91C55CDE91E55CDE92055B7
:10ECF000CDE922559BF803300B2C0A93D8D998F80C
:10ED00000530DB0715D50A9BDF0722D412AA06219E
:10ED10003046FEF771F9504ABDF83E30C2F824671C
:10ED2000B6F8E4209A42C3D14FF40170FFF7F6F829
:10ED3000BEE7414630469BF80220FAF7FDFF002867
:10ED4000B6D041463046FAF7ABFF0A9B0546D807D6
:10ED50006FD54FF0000804270BF1040999F800A0C3
:10ED60005744BFB2FB1D9BB29C42A1DDBAF1000F1C
:10ED70009ED099F8012002F03F03032B39D0042BD9
:10ED800049D0012B51D175B395F82930032B2AD1E5
:10ED9000BAF1120F27D109F102030DF1800C09F12C
:10EDA000120E624618685968083303C273459446C8
:10EDB000F7D12B460DF1700C05F1100E6246186864
:10EDC0005968083303C273459446F7D1052385F883
:10EDD000293095F82830284606EB831320331CAAE7
:10EDE00020A905F00EFA99F90130002B3EDAD14442
:10EDF000B4E7BAF1030F7FF45BAF9DF841303046C2
:10EE0000DB4399F80220BDF83E1003F00103FAF746
:10EE1000EBFE8046E7E7BAF1020F7FF449AF3046D8
:10EE2000BDF83E10FAF708FCDDE751063FF540AFAC
:10EE3000D9E798F8058018F0010840F0F881002D16
:10EE400000F0FB8095F82930053B012B00F2ED80A6
:10EE500004271DE0E6610020C08800204171FF000A
:10EE600000000209B49000203C6C00209DF8413065
:10EE7000DA0740F18C80B8F1000F00F0D88198F8E3
:10EE80001420012A40F0CA8198F80230ADF83C30D5
:10EE9000E31B9BB20DF58079089330465B46CDE9C4
:10EEA0000149BDF83C20BDF83E10009703F02CFC52
:10EEB0000B90BDF82C300BEB070A0993002D00F0E6
:10EEC000BF8096F88C334BB995F82930052B05D1C6
:10EED0005146089A06F2913011F0C8FA4FF0030932
:10EEE00096F8C83095F828201341D80729D518A9D5
:10EEF000284605F054F904230E9396F8B83495F893
:10EF00002810002B50D1B64A06EB81110EA804F050
:10EF1000B1FF089B0DAC0833CDE902A3089B0E9806
:10EF2000CDE900A30494BDF82C3040AA18A903F041
:10EF30003BFA953096F8B83442D113B90E9804F0E4
:10EF4000DBFE96F88C335BBB95F82930062B27D077
:10EF500095F82830089A0133DBB2032B28BF002331
:10EF600006F2913185F82830504611F07FFA95F875
:10EF70002830284606EB831320331CAA20A909F168
:10EF8000FF3905F03EF919F0FF09A9D108E0002D7D
:10EF900000F0378195F82930053B012B7FF678AFDB
:10EFA000B8F1000F33D140E0042997BF8D4BFF200B
:10EFB0005B1893F804020121FCF768FB0E90A8E7A8
:10EFC000278813B90E9804F097FE002FB9D00623B6
:10EFD00095F8282085F829308DF846200FABB8F138
:10EFE000000F1FD09DF8412042F002028DF8412011
:10EFF00098F81420022A11D1159307213046C6F83B
:10F00000FC8015AAFDF7F8FF099B002B66D10223AF
:10F0100088F81430022385F829304FE04046FAF78B
:10F02000F7FAF1E7099B002B58D1022385F8293024
:10F030009DF84130DC073FF569AE01230793E7E017
:10F0400003230E9398F81310674A06EB81111031D1
:10F050000EA804F00FFF18AA08F103010E9804F09F
:10F0600056FE0E9804F048FE4046FAF7D1FA042303
:10F0700015950E9398F81310594A06EB81110EA8B6
:10F0800004F0F8FE089B15AC0833CDE902A3089BF9
:10F090004A46CDE900A30E98BDF82C30049418A977
:10F0A00003F082F995300CD10E9804F025FE98F803
:10F0B00013308DF84630022388F814309DF8413023
:10F0C000B2E00E98278804F017FE98F813308DF8F8
:10F0D0004630002FEFD0099B002BECD00A9B13F099
:10F0E000020446D0D046002498F800904C44A4B2C4
:10F0F000BC423FF6DDADB9F1000F3FF4D9AD98F851
:10F10000013003F03F02022A2FD19DF84130D90788
:10F110003FF5CEADB9F1130F7FF4CAAD012398F8D6
:10F120000220BDF83E103046FAF75EFD08F10303F9
:10F13000C21C08F1130153F804CB8B4242F804CBF4
:10F14000F9D14FF00103037595F82830C3749DF889
:10F150004130DA0703D443F002038DF8413098F9C7
:10F160000130002B42DAC844BEE75B063FF5A0AD94
:10F17000F5E70521304612AAFDF73EFF1AF80420F4
:10F180000AEB04059F2A7FD16B780E2B7CD09DF86B
:10F190004110C8073FF58CAD112B4FD0132B61D018
:10F1A0000D2B68D10E239DF8460086F86F240130A0
:10F1B00086F87034C0B2FCF705FD04784168262C4F
:10F1C0003FF676AD224606F2714011F04FF9A31CCE
:10F1D000DBB206F26F4230460FA9FEF7F0FA67E5A0
:10F1E00000015005D03E0308004440043F1BBFB25D
:10F1F0000521304612AAFDF7FFFE002F3FF458AD5F
:10F20000BCE7B8F1000F3FF418AF022388F81430C0
:10F210003046079A0FA9FAF76BFE77E5022288F8C5
:10F220001420002D7FF4F6AEDD07F1D56EE5002D3C
:10F230003FF46CAD022385F8293067E5022F7FF497
:10F2400037AD96F8B93440AA002B079B08BF0123BD
:10F25000079341F29F23ADF80031079B8DF80231EF
:10F260000323B8E7032F7FF423ADAB7886F8B934D6
:10F27000FBF7EEFF1CE5C6F8F050A6F8F4700FA9F6
:10F280003046FFF7F3FB13E540AC14220021204683
:10F2900010F0BEF99DF84330012F8DF80031BDF814
:10F2A0003E30ADF80831BDF83C30ADF80A319DF87C
:10F2B00044308DF80C319DF8463003F101038DF890
:10F2C0000D313FF4F5AC9DF841302095990744BFCE
:10F2D00001225A4B8DF8847048BF1A70584B229403
:10F2E0001B68002B3FF4E4AC20A89847E0E496F8B4
:10F2F0008C331BB1079B072B7FF4DAAC98F80530F1
:10F30000DA073FF5D5ACFF234146C6F8F0B0A6F8C2
:10F31000F44088F80A30B3E7FCF756F800287FF489
:10F32000CDAC67B0BDE8F08F464B1A78002AF8D113
:10F330009BF801303E78402B06F002063D7A46F0FD
:10F3400021066BD00AD8042B42D0062B23D0022BE7
:10F3500056D067B0BDE8F04FFDF7B0B903F0BF017C
:10F36000812977D0802BF4D1092CF2D9364C374B38
:10F370002188A942EDD1197860888842E9D10BF142
:10F380000203284605F0EAFA637C012B4DD80220DF
:10F39000FCF7F0FEDDE77B7B042BDAD12C4F97F8EE
:10F3A0005832022BD5D1112CD3D980200BF1020178
:10F3B00005F0B2F9FCF7C6FF10B10123C7F87432AB
:10F3C0000123C7F86462C7F89C5287F89832C0E7F7
:10F3D0000792FFF719FAFAF72DFA1D4B079A022C3C
:10F3E00083F89C2109D90122C3F86462C3F8702212
:10F3F000C3F88C5283F88A22ABE7FAF7FBFDA8E743
:10F400007B7B042BA5D1124BC3F884220122C3F8C5
:10F410006462C3F86C5283F880229AE70B4B324641
:10F4200028461978FAF7CDFC93E7032B04D0022B7A
:10F430008FD1237C002B8CD00420A9E7F181002000
:10F4400080830020BC6B00201C670020E661002048
:10F45000C0880020A4F11408944B5FFA88F8B8F132
:10F46000800FCDE91822CDE91A22CDE91C22CDE981
:10F470001E22B3F8009000F2A0800BEB040313F8F7
:10F4800009CCDBF80200DBF806105FFA89F918AB4B
:10F4900003C30092294662464846FAF717F9002846
:10F4A00000F08B8048462946FCF798FD804A1046BC
:10F4B000FBF7BDFE30B953784B4503D11378AB420F
:10F4C00000F08B807B48FBF7B2FE40B992F88D309C
:10F4D0004B4504D192F88C30AB4200F081807448E7
:10F4E000FBF7A5FE002874D17248FBF7A0FE0028A8
:10F4F00063D00121DFF8BCA18C2041435018555442
:10F500006D4A80F80190126802F51C521032C0F862
:10F51000882000228AF802209AF8022022B19AF864
:10F5200084202244942A48DC9BF801208DF8029123
:10F53000A4F113090BF10A035FFA89F919468DF852
:10F54000002141A84A4607938DF801518DF8039197
:10F5500010F08CFF594818A9FAF710F8A4F10F0120
:10F560001CAAC9B240A8FAF719FBA4F108010822A5
:10F5700059441CA810F087FF0890F0B9504818A90A
:10F58000F9F7FCFF49460798FAF7E8FA9BF80A20D2
:10F5900012F010095CD0930625D402F00F028AF80D
:10F5A000032001228AF884808AF802200BF10B01E3
:10F5B00042460AF1040010F059FF9BF80130C12BBC
:10F5C0007FF4AFAE394B324628461978FAF7F9FB8B
:10F5D000A7E60021DFF8D8A08EE7DFF8D4A09BE7EC
:10F5E000DFF8D0A098E79AF802100129E5D19AF83F
:10F5F000031002F00F029142DFD102229AF88490A8
:10F600008AF802200AF104014A4620A810F02EFFD1
:10F6100020AB03EB0900A4F114020BF10B0110F075
:10F6200025FF0322089BC144CAF888308AF80220CB
:10F630005FFA89F8B8F1000FBFD0042340A87B73AC
:10F6400020AB40938DF804814297FFF7B1FAB4E7FD
:10F65000A4F114020BF10B0120A810F007FF032204
:10F6600002218AF8022048460122CAF8889006F052
:10F67000EEFEDFE76C2E9BF8011001D101290ED0C0
:10F680003046FBF729F800287FF44BAE0D4B1B7872
:10F6900013B11F2E3FF645AE9E2C3FF642AE2846D4
:10F6A00067B0BDE8F04FFEF701B900BFE66100208A
:10F6B0000466002090660020345D0020C38F002087
:10F6C000D38F0020BC6B002090F88E23094B0A2AB0
:10F6D000C3F824070BD193F8283740F20920013BE7
:10F6E000DBB2FE2B38BF4FF40270FEF717BC40F2BE
:10F6F0000920FAE7C08800200F4B93F82827C3F8A9
:10F700002407FF2A06D103224FF4027083F828272A
:10F71000FEF704BC52B190F88E330A2B06D00029B4
:10F720000CBF4FF402704FF40370F1E7C1F50370A2
:10F73000013080B2ECE700BFC088002070B50D46F4
:10F74000D9B14B1F59425941FFF7D6FF0022104C47
:10F750000221104606F07BFEE66886B130460022A4
:10F76000216904F1140383E80300C4E90322294654
:10F77000BDE870401846FAF7B5BC0121E4E7294618
:10F7800004F1D802201DFAF7ADFCC4E9016670BD92
:10F7900080830020F7B504460F46EBF781F8394621
:10F7A000057846782046EBF7E1FA194A0346918836
:10F7B00010689279022C0090ADF804108DF80620A4
:10F7C00014D140F6FF7293421FD1012D01D0042DB8
:10F7D0001BD16A46002312F8011BB14215D0013338
:10F7E000DBB2052BF7D1002003B0F0BDFF2B0CD10D
:10F7F000012D0AD16B46002213F8011BB14204D03F
:10F800000132D2B2072AF7D1EDE70120ECE700BFC1
:10F810001D3D03082DE9F0411C46064601F00F0589
:10F8200000BB090983F84710052D00F08E802046A3
:10F83000EBF7F2FB6368013D13F002011EBF94F881
:10F84000462042F0020284F84620072D00F20A8189
:10F85000DFE815F02B001D02B50008018400080147
:10F8600008012201022802D183F84720DCE71B7A35
:10F8700094F84600DB0963F38200012D84F846000A
:10F8800058D1636813F0800340F08180052953D07C
:10F89000A4F85A3084F8472084F84B102046EBF740
:10F8A000BBFB63689A0700F18380012284F84B2038
:10F8B0001A40002A0CBF01200320617808BF0022F3
:10F8C00060F303016170704918BF01220878C0F32A
:10F8D000001100F0200040EA811128B194F848009E
:10F8E00040F0010084F84800012E00F0BD80022E97
:10F8F00000F08980002E40F0AF80217A03F0800074
:10F900004D0705D594F8461041F0010184F84610E2
:10F91000002A40F0888028B194F8463043F0100364
:10F9200084F846300022092384F8543094F8843057
:10F930000933A6E0052933D1636813F040037FF44F
:10F9400079AFA4F85A3084F8472063689F0705D53B
:10F9500094F8462042F0020284F8462005225B0615
:10F9600084F84B2002D42046EBF756FB0122637843
:10F9700062F303036370002E00F0CA81964271D1D6
:10F980000A2384F8543094F884300A3336E0002394
:10F99000A4F85A30102384F8472084F84B307DE7D0
:10F9A000002384F84720A4F85A3084F84B103BE732
:10F9B00094F8462042F0020284F8462075E7334B63
:10F9C000721E1B68012AC4F83E30314B1B88A4F814
:10F9D00042304FF0030384F84B302E4B1B7805D890
:10F9E000012E84F847300CD00D2305E023F00F03DF
:10F9F00084F84730B6BB092384F8543084F85C306F
:10FA000030E00A23F8E772B9180605D594F84630B5
:10FA100043F0100384F846300C2384F8543094F8F3
:10FA200084300C332DE0227A94F84610D20903F08A
:10FA3000800362F38201002B0CBF0122002284F8B4
:10FA4000461004D0CBB243F0100384F84630002EA9
:10FA50003FF469AF022EDFD094F8463062F3C3035F
:10FA600084F84630BDE8F08194F85B3023F07003F1
:10FA70000B4384F85B300A2384F8543094F88430C4
:10FA80000A3384F85C30E7E7386300201C6B002001
:10FA9000E6610020D46200200023012E0CBF04F197
:10FAA0005F0004F15E0003706368590624D594F882
:10FAB000863004F185074F2B4FEA131581BF0425CB
:10FAC00003F00F0343F0400384F886303946AA1C44
:10FAD00010F0CCFC94F88420EB1C9A42D1BF002299
:10FAE000033A521BD2B2A5F17901384684F884203A
:10FAF00054FA81F110F0D7FC94F84630658943F050
:10FB0000100384F84630636804F1550713F0010FC1
:10FB10000CBF012203226378012E62F3030363709A
:10FB200005F0600366D0227A520742BF94F85E2047
:10FB300042F0100284F85E20002B00F09580784B94
:10FB4000B4F842201B889A4240F08E8039463046F5
:10FB5000EAF7F9FD002800F0878094F8088018F093
:10FB600010087FD1012E6DD039463046EAF702FFEA
:10FB7000424639463046EAF723FF012239463046ED
:10FB8000EAF732FF6389424603F0600339463046A4
:10FB9000EAF741FF638923F0600363813946304609
:10FBA000EAF7BCFD394605463046EBF70FF9002869
:10FBB00066D0631993F86030033505EB131505F033
:10FBC000FF0501232F2D28BF2F259E4284F84B309F
:10FBD00084F8545034D0022E57D0002E7FF442AF18
:10FBE000093594F88430EDB284F854501D4484F8FB
:10FBF0005C5037E7002B3CD0494BB4F842201B88BF
:10FC00009A4205D139463046EAF79DFD0028A4D135
:10FC100039460120EAF782FD05463846EBF7CAF877
:10FC200088B3631993F86230043503F0070353FA7D
:10FC300085F5EDB208232F2D28BF2F2584F84B30F2
:10FC40000A35CEE794F86030C5F3411504EB131381
:10FC500093F86120154383F86150638923F06003B2
:10FC60006381D5E7012ED3D039463046EAF795FEB9
:10FC700094E794F8602004EB121282F86130C7E731
:10FC80000235EDB29DE70335D3E70C35A9E7022332
:10FC900084F84B3029B194F8463043F0020384F8DD
:10FCA00046300122637862F303036370CEB196425B
:10FCB0007FF4D8AE272384F854301D2384F85E30B7
:10FCC000184B04F15F0203F11C0153F8040B8B4243
:10FCD00042F8040BF9D11B78137094F88430273361
:10FCE0008CE6262384F854301D2384F85D300D4BB8
:10FCF00004F15E0203F11C0153F8040B8B4242F83D
:10FD0000040BF9D11B78137094F88430263375E610
:10FD1000092384F8543094F8843009336EE600BF28
:10FD2000E6610020638300202DE9F0436E4E85B02C
:10FD30003468002C5CD00128628922D002280ABFD6
:10FD4000012300236949A37708BF81F8943E9005F9
:10FD5000A37F3AD5002B4ED00021654A012B1170AC
:10FD60000DD0022B36D1614AD2F8981E012906D84F
:10FD70001820604A00FB0122916801319160022540
:10FD800029E05A4B616B83F8940E0223A37794F811
:10FD90002030013384F82030574B1B685B1A0293E4
:10FDA00094F83830002BD2D0029BB3F5966FCED2A8
:10FDB00012F0600F03D104F13C00E9F78BFC012144
:10FDC000306805B0BDE8F043A2E0012BD7D0022B8C
:10FDD000C9D083B101252278D10619D57F23B5FA80
:10FDE00085F01A46002101940093400900F064FB5D
:10FDF00005B0BDE8F0833D4AD2F8982E012A05D817
:10FE000018214A433B488158013181500025E2E7DF
:10FE10006268D2075AD594F84B20052A56D033B1E0
:10FE20000121364805B0BDE8F043EAF7FBBF336077
:10FE3000334B94F82C001C6002F01CFD012807468F
:10FE400094F884503DD12B3504F15508414638468D
:10FE5000EAF749FB0646D0B101222A4B1A7002F09C
:10FE60006FFA41460028384614BF4FF496760026B4
:10FE7000EAF769FC58B141463846EAF759FC414671
:10FE800081463846EAF74AFC814508BF3D2563783C
:10FE900003F00F03012B0ED90023042103A80393C1
:10FEA00003F0EAFE039B05EB4502B3FBF2F102FB14
:10FEB00011332E44F5182846EAF799FF01461248F7
:10FEC000B0E708B92A35BFE72E35BDE7204607F071
:10FED00027F804F1140029460C4AFAF703F92046E2
:10FEE00005B0BDE8F043B6E2CC6A0020C08800202F
:10FEF000246B0020D0650020345D0020B507020887
:10FF0000D46B0020B2810020A50702085C97002076
:10FF10002DE9F843AA4B0E461860037A0546D90628
:10FF200042BF438923F06003438190F82C0002F024
:10FF3000A1FC0128074624D0022800F09C8095F8F7
:10FF40004B2095F84F30002840F01D816C89A87334
:10FF5000600604F0600100F10881A00600F1F8805D
:10FF600004F00704032C00F0E580022C40F0C08070
:10FF7000002940F03B81032A00F0F08085F84E60B4
:10FF8000EFE0904B1C782B7803F00E03022B03D18B
:10FF900095F82030002B44D0DFF83C8298F8B84E1A
:10FFA000E9F71EFCF8B195F84C2095F85C30D207C3
:10FFB000854A58BF0233526858BFDBB21078012817
:10FFC00011D1824911F804C0BCF1000F06D0BCF178
:10FFD000010F3BD0012388F8943E04E008551289B4
:10FFE0007B4B23F814202B7803F00E03022B03D154
:10FFF00095F85E30FF2B0FD098F8943E63B14FF028
:020000040802F0
:10000000030901F0F4FDB0FBF9F303EB4303C01A5D
:10001000C0B28442F5D00446002388F8B84E88F870
:10002000943E6B89032C28BF002413F0600F18D076
:100030000F3413F4806FB5F84420E4B204D10E21DC
:1000400043F48063A9736B812A820CE00C2219337C
:10005000B3FBF2F35E4A043332F814209342C2DB5E
:10006000B8E70C34E4B213F4007300F0C280012648
:1000700085F84E60C5E06B89564A13F0600F9178A1
:1000800012791DD002290ED0032A15D16A6812F404
:10009000005F0CBF0824092413F4806FB5F84420D6
:1000A000D2D10921CCE7032A08D16A6812F4005F93
:1000B0000CBF09240824EFE70824EDE70924EBE747
:1000C000022908D0032A0FD16A6812F4005F14BF16
:1000D00007240624C7E7032A08D16A6812F4005FE0
:1000E00014BF06240724BEE70624BCE70724BAE7AA
:1000F000002960D1032A0ABF3E4685F84E6085F884
:100100004E7001247E2B18BF1F4695F84B3003F02C
:100110000F03052B40F0D48095F85E30980740F12E
:10012000DA806B68990675D4B5F84430FF2B08BFA8
:100130007F276FE000293AD1032A06BF3E4685F8A3
:100140004E7085F84E6005247E2B18BF1F46DCE7F5
:10015000002943D1032A144640F0A6803E4685F884
:100160004E707E2B18BF1F46CFE700293AD1032AD5
:1001700006BF3E4685F84E7085F84E6004247E2BFF
:1001800018BF1F46C1E76C8914F0600400F0858039
:100190000024B5F84410032A08BF0026298285F8F8
:1001A0004E60002C40F087805FBB0224D9E7052415
:1001B000B5F84410EFE70124B5F84410EBE700BFB1
:1001C000CC6A002090810020A49C0020CE720020E8
:1001D000D272002044630020C08800200324B5F8B8
:1001E0004410D8E70424B5F84410D4E7B5F8441017
:1001F000D1E795F84B20032A7FF43AAF1E4685F8E5
:100200004E3095F84F307E2B08BF0023022F1F463B
:100210007FF47BAF204685F84F70E9F769FA85F8DF
:100220002300002C00F0D080002385F83C30A4F19E
:100230000C03022B05F13C074FD885F83C400A24FB
:1002400095F84C30DB0740F19280614BD3F8982E43
:10025000012A06D818215F4B01FB02335A6801328C
:100260005A60E9F7BDFA95F84730002876D1A21F09
:10027000012A76D995F85A2095F8461022F01002F6
:1002800001F00100C1F3800142EA001243EAC11308
:1002900085F85A2085F85B3042E0032A7FF4E8AE07
:1002A000264685F84E40ACE77E2B18BF1F46032438
:1002B00085F84E6029E77E2B14BF1F46002724E7F0
:1002C0006A689206A6D4B5F84420FF2AA2D1032B6F
:1002D00018BF7F279EE77F279CE7A4F10F03022B1F
:1002E00013D8384685F83C40E9F74CFA00286BD122
:1002F000072344F62062022106F0C6FA0122364B9B
:1003000085F838601A70BDE8F883A31F012B02D866
:1003100085F83C4094E7E31E012B07D885F83C4064
:100320002E4B384653F824309847DFE795F84C3089
:10033000A4F10802012A03F0010381D8DFF89080BC
:100340002BB198F8B93E13B93846FBF761FB95F825
:100350004C30C3F3000388F8B93EDFE785F85D3021
:10036000DEE7384685F85E30FBF752FBD8E795F8B4
:100370004B30013B072B27D8DFE803F021180F266D
:10038000042626212046E8F772FE154B03EB800376
:10039000D3F8A03338469847C2E72046E8F767FE0F
:1003A0000F4B03EB8003D3F8B033F3E72046E8F7B5
:1003B0005EFE0B4B03EB8003D3F8C033EAE739460C
:1003C0002046E9F771F991E70220BDE8F843ABE474
:1003D000C0880020D0650020F38100206C3B03081A
:1003E000D03E030870B51648E8F723FB014630BB42
:1003F000144C256835B16B895B0520D52846BDE8CE
:10040000704085E5104E2146D6F8640312F098FB43
:10041000012802D129462068F1E70C4B25601D68B0
:100420006DB92146D6F8040312F08AFB0128014673
:1004300004D1074B20681B684363E0E7256070BD6B
:10044000786B0020CC6A0020C0880020D46B00208C
:10045000345D0020C6E7154B13B51A6800218242AF
:1004600004BF00221A60124B1A68824204BF0022A5
:100470001A6090220FF0CCF8F9F7FCFE40B1072289
:100480000221002005F0E3FF0A4CF9F7F3FE18B94A
:1004900002B0BDE81040A5E7206801A912F050FBAA
:1004A0000128F5D1019B9847EFE700BFCC6A0020F7
:1004B000D46B0020A86900202DE9F7430B9C074668
:1004C00020460E469846914606F02AFD94F83C30A8
:1004D000224D063B012B8FBF7F2194F84F3094F9BA
:1004E000491085F8B13E9DF9283094F82C0088BF5A
:1004F00085F8B11E85F8B21E85F8B39E85F8B48ED6
:1005000085F8B53E02F0B6F9EFB1E6B13368C5F84B
:10051000A13E00253279124B1A716B46D4E90501D0
:10052000104A83E8030018462946F9F7DBFD0E4818
:1005300004F07AFB2046FFF78EFF00220B4B1A7067
:1005400003B0BDE8F083022801D1E57FE5E7A37F92
:10055000002B14BF02250125DFE700BFC088002063
:10056000619700205C9700208C6D0020B2810020F4
:1005700037B5054611F06CF9EC6911F0DFF901941B
:10058000164C0123002201A9D4F8040311F0ECFA5F
:10059000019A052192F824302846013382F824304C
:1005A000002211F07FFFD4F8BC3EAB4211D0D4F84A
:1005B000C03E9D420FD0D4F8C43E9D4205D10223D7
:1005C00004EB83040023C4F8BC3EFFF70BFF03B029
:1005D00030BD0023F4E70123F2E700BFC08800200C
:1005E0002DE9F7430546324B01901868314A8542A0
:1005F000116818D10020186001238D4204BF00212A
:1006000011602A782C4F02F00E02022A0FD100232B
:10061000D7F864031A4601A911F0A6FAFFF7E2FE23
:1006200003B0BDE8F083681A43424341E5E76A68D6
:1006300012F480422CD0D7F8BC6E3EB1D7F8C03E41
:1006400023B3D7F8C43E002BE8D102262C20D5F8DE
:10065000309012F02DFA044668B14FF0000880F88F
:10066000288011F0BBFC154BC4E906952360144BA0
:10067000C4F814802362134B07EB86060121204641
:100680001A68C6F8BC4E11F00DFFC7E70126DDE77A
:10069000D7F8040353B1012301A911F065FA019AB7
:1006A00092F82430013382F82430B7E71A46F3E792
:1006B000CC6A0020D46B0020C0880020253D0308B0
:1006C00071050208345D0020012370B50446324EE6
:1006D00090F82C0086F8943E02F0CCF8637805463A
:1006E00003F10F0202F00F0262F3030363701B07B2
:1006F00044D0032A42D894F8463004F13C006FF30A
:10070000000384F84630E8F7E5FF637803F00F0351
:10071000012B03D92046BDE8704061E715BB638912
:1007200003F00702032AF5D11C4AB4F842101288DC
:100730009142EFD194F95A20002AEBDB94F85C2027
:10074000402AE7D896F86826002AE3D123F0070369
:1007500043F00203638194F8463043F0010384F8C8
:100760004630D7E7022DD5D1A37F002B08BF012546
:100770006368E57743F440536360CBE7002294F865
:100780004C3020466FF3000384F84C30044B1A7051
:10079000BDE87040ECF748BFC0880020E66100204B
:1007A000B2810020024B186800B18DE7704700BF8E
:1007B000D46B0020024B186800B185E7704700BF7A
:1007C000CC6A00202DE9F04FDFF884B185B0CDE987
:1007D00001329BF8003006460D46002B40F0AD80FC
:1007E000E9F781FE019B8246012B02D1002800F02F
:1007F000A48029463046EAF797FA514B1B8883427A
:1008000003D129463046EAF7B1FAC1B20846F8F7F3
:1008100087FEFF280446DFF83C910DD14948027855
:10082000012A28D899F800400132003C18BF012461
:100830000270454A82F8C84E002022B209EBC20776
:1008400049F832004FEAC208786009F83410E7002E
:10085000BAF1000F6AD05EBB6A7A120717D4294634
:100860003046E9F75BFF824609EB070282F801A0F8
:1008700005F10B0128E0354A127832B9324A92F874
:10088000C84EB4FA84F46409D4E70124D4E7A97A01
:1008900009EB070205EB1111097B304601F0180145
:1008A000917129460392E9F739FF039A8246DDE701
:1008B00029463046E9F732FF09EB0702012E82464E
:1008C0005070D5D105F10C0108F10208C844524618
:1008D00040460FF0CBFD29463046E9F734FF18B10A
:1008E00051464046F8F70EFE0198F9F7C9FB09EBAF
:1008F00007014A7842EA00124A7086B995F9052044
:10090000002A02DA6A7AD30615D4029B1A7A02F018
:10091000010209EB0703D97962F30001D9710123C0
:100920008BF80030204605B0BDE8F08FFE2109EBC2
:1009300007029170D8E70122EBE7FF24F2E700BF3E
:10094000E6610020CD6B0020C0880020F2810020ED
:1009500091810020BD6B0020074B1B68587A50B175
:10096000064A1168DA68521A002A4FF0000201DCC8
:100970005A72704710467047F8360020345D0020E8
:10098000021E08BFEF2270B5114B1C68114B19797C
:100990009868914217D01E7C1D7B9642596914D0ED
:1009A0001E7E66B1012D0CD1001B091B8842B4BF0D
:1009B000002001200C2101FB00331A7170BD0120C1
:1009C000F8E70020F6E70020F8E70120F6E700BF8F
:1009D000345D0020F836002003460846C1B10A33D2
:1009E00051F823309BB1986838B1197891420CD9ED
:1009F00050F82200003818BF012001215B6801FA7D
:100A000002F21A4218BF084670470020F5E7184660
:100A1000704728B191423EBF002309B240F821300F
:100A200070470A3150F8213033B1187890428CBFAA
:100A30000020012080007047012070470338C3B2B6
:100A4000012B08D81C22044B1860044B02FB003316
:100A50005A6801325A60704758970020B4810020CC
:100A6000054B1B68012B05D81C2253430349CA5868
:100A70000132CA50704700BF58970020B48100204F
:100A8000094B5B681B78022B03D1032828BF032086
:100A90007047032B07D1032804D0042814BFFF207C
:100AA0000120704700207047A49C002002291CD020
:100AB00003D8012908D000230DE003390129FAD811
:100AC000D31CDB00642203E0D31C5022534360227A
:100AD000B3FBF2F39BB2064A0133D26902EB800208
:100AE000916911FA83F393617047931C0522EFE734
:100AF00044630020028810B502F4E043B3F5005FC0
:100B00002CD1C2F30223042B28D181F0AA6383F4F1
:100B1000807333F47E1328D081F0AA6383F40073CA
:100B200033F47E1321D00023134C21F47E11A14213
:100B300018D1B2F5105F15D1428822F0400180290A
:100B400002D0B2F5807F13D11A1F0C2A10D813F0EF
:100B5000010F0CBF00206FF0860010BD42F20403AD
:100B60009A42E0D16FF08500F7E7C1F30543DBE778
:100B70006FF08600F1E700BF00014005074A92F8D8
:100B8000543053B10023064982F854300B68013BBE
:100B90000B6013B9D36D5B6818477047F8360020B7
:100BA000A00B0020094B93F88B20910708D593F9EF
:100BB0008A20002AB4BF0222012283F88D207047C8
:100BC00012F0080F14BF04220322F6E7F8360020C3
:100BD00020F0FF03B3F5E24F0ED1C0B241280BD194
:100BE000FF2A09D10B7823F007030B70CB7F03F0AA
:100BF0007F0343F04003CB777047194B1A68194BBA
:100C0000197B187E41B19968891A00290FDC4FF4CD
:100C10007F4199800021197300B359698A1A002A0B
:100C200010DC4FF47F421A8200221A76704770B1AE
:100C30005869821A002A07DC4FF47F421A82002288
:100C40001A7604E06FF000419142A8BF11466FF0A0
:100C50000043994202D00448E7F735BF704700BF10
:100C6000345D0020F8360020FC7E0020C5E70148F6
:100C7000FAF7B8BD7C7F002010B40A4A92F8B3306E
:100C8000012B0BD802EB4304013384F8B40082F843
:100C9000B33084F8B5105DF8044BE8E75DF8044B19
:100CA000704700BFF83600200B4670B4094C02F1C3
:100CB0001806254610685168083203C5B2422C4612
:100CC000F7D11068002B2860194670BC0CBF0420B7
:100CD0000620D1E7B0370020002110B504460120DE
:100CE000FFF7CAFF144A154B92F8DD101B6892F803
:100CF000950131B920B1D2F89821D31A002B14DC18
:100D000010BDD2F8E010C91A0029F3DD20B1D2F8E5
:100D10009821D31A002B0ADC6FF000439942EFD0E0
:100D20002046BDE81040E7F7CEBE6FF00041994283
:100D3000A8BF1946F0E700BFF8360020345D002058
:100D400070B5194C194DB4F84432012B19D8B4F8C8
:100D50004432012B14D1154D94F8476228680FF0E6
:100D600020FB86420CDA94F84722002310492868B9
:100D700001320FF00AFBB4F84432013BA4F84432CC
:100D800070BD28680FF00DFB94F846229042DED328
:100D90000023074928680FF0F8FAB4F84432013B01
:100DA000A4F84432CFE700BFF8360020B09C002002
:100DB000F49C00202DE9F047A2B08046DDE92A64CA
:100DC00091461F468A4611B96FF086042AE0002832
:100DD000FAD010AD2022002128460EF019FCB8F8F8
:100DE0000030CDE914A9B3F5105FEDD1B8F80230A9
:100DF000C02B1BD0B3F5807F1AD0802B40F08680AB
:100E000010239945CDE91033DED3002CDCD0282205
:100E1000002118A80EF0FCFB18A811F0D5FC48B171
:100E20006FF09204204622B0BDE8F0871823E8E76F
:100E30002023E6E72C9B0F2B65D9364BCDE90C0020
:100E4000CDE90E00CDE918301A90209009A9284666
:100E5000F2F79EF8024600284ED1099918A811F021
:100E6000BAFC314618A811F0B6FC4FF001084FF05B
:100E70000053694618A8CDF804800293F2F750F9A0
:100E8000284603A9F2F72BF90246002834D103A91A
:100E900018A8F2F745F946F0005606A918A80697D3
:100EA000CDF81C800896F2F73BF91B4B09A918A84E
:100EB0000CAE0996CDF828800B9311F095FC18A87C
:100EC0000FF0C4FC0246B8B937463B4603CBAB42F1
:100ED000206061601F4604F10804F6D10023B3547A
:100EE0000132102AFBD100242D9B1A6018A811F0A2
:100EF0006BFC002896D093E7212A14BF6FF0920470
:100F00006FF08604F2E76FF089048BE76FF08504D9
:100F100088E700BF000004041000002010B504465C
:100F200060B1074B07481B6898472046E7F788F9E8
:100F3000BDE81040044B03481B68184710BD00BFB4
:100F4000989B00209C1100209C9B00200023F7B55B
:100F50000779136004460E46436927B1FF2F1AD163
:100F60006FF0860514E0002BFAD1A36823F47F43C9
:100F700023F00303002BF3D14FF6F87362889A42F3
:100F80002ED8194B19481B68984750B16FF08F0540
:100F9000284603B0F0BD6FF04042013B9342DFD2E0
:100FA000E3E707B901A83146E7F73EFA104B0546DB
:100FB0001B680E48984710B1002DE9D1E6E7002DD7
:100FC000E6D10FCCD6F800C066460FC694E8030001
:100FD00086E80300002FDBD1019BCCF81430D7E763
:100FE0006FF08505D4E700BF989B00209C1100207E
:100FF0009C9B00202DE9F04F884B87B007461B686B
:10100000874802919847044628B16FF08F04204624
:1010100007B0BDE8F08F3B79002B00F0E780D7E9FF
:101020000886B8F1000F00F0F080002E00F0ED808F
:10103000B6F5005F80F0EC8006F1240A51460120ED
:10104000F3F700FF0546002800F0E580754A84604C
:101050001368414603605368243040F8203C7B68A5
:10106000324640F8183C3B8820F8143C7B8820F836
:10107000123CBB6840F8103CFB6840F80C3C3B69F4
:1010800040F8046C40F8083C0FF0F0F9D7F814B0C1
:101090002146584604AAF2F7A1F98C300ED05146E9
:1010A0002846E7F754F86FF08A045F4B5C481B68EA
:1010B00098470028ABD0002CA9D1A6E740F26C736A
:1010C0009A4510D8F2F736F821465846F2F7F0F86C
:1010D00006F13408814641460120F3F7B3FE064687
:1010E00040B9F2F757F851462846E7F730F86FF065
:1010F0009804DAE7424621460EF08AFA4B4B9945AE
:1011000059D94B480368D90715D4DFF83491494BB6
:10111000C6E902B433600023019316E05A0950F87F
:10112000222003F01F01CA40D20705D409F5032984
:1011300009F20119EBE7002399460133812BEDD128
:101140006FF08D03DFF8FC9001930023524629468F
:10115000736006F110000FF089F9434632464946A4
:101160003548F0F74BFA80BB03904846F2F720F879
:101170004246039930460EF04BFA3046F3F770FDC5
:10118000F2F708F8019B002BADD15846194604AA86
:10119000F2F724F9064620B9049B9A4522D06FF055
:1011A000980600215846F2F74FF951462846E6F7CF
:1011B000CEFF344679E7002331461A464846F2F717
:1011C0000BF858B11D4B984208D0424600213046DA
:1011D0000EF01EFA3046F3F743FD82E77368012BE9
:1011E00099D1F2E751462846E6F7B1FF7B69029AAA
:1011F00013603B7E012B0FBF02230023029A6FF086
:1012000096040CBF3B7613604FE76FF086044CE703
:101210006FF08D0449E76FF08C0446E7989B00203F
:101220009C110020D84203089C9B002081310800BB
:1012300040110020105D175EA80B0020FEDF00F0BB
:1012400000310800823108002DE9F0479EB00446C5
:10125000DDE92795DDE9297892460E4629B96FF038
:10126000860630461EB0BDE8F087002AF7D00DB9DB
:10127000002FF4D12388B3F5105F40F0918028222D
:10128000002114A80EF0C4F9202200210CA80EF0B1
:10129000BFF914A811F098FA00287AD131465246C5
:1012A00020460CABF2F792F906460028D9D10C9BE8
:1012B00023F00802102A01D0202BD0D1A9455CD2FE
:1012C00009F110039D4255D20F2FC8D9494610226B
:1012D00028460FF0E8F8A9460023334A09A90CA8CC
:1012E000CDE9142316931C93F1F752FE044600280F
:1012F00033D1099914A811F06EFA102114A811F035
:101300006AFA4FF0010A4FF00053694614A8CDF86D
:1013100004A00293F1F704FF03A90CA8F1F7DFFE84
:101320000446D0B9214C03A914A8F1F7F9FE06A987
:1013300014A8CDF81890CDF81CA00894F1F7F0FE91
:1013400009A914A80995CDF828A00B9411F04CFA1E
:1013500014A80FF07BFA0446F0B13A460021284663
:101360000EF056F90023012CC8F8003011D16FF0AF
:101370008B0676E70F2FAFD871E70F2F7FF66FAF91
:10138000002DA9D13A46294628460EF041F9C8F861
:1013900000506FF0920664E71023C8F8003060E751
:1013A0006FF085065DE700BF00010004100000201B
:1013B0002DE9F04FAFB01E46DDE93B958046CDE903
:1013C00000123D9FE8B1038803F4E042B2F5005FEC
:1013D0001AD1C3F30222042A16D186F0AA6383F439
:1013E000807333F47E1306D086F0AA6383F400730F
:1013F00033F47E1311D1C6F30544AC4201D8102C4E
:101400000CD96FF0860A60E042F20402934204D1E4
:1014100086F0052383F48013EAE700242D1B09EBF3
:10142000050B2246594618A80FF020F8009B002B08
:10143000E7D031464046FFF75DFB8246002844D1A5
:101440000146282224A80EF0E3F8202251461CA8C9
:101450000EF0DEF824A811F0B7F9002839D1DDE943
:10146000001240461CABF2F7B1F8824668BB3E9AC8
:10147000954200F2A480B94507D2BB4505D949463B
:101480002A4638460FF00FF8B946504A26F47E1621
:10149000964240F0978014F03D0FB2D014F0010254
:1014A000AFD14B4978198842ABD84A491CA8CDE93D
:1014B000241215A926922C92F1F76AFD60B1212819
:1014C0009FD02C2805D16FF0940A50462FB0BDE86C
:1014D000F08F6FF0920AF8E7159924A811F07BF9C4
:1014E00044F4502124A811F076F93A9924A811F077
:1014F00072F9294624A811F06EF94FF001084FF057
:10150000005203A924A8CDF810800592F1F708FE37
:1015100006A91CA8F1F7E3FD064620B121283FF4F7
:1015200070AF2C28CEE706A924A8F1F7F9FD3A9B65
:10153000399ACDF8249045F00059CDF82880CDF89F
:101540002C900C9243F00052CDF834800E92389AD1
:101550000FA90F92204A24A8CDF840801192F1F7EC
:10156000DFFD0CA924A8F1F7DBFD09A924A8F1F7F8
:10157000D7FD12A924A8129744F00054CDF84C804E
:10158000CDF8509011F030F918AA15A924A8159299
:10159000CDF858801794F1F7C3FD24A80FF056F941
:1015A000044610B93F9A15608FE72A4631463846FF
:1015B0000EF02EF8212C3FF424AF2C2C82E76FF094
:1015C000890A82E76FF0880A7FE700BF00014005C3
:1015D00000000120000006040D0000202DE9F04F5E
:1015E000ABB01D46DDE93784DDE93973A34281469E
:1015F000CDE9001205D86FF0890A50462BB0BDE83E
:10160000F08F009B07EB040B23B118B1B8F1000F6A
:1016100003D1C4B36FF0860AEFE7A4B3002FF9D06B
:10162000B9F8003003F4E042B2F5005F2FD1C3F304
:101630000222042A2BD185F0AA6383F4807333F449
:101640007E1306D085F0AA6383F4007333F47E130F
:1016500026D1C5F3054629464846FFF74BFA824690
:101660000028CAD10146282220A80DF0D1FF20224F
:10167000514618A80DF0CCFF20A811F0A5F888B1AC
:101680006FF0920AB9E7BBF1000FC9D1C2E742F28D
:101690000402934204D185F0052383F48013D5E737
:1016A0000026D8E74846DDE9001218ABF1F78EFFB7
:1016B00082460028A1D13A9B1A1BB2429BD34745D0
:1016C000DFF8609125F47E1535D908EB04029742C6
:1016D00024D22246414638460EF0E5FE4D4540F004
:1016E0009780B846002C2FD1022E1ED0102E1CD869
:1016F00016F0010219D148493819884215D84749CE
:1017000018A8CDE9201215A922922892F1F740FCE1
:10171000F0B1212809D06FF0920A08E04D4577D149
:10172000002CE1D0B8F1000F0ED16FF0860A002234
:101730003B9B1A6061E74D456AD1002CD4D0B8F1CB
:10174000000FF2D0002FF0D0B4F5803FCCD3ECE7FF
:10175000159920A811F03FF846F4502120A811F067
:101760003AF8369920A811F036F8214620A811F051
:1017700032F801254FF0005203A920A804950592E4
:10178000F1F7CEFC06A918A8F1F7A9FC0028C0D1F2
:1017900006A920A8F1F7C4FC369B359ACDF8248021
:1017A00044F000580A95CDF82C800C9243F000527A
:1017B0000D950E92349A0FA90F92194A20A81095F0
:1017C0001192F1F7ADFC0CA920A8F1F7A9FC09A929
:1017D00020A8F1F7A5FC46F0005212A920A8129704
:1017E0001395CDF85080CDF854B01695179210F09F
:1017F000FBFF15A920A810F0F7FF20A80FF026F88E
:10180000212892D0002886D13B9B34441C60F4E60A
:101810006FF0880A8BE700BF00000120000005047C
:101820000D0000200001400570B58EB0054601A8EE
:101830000C46EFF7C7FD9DF80C30012B27D105F1C1
:101840007843B3F5002F03D8224B2A199A421CD9AA
:1018500040F2024420460EB070BDEA58013233D146
:1018600004339C42F9D874B145EA04039B07EFD1D5
:101870004FF48032184B28469A661849224611F0D8
:10188000DBF90028E4D10024E4E70023E9E74FF086
:101890000066B36A03F17842B2F5C04F17D21B6BF2
:1018A00003F17843B3F5C04F11D20D48EFF790FC28
:1018B000B36A22461B6B28469B6B0849984704462F
:1018C0000748EEF75BF8C5E740F20344C2E740F291
:1018D0000114BFE700000808009000504C500020A1
:1018E0003C0C00202DE9F347074689461446002AA0
:1018F0003DD000F00308C8F10406964228BF164602
:101900004FF0FF3A32460DEB0800CDF800A00EF084
:10191000ADFDB44292BF00253D1905F00305CDF899
:1019200004A0A4EB050A2A4609EB0A0101A8A7EBCB
:1019300008080EF09BFD04226946404611F07CF930
:10194000A8B9AB199C4208D88DB1042207EB0A0054
:101950000DEB020111F070F909E0A21B521B09EB1B
:10196000060108F1040011F067F90028ECD002B07C
:10197000BDE8F087F8B504464518073549420D40E3
:10198000A5F108063046F3F783FAA188301B628878
:1019900001EBE00189B2A2EBE00225F8041C25F876
:1019A000062CA288C310A2B1A4EBC2025788D18032
:1019B000D9195180E2889AB1D31A9BB204EBC204C0
:1019C00025F8023CA380084A93680344936030469C
:1019D000F8BD15F8082C42F0020205F8082CE9E7DA
:1019E00025F8022CEFE700BF18510020034BD3F875
:1019F000480210B100210FF071BF7047F836002087
:101A000010B5FFF7F3FFBDE81040024BFE209B69C5
:101A1000184700BF446300202DE9F04E2F2B8A4663
:101A2000814611461F469DF820C009D8364E96F8CB
:101A3000D4404CB196F88C312BB1022386F84C324D
:101A40000020BDE8F08E0124B8234FF0010B14FBF9
:101A500003FE63432D4A2E4D02EB0E002860F5185D
:101A6000A5F81691A5F8D6904FEA1C1985F8DB90D9
:101A70000CF00F0985F8DA900CF002094FEACC0C53
:101A80001344A5F8D4B0A5F818A1A5F8D8A00CF077
:101A9000080C49EA0C0C93F846900EF1850E29F0DB
:101AA0000A094CEA090C83F846C00823724486F8F8
:101AB0004C42C5F80C2185F8583147B13A468D3073
:101AC0000EF0D4FC95F858313B4485F85831B823D2
:101AD000FA2203FB0464D4F80C3108379A70099A8F
:101AE00084F8DC7004F5827392E8030083E8030055
:101AF000084B1B68C4F8E430FFF7B9F896F84C02BD
:101B00000130C0B29DE700BFF8360020CC3700207E
:101B1000F4810020345D00201C4A38B51568034666
:101B20004A19C26001200C465872E1B1184A92F875
:101B3000DD1051B102F1D4018B4206D0D2F8E01091
:101B4000491B002901DDA1420CDD92F8951171B10C
:101B500010498B420BD0D2F898315B1B002B06DD6D
:101B6000A34204DC38BDBDE83840FFF785B80A4819
:101B7000E6F75FFF18B100210120FFF77DF821464D
:101B8000BDE838400448E6F79EBF00BF345D002042
:101B9000F8360020843800203C7F00200020024BD3
:101BA000D860E7F7C9B900BF000008500A78497843
:101BB00002F00F0303EB012302F0F002134401468D
:101BC0000A2298B20EF050BC03686BB18B4207D169
:101BD0001B6803607047994202D10B68136070471D
:101BE0001A461B68002BF6D1704700207047044B43
:101BF000187880F0AA001130C0B21870704700BF8A
:101C0000E0720020BFF34F8F0549064BCA6802F40B
:101C1000E0621343CB60BFF34F8F00BFFDE700BF0F
:101C200000ED00E00400FA0537B5124CD4F8485234
:101C3000ADB903232A4600932946012004F5147305
:101C400010F015FEC4F8480220B907220A4B5A6268
:101C5000FFF7D8FF2B462A4629460FF085FF0021C3
:101C6000D4F848020FF0F6FF013818BF012003B086
:101C700030BD00BFF8360020000008500048704713
:101C80000014080008207047142070470020704797
:101C900040F6B7320A4B5B689BB293420CD84FF4C4
:101CA0007A72B3FBF2F3074A1344187A052805D079
:101CB000031F5842584170470020F9E7022070473F
:101CC0000080E00FD8420308094B5A69002A0EDB56
:101CD00050B95A6AD207FCD40122064B5A60044A12
:101CE00053689B07FCD470470122034B5A6070472E
:101CF0000040005B0060005B0050005B1FB50023EC
:101D0000044601A8CDE901330393EDF7F4FDBDF8D6
:101D10000E3003F00103A3609DF804302370029B92
:101D2000636004B010BD38B54FF4FA73174D18490D
:101D3000044628464B61EFF7F3F828BB022C16D077
:101D4000032C1DD0012C09D04FF6FF72114BC3E9B3
:101D5000AA25C3F8A40203F5287038BD4FF48221E8
:101D60000D480E4B8563C0E90C132C30F5E74FF49A
:101D7000A02209480A4B8564C0E910233C30ECE7F7
:101D8000F0F740F90748E8E70020E6E7A80B002055
:101D90005C9B0020F8360020F49C0020FFFF04002C
:101DA000FF9F0500109D0020F8B50D4614461E4605
:101DB000002851D0416887682944B9424CD8002A8C
:101DC0004AD0002B48D00778022F03D9032F08D020
:101DD0000120F8BDC068EEF755FD003818BF01209E
:101DE000F7E7013D042D1AD81C4B03EB45039989F5
:101DF000B1F5505F15D101F100615A22204601F57D
:101E0000F6210EF033FB164D164A5A34134603CB17
:101E1000AB42206061601A4604F10804F6D100204C
:101E2000D7E701F47043B3F5805F08D1C1F30B012C
:101E3000F2B241F07E6120460EF018FBEFE701F4AC
:101E40006043B3F5005FEAD1C1F30B0141F00061DB
:101E5000F2B241F4FC21EEE70420BAE7D8420308CD
:101E600070E4070860E4070810B50D4C237A33B915
:101E70000C481023224603210068FFF795FF237AC0
:101E800063F03F032372E37A23F00103E372237BC1
:101E900063F03F032373E37B23F00103E37310BD7F
:101EA0003D800020D413002010B500248CB0CDE973
:101EB0000744CDE90944ADF82C40FFF7D5FF164B98
:101EC00016489B68CDF82A30154B1A7807ABAAB193
:101ED00042F2046204937F23ADF82820CDE9024347
:101EE0004FF480520623CDE9003240F6FF7201889C
:101EF0000AAB0420EBF73EFB0CB010BD019310239E
:101F000042F201620093ADF828200A23FF2109AABA
:101F10000088FFF781FDEFE73D800020E6610020AB
:101F2000BC6B0020F8B50C4615461E46002846D06E
:101F3000416887682144B94241D80778022F03D904
:101F4000032F08D00120F8BDC068EFF757FB003819
:101F500018BF0120F7E7013C042C2ED8194B03EBE6
:101F600044039889B0F5505F0FD100F100605A2208
:101F7000294600F5F620FFF7B5FC1022124805F1BE
:101F80005A01FFF7AFFC0020DDE700F47043B3F522
:101F9000805F06D1C0F30B0040F07E6032462946D8
:101FA000EFE700F46043B3F5005F06D1C0F30B0028
:101FB00040F0006040F4FC20F0E70020EEE7042051
:101FC000C1E700BFD842030860E407082DE9F041EB
:101FD00005468CB02822002102A80DF019FB25B37C
:101FE0002B78022B14D84FF00008CDF80480AB6892
:101FF0000A2200936B68E86802A9EFF75FFA0024F1
:10200000064602AFB44207D1002CEED1204600E0D4
:1020100001200CB0BDE8F08157F8041BE868EFF729
:1020200093FB0028F4D10134ECE70420F1E770B50C
:102030000446124D40B128680DF0FDFF052803D17C
:102040000F4B06201B699847EFF31186302383F36B
:1020500011880122214628680DF0EFFF0022094B6C
:1020600028681A70012211460EF09DF9FFF7BEFC98
:1020700086F31188BFF36F8F70BD00BFB09C002046
:10208000446300204163002070B5027843788618CD
:10209000B1700021D41A013202F0070202700A4620
:1020A00004F00704072C04BF013303F0070304F115
:1020B000010508BF4370CC1804F00704044494F9E8
:1020C000024001318D422244F5D892FBF5F040B236
:1020D00070BD064B5B681B78022B04D0032B0CBF32
:1020E0000220032070470420704700BFA49C0020FA
:1020F00070B500242646114B11491A680968114D24
:102100001960891A104AFFF7E4FFA04200D870BD99
:1021100013881BB18B4205D95B1A1380013402323C
:102120000135F0E72B78012B05D102232B70074BEB
:102130005B68DB88F1E72E701680EFE7DC72002029
:10214000345D0020CE720020D2720020A49C0020BA
:1021500038B5234B234A5B681B78032B03D0022B33
:102160001CD103291AD113881F4A00EB8000B2F951
:102170000A40C3EB40031BB29C42A8BF1C466FF051
:102180003B039C42B8BF1C46184D28680CF0F4FD78
:1021900021462868BDE838400DF0C6BA7F2804D132
:1021A000134B1B881E3B1BB205E008B17E280ED1E5
:1021B0000F4BB3F900301288C2F10E0213440D4ADE
:1021C0001BB2B2F900409C42A8BF1C46DCE7C0EB42
:1021D0004033C0EB8300084B1B8803EB4003E2E76E
:1021E000A49C0020CC72002044630020B09C0020FE
:1021F000406C0020CA9C0020426C0020094B5B68A8
:102200001B78022B07D103280BD1074B1B79022B1C
:1022100008BF04207047032B03D100280CBF032004
:1022200004207047A49C002044630020092810B5B6
:10223000114C09D00B2819D0212819D910220023BC
:102240002270C4E9013310E000220C4B03EB82033F
:1022500019448A7D0F2AF2D80C21084B01FB023366
:10226000403393E8070084E8070010BD0122ECE743
:10227000024B03449A7FEDE7A49C0020D842030858
:10228000064B042293F9051005487F2902BF054B30
:102290005B6893F902100DF0BBB900BF44630020E6
:1022A000C59C0020A49C002070B50021044686B087
:1022B0004FF0FF300EF036F910B9124E14B93470E9
:1022C00006B070BD104D01AC0FCD0FC42B684FF0A0
:1022D000FF3001A923600EF022F910B10020307008
:1022E000EEE706214FF0FF300DF040FF0028F5D15A
:1022F00001214FF0FF300EF015F9B0FA80F04009DF
:10230000EDE700BF14510020D843030808B5074B80
:1023100018680DF090FE10F0010305D010F0060FC4
:1023200014BF0120002008BD1846FCE7B09C002027
:10233000024B9B690BB1C8B2184770474463002039
:10234000034B586818B18088003818BF01207047C7
:10235000A49C00202DE9F8430646FFF7BAFE0F467D
:102360000024DFF83C80DFF83C90C5B2E3B29D4228
:1023700001D8BDE8F8830022D8F80000A1B20DF022
:1023800083FE5CB999F800300A3B012B06D8314630
:10239000D8F800000DF0C3FF0134E7E73946F7E74E
:1023A000B09C0020A49C00202DE9F04F8FB0CDE917
:1023B0000823DDE91A67189B8B460A93199BDDF801
:1023C00070900B930546F9F7F9F90022C9F800203F
:1023D0008246E5F7D7FF044600286DD153464FF4F7
:1023E000007228460DA9E6F75FFA0446002863D17B
:1023F000334A2AF47E1191420D9D13D1D5E908127A
:1024000068685FEA102818D0B8F1020F30D0214672
:102410003A4630460DF0FCF82846E6F727FA6FF00A
:10242000860404E02846E6F721FA6FF0850420468A
:10243000F9F79AF8F9F756F930E00B9B2846049320
:102440000A9BCDE906790393099B05960293089BA5
:10245000CDE900B35346FEF7ABFF10F1860F0446FB
:1024600017D13A46414630460DF0D2F80D98DAE7DA
:102470000B9B284604930A9BCDE906790393099B9D
:1024800005960293089BCDE900B35346FEF790FFF3
:1024900004460D9D44B92846E6F7E8F920460FB0FA
:1024A000BDE8F04FF9F760B83A46002130460DF02C
:1024B000AFF82846E6F7DAF914F1950FEED0B6E753
:1024C0000001400573B500250E4C9B00C4F8B652C0
:1024D00084F8B9320C4BC4F8B252CDE90035A4F8F7
:1024E000B002C4F8B4226B46084804F52C72A4F874
:1024F000BA52EBF787FA18B90122054B83F831205D
:1025000002B070BDF8360020ADCB01087C8B0020F6
:10251000188B002010B50A4C22686AB1094B197853
:10252000012903D108490978490706D1074B002042
:10253000198890470023236010BD00221A70FBE722
:1025400050970020C8950020758F0020E66100207C
:10255000034642F21071024A0248F9F75FBC00BF1D
:10256000D1CB0108C4960020F7B5334C217E631807
:1025700093F85830012B5CD05520304B65881A7881
:10258000278C22802A44BA42C8BF7A1B2C4BC8BF72
:102590002280C7F3022262F01F025A70C5F30222A2
:1025A000268842EA0112E1691870DA70294432463D
:1025B00024489F701D710DF059FF711D2048C9B24C
:1025C0002E44F8F721FFB7420CD101251D2084F8D5
:1025D0007A50F8F727FF84F8235003B0BDE8F040A5
:1025E000FAF72EBB0023184A184841F28831F9F750
:1025F00015FC94F82220A37B6089B2B1228814498B
:102600000732009143F001030D49D2B2F8F76AFF97
:10261000012340F2DC5184F8233000230D4A0E4898
:1026200003B0BDE8F040F9F7F9BB22880B49073247
:10263000E7E703B0F0BD00BFFC800020F09600206B
:10264000D5900020DA90002091BF0108248100205D
:1026500073CE0108D1CC0108FC88002069B40108C0
:10266000F7B5074602201E460C461546F7F738FE1A
:102670000023F8B1154A80F821309178137063F384
:102680000001A307A0F84270917015D5FF23104AEE
:10269000A0F84430137824F0030423F002031370ED
:1026A00044602B46CDE9006001210220094AE8F789
:1026B000E1FC012003B0F0BD022124F001044460DC
:1026C0002B46CDE90060034A0846F0E7338000203E
:1026D00061830020A58200209F22094B1B6883F89C
:1026E0006F24072283F87024032283F8900383F871
:1026F000710483F89724034B1A70F8F717BF00BFD3
:10270000E48F0020E88F0020F8B5BDF81850BDF820
:102710001CC03A2D089C2DD841EA020EBEF1FF0FD5
:10272000CFB2D6B222D9120AA2700422090A2170AD
:102730006770E67090F8CF10A718A154B0F8CE10CB
:10274000961D7970D0F8CC10023D090AB970D0F806
:10275000CC102A46F9704FEA1C21397187F805C060
:10276000991CA0190DF082FEA819F8BD022227704D
:102770006670DFE70020F8E7034805230221034ADB
:102780000068FFF7CFBB00BFD06B0020C8840020DB
:102790001322104B01211A700022C3E90212C3E96F
:1027A00005225A6083F828201A8683F8322083F89D
:1027B000382083F8402083F8482083F85020A3F87D
:1027C0005A20DA6583F860201A74DA611A8483F873
:1027D00022207047188B00200246054808B51121B9
:1027E00001230068FFF7E0FAB0FA80F0400908BD65
:1027F000D06B002038B50D460446062128460DF062
:102800006CFE4FF03033053444F8053C04F8013CCD
:102810002B18AB4201D0052800D938BD13F8012D83
:1028200004F8012DF5E7F7B50D461E460446F8B14C
:1028300047688068D31983421AD83E44B04217D300
:10284000207802284FF000000AD8CDE900600A2263
:10285000E068EEF733FE294605EB8002914201D194
:1028600003B0F0BD0B6865685B1B41F8043BF5E7FE
:102870000020F5E7094A03465268107868B101283C
:102880000BD0022805D143B9054B18784000C0B2DF
:102890007047032814BF032002207047A49C002027
:1028A000BC6B002070B5224B0546187892B040B33F
:1028B000204B1C78002C36D11F4B1B78022B34D1B7
:1028C0001E4E21462A2207A80CF0A2FE338807A834
:1028D000B3F5807F34BF01210421F9F799F923234F
:1028E000014620468DF81D30FFF7C4FF02283688C8
:1028F00009D00B463046FF21CDE9004507AAFFF776
:102900008BF812B070BD7F23CDE902434FF48053A2
:1029100040F6FF72CDE900130495314607AB042061
:10292000EAF728FEEDE70020EBE72046E9E700BFE5
:102930003B800020288F0020B0810020E66100202D
:1029400000232DE9F04F9BB000930B6043880546B0
:102950008846002B00F0F980038803F4E043B3F5C8
:10296000804F00F0F280694601AAFEF7EFFA0446B4
:1029700068BB009E6B68326A3AB1D6E9089A69680A
:10298000090A28D06FF0860464E01B0A40F0D78063
:1029900028886F8800F4E043B3F5805F11D0B3F569
:1029A000005F0ED020F0FF00B0F5E24F40F0CA808B
:1029B000F91D3046C908E5F730FC04460028DCD094
:1029C00005E03946E5F7FAFB04460028F0D0009808
:1029D000FEF7A4FAA8E02B885A0427D503F4E043B5
:1029E000B3F5805F22D0B3F5005F1FD0B9F1000FBF
:1029F000C8D0BAF1000FC5D0B5F802B00BF107028C
:102A0000072A4FEAD20711D0B3F5804F0ED020220B
:102A10000DEB02000CF0FCFD3946284608AAF0F741
:102A200073FD044690B110F1860F13D12B8803F487
:102A3000E043B3F5805F02D0B3F5005F7CD151462F
:102A40004846E5F731FC044620B965E0BA450AD2AC
:102A50006FF08C04306A10B1716AE5F778FB0023DF
:102A6000C6E90833B3E72822002110A8CDE90C9A63
:102A70000CF0CEFD10A80FF0A7FE10B16FF092047D
:102A8000E8E74FF000731290CDE91030189005A9D7
:102A900008A8F0F77DFAC8B9059910A80FF09BFEB9
:102AA000012303934FF0005302A910A80493F0F7F9
:102AB00037FB05A908A8F0F712FB38B910A805A93B
:102AC0000FF092FE10A80DF0C1FE38B148282FD1AA
:102AD00010A80FF079FE0028A8D0CFE76B681B0A7A
:102AE00004D15A4649462888FEF772F800226B68DE
:102AF00072621B0AECD12B8823F0FF02B2F5824FE1
:102B000004D1413BDBB2012B88BF0137776210A8AB
:102B10000FF05AFE0028B1D141463046FEF76AFA5E
:102B2000044600287FF453AF20461BB0BDE8F08F69
:102B300010A80FF049FEA1E76FF085048AE76FF057
:102B4000860444E76FF0850441E76FF08604EBE705
:102B500000232DE9F04FA7B013600F469046694659
:102B60001A46E5F7A1FE0546C0B9009CB4F80090EE
:102B700019F4804F0DD0D4E908A663681B0A08D168
:102B800009F4E043B3F5804F00F0F380BAF1000F91
:102B900008D12046E5F76AFE6FF08605284627B083
:102BA000BDE8F08F002EF4D0014620220CA80CF0D6
:102BB0002FFD3246514620460CABF0F707FD054687
:102BC00038B110F1860F00F0D4802046E5F74EFEB4
:102BD000E4E709F44F43B3F5824F2AD1A9F1410547
:102BE000EDB2012D94BF002501250DF1500C0DF122
:102BF000300EBEE80F00ACE80F009EE80F008CE836
:102C00000F00202300221993169B01A923F0807343
:102C100023F4804343F4005307EB050B14A8CDE9DC
:102C2000172B16930192F0F72FF9014618B12046A1
:102C300028E00125D9E7019B05EB0309B9F1200F35
:102C4000CDF8049005D92046E5F710FE6FF0890510
:102C5000A4E728221CA80CF0DBFC1CA80FF0B4FD94
:102C60000028E4D1012314A91A460CA8F0F737F97B
:102C700068B1012876D11CA80FF0A6FD009B0028A2
:102C80004AD00098E5F7F2FD6FF0920586E70E9BBB
:102C900013F4C04F46D04A4B1E90CDE91C3024900F
:102CA00009A90CA8F0F774F90028E2D109991CA829
:102CB0000FF091FD012304934FF0005303A91CA8CA
:102CC0000593F0F72DFA06A90CA8F0F708FA0028EA
:102CD000CFD106A91CA8F0F723FA02A914A8F0F78F
:102CE000D3F80028C5D1029B202B1BD8012243F02A
:102CF000005309A91CA8CDF824B00A924FF0030B89
:102D00000B930FF071FD1CA80DF0A0FD012827D139
:102D1000BBF1010BF7D1AEE71846E5F7A7FD6FF061
:102D20008B053BE71CA80FF04FFD009B0028A8D1A6
:102D30001846A7E70DB104233B70C8F800901CA803
:102D40000FF042FD009B00289BD11846E5F78EFD51
:102D5000054623E72046E5F789FD6FF085051DE769
:102D60000028E7D04828DDD11CA80FF02DFD002851
:102D700087D12388009C03F4E042B2F5804FE9D16B
:102D800044F2010223F44051914207D003F44F432F
:102D9000B3F5824F02D0B3F5844FDBD1202E3FF63E
:102DA00052AF3246514638460DF060FB0021C6F165
:102DB0002002B8190CF02CFC2046C8F80060C5E7CA
:102DC0000000010210B5B2B00446B222002105A8ED
:102DD0000CF01EFC40F27A530E48ADF81C300E4B3E
:102DE00090F8A5201B7801A99B1A8DF81E3094300D
:102DF000230A8DF81F308DF82040F4F765FA05217D
:102E0000064A01AB07A8F4F793F880F00100C0B2BE
:102E100032B010BDE49B00204A50002089490108CF
:102E2000134607B588B142681144826891420CD8B4
:102E30000278022A0BD8C06801AAEDF7ADFD003870
:102E400018BF012003B05DF804FB0420FAE701205D
:102E5000F8E7094B5A68D0070DD5EFF311823021FE
:102E600081F31188596AC9075CBF0121D96082F3D7
:102E70001188BFF36F8F70470040005B094B186FDC
:102E800000F00700431E032B03D8DFE803F0060819
:102E90000904002070470820704702207047052071
:102EA000704700BF00800050F0B54FF00066B36A75
:102EB000ADF5337D03F17842B2F5C04F01D21B6B03
:102EC0002BB94FF4017420460DF5337DF0BD1A483F
:102ED000EEF77EF9B36A40F2C1221B6B00205B6AF9
:102EE00001A9984704461448ECF748FD002CEAD1A4
:102EF000114FB36A03F17842B2F5C04FE1D21B6BB8
:102F000003F17843B3F5C04FDBD23846EEF760F9F2
:102F1000B36A00211B6B01A89B6A98470546384697
:102F2000ECF72CFD40F201239D42E2D040F2032356
:102F30009D4218BF2C46C6E73C0C00204FF00063B2
:102F40009B6A014603F17842B2F5C04F08D21B6B71
:102F500003F17842B2F5C04F02D200209B681847B7
:102F60004FF481707047054A054B013800D2704715
:102F700053F8041B42F8041BF7E700BFC099002078
:102F80007061000800232DE9F04789460B60002896
:102F900000F094804A4F7B68984280F08F80073021
:102FA00020F00705EFF3118A302383F311887E693F
:102FB000AEB133787288DB074FEAC20204D5F388DA
:102FC0006BB106EBC306F4E79542F8D816F0070399
:102FD00003D045EA03018A42F1D3EB1806D18AF304
:102FE0001188BFF36F8F1920BDE8F08772883969A7
:102FF000C3EBC2020139272A39614BD99D4205F141
:10300000080842D008213046FEF7B4FC0446A0442C
:103010004046F1F73DFF628805F10F01A2EBD102B6
:10302000A8F80220E288CB08A8F804307AB3D31AB3
:103030009BB204EBC202A8F806309380B8F80430C3
:10304000ED08E3803246002341461D486580F1F7D4
:1030500023FFBB680833BB60237843F00103237070
:103060003B6901333B616288BB6803EBC203FA68CA
:10307000BB60934288BFFB608AF31188BFF36F8FF8
:1030800008340020C9F80040AEE73446BFE7A8F88E
:103090000620D3E79D420FD008213046FEF76AFC98
:1030A00004462378324643F001032370214601236E
:1030B0000348F1F7F1FED6E73446F2E7212093E723
:1030C0001851002030B5234B1A6BD50702D51A6969
:1030D0005406F9D40124204A14631A6B9207FCD4D5
:1030E000CB794A7A1B0543EA02138A791343CA7AD9
:1030F00043EAC243420102F1A04202F5982213665C
:103100000B7A23B30D7B136E012D43EA45431366FF
:103110008C78124B00F1060008BF240203EB8003F9
:103120005C6501200E4B18634B7808781B0643EA58
:103130008063C87843EA0033087943EA80234879FA
:10314000897A43EA002343EA8103536630BD136E54
:103150001366E6E700C0045000E00450008103500D
:1031600000D0045030B50346264A0078D2F8102328
:1031700028B95B78052B19D04FF0FF303CE00128CF
:1031800004D15B78012BF7D103200FE0022807D18F
:103190005B7893B3052B32D0072BEDD1082005E0E7
:1031A0000328E9D15B78022BE6D109200122154BD7
:1031B00000F11005D3F83044AA4024EA0204C3F811
:1031C0003044D3F83044A94011402143C3F83014AF
:1031D000D3F82C141143C3F82C140B49CB6E03F015
:1031E0003003202B1FBFCB6E23F0300343F01003BE
:1031F000CB66064BC3F8202430BD0620D6E7072057
:10320000D4E700BF00C003500040005000E003506E
:10321000054B5A69D101FCD40121044A51605A6816
:103220009207FCD4704700BF00400059006000596D
:103230002DE9F04F00244E4FDFF854E185B0002512
:103240004FF0010AA9464B4B00941968ADF80440B1
:10325000D1F80480087AEBB2984208D80023464A95
:103260004B600B7213709DF90230002B5EE006225A
:1032700002FB03FC08EB0C06B27838F80CC002F035
:103280007F0296F805B0013A002B3DD1D0B2062856
:1032900013D80AFA02F2ADF802308DF8043062F366
:1032A0000603ADF800C08DF802308DF805B03B681C
:1032B000E14601333B600135CCE79DF802202E4802
:1032C00063F3C712037013068DF802202FD54B78D5
:1032D000BDF800208DF8083001238DF809308B7877
:1032E00026488DF80A302649264B09681A8000685E
:1032F000254B02AACDF80CD0F2F7C0F9003818BF60
:10330000012005B0BDE8F08FCC455FFA82FB10D1FB
:10331000BBF1060F1CD9C01A4E6008721B4A13601D
:103320000022154B1A709DF902309342CFDB022028
:10333000E7E7C01ABBF1060F9DF902204E60087244
:10334000ECD801230C48002A0370BFF678AFBEE723
:103350009DF802300AFA02F2134363F07F038DF8FE
:1033600002303B685A1E4EF822404EF823409EE73A
:103370005C52002028520020385200203052002099
:10338000345200202452002029600108FC51002002
:10339000045200202DE9F0410025C6B0192229462B
:1033A00001A800950CF034F9344B354F1D70354BA6
:1033B0001C78354B641B18BF01241E683C70AA2E74
:1033C00058D82946F82208A80CF022F92F4B32468B
:1033D00009932F4B0DF12A0019688DF829600DF023
:1033E00045F8F2F775FD2B4D0128286044D92A4B8A
:1033F00093F80080B8F1000F3ED1284B1E68B369E6
:10340000187910F0070333D0254B44F002041B68F1
:103410001B788DF8D530FF238DF8D430F2F786F97C
:1034200004238DF8D6003C708DF8203000223068DF
:1034300008A9E5F7E6FA003818BF012046B0BDE854
:10344000F081F2F72FFD017811B16846E5F7CCFA6B
:1034500001342B689C42F4D303236C4635AD8DF8C0
:1034600020300FCC0FC594E80F0007C52B70DDE7A7
:103470001C46EEE70120E1E70220DFE71A520020B8
:103480002C5200202E52002034520020AD60010842
:103490003052002020520020385200205852002084
:1034A000285200206C23084A0849137101235371E4
:1034B000074B09781B7803F03F0343EAC11393716C
:1034C000044B1B78D3717047700E002016510020FA
:1034D000175100205452002008B531B10422F1F7F1
:1034E000D9FFB0FA80F0400908BD0120F9E72DE9C5
:1034F000F04F9A468BB09DF85030DFF858B10293E8
:10350000DBF81030804653450D461646C0F09B80D0
:10351000D146DBF804300193B9F1000F00F08F8041
:10352000D8F83C3001225B6907A901989847079BAE
:10353000DBF80010C3F3D312914240F0878013F000
:103540007E0F1CD1D8F83C3002225B6908A9019893
:10355000984708A8ECF7ECFE08270446019B029A5E
:103560003B44002A3CD1A6420FD9361B14464046A4
:103570000199ECF7DBFAA9EB04090190CCE707A865
:10358000ECF7D6FE04270446E8E7A41B544528BF01
:103590005446032C03EB0607AAEB040A4FEA9402F5
:1035A0001CD9D8F83C30294638465B69984724F046
:1035B000030304F003061F441D44002ED7D0D8F89F
:1035C0003C3001225B6908A93846984732462846B4
:1035D00008A935440CF04AFF0026C8E72646ECE768
:1035E000274604F00302039223442A190492059308
:1035F000049BDD1B059BD81B039B9F420FD1002F13
:10360000B5D0D8F83C30012208A95B6998473A4602
:10361000284608A90CF037FF78B93D44A7E7D8F849
:103620003C30012208A95B6998470422284608A972
:103630000CF029FF08B9043FDAE74FF03609484695
:103640000BB0BDE8F08F4FF06309F8E74FF06F095A
:10365000F5E700BF440B00202DE9FF478DF8070078
:103660000DF107000D461646F2F7E2FE70B14FF07D
:1036700000084A4BDFF838A11C68494FDFF8349145
:103680009AF800205FFA88F39A4202D804B0BDE8A5
:10369000F087227B9DF807309A4201D0FF2B18D18A
:1036A000092E1FD13F4B186818600823CDE902008E
:1036B000E37695B9A576656108263A4B1B68E36108
:1036C000E37E0C2B20D02720F3F790F8E0B1237E87
:1036D000A376203408F10108D2E7FF23A376002364
:1036E0006361E9E72B1E18BF01235B42A376002329
:1036F000082EE6766361DFD0A36023606360237ADF
:1037000062F306032372DBE7207BF2F77BFEA37EE6
:10371000627C237622B93A5C9A4221D03B541DE068
:10372000227C6376012A11D0FF2B627B26D1E17BBC
:10373000012927D1012194F80EC001FA0CF14FF0B4
:10374000300C0CFB02FC184A42F80C1039180A7CA9
:103750009A423A5CE0D09A420B74DFD1F2F74AFE0B
:10376000E17E99F80030B1FA81F143F001030020C5
:10377000490989F80030EBF70EFCAAE713B9E17BA1
:103780000029D7D04FF0010CA17B0CFA01FC3021AD
:103790004A43064941F802C0D8E700BF80520020E2
:1037A000605200208652002040D0035040E0035079
:1037B00084520020040700202DE9F0418846174676
:1037C000AAB09DF8C0400546962200210DF11200D6
:1037D0001E460BF01DFF8DF810808DF81170FCB1A6
:1037E000224631460DF112000CF040FE0234E4B2E4
:1037F0001022002168460BF00BFF9DF8C4302146D3
:1038000003F001038DF80D30329A6B4604A8019540
:10381000F3F78EFB80F00100C0B22AB0BDE8F08162
:103820000224E5E730B50F4C87B094F8BC3200F0C5
:1038300087005D1C8DF814300B4B84F8BC521B784C
:10384000029240EAC310032201238DF81500CDE94E
:1038500000238DF8161005AB5B210020FFF7ACFFAD
:1038600007B030BDF83600200C0700202DE9F041EC
:10387000047806462CB14FF0FF33C4F1200423FA3C
:1038800004F4254D0DF00EFE0DF0E2FF2B6893F8C9
:103890005C30022B1DD10EF051F80EF095F80DF0B2
:1038A000D7FF2B689F6D2B6893F85C30022B01BF0C
:1038B0002A68936DA34393652B68002583F85C50B9
:1038C0000EF03CF83C4022D1B3681BB3BDE8F04198
:1038D000184701272B689A6D9A652B6883F85C70EE
:1038E0000EF02CF839464FF0FF300DF069FE0EF067
:1038F0006BF80028D3D10FF020F8D0E724FA05F3B5
:10390000DB0703D5736853F82530984701353378C2
:103910009D42F3D3BDE8F0815C0C0020F8B5164D54
:10392000164F2A680446D7E90003B2EB533F0E4610
:1039300012D20B195B0BA96801338B426B600BD061
:103940004FF4005100EB4230EDF75CFD6B68AB606B
:1039500010B92B6801332B6016F00301386814BFCF
:10396000C1F104013146204418BF8919FDF75CFFFD
:10397000BDE8F840EEF746BBF456002000570020A3
:1039800002280BD003280CBF02230323044981F82B
:103990005230044B4C3118680CF015BE0423F5E787
:1039A000F49C0020B09C0020034804230021034A1B
:1039B0000068FEF7B7BA00BFD06B0020003D0308D7
:1039C000002202490248E5F71CB800BFD495002048
:1039D000607E00202DE9F04F8FB01D46DDE91A67AB
:1039E000189B8A460993199B9346DDF870800A93C9
:1039F0000B90F7F7E3FE0022C8F800208146E4F7B9
:103A0000C1FC044620BB4B464FF480720B980DA9B5
:103A1000E4F74AFF0446D8B9254A29F47E119142B9
:103A20000D9811D1D0E908124468240A18D0022C4C
:103A30002FD06FF086043A46002130460BF0E8FDA7
:103A40000D98E4F713FF03E0E4F710FF6FF085042F
:103A50002046F7F789FD0FB0BDE8F04FF7F742BEFB
:103A60000A9BCDE906780493099BCDE900ABCDE92B
:103A7000025305964B46FDF7B1FD10F1860F044643
:103A8000D9D00D98002CD6D1E4F7F0FE0FB0BDE8E8
:103A9000F08F0A9BCDE906780493099BCDE900AB32
:103AA000CDE9025305964B46FDF798FD0446E8E73D
:103AB000000140050A21034B41431B68024A0348A9
:103AC000F8F7ACB93C6C0020C9F60108E09600207C
:103AD00050B1436819448368994205D80378022B92
:103AE00002D8C068EDF730BE7047034B033053F87F
:103AF00020300B60704700BF0000085007B5002061
:103B000001A9FFF7F2FF9DF80500003818BF01205A
:103B100003B05DF804FB07B5002001A9FFF7E5FF3E
:103B20009DF80500022805D0031F5842584103B0F4
:103B30005DF804FB0120FAE707B50B4B5B681B78C7
:103B4000023B012B0DD8002001A9FFF7CEFF9DF805
:103B50000500033801288CBF0020012003B05DF868
:103B600004FB0020FAE700BFA49C00202DE9F043ED
:103B70003D4F06463B7897B01BB9002017B0BDE813
:103B8000F0833A4B18780028F7D10DF11E01F7F7B2
:103B900047FABDF81E80B8F1000FEED1344B1D7806
:103BA000012DEAD141462E220AA80BF031FDFFF784
:103BB000C3FFDFF8C090044600283CD004210BA8C6
:103BC000F8F726F83B780546042BCDF828800AD173
:103BD000FFF7A1FF00280BBF27232823102218225C
:103BE0008DF82D308CB308ABB9F8008000274FF06A
:103BF0007F0904934FF4805340F6FF724146CDE9AC
:103C0000005304200BABCDE90279CDE90877E9F741
:103C1000B1FC4FF440530446CDE9005340F6FF7227
:103C200041460420CDE9039602970BABE9F7A2FCCD
:103C30002040C0B2A2E729460BA8F7F7E9FF3B787E
:103C40000546042B0A94C3D01122CDE900262B1D72
:103C5000FF2199F80000DBB20AAAFDF7DDFE00386B
:103C600018BF01208AE700BF3B800020288F00207A
:103C7000B0810020E661002008B5E4F715FB20B113
:103C80000522024B5A62FDF7BDFF08BD0000085037
:103C9000002313B504460193A8B104210DEB0100E4
:103CA000FFF7EAFF019BB3F1404F3CBF43F04043B5
:103CB0000193019B5A1CF0D01A0E22701A0C6270EC
:103CC0001A0AA270E370019802B010BD08B5022074
:103CD000FEF729F8054B186038B118220021044876
:103CE0000BF096FC0122034B1A7008BD606C00209B
:103CF000486C0020446C002008B5E4F759FD28B159
:103D0000F7F732FCBDE80840F7F7ECBC08BD00232C
:103D100070B58CB0CDE906330D461646214B4FF4F5
:103D2000807207A9E4F7C0FD0446079814B1E4F7D0
:103D30009DFD0AE04368D0E908121B0A0DD0022B52
:103D40001BD0E4F793FD6FF086042046F7F70CFCD8
:103D50000CB0BDE87040F7F7C5BC06AB0493102368
:103D6000CDE90045CDE9026308ABFDF76DFA10F12E
:103D7000860F04460CD10798D9E706AB04931023AD
:103D8000CDE90045CDE9026308ABFDF75DFA0446D5
:103D90000798E4F76BFD002CD7D108B10446D4E7AF
:103DA0000CB070BD00444004F0B51D46002387B040
:103DB00004930E4617462E4B4FF4806205A9E4F794
:103DC00073FD044688B90598038803F4E042B2F510
:103DD000005F28D113F4E06FC3F3022223D0012443
:103DE0009440032C14D86FF0850410230020049312
:103DF000C0F11002212128440BF00AFC0598E4F7D9
:103E000035FD84B32046F7F7AFFBF7F76BFC2CE0EA
:103E1000142CE8D8102C23D84368D0E908121B0AC8
:103E200004D0022B12D06FF08604DEE704ABCDE99C
:103E30000243CDE900753346FCF7BCFF10F1860F55
:103E40000446D0D0002CD0D10498D1E704ABCDE902
:103E50000243CDE900753346FCF7ACFF0446F1E7B9
:103E60006FF08904C1E70028CDD107B0F0BD00BFD5
:103E70000002C0032DE9F047804688B00F46144683
:103E80000021182202A80BF0C3FBD8F8000002A9F9
:103E9000E4F770FD002800F0E680D8F80050774B7A
:103EA000A5F5E026B6F5803F754A029320D39442EB
:103EB00017D0744B9C4261D14FF4407102A8F7F7C0
:103EC0004DFB714B0593033D032D26D8FDF7E0FE16
:103ED00002284FF0000367D14FF4807203920793DA
:103EE0001BE04FF4805102A8F7F738FB0594EAE78E
:103EF000039B0795D9B2002930D0944234D14FF4B6
:103F0000805102A8F7F72AFB5D4B0593FDF7C0FE31
:103F1000022845D140F20113039300236946C8F8F3
:103F2000003001AA02A80093FDF710F8044660B91A
:103F3000009E039B326A002A3AD0D6E9089A039B76
:103F400075881B0A3ED06FF086040098FCF7E6FFE8
:103F50002046F7F709FBF7F7C5FB84E023F0FF03E2
:103F600043F001030393C8E7464B9C4206D14FF44C
:103F7000407102A8F7F7F2FA434BC6E7434B9C4265
:103F800009D14FF4807102A8F7F7E8FAB6F5803F3F
:103F90000594BBD397E709223D4B5A62FDF732FEE9
:103FA0000128BAD10390B8E70128B6D1039396E768
:103FB0001B0AC8D110213046E4F72FF90446002827
:103FC000BBD0C2E7BDF8080000F44F43B3F5824F01
:103FD0000DD1002FB7D0C0B24138012804D81DB18F
:103FE0000735ED08102DAED16FF08504ADE700F474
:103FF000E043B3F5805F02D0B3F5005FF4D1002D4C
:1040000008BF80252946E4F7D9F8044600289CD14A
:10401000EB1DDB08102B96D1BAF10F0F2AD94B46B6
:1040200007F1100257F8041B974243F8041BF9D11B
:10403000102373627388CBB97580BDF808301BB14B
:1040400032889A427FF47FAFBDF80A301BB1728884
:104050009A427FF478AF41463046FCF7CBFF0446E6
:1040600000287FF472AF08B0BDE8F087AB427FF460
:104070006AAFE2E76FF0890467E700BF00248000C1
:104080000002C0030001500500014805004440043F
:1040900000000850052373B50C4615460146084A32
:1040A00001A80193FFF7E6FE019E2A46304621460D
:1040B000FFF72DFE304602B0BDE870401CE600BFA1
:1040C000004440042DE9F047002688B080460F46A2
:1040D0001C22314601A800960BF09AFA08F101045F
:1040E00008F11105EA46D14606EB0A0208F1100173
:1040F000414506D00B780133DBB201F80139002BC2
:10410000F6D021462846FFF7C5FF1EB37B1E1F379A
:104110009AF8002013F8011F4A40BB420AF8012B0D
:10412000F6D12B4604AA4D4603CD9542186059603E
:10413000A94603F10803F6D1234608AD144603CC83
:10414000AC4218605960224603F10803F6D108B06A
:10415000BDE8F0871026C5E770B504460D4662B18C
:104160004B1E013A01F11F0013F8011F12F8016FF5
:10417000834281EA06011970F6D11022002104F170
:1041800011000BF045FA0021601C10220BF040FAE0
:104190000023237029462046BDE8704092E770B5A1
:1041A00005460C46002188B01C2201A800910BF0A6
:1041B0002FFA691C05F11002AA4206D013780133C8
:1041C000DBB202F80139002BF6D06E466A4605F1E3
:1041D0001100FFF75FFF224604AC334603CBA34236
:1041E000106051601E4602F10802F6D12022002123
:1041F00068460BF00DFA69462846FFF763FF08B0E2
:1042000070BD2DE9F047AEB00AAD07460C462E460C
:104210009846524B03F1100EAC46186859680833A3
:10422000ACE8030073456546F6D123461EAD04F1A4
:10423000100C2C4618685968083303C4634525469A
:10424000F7D122AC02F110052346106851680832FC
:1042500003C3AA421C46F7D1062331466846404AAA
:104260000093FFF707FE009C06AB204620221EA904
:10427000FFF79AFD2046FFF73FFD02AB1C46394D84
:1042800005F108061A4628686968083503C2B54270
:104290001346F7D12868A9881060AA79002599806B
:1042A0009A71CDE90E55CDE91055CDE91255CDE9FC
:1042B000145526AE94E80F0007C626F8023B1B0CE7
:1042C00033708DF8A7502AAE94E80F0007C63380EC
:1042D0001B0C06F8023F01238DF8B730062306A910
:1042E00001A81F4A0193FFF7C5FDDDF804A00EAD3C
:1042F0000DF198092B46494650462022FFF754FD00
:1043000095E80F0089E80F000DF1A80C94E80F0064
:10431000ACE80700ACF800301B0C3370022312AE7F
:104320004946202250468DF8B7303346FFF73CFD12
:104330005046FFF7E1FC95E80F0016AC1AAD84E893
:104340000F0096E80F0085E80F00424621463846E8
:10435000FFF702FF2EB0BDE8F08700BFA6420308BA
:104360000002C003B7420308F7B5089F15461E4672
:10437000019058B1A0F5E024B4F5803F04D23B464B
:1043800032462946FFF710FD03B0F0BD062301A811
:10439000074A0193FFF76EFD019C3B4620463246DB
:1043A0002946FFF701FD2046FFF7A6FCECE700BF1A
:1043B0000002C0032DE9F0430746884614468BB03F
:1043C000129D994602F1080602AB9C46106851689E
:1043D0000832ACE80300B2426346F6D101233068EC
:1043E000CCF80000B188B2793846ACF804108CF8EB
:1043F000062041468DF81730CDF80090102302AA10
:10440000FFF7B2FF4B460DF1080C09F1100E6246A2
:1044100018685968083303C273459446F7D1224699
:1044200006AB9C46106851680832ACE80300B24203
:104430006346F6D102233068CCF80000B188B27927
:104440003846ACF804108CF8062041468DF8273029
:104450000095202302AAFFF787FF2B460DF1080CD9
:1044600005F1100E624618685968083303C2734597
:104470009446F7D1224606AB9C4610685168083234
:10448000ACE80300B2426346F6D10323306810352E
:10449000CCF80000B188B2793846ACF804108CF83A
:1044A000062041468DF827300095202302AAFFF709
:1044B0005BFF2B4602AD03F1100C2A4618685968C1
:1044C000083303C263451546F7D1224606AB1C46A6
:1044D00010685168083203C4B2422346F7D104235E
:1044E0001068206091889279A180A2718DF82730A0
:1044F000139B414600933846202302AAFFF734FF5E
:104500000BB0BDE8F0832DE9F04F022A87B09E463C
:1045100006468C4617469DF840309DF8449029D8B1
:10452000940104F1200A103400EB82188244044400
:104530001BB32D4D02AB05F108091A4628686968BE
:10454000083503C24D451346F7D12868A988106085
:10455000AA7999809A71714643466046CDE900A4D4
:1045600002AAFFF727FF012296F8C830BA4013438A
:1045700086F8C83007B0BDE8F08F1C4D02AA05F1DF
:10458000080B134628686968083503C35D451A4659
:10459000F7D12868A9881860AB799180937171462A
:1045A00043466046CDE900A402AAFFF703FFB9F134
:1045B000000FD8D00E4B0121DD5D2846F7F766F8D5
:1045C0000C4A4146029002A8FFF754FC02212846FB
:1045D000F7F75CF821460290064A02A8FFF74AFC6A
:1045E000012386F8B834BEE7B7420308C742030880
:1045F000D44003080001500537B50024054601A842
:104600008DF80440FEF7E8F800284AD0FF2D4AD183
:104610002D4B21462D481C70F7F7EBF82C48E4F79A
:10462000C7F82C48E4F7C4F84FF00710E4F7C0F8D7
:104630002948E4F7BDF82948E4F7BAF82848E4F730
:10464000B7F82848E4F7B4F82748E4F7B1F8274862
:10465000E4F7AEF82648E4F7ABF82648E4F7A8F804
:104660002548E4F7A5F82548E4F7A2F82448E4F73C
:104670009FF82448E4F79CF82348E4F799F8234886
:10468000E4F796F82248E4F793F89DF804302148BF
:104690001C4011210123006801AA8DF80440FDF798
:1046A00041FC03B030BD9DF80430002BF9D0E94344
:1046B000CCB21940044B05481970F7F79AF8284610
:1046C000F6F75DFFDFE700BF00660020506D0020B9
:1046D00001000700040007000A0007000D000700A2
:1046E000100007000200070005000700080007008F
:1046F0000B0007000E000700110007000300070071
:1047000006000700090007000C0007000F00070063
:1047100012000700D06B0020F0B5441E10EA040719
:1047200005460E4693B04BD110F0870F48D040227B
:10473000394602A80AF06CFF02A8F6F797FC002899
:104740003ED0641144EA550404F0030402AB802D0A
:1047500003EB041036D13346044606F11007224617
:1047600018685968083303C2BB421446F7D1184C85
:1047700040231021206802AAFDF7D4FB00BB8DF86E
:1047800000006846FEF728F8D0B19DF80010114FE0
:10479000294311483970F7F72CF83B786A468DF8B1
:1047A0000030112101232068FDF7BCFB40B92846E9
:1047B000F6F7E5FE31460190084A01A8FFF75AFBDB
:1047C00013B0F0BD102239460AF022FFCFE700BF38
:1047D000D06B002000660020506D00200002C00356
:1047E00030B5234C87B0237C0F2B3ED84EF65502B4
:1047F00000251B0141F288311E48ADF808208DF8D4
:104800000A301D4A0023F7F709FBA379009502A996
:104810000322208843F00103F6F764FE0122237C83
:1048200004F12C00234483F83D201023A4F81651F2
:104830002374F7F79FFB0520F6F7F4FD0F4B94F870
:10484000322114F84D1B83F8C052A3F8C8120C494A
:10485000A3F8CC52098803F5307303A85981039457
:104860008DF810200593FAF7A3F907B030BD00BF0B
:10487000E08800202481002091BF0108F836002044
:10488000E66100204FF2550330B585B02048ADF801
:104890000C3041F2883100231E4AF7F7BFFA1E4858
:1048A00090F822309BB1437E1C4A8DF80E3090F870
:1048B00070300092B0F86A00032243F0010303A9AC
:1048C000F6F710FE0620F6F7ADFD05B030BD144A30
:1048D000117C10290BD0B2F8321192F81551B1FBAE
:1048E000F5F405FB1411E3B209B10133DBB25374E3
:1048F00000228DF80E3090F870300092B0F86A0007
:10490000032243F0010303A9F6F7ECFD0520DAE7E3
:104910002481002091BF0108FC80002073CE010893
:10492000E088002010B50C4CC822002120460AF077
:104930006FFEA4F14D031422002118460AF068FE10
:10494000102200210274A0F816111A2204F1CB00E3
:10495000BDE810400AF05CBE2D890020F0B41E4670
:10496000214D12B32B460024DF78CFB19F78BFB121
:104970001F78874214D15F788F4211D11C235C438A
:10498000306871680122231D2B4403C342F2107169
:104990002B199A700C34154A2819F0BCF7F73EBA57
:1049A00001340F2C03F11C03DED100240E4B9F7841
:1049B0009FB91C235C432B19DA7028555970306855
:1049C0007168221D2A4403C2012204F10C009A706E
:1049D00042F21071054A2844DFE701340F2C03F13D
:1049E0001C03E4D1F0BC704794670020AD9501082A
:1049F0002DE9F843DFF8608000F0FC0498F8585087
:104A0000E82C06464FEA90074FEA95050AD804F1CC
:104A10000309A0B2F5F770FF60B94C4502D001342C
:104A2000E92CF6D1AF4211D04C22FF2108480AF000
:104A3000EFFD09E0AF4209D006484C23044A006864
:104A400007F50071FDF7B0F988F85860BDE8F88304
:104A5000768F0020D06B0020F49C002070B50546B6
:104A6000084619461C461646F5F7EAFFAB78F3B13F
:104A7000EB782078190903F00F03F61A042E17D9E2
:104A80002B441A792A7231B96378C2F3410223F0B8
:104A90000303134363700322237849008A4023EA07
:104AA00002032A7AC2F3C1028A401343237070BD05
:104AB00020F0030343F00103237008232B72EAE77D
:104AC00013460A4601460148E4F7E2B98C6C00201F
:104AD0002DE9F0411D461646074688460A4CE0225D
:104AE000002120460AF094FD2A46314604F10900CF
:104AF000A4F80680277125720BF0B8FC822323707E
:104B0000BDE8F041FEF75CBFD4950020054B064A96
:104B10001B7812780146134302D11A468320D7E747
:104B2000704700BF3B8000205C8A0020002313B543
:104B30000C46CDE9003383074CBF072105216A46A7
:104B40002046F7F7DFF8002321461A468220FFF7B8
:104B5000BFFF02B010BD05292DE9F04705460E46FE
:104B6000904650D9294F2322002107F190000AF0E6
:104B70004FFDEB7807F1880913F0040025D143F0CD
:104B80000403EB702B68C7F88830AB88A9F80430B1
:104B900097F88D3087F88E30FCF704F8062E87F8EA
:104BA0008F002ED0B31F232B94BF34462924A91D78
:104BB000A21F07F190000BF059FC631F4146BDE8AE
:104BC000F0478420124ADBB282E72B2E344628BFFE
:104BD0002B242946224648460BF048FC97F88B3098
:104BE0009B07EAD4FBF7DEFF2A2E87BF2A242B2659
:104BF000661CF6B2621F0748691D0BF037FC34468D
:104C0000DBE70824D9E7BDE8F08700BFF8360020CD
:104C10008537002086370020014600220148E3F74F
:104C2000F0BE00BF407C002010B50446C06A58B1F9
:104C3000002203210DF036FC30B194F83010A06B47
:104C4000BDE81040E3F72FBF10BD08B50023437245
:104C5000074B93F8DD2052B993F895313BB90548DD
:104C6000E3F7E7FE18B1BDE808400248DCE708BDFD
:104C7000F83600203C7F00202DE9F041AE4C94F83E
:104C8000B330BBB194F8B420013B84F8D42294F83B
:104C9000B52084F8B33084F8D522B4F8B620A4F84F
:104CA000B4200025B827A54E012D84F84C5204D914
:104CB000BDE8F08184F8D432F3E707FB054315FB28
:104CC00007FC93F8D43006EB0C02013B2260062B64
:104CD00036D8DFE813F007002E00350045009200BB
:104CE000E8000501002307FB054585F8D43095F859
:104CF000DB30012B24D8D5F80C31D97811F00F0115
:104D000010D09D784FF0C80832230139C9B218FB82
:104D10000138FCF76CFF6B1CB0FBF3F101FB1301D6
:104D200008EB41011046FCF7F7FE022223681A70D7
:104D300006E094F8D432012B07D0062B00F0AB80AC
:104D400094F84C520135EDB2AEE7FBF705FE0028B2
:104D5000F6D0B823042203FB054383F8D42045E0B2
:104D600094F8D432002BEBD1B82101FB054191F826
:104D7000DA0010F0400E3CD10CF1850C06EB0C0370
:104D8000C1F80C3191F8DB3010F0080F43F020032C
:104D900082F885304FF0400308BF4FF47A6182F803
:104DA000883018BF4FF4FA614FF0050C0123C2F8A8
:104DB00089E0B82000FB054080F8D4C0604803704B
:104DC0001046FCF7A9FE20685E4A43888179A0F866
:104DD0004230838801F0F701A0F844303830E8F71A
:104DE0005BFB0028ACD1072223681A70FBF73FFF5A
:104DF000A6E74FF0060CC821DBE794F8D432013B5C
:104E0000052B9DD801A252F823F000BF254E0208C1
:104E1000414D0208814E0208434E0208414D0208EE
:104E2000974E0208FBF798FD002889D0002384F8EC
:104E3000D632B82340F2071203FB0543A3F8D4206F
:104E4000D4E7DFF80CE1A4440CF1E80CBEE80F0055
:104E5000ACE80F009EE80700B8238CE8070003FBCE
:104E6000054393F8DA2012F0090F01D1072274E705
:104E7000354A127883F8F220012384F8D6325FE7AE
:104E8000B82303FB054394F8D512B3F8D820914218
:104E90007FF456AFEAE7B82303FB054394F8D52225
:104EA00083F8D520E2E794F8D432042B0AD8022BF9
:104EB00012D8012B7FF444AFFBF74EFD00283FF4DE
:104EC0003FAF02E0062B7FF43BAFB82303FB054363
:104ED00094F8D52283F8D520B82303FB0543C5E712
:104EE0000CF13003F018F35803B394F8D4320CF1FA
:104EF000140C042B1FBFB82303FB054393F8D530D4
:104F000084F8D532114B1A68B82303FB0543D3F854
:104F1000E410521AC3F8E82094F8D51206EB0C02FC
:104F2000F5F7E0F800222368C3E90C222068FFF7B8
:104F30008CFE00222368FAE6F8360020CC370020E9
:104F4000D2620020A90C020890810020345D00206C
:104F5000B0370020F8B5224B06461B8883423DD06F
:104F6000204C214FD4F8E4203B6801219B1A2246B3
:104F700004F5827042F8E83FF5F7B4F800252046C2
:104F800000F8D45FC4E94155FFF75FFED4F89C21D7
:104F90003B6801219B1A04F5DE7004F5D072C4F859
:104FA000A031F5F79FF804F5C670C4E96F5584F891
:104FB0008C51FFF74AFEFE2E10D13046FBF7E0FC85
:104FC0000C223B6802FB004403F5BB531033A36083
:104FD00001232373BDE8F840FBF70FBEF8BD00BF07
:104FE000E6610020F8360020345D00202DE9F04F06
:104FF00089B004464569E4F7F3FB267E237800F187
:1050000009095FFA89F9A6EB0906052B95F80080D6
:10501000F6B200F08A800A2B00F087804FF0010B77
:10502000013EF6B20023A374A31C04221846724961
:1050300001930BF028FA08B10123A3746F4B1B787E
:10504000013B012B40F29780072E40F2948008F03C
:105050001F08B8F1020F71D10E2E40F28C806B78D0
:10506000580707D5664B22891B889A4202D0A0793F
:10507000FFF770FFEA7802F00F0303EB1213042B23
:1050800079D105F108031A460327009312F8010DA0
:1050900078B112F8013C002B6DD0114601235FFA64
:1050A00087FC11F801ED864565D00133DBB263451D
:1050B000F7D9013FEAD1DFF848A12289BAF80030D8
:1050C0009A4240D000224F4B1A704F4B227C1A70EC
:1050D0002078F4F7D5FF4D4BB8F1020F187040F06F
:1050E0009F80A37C13F0010345D1687800F0030092
:1050F000032840D1BAF800602289B2423ED1444A26
:1051000092F8D612002936D0A17982F8D632FBF770
:10511000B3FD01212378A07905F10A02F5F788FB98
:1051200009B0BDE8F04FF5F7A3BCE269023ED379C0
:105130004FF0020B013BD371F6B273E7B8F1010FE8
:105140008DD1112E89E7A37CD907BBD463691B7A63
:105150001F2BB7D92F4B1B685B6902930CF078FBB0
:10516000029BDA6B9B6B039202930CF0E7FBDDE989
:1051700002329A42A6D109B0BDE8F08FEA7812F067
:105180000F01F8D02944C978B142F4D1207E09F149
:105190000F0159448842EED10F32EA700F22AB70F2
:1051A000E3691B494B4481F82423C1F8D83201F24A
:1051B000253203F10C0053F8045B834242F8045B90
:1051C000F9D1188810809B78134893700022134BF4
:1051D0001A70D4F80230C1F8DE32E388A1F8E23266
:1051E0002389A1F8E432E37A81F8E732402109B05B
:1051F000BDE8F04FE8F750B91C6B0020B0810020EB
:10520000E6610020918100209081002050800020E4
:10521000F8360020D06A0020D0390020D262002069
:10522000BAF80010EB1CEA1D13F8010F8842A2D057
:105230009A42F9D1A37994F80BC08B429BD0002BF2
:1052400008BFEF23974A107A38B1EF2B107840F05F
:105250009280FE288FD0EF288DD00C32002F00F0E6
:10526000888027898F420FD08F4B1B7813F0300F27
:105270000AD113F0010307D0B8F1010F00F08A80C2
:10528000A27CD20740F19A80884B27891B88BB42B9
:105290007CD1A37C03F0010158EA01017FF46BAFDC
:1052A00043F08003A374636908336361237E083B82
:1052B000A3EB0903A3EB0B032376A37A1B0749D5C2
:1052C000EE1C32462378E088F5F7B2FAF5F7D0FB0A
:1052D0000F222946764B83F8242303F2253005F16B
:1052E0000C0251F8047B914240F8047BF9D10A8802
:1052F00002808A78827093F8E62222206FF3C3023C
:1053000083F8E622052283F8EB22E17A83F8E7129C
:10531000D4F80220C3F8DE22644A1288A3F8E222FD
:10532000E28883F82503072083F82E1383F82603E9
:10533000A3F8E42283F82D23D5F803205D48C3F8B1
:105340002F2300223379402103715B4B57381A70A9
:10535000E8F7A2F8594BE28805A81A812289079339
:105360005A8162690592227E8DF81820F9F720FC97
:1053700001E7012767E798427FF46FAF50786045F7
:105380006AE7BAF80030BB423FF4F5AEFF2F7FF476
:10539000F2AE7EE74A4A02931278002AF1D0042244
:1053A000484900980BF06FF8029B38B1697A2A7A65
:1053B0000A43A97A0A43E97A0A43E2D13C4F97F8B3
:1053C000D4203AB197F88C211AB1022387F84C32D5
:1053D000D1E61A46237E87F84C22802B3FF6CBAECF
:1053E000B821B8F1010F08BF364B374808BF1B681A
:1053F000DFF8DCA008BFAB6012FB01F301FB027217
:1054000000EB030C853318442946C2F80C0182F8DE
:1054100058613246CAF800C00BF028F8A079FBF7B3
:10542000AFFA0C2303FB0077E37A7B71274B1B68F1
:1054300003F56163BB6001233B73FBF7DEFBEA7896
:1054400002F0F003013B3F2B3FF61EAF174B12F06B
:105450000C0F18887FF418AFDAF80030019903F1C7
:105460003E0701F10C0C51F804EB614547F804EBE1
:10547000F9D10988083E39809F6B02F00F01394449
:105480000F3A0871FA70A2795A80227A1E729A80B5
:1054900001221A7040229A710022C3E90C22FBF704
:1054A000E6FBF1E6FC36002038630020E6610020D0
:1054B000F8360020273A0020D26200209481002094
:1054C000AD8100201C6B0020CC370020345D002013
:1054D000F48100200022074B90421A7018BF01226D
:1054E000054B1A7003D005490548E3F7ECBA0448A8
:1054F000FFF79ABBB0810020AD810020E09304004B
:10550000BC7E00200022024B02481A70FFF78CBBC1
:10551000AD810020BC7E002010B5044690F830100C
:10552000806BE3F7C0FA044BE06A0221BDE810404B
:105530001A680CF0B7BF00BF345D00202DE9F043BE
:1055400006460D4689B019B9002009B0BDE8F083C0
:105550000868496802AB03C32C78A8682F7914F057
:105560000C04B5F80290186007F07F0701D0012005
:10557000EBE7214601200DF1030301AA01948DF808
:105580000340F0F7A3FA9DF80380B8F1000FEED0C6
:10559000B8F1010F08D1019B1A884A4504D19B78C4
:1055A00003F07F03BB42E2D02348E3F742FA234BE8
:1055B00000B31F464FF0000C3A68964213D1D7F85B
:1055C00004E005AADEF80000DEF8041003C2DEF8ED
:1055D000080010609DF810204240520603D1164882
:1055E000FFF79AFFC3E70CF1040CBCF10C0F07F1B5
:1055F0001007E1D11A6842B11A692AB11A6ACAB110
:105600000D48FFF789FF9FE7012421015E500199B2
:1056100003EB04129160556082F80C80084A11680F
:105620000029A4D103EB0413FA2103481360E3F724
:105630004AFA9CE70224E8E7B84F0020884F002090
:10564000B44E002008B58378A3F16402D2B29A2A3E
:1056500014D9003B18BF0123094A5B42DBB2137027
:10566000084A1370084A1370F1F73EFB50230749AC
:1056700007480B73FFF762FF012008BD0020FCE71D
:105680001C4F00201D4F0020B55100208A520020E1
:105690009D6F0108F0B5ADB004460F4616460021D7
:1056A000A5220DF109001D4609F0B2FF4FF41B734E
:1056B0000022ADF804300521234601A88DF80670BC
:1056C0008DF807608DF80850F1F732FC2DB0F0BD71
:1056D00010B50446E3F7ADF910B12046FFF7A4FA80
:1056E000064B40F2DC511A7B42F210732046BDE8B3
:1056F000104001FB0231E3F7E6B900BFE49B002054
:1057000073B50446F1F740F8134D2A6811888142B9
:1057100020D9526803B203EB8303DE0002EBC3031C
:1057200093F82020920715D4586801A9FDF7D4FEFC
:1057300080B12B685A68019B3244516999420CBF71
:1057400013690133019301995068F0F76DFF20460A
:10575000EAF796F802B070BD184F002010B541B1BD
:105760000B7E411E013B5BB203301C0601D481421B
:1057700000D110BDD45C013B01F8014FF5E72DE9E4
:10578000F04F0D461F466B4BB7B01B6800219B695D
:105790000446934605A81022B3F80CA009F038FF80
:1057A0002846F0F72BFF054618B9022037B0BDE8B0
:1057B000F08F5845F9D2204600242E46A14605A96F
:1057C000F1F782FD284603A9F1F754FA039BAAF1E9
:1057D000070A1B7E1FFA8AFA039AB2F80280B8F110
:1057E000000F21D0C3451FD90136404603A9B6B2E8
:1057F0000093F1F73FFA4645039A009B02D1117ED0
:10580000994206D00134137EE4B24FF000094646B7
:10581000E2E703EB09021FFA82F913FA82F252451A
:10582000F5DD0134E4B2F0E7284603A9F1F722FAE6
:10583000039B002693F818904FF41763BF01ADF84F
:105840002C306BBAADF82E30FBB2009349EA03035B
:1058500063F07F038DF831408DF832308DF8306081
:105860000DF13307DDF80C803846414604AAFFF7F6
:1058700075FF4E44042208F11C0104A8B6B20AF0D8
:1058800002FE28B19DF8322002F07F028DF832200E
:105890009DF8302001328DF83020B8F8022053BA3C
:1058A0009046ADF806307AB193450DD901351046D2
:1058B00003A9ADB2F1F7DEF94545039A02D1117E95
:1058C00049452ED092F81890F11D002205ABC9B2BF
:1058D0000BA8F1F72DFB00283FF467AF0CB1013C9A
:1058E000E4B2BDF806308DF83140ADF82E30009BA3
:1058F00043EA090363F07F038DF8323000238DF80B
:1059000030302CB14FF4FA55FDF7A3FA013DFBD12D
:10591000B8F1000F0CD0C3450AD900260DF13307AA
:1059200004E006EB09025245CEDC4F44454699E7B8
:10593000FF203BE7D80A002010B50346407E18B18F
:10594000012830D001201CE0187E022811D0042844
:105950001ED00128F6D193F9104091F9002094420D
:1059600001DD0C700CE093F914309A4209DD0B70E4
:1059700006E0B3F91000B1F90020904202DD088082
:10598000002010BDB3F914309A42DBDD0B80F7E73D
:1059900018690A68904201DD0860F1E75B699A4284
:1059A000D0DD0B60ECE71A7E022A0CD0042A14D05A
:1059B000012AE6D11C7C08788442D2D81B7D98420B
:1059C000D5D81046DDE71C8A0A88944201D90C809C
:1059D000D6E79B8A9A42D4D9D8E71C690A689442D0
:1059E00001D90C60CCE75B699A42CAD9D9E77FB587
:1059F00005460191F0F7C8FE144C226811888142D7
:105A000021D9526803B203EB8303DE0002EBC30328
:105A100093F82020920716D4586803A9FDF75CFD7F
:105A200088B1236801A95C6834442046FFF784FFED
:105A300048B101996068F0F7F7FD284604B0BDE869
:105A40007040E9F71DBF04B070BD00BF184F0020C3
:105A500037B505460C46EFF79FFE0346A5B974B966
:105A60000F48104A002B08BF1046002300906946DB
:105A70000D480193EFF7AAFC019803B030BD214611
:105A80002846EFF7BFFEF0E7EFF750FE854203D15F
:105A900024B121460120F4E70448E6E70448E4E79E
:105AA000D40C0020CC0C0020C7400108405D002031
:105AB000DC0C0020704708B50021084A0848EFF7C1
:105AC000E1FB48B10023074AC2E90033C2E90433CD
:105AD000C2E90833044A136008BD00BF0547010846
:105AE000B84F0020884F0020B44E002007B5002298
:105AF0008DF807000DF107010248E2F782FF03B0BD
:105B00005DF804FB00080020F0B580BB334B34483F
:105B1000344A00251478EEB2B4422CD80026002571
:105B200090F800C0EFB2BC452CD84FF0000C002517
:105B300093F800E0EFB2BE452CD8BCF1000F2ED197
:105B40006EBB742931D85D292AD8202927D01F2976
:105B500036D9222901D0552932D15368651C1570D8
:105B60001955037842685C1C0470D15417E0002377
:105B700018461A46CDE75668765D0135B142CAD15E
:105B80000126CCE747687F5D0135B942CAD14FF0A5
:105B9000010CCCE75F687F5D0135B942CAD1F0BD29
:105BA000A1F15E06104DF6B207E09F2912D88929AF
:105BB00006D901F176060D4DF6B2F540ED07CCD4CD
:105BC0005068651C157001551A785868541C1C7073
:105BD0008154E4E7FF29E2D0F2E700BFDC0C0020AB
:105BE000D40C0020CC0C00200140400021402000BB
:105BF0004FF0004238B51D4B1D4C5A664AF6CD3366
:105C0000656C236405F00105C0B90120ECF748F983
:105C10006368D90701D42DBB38BD0122154B5A60EA
:105C2000154B226BD207F6D4013BFAD1F3E70133CF
:105C3000216B080705D59342F9D1ECE700230F4A01
:105C4000F6E79342E7D020220A4B9A620122A3F59D
:105C500080535A60084B064A916A8906DBD4013B9F
:105C6000FAD1D8E7024B064A1A64D5E700900050F3
:105C7000004009500060095041420F0040420F00AF
:105C80003254FFFF074B1B7833B9074B1B780BB11E
:105C90000020ADE70120FCE7012BF9D0022BF9D061
:105CA000704700BFD2130020D11300200C4B0D4AC7
:105CB0009B6A13F00801936208D001210A4B197006
:105CC0000823D3621022094BDA62DBE7DB06FCD53E
:105CD000054B19701023D3620822044BF4E700BF70
:105CE0000040095000600950D113002000500950B5
:105CF00073B5002504468DF807502046E9F706FFE6
:105D0000266B86420AD2236AB5EB430F06D20022E5
:105D100020460DF10701EAF7F9FE58B19DF807306A
:105D2000012B05D1002220460DF10701EAF7EEFE16
:105D300002B070BD0135E0E710B508B301B30378D8
:105D4000FBB1013BDBB2022B1AD80F4AD35C42787D
:105D5000D340DB0714D5EFF31184302282F311888E
:105D60000378534303F1A04303F570335B6C42782F
:105D7000D34003F001030B7084F31188BFF36F8FDE
:105D800010BD40F2FF13E2E7EA30030808B50A4805
:105D90000CF058FC094B1A68510104D44FF0806292
:105DA000C3F880211A601A68120104D44FF000620F
:105DB000C3F880211A6008BDB431030800E100E097
:105DC00070B500F124030446303053F8042F22B19B
:105DD000526812B10023E37070BD9842F5D10D787E
:105DE0000DB10123F7E7E378022BF5D0EFF310862E
:105DF00072B6201D0BF004F840F20323638094F880
:105E0000243065704BB9EFF3108072B6054A1378F1
:105E10000BB1013B13700CF0CEFC3046BDE8704076
:105E20000CF0C9BC6951002073B51A4C0646B4F891
:105E300014310120ADF80430FCF7F9F80C22164DAE
:105E40002B7802FB0343154C403393E8070085E8A9
:105E50000700114620680AF06EFB6B681878FDF7A2
:105E60008FFD0122206811460AF05FFB206801A91E
:105E70000AF0DFF966B1EFF3108072B60122084B29
:105E80001A700CF098FC0022206811460AF0FCF809
:105E900002B070BDD8420308A49C0020B09C002032
:105EA000416300202DE9FF470446407891469A4619
:105EB0008846FAF7C3FDFBF7B7FE054630B1FAF79F
:105EC000CFFD0225284604B0BDE8F087002200235C
:105ED000CDE90023454E00234FF4000230680AF05C
:105EE000ACF94FF6FF7130680AF0A5F9404BA3F802
:105EF0004452404B5B78023B012B02D82846FFF707
:105F000093FF3D4B9B68002BDBD06078FAF7B8FD20
:105F1000FF28074603D1FBF769FD0425D2E7EFF31D
:105F2000108072B60222354B1A70354B1F700CF080
:105F300042FC30680AF094F8012342464946306832
:105F40000AF023FA8045BCD1002352460C993068F0
:105F50000AF01BFA8245B4D13946207AFCF7F8F8EA
:105F6000E37983B1274BDA886AB1274A3946D25D93
:105F7000DA700022009230680AF084F818B3FBF758
:105F800035FD01259EE7002302930123D4F80C90F0
:105F90003068ADF80C30B9F1000F0CD00AF01FFAE0
:105FA00040F2F133A0EB09029A429EBF09F2F239A6
:105FB000A9EB00000290002200923946306802AB43
:105FC0000AF05EF8DAE76078042805D82279D04430
:105FD00021784244FAF76AFDFCF78AF801220B4B5C
:105FE0000B4930680AF02EF86CE700BFB09C002027
:105FF000F836002044630020A49C00204163002068
:10600000B49C0020B89C0020C59C0020011A020806
:10601000C0C62D002DE9F7430446407891468846D6
:10602000FAF70CFDFBF700FE054630B1FAF718FD54
:106030000225284603B0BDE8F083414B9B68002B46
:10604000F6D06078FAF71CFD0428074603D9FBF761
:10605000CDFC0425EDE7EFF3108072B60322394B37
:10606000394E1A70394B1F700CF0A5FB2A460121DE
:1060700030680AF098F9364B4946424618460AF00D
:10608000F5F90346434418462279E17809F0C0FA4D
:1060900061792279DFF8C4908154237908F10102F3
:1060A00013443946207A89F84632FCF751F82179B1
:1060B0003068C90009F057FBA37901212A463068EE
:1060C000A9F8443289F847820AF06DF9FAF738FEE8
:1060D0004FF400020023CDE9002330680AF0ADF848
:1060E00099F8461230680AF05AF91A4A1A4BD25DEA
:1060F000DA70DA8872B1009522223946306809F0E8
:10610000C1FF0746002130680AF095F84FB1FBF750
:106110006DFC8DE72B4622223946306809F0AEFF30
:10612000EFE76078042808D82379A279434403FB79
:106130000222217892B2FAF7B9FCFBF7D9FF78E78F
:10614000A49C002041630020B09C0020B49C00204F
:10615000F49C0020C59C0020B89C0020F83600204C
:1061600008B5084B00220121186809F08DFFEFF3F4
:10617000108072B60122044B1A70BDE808400CF082
:106180001ABB00BFB09C00204163002010B504463C
:106190000020FBF74CFF104B18685968FCF7DAF841
:1061A0000020FBF744FF0D4B5B681878FDF7E8FB18
:1061B00001220B4B114618680AF0B7F914B1BDE87B
:1061C0001040CDE7EFF3108072B6064B1C70BDE8AF
:1061D00010400CF0F0BA00BF00000850A49C002052
:1061E000B09C0020416300202DE9F041124F06468B
:1061F000386809F020FF01281AD00020FBF717FFAC
:106200004FF001080022386811460AF08EF9012487
:1062100000252246386871190AF047F820B1241A7F
:10622000A4B20544002CF4D14046BDE8F041ADE7EE
:106230004FF00008E6E700BFB09C002008B5C36837
:1062400000209847024B1868BDE808400CF0B3BA2C
:10625000140B0020F0B52F492F48ADF5197DEAF752
:106260005FFE044690B904AD01465022284609F06D
:10627000CFF92A4B1422009329462346264801943D
:10628000EBF71CF9064620B9FAF778FC0DF5197DF5
:10629000F0BD274603AB55F824101F4802AACDE9EC
:1062A0000277EAF779FB039BB3F5007F15D855F821
:1062B000241018AA1848EAF7E5FA55F824301848C7
:1062C000B3F5A02F24BFA3F5803345F8243055F84B
:1062D0002410039B18AAEBF791F90134A4B2B4423D
:1062E000D8D3104C94F85430002BCDD004F12000BA
:1062F0000221EAF710F804F120000021E9F7CEFFAF
:10630000002104F12000EAF7C5FCE06DFFF796FFDD
:10631000BAE700BFF043030818370020FFFF05006D
:10632000A80B0020F83600202DE9F347044600288A
:1063300059D090F80190B9F1000F02D08578032D63
:1063400011D1FF25A9460EE0C1453ED00AF0F4FB6D
:10635000301A002824DA0A3754F8273041461A78D0
:106360009868FAF756FB4FF0000803274FF0FF3606
:10637000434604F1240050F8042F42B1D2F808A09B
:1063800092F800E000225FFA82FCE64521D8013352
:10639000DBB2032BEFD1731C25D0BD42D4D0D5E79F
:1063A0000AF0CAFB351A84F80180A7700DD00026C8
:1063B000271D384626620AF023FD23462946384623
:1063C000CDE90066094A0CF055F9012002B0BDE89C
:1063D000F0875AF8221021B1B1423EBF1F46E04675
:1063E0000E460132CFE70020F0E700BFF16302085C
:1063F00037B50C46E9B18B78022B1AD80A3351F81D
:106400002330B3B1E5784978ADB1012D11D11A78B7
:106410009868FAF7FEFA0023637003232046A370FE
:10642000FFF782FF0DF107018DF807002046FFF707
:10643000C7FC03B030BD1A789868FAF7EAFA03236C
:1064400020466570A37003B0BDE830406CE72DE9CD
:10645000F347342600234643224F8146F519284648
:106460000C468DF80730FAF7DCFA90468246A8BB56
:10647000BB5D9BB30D2303FB09430A3357F823305D
:1064800063B3EB78012B29D86B78934207D104369C
:10649000B8190AF0B5FC032385F801A0AB700D23F1
:1064A00003FB09440A3457F8243041461A789868A7
:1064B000FAF7AFFA57F8243033B101215A6801FADC
:1064C00008F122EA01025A602846FFF72DFF0DF17C
:1064D00007018DF807002846FFF772FC02B0BDE8FF
:1064E000F08700BF600C00202DE9F04350021446F5
:1064F0001D468FB064D5964F964E97F82830012BE5
:1065000006D07B78023B012B02D9306809F02DFFC1
:106510000023306808A9CDE908330AF043F80028C1
:1065200045D18D4BBDF8221097F828C019809DF8F1
:1065300020208A4BBCF1010F9DF826001A7009D06B
:10654000FF2903D040F6FF7C614503D184490978D7
:1065500000292CD08349097841B18349052894BF8B
:106560000918053191F8340180490870FE2A1CBFD2
:106570007F490A707F4A1278042A05D17E4A526800
:1065800052890AB901221A701978306809F0CFFFD0
:1065900010F5007F08D0010400F1B780821C00D5FF
:1065A000421D764B92101A700320FB689847002218
:1065B0000023CDE900230023714A306809F03DFE35
:1065C000E20219D56B4B1B78042B15D16D4F3B782C
:1065D00093B1FB6A83B1002201213846FAF721FA10
:1065E000064648B939460120FAF7F6F920B1324695
:1065F00001213046FFF72BFF614B1C4213D05D4B4E
:106600001B78042B05D1604B1C420CD00020FBF7FB
:106610000EFD00220023CDE900234E490023584AF5
:10662000086809F00AFE594B1C4224D0584B494EC9
:106630001C4237680ED01422002108A808F0E8FF99
:106640000321384608AA09F0A2FE014610B13068BD
:1066500009F0A3FE474B37681B78042B59D1002261
:1066600000233846CDE900230023454A09F0E5FD23
:10667000306808F08BF9200201D5FAF761FB04F0CD
:10668000AA4305F02202134335D0DFF8E880314EEB
:1066900098F800303068032B2D4F40F0BD8014F087
:1066A000804FDFF8F09000F0B580B9F84432002B4D
:1066B0000CBF0424062400220023A907CDE90023EF
:1066C0004FF000034FF4000248BF072409F0B5FD66
:1066D0004FF6FF71306809F0AEFD0023A9F844328F
:1066E000FBF784F90123204688F800303B6998477E
:1066F000306808F04BF9AB0540F1B1800820144B2D
:10670000DB680FB0BDE8F0431847821E48BF421C4B
:1067100047E7230704F008023ED51422002108A809
:1067200008F076FF0321384608AA09F030FE002859
:106730009ED09DF820303068072B99D109F02BFEB0
:10674000002895D0024B0120DB68984790E700BFF6
:1067500044630020B09C00202C6B0020E49C0020AF
:10676000F1810020BC6B0020D8420308E69C002089
:10677000B49C002041630020A49C0020E59C0020E4
:1067800030081100600C002000081100088D010085
:10679000000D0100F836002004F4807313433FF429
:1067A00067AF304BDB6913B11A6901321A611422E9
:1067B000002103A808F02CFF0321384603AA09F0A2
:1067C000E6FD07461822002108A808F021FFEFB1D6
:1067D0003946306808AA09F0DCFDB8B99DF83320C5
:1067E000FE2A04BF204B1A78FBF773FC90420DD9A8
:1067F0001046FBF703FD0338C3B2012B06D818225D
:106800001A4B02FB00331A6901321A61306808F032
:10681000BDF82DE706244EE709F029FC10B13068D9
:1068200009F01EFCE20104F0807306D5FB6913B188
:106830001A6801321A60022452E705F0020213437B
:106840000BD0FB6913B15A6801325A600022012152
:10685000306809F0A8FD072442E7062440E70FB09E
:10686000BDE8F08344630020B49C0020D065002084
:10687000044B1B7813F0300F03D101220221104684
:10688000E5E57047386300202DE9F04F05460C46DA
:106890001F46914685B0002A00F0AC80644B1B680F
:1068A0009A4200F2A48040F2E7300021614B4FF49D
:1068B0007A721E680023E9FB060108F097FC834604
:1068C0004FF0340A0AFB05FA5B4E3A460AEB06081B
:1068D00021464046FAF7A5F8002840F0888016F8CF
:1068E0000A30002B00F083800D2303FB05430A339D
:1068F00056F82330002B7AD098F80130BB420CD1E7
:106900000AF1040A019006EB0A000AF079FA03235F
:10691000019A88F8023088F801200D2303FB054313
:106920000A3356F82330D3F808A01A78B9F1000FCB
:1069300062D101205968B840014359605046394638
:10694000FAF767F84046FFF7EFFC342303FB0563D3
:10695000DB788DF80F00022B44D1002D42D1EFF3EC
:10696000108972B6354A1378FF2B38D0344E013374
:1069700013703378012B32D9EFF3108772B6DFF83A
:10698000D0A09AF80030FBB12E4C23781BB901231C
:1069900023702D4B1D702D4D2B781BB10AF0DAF8AA
:1069A00000232B7038460BF006FF01200AF052F846
:1069B000EFF3108772B623781BB10AF061F8002359
:1069C000237000238AF8003038460BF0F4FE30784C
:1069D000012804D001210AF013F80123337048463E
:1069E0000BF0E9FE40460DF10F01FFF7E9F905B0A4
:1069F000BDE8F08F934663E7BAF1000F09D09742E4
:106A000007D2BBF1000F04D00AF096F858444AF8B8
:106A100027000D2303FB05440A3456F82430002BCD
:106A200090D001215A68B94022EA01025A6089E7F0
:106A30005857002068110020600C00206951002088
:106A4000615100200A570020625100206751002048
:106A50006351002073B500206946FDF746F85C4B92
:106A60005C4D5B681E78FDF767F80246FDF753F84A
:106A7000023EF6B240B94FF47A63C5F85833012E9E
:106A80009DF8014045D80DE0012E9DF8014015D834
:106A9000A2B14FF4FA62042302210020C5F8582362
:106AA000FFF7F2FE022C40F08F809DF800300D2B96
:106AB00040F2818002240134E4B231E0002001A9D7
:106AC000FDF713F89DF80420C5F85C23002A45D192
:106AD000FBF78DF8012E0ED82823B0FBF3F203FB51
:106AE00012006423C0B210FB03F0002808BF184650
:106AF000C5F85803D6E77823B0FBF3F203FB120383
:106B00006422DBB213FB02F3002B08BF1346C5F867
:106B10005833022CCFD19DF800300D2B4CD90124D5
:106B20008DF80140009A2C4BDA60FCF7E7FF002853
:106B30004CD02A4B1B78042B48D8294BD5F8581336
:106B40001868E1F7C0FFFCF7D9FF00283ED0032208
:106B50000221002002B0BDE8704078E4052A15D873
:106B6000FBF745F8022E34BF28237823B0FBF3F15E
:106B700001FB13001023013AC0B2904093404FF440
:106B80007A725343642202FB003376E7062A02D06E
:106B9000144B1B6813B94FF4FA236EE74FF4FA3223
:106BA0005343B3F5FA2FC5F858337FF668AF00208A
:106BB000E2F7C2F963E7042401338DF8003023467D
:106BC0000224A342ABD076E70423FAE702B070BDFB
:106BD000A49C0020F8360020000008502D6C0020F6
:106BE000E86B0020386C00202DE9F3410024DFF829
:106BF00010813D4DD8F80000CDE90044FEF714F8AF
:106C00002B78022B0AD121462046F7F70BFE0323EF
:106C10002B7000F077F802B0BDE8F081032B34D17F
:106C2000324E376847B3324BCDE900441B78012B15
:106C300019D16846FCF79AFF3368D8F80020013B69
:106C40003360B3B1FAF7D3FF4623B0FBF3F101FB96
:106C5000130064214FF47A63C0B211FB0031104677
:106C6000E1F731FFD7E7022BE6D16846FBF71AFEC2
:106C7000E2E74FF47A61F2E701232B7000F042F86B
:106C800039460720E0F722FEC5E7042BC3D1194C93
:106C900094F86033DBB9FCF74FFF48B1164B032083
:106CA0001B7984F86133E2F7ECF9012384F860334F
:106CB0000024124B684600930194FCF757FF03230E
:106CC00041F2883202212046FFF7DEFDA3E7FCF700
:106CD00033FF05460028EBD194F86103E2F7D1F9C0
:106CE00084F86053E4E700BF2D6C0020306C002076
:106CF0002C6C0020F836002044630020556A0208FE
:106D0000E86B002010B52F4C8AB02078022832D1D1
:106D10002D490120F7F786FD00232C4ACDE90833E1
:106D2000117808AA29B32A49097802291BD1CDE98B
:106D3000033202934FF480532648CDE90013B0F894
:106D40003A012549ADF81C0040F6FF72042009887D
:106D500007ABE6F70FFC214B4FF4FA611868E1F737
:106D6000B2FE0AB010BD194640F6FF70F4F7CAFF34
:106D7000F1E7FF20FAE7032810D10024184B12494D
:106D8000C3F85843124B1B78022B18BF0220F7F7A9
:106D900049FD00200AB0BDE8104025E7042801D1D4
:106DA0000949F4E70128DCD100210846F7F73AFD4C
:106DB0000A4B1868FDF738FFFAF7F0FE002323703E
:106DC000CFE700BF2D6C0020E56D0208BC6B0020F2
:106DD0002C6C0020D8420308E6610020E86B0020FC
:106DE000F836002038B504462C4D2868FDF71CFF06
:106DF000012C16D12A4CFAF7D1FE23780021042B5E
:106E00000BD10520E0F762FD032302210020254A73
:106E1000FFF73AFD0523237038BD0620E0F756FD45
:106E2000F8E7022C11D1204B1B78022BF4D1002261
:106E30001E4B2868C3F85C230322194B4FF4FA61F8
:106E40001A70BDE83840E1F73EBE002CE4D1184A84
:106E50001378012B20D0174A117841B116490C78CC
:106E60001CB1003B18BF0123DC000023137000207D
:106E7000F4F79EF80A4B1A781AB101221A70FFF73C
:106E800041FF20460021E0F721FDBDE83840032204
:106E900002210020FFF7DBBA1470BDE7E86B002089
:106EA0002D6C002090D003002C6C0020F8360020C0
:106EB000C8950020E46B0020758F00202DE9F04775
:106EC0004FF0340A0AFB00FADFF8509004460AEB50
:106ED0000908174640461A460D461E46F9F7A1FD19
:106EE000C8B919F80A30B3B10D2101FB04510A31B8
:106EF00059F821307BB198F80330022B0BD841466A
:106F00002846F9F769FD30B933463A462946204606
:106F1000BDE8F047B8E4BDE8F08700BF600C002092
:106F2000F8B5214D04461C220021284608F070FBCC
:106F30004FF07F3394F82C00C5F805306B72FBF7E7
:106F400099FC0228064618D004F155073946E3F7A4
:106F500054FC90B130463946E3F7E0FB0646287111
:106F600058B1E2F73DFCD8B104F16101042E32467C
:106F70000E4828BF042209F079FA6389A28C03F035
:106F800067036B74637F6A822B7394F82630A26A5E
:106F90002B75638C6B81064B1B689B1A2B60F8BDAD
:106FA00004F16001E2E700BF5C97002069970020D0
:106FB000345D002038B50446EAF790FCA04228D0A2
:106FC00009F096FB012C054602D12146EAF73CFF69
:106FD000EFF3108072B64FF000710E4A0E4B5166FF
:106FE0004FF48062611E8A401A675A6E910103D481
:106FF000D3F88420920609D50BF0DDFB022C08D1D2
:107000002846BDE838400021EAF71EBFD3F88420A7
:10701000EBE738BD006000500040005008B508B9EB
:1070200009F066FB054B1B7833B1054B984203D83A
:107030000120BDE80840BDE70220FAE764570020C0
:10704000005A62022DE9F84F9246027804460E4635
:107050001F46002A6AD0531EDBB2022B03D9FF2A37
:1070600007D0BDE8F88F5C4AD35C4278D340D8079C
:10707000F7D5BAF1020F02D9BAF1040FF1D1EFF34B
:107080001188302383F311882278FF2A16D03568BF
:10709000524B6078D3F81013691C40F08580D3F808
:1070A00024C400F0FC0E2CFA00F1C90703464AD5AF
:1070B00000210131C9B204293CD1356031684A1C34
:1070C0001DD12378FF2B1AD1444B6078D3F8245478
:1070D000024625FA00F3DB0700F0FC0C0DD5002377
:1070E0000133DBB2042B09D0C21802F00302624460
:1070F00025FA02FE1EF0010FF2D11146316032680E
:10710000531C0ED00C21364B01FB02330A995F60F1
:1071100099602378FF2B1FBF01239340314AC2F8A7
:10712000243488F31188BFF36F8F9AE740F2FF137E
:1071300042789BE7431803F0030373442CFA03F9E6
:1071400019F0010FB5D11D46072D4FF003092EDCB4
:107150004FEA850B09FA0BF94946234802FA0BF26C
:10716000EAF732FB49466278204802F0030202FA4D
:107170000BF2EAF729FB01231AF0050F1C4A18BF8E
:10718000184903FA05F30CBFC2F81034C1F81034E3
:107190001AF0060F18BF134AC2F814340123144A18
:1071A000AB40C2F8203488E7002DCDDA85E7A5F1A1
:1071B000080B4FEA8B0B09FA0BF949460D4802FA06
:1071C0000BF2EAF701FB6278494602F003020A4833
:1071D00002FA0BF2CDE700BFEA30030800C003500B
:1071E0000804002000D0035000C4035008C403501A
:1071F00000E0035004C403500CC4035013B504460C
:10720000694608F0ACFA204608F085FBFF280246E4
:1072100006D020469DF80010EBF740FD02B010BDEF
:107220000048FBE70080FFFF0029034B08BF002355
:10723000C0F8F0300020704721F602080C232DE939
:10724000F74F06460F46144600254FF00609DFF8B3
:1072500054801370EBB209FB03F3D8F80010CA187E
:107260005079012804D923780C2B14D1212013E064
:1072700031F903B01179B2F902A030460022019130
:1072800008F079FA58B101992170B7F900305B45DF
:1072900005DB534503DC002003B0BDE8F08F01356A
:1072A000D8E700BF509D002070B5164E0328044655
:1072B0000D4633781ED023FA04F202F00102AA42EE
:1072C0001DD053B10122A240A54023EA02032B4363
:1072D000DBB233704BB1012070BD2DB10A4B0120E0
:1072E0001B6898473378EDE73570074B00201B6823
:1072F0009847F0E79A07DED003F0FC03E9E70020A7
:1073000070BD00BF86990020C8970020F8B50546DB
:107310000C460BF055FA104F06463B7833B1012D61
:1073200004D01CB90D4809F06BFD3C70214628467D
:10733000FFF7BAFF0A4B04461B783BB93B782BB9E1
:1073400008F01EFC10B1074B1B68984730460BF045
:1073500032FA2046F8BD00BF879900209C97002094
:1073600086990020549D0020054A0B46117831B1C2
:1073700000211170034A01215268187810477047A4
:1073800087990020549D002038B5074D04462B787E
:10739000834207D002F084F820462C70BDE83840C4
:1073A000F1F7FEB938BD00BF859900201B4B0229BB
:1073B00010B5187002D0032904D010BD184B1B78EB
:1073C000002BFAD107F0DAFA0028F6D04FF080420D
:1073D000144BC3F88020BFF34F8FBFF36F8F02F0C1
:1073E0002BF80028E9D001F0F9FB0028E5D10E4B7D
:1073F0001C6834B123689847BDE81040002002F0B3
:1074000043B808F0EEFF094B186009F095FB084BF4
:107410001860204602F018F8EEE700BF759E0020C5
:107420008599002000E100E0EC970020C49700203F
:10743000C097002038B504460D4607F09FFA80B18A
:107440004FF08042124B1A6001F0F6FF48B9012D4F
:1074500007D8012002F018F80E4B1B6823B15B68B7
:1074600098470D4B1C7038BD09F066FB0B4B1A6832
:10747000801A186009F0E0FB4FF47A72084B1B6821
:1074800002FB003008F0AFFF012001F0DDFFE8E76C
:1074900000E100E0EC970020759E0020C0970020DE
:1074A000C4970020F0B585B00BF08AF9344D04463E
:1074B0002B7823B1334809F0A3FC002852D109F0FE
:1074C00099FA02AA03A908F045FB0346002838D020
:1074D00008F054FB029B98421CD100202A4B0399D0
:1074E0001B682A4E9942307020D90027C91A0123FF
:1074F00024482B70264A3346CDE9007709F0F8FA84
:10750000002837D1234A1378D90701D53178F9B14A
:10751000204611E008F030FB029B984228D000235F
:1075200018461949194A0968137003910121FFF798
:10753000BBFE002320462B700BF03DF9002005B068
:10754000F0BD20462B700BF036F9212005B0F0BDC0
:1075500003F0FE031370002BDAD10F4B1B68984722
:107560002046E9E720460BF026F90E2005B0F0BDD5
:107570000220B3E7032320462F703370F3E700BFE8
:10758000879900209C970020BC970020749E0020C3
:107590006973020886990020C897002038B5194BF6
:1075A00093F82D30002B2AD10BF00AF9164D044622
:1075B0002B78EBB9154A16491370164B164A174823
:1075C0001A60174A5A60F1F7C3F816491648F1F7DE
:1075D000BFF8164A164B1A60164B5B6F03F44073E4
:1075E000B3F5007F02BF0222134B1A6001232B70F8
:1075F000EDF7C4FD20460BF0DEF8002038BD0E206C
:10760000FCE700BF949D0020889900208799002006
:10761000D8440308549D0020A57402088C970020CC
:107620000D730208E0440308949700208973020850
:10763000C897002000400050BC9700202DE9F0437F
:107640008F7880460F2F0C4685B003D9212005B0D6
:10765000BDE8F08327B90123374A00201370F6E70D
:107660000D784E78EDB9002EF0D194F90310E08832
:1076700004F0B0F92128E9D055EA0603A088DFF824
:10768000C89013D004F050FA4FF60403B9F8002064
:1076900001469A424BD1AE42334638BF2B460026B4
:1076A0002DE0082DD2D8082ED0D8DEE704F03CFA21
:1076B0004FF6040501464FF60500204A136E9BB2B3
:1076C000AB4208BF0346B1F5803FA9F800300FD99F
:1076D00002230825136680230126C2F880302B463A
:1076E00049084FF6FF720139914228BF114608E060
:1076F0008023012608251666C2F880302B46002913
:10770000EFD1002202920122013FFFB200920197C5
:107710002A4608F1F80004F047F81EB14FF4801231
:10772000074B5A65074BA2681A60022394E7034887
:107730000266A9F80030AEE78999002000C001B8C0
:1077400000D001B8D4970020289E002010B5044630
:10775000D0F818210B4B4FF40061C3F8D42090F8F7
:107760002420D20102F4006207F06EF894F824306D
:1077700013F0100F4FF4007314BF034A034A53640D
:1077800010BD00BF003E00B0001002B8002002B8DB
:1077900070B504460D4601F0A3FE820707D594F8A4
:1077A0001E31AB4209D825B9D4F81861D6B91148B1
:1077B00070BD94F82430DB06F9D4D4F81861002E9B
:1077C000F5D0022D0ED1204608F03EFA50B194F8C3
:1077D00029300A2B9EBF0848184100F00100C0F173
:1077E0000200C5B2182303FB05667069BDE870404E
:1077F00008F0EEBB00FEFFFF7EFBFFFFD0F8E43099
:1078000013B11A68032A10D8094BDB6BC3F3C20209
:1078100013F0380F03F0070018BF504313F4E07F54
:10782000C3F3821203D050437047986A400E7047EA
:10783000008001B8431C07D06FF0FF02034B1040DB
:107840005A62A3F580535862704700BF00E000B849
:1078500010B504234FF03A4101240A4AD1F8180127
:10786000C2F81831C2F814314C634FF4005111635F
:10787000410742BFC2F81431A2F58052C2F8183154
:1078800010BD00BF002000BA38B5154A154B04469C
:107890001A60418641B90722134BDA600522A3F52D
:1078A0008053DA60084638BD4FF6FF7399420F4D9A
:1078B0000AD10F4908F04CFB0E49E860204608F059
:1078C00047FB81B22962EDE7B1F5805F4FF0070217
:1078D00028BF4FF48051044BDA604B1E2B62E1E766
:1078E00089780208DC970020006000B8004000B8EA
:1078F0000C4000B8204000B8F8B504460F461646C4
:107900000AF05EFF0546A047044620B128460AF06B
:1079100052FF2046F8BD06F029F904220549D1F8A6
:10792000003F23EA07033343C1F8003F024B5A6488
:10793000ECE700BF003000B0002002B8F8B5074601
:107940000C461E4615461AB113680BB15B68B3B9F5
:107950000AF036FF01463846FFF750FF0746084653
:107960000AF029FFB772AB890698E11A89B2D5E906
:107970000132034402FB013331817360F8BD1A68A0
:10798000032AE5D99F6A7F0EECE700BF2DE9F04F8F
:1079900006464FF47A70904695B058430F46BDF8AE
:1079A00078409DF87C9005F001FBD8F800503860D5
:1079B0002146D6F8DC007D6008F041FC4FF6FF73ED
:1079C000984203D1212015B0BDE8F08F2422D6F8CB
:1079D000DC3050439B68209A03EB000BB9F1080F91
:1079E0001F58C2F800B000F08480B9F1090F00F010
:1079F0009980B9F1070F40F094809BF81830012B63
:107A0000E0D143F6982A002F7CD15A4621463046D1
:107A1000CDF800A002ABFFF791FF002F40F0888067
:107A2000D6F8E49021462A46304602ABCDF80890BD
:107A300005F09CF905EB8004002F4AD006F1E40321
:107A400045F8203043F688734946A360C4F8049093
:107A5000304607F0A2FE05AAE060072306F1F80011
:107A600005F01AFB43F6B07323610B9B3249636147
:107A700043F6B473A3610C9BE36143F6B8732362CE
:107A80000D9B636243F6BC73A3620E9BE3624FF4EB
:107A90007F5323630F9B636343F6C473A363109BFD
:107AA000E36343F6C8732364119B6364234B96F925
:107AB000272093F90030C3F127039B1A4FF4FF22CC
:107AC000DB02C4E912121E4A03F4FF232265636538
:107AD00058344FF0FF3344F8043B601BE0284FF468
:107AE00066624FF02F018CBF0020012007F08EF955
:107AF00013E0204601F09CFD074600283FF462AFEA
:107B0000DFF840A02846394604F01CFAB9F1080F06
:107B100005EB80057FF479AF2C1D0020C8F80040EC
:107B200051E717B94FF0000A6FE74FF0000AE9E795
:107B3000D7F8049076E700BF20E000A88B990020DA
:107B400020D000A878ECFFFF00F01803182B0BD012
:107B500003070BD440F2011310F0100018BF1846B1
:107B6000034BC3F88C0070470020F9E70120F7E7CA
:107B7000003F00B038B10368044A002B08BF134629
:107B8000034A13607047014BFAE700BF99F70208F8
:107B9000649D002010B4D0E9544122400B4052EAC9
:107BA000030104D003495DF8044B096808475DF8F8
:107BB000044B7047649D0020024B986F00F00F004B
:107BC000704700BF003F00B00F2938B505460C468E
:107BD0000ED801F085FC01280CD1074A2846936F86
:107BE00023F00F032343936708F016F8002038BDF5
:107BF0002120FCE70220FAE7003F00B0014BD86FDC
:107C0000704700BF003F00B0014B0020D9677047AC
:107C1000003F00B003282DE9F347884664D8344B71
:107C200013F80090334B1E5C334B13F800A00AF09E
:107C3000C7FD074605F092FE054640B1002300222D
:107C4000CDE9003301200023002105F065FC05F09B
:107C50008DFE48B100230022CDE90033002000232F
:107C60004FF4004105F058FC002E3BD0234BDC6C58
:107C700004F00804224B3146DC64484605F0D8FF86
:107C800052463146484606F077F81E4BDC64DDB1BB
:107C90001D4B1868D0F89410F83004F045FB1B49D0
:107CA0000868FFF7C7FD4FF0FF330B60184B1A68E9
:107CB000511C06D06FF07E401649C863A1F5805173
:107CC000CA634FF0FF321A60B8F1000F04D0124BB4
:107CD000002103205B689847384602B0BDE8F047B2
:107CE0000AF069BD3446C5E702B0BDE8F08700BFC1
:107CF000F0440308EC440308E8440308004000B8DB
:107D0000006000B8005000B848990020609D002035
:107D10005C9D002000E000B8549D00200F4A536C89
:107D200013F0A00F15D1906C10F0040013D10C4B80
:107D3000D3F8003F23F07F4323F0FF035BB1D36808
:107D4000C3F30362092A07D0B2F10C0018BF012067
:107D50007047002070470120704700BF000002B844
:107D6000003000B070B50D46064620B91A4B1B68AE
:107D7000A3B10E2011E001F0B3FB012829D1174B6C
:107D800093F90040C4F12704641BC4F11C03002BC9
:107D9000B8BF5B42232B0CDD212070BDA1F10B038A
:107DA000002BB8BF5B42232BF6DC0C4B1970002074
:107DB000F3E786F827500AF003FD094AE402136A44
:107DC00004F4FF2423F4FF231C4314620AF0F3FCA1
:107DD000EDE70220E1E700BF489900208B990020E1
:107DE00000C000B810B5FFF7B1FC0D4B1B689847F9
:107DF0000AF0E6FC0B4A0121D2F8D03E044623F0FB
:107E00002003C2F8D03E0222074B08469A60074B77
:107E10005B68984720460AF0CEFC002010BD00BFEA
:107E2000949D0020003000B0001002B8549D002046
:107E30000B4B08461A6D92020FD4D3F84021D1079C
:107E40000CD4D3F83823D20708D4D3F8803013F4F5
:107E5000706F14BF0120002070470120704700BFE1
:107E6000004001B8F8B50D46D0F8943002EA01049C
:107E700023EA01032343C0F894303B4A01F00B038B
:107E800023EA0401D1642340A2F580526F0706461D
:107E9000D36410D50121FFF7CBFF60B105F066FE7A
:107EA0004FF4007314F0040F14BF304A304A1365C6
:107EB0000422304B5A64E90606D514F0100F14BFA3
:107EC00000221B222C4B5A652A0618D5230611D5F1
:107ED0004FF40012254BDA640AF072FC0E210746BB
:107EE000032004F071F940F20122234B3846DA6294
:107EF0000AF061FC214606F1F80004F015FAEF05DE
:107F000003D5E0052AD504F02FF9A90503D5A2056C
:107F100027D504F035F915F0600F0AD0D6F8E41033
:107F2000304607F03AFC8022144BC3F88800144B0B
:107F30001A612B0510D505F019FE124A14F4006FD2
:107F4000D2F8003F14BF43F0006323F00063C2F88F
:107F5000003F0422074B5A640020F8BD04F0FEF8ED
:107F6000D3E704F007F9D6E7006000B8005001B885
:107F7000006001B8002002B8004000B8003F00B027
:107F8000000002B8003000B0014B1868704700BF15
:107F9000E097002037B50AF013FC002401230022EB
:107FA000CDE90034002305461946104605F0B4FA21
:107FB000022003F0CDFA064B21461C60054B02203F
:107FC0005B68984728460AF0F6FB204603B030BDB0
:107FD000E8970020549D00202DE9FF4102290D461D
:107FE00016469846039004D1FFF7D4FF04B0BDE8CD
:107FF000F0810AF0E5FB1E4F04463B683BB1B342FB
:1080000005D00AF0D8FB002321203B60EEE7194B96
:108010000022C3F800803E60002301264FF00008D4
:1080200010461946CDE9006605F076FA124B02209B
:1080300083F8008003F08CFA43462A46022003A905
:1080400003F0A4FA0D4B039A1A6008B92046D8E74A
:108050000B4D2B689847212804D020460AF0ABFB33
:108060000020C3E731466B6802209847F5E700BF60
:10807000E8970020E49700208E990020E0970020E8
:10808000549D0020044B5B6E5B054EBF0120034BEB
:10809000187800F00100704700C001B88E990020E8
:1080A0000A78022A11D0101F4242424152004B78F6
:1080B0001201022B0BD0191F4B424B415B000549AB
:1080C000054842EA8312FFF717BC0122EFE70123BC
:1080D000F5E700BFF0FFFF00299502080B78022B9F
:1080E00010D0181F434243415B004A78022A0BD04C
:1080F000111F4A424A4152000F21044843EA8202BA
:10810000FFF7FABB0123F0E70122F5E755950208D6
:10811000F8B50D7804460A2D0E4690F8247108D162
:108120000625284602F07AFC18B90135EDB20A2D71
:10813000F7D1284602F072FC002848D094F8243188
:10814000AB4209D1B288D4F8A4309A4204D17288E3
:10815000B4F826319A4238D084F82451B38828469E
:10816000A4F82831738804F59275A4F82631B388F1
:10817000C4F8A430FF2384F82B3007F096FE84F86F
:108180002A00284602F006FD10BB284602F03CFCFF
:10819000F0B9D4F8E03053B194F82411B94206D0C4
:1081A0002046B3F91220EAF7FBFC84F82D012046A3
:1081B00002F010FE0849A4F828010123074AD1F86B
:1081C000FC1004F1F80004F067FF0020F8BD212046
:1081D0000C2384F82431F9E7004F00B0983F00B039
:1081E00070B5054690F824010C460C281FD0FF29D5
:1081F00001D1212070BD1AB14FF0FF320D4B1A6032
:1082000007F053FE064695F8240102F045FC84422F
:1082100028BF0446E4B2B44238BF3446E0B285F821
:108220002B0002F007FFFF28E3D00020E2E7022046
:10823000E0E700BF689D002010B590F824310446A7
:108240000C2B44D0D0F8E03080F82A10DBB3D0F803
:10825000F020D2B990F82D318B421CD30022204659
:10826000FFF7BEFF48BB1B4B1B78063B032B23D8F5
:10827000204602F0AFFD18490123184AD1F8FC103E
:1082800004F1F80004F008FF16E0B0F94220B3F959
:1082900012309A42E2DD0022204694F82D11FFF7B9
:1082A0009FFF50B9C4F8E000204607F094FF4FF656
:1082B000FF739842014601D1002010BD2046BDE861
:1082C000104006F02DBDFF2380F82B30F4E702208C
:1082D000F3E700BF6E9E0020004F00B0983F00B053
:1082E000F0B51D46144B04461B780F46164685B064
:1082F0005BB1D0F8E030E3B102AAB3F912300092DA
:108300000022EAF74BFC05B0F0BD02A907F027FAFE
:108310009DF808103A462046EAF742FC014626B985
:108320002A462046FFF75CFFEDE72046FFF784FF73
:10833000E9E71846E7E700BF14440308F0B5D0F8B2
:108340009C3095B0012B03D10025284615B0F0BD17
:1083500004467C4907F0FCFDD4F8E0600146E58D59
:10836000C4F8E4002EB133681BB15B68002B40F009
:10837000A5800AF025FA01462046FFF73FFA074696
:1083800008460AF018FAD4F8E410B3898DF80E7094
:10839000EB1A9BB2D6E9012000FB03226A48ADF834
:1083A0000C3003680292994208D0204607F0F5F994
:1083B00080226649664BC1F888001A61654D644E9B
:1083C00001F08EF80128FBD12B6CDA07F8D4736C1E
:1083D000DB01F5D494F82530DF070CD5D6F87821E9
:1083E0005D4BC6F8EC23D3F8F830D6F8A0209D06F4
:1083F000C6F8F02369D494F82530D4F8E4106FF36C
:10840000000384F82530204612919DF80E20029931
:1084100008AB04F0E1F980B901F062F80128FBD162
:108420004B4A4C49536CD801FCD40B6CDB07F9D494
:1084300008A901A804F016FC18B10225284615B0B9
:10844000F0BDE28D454B5A6402F030FB0546002832
:108450007FF47BAF94F8243060F3410384F8243038
:1084600001F070FFD4F8E030411E5B69C9B21E68AC
:10847000FD29024604962CD9F71C3DD9384901360E
:10848000096818BF0126C81C42D85B68FF2A0491FE
:10849000059344D1DF1C27D8204604A907F020FC0F
:1084A000002E7FF451AFD4F8543198052AD494F8B3
:1084B000243043F0020384F8243045E71A68032A85
:1084C0007FF657AF9F6A7F0E5FE7204602F082FC7F
:1084D00091E75B680128059304D0204604A907F0C2
:1084E000FFFB31E70126D5E701331D4B5B6818D050
:1084F000D91C12D80593CFE75B68FF280593F1D00C
:108500002A46EAE720464FF4803107F0DEFE1BE7FB
:10851000FF2A5B680DD00593C2E7FF2AC0D1002275
:10852000BAE7DD1C08D8204604A9059307F0D8FB5C
:10853000B9E701220593ADE7FF2AB4D10022204616
:1085400004A9F3E7FC4F00B0D0970020003F00B033
:10855000000002B800C002B8004F00B0008001B8AF
:10856000749D002038B505460C4641B107F051FB1B
:1085700028B14FF40031284606F07AF90434204639
:1085800003F0D2FA024B4042C3F8F00E002038BD8F
:10859000003000B0838E70B593420C4615461CD354
:1085A000836C8B4208BF00240AF00AF94FF49C53F5
:1085B0000B490646CA68C2F30362D340DA0702D504
:1085C0004B6C9B0304D401222946204601F0E6FFB0
:1085D00030460AF0F0F8002070BD2120FCE700BF13
:1085E000000002B82DE9F0410B460646154611B9C8
:1085F0002120BDE8F081002AFAD0032905D8002205
:1086000002F042F903460028F2D01C889A78B4F5AB
:10861000804F02F0070180F08680A1F1070C1879E5
:10862000DF88DCF1000343EB0C0305292B7394BFB7
:108630000023C2F30013C2F3801C6B73930985F807
:1086400010C003F00203C2F3C00C43EA0C03C2F3F0
:108650004012E8746B74AA74D6F89430AF82D806CE
:108660004DD4063901294AD8B6F81280F76908F1C5
:10867000FF38083C04EA0804395D2C4B80295B6D07
:1086800008BF6FF07F014FF000031CBF323949B2C1
:10869000A973AB6096F82600013404EA080460BBB5
:1086A0003B5D5B0103F47E63FF2B9CBFDB43D8B2D1
:1086B000D6F8EC3003B19847631CE87303EA08036B
:1086C000F95C013303EA0803FA5C013303EA0803A7
:1086D00041EA0221FA5C013303EA0803F85C41EA4B
:1086E0000241002341EA00616A7C304604F090FDBB
:1086F00006232860AB7100207BE71846DCE70023E7
:108700000020EB730A4BDA69C2F30723120448BF57
:1087100063F0FF035AB212F1800F1CBF323B5AB212
:10872000AA730346E5E7022063E700BF004000B8F4
:1087300000C000B870B506460D4614466BB1FFF791
:1087400087F8B08AA04228BF204684B22246294634
:10875000034801F05DFE204670BD07F03EF9F1E7E9
:108760000C0000BA70B54FF03A434FF480640A4DE4
:10877000D3F818610020C5F81841C5F8144105F078
:10878000D3FA4FF400532B67730542BF034BC5F870
:108790001441C3F8184170BD002000BA001000BA9F
:1087A000082310B1024A53647047024AFBE700BF36
:1087B000001002B8002002B8F8B504460E4619B9F8
:1087C00090F824305A0647D43B4B3C4A5B6A618E92
:1087D000C3F3032313704FF6FF739942D4F8E47088
:1087E00004D0374B1B680BB120469847354D2B689A
:1087F000BB4256D0344B1B683BB11FB13A68002ACC
:1088000051D0BF683946204698470727204602F0D6
:10881000E1FA002E3BD006202C4B94F9272093F947
:1088200000302549C3F127039B1A0A6ADB0222F4B0
:10883000FF2203F4FF2313430B62D4F8E420244BFC
:108840002A60986702F08EFC0122224B20461A70A3
:1088500007F0E2F90020F8BD4FF6FF7C66F38613BF
:10886000154A80F82430536A164D1449C3F3032384
:10887000D0F8E4700B702B68A0F832C0BB4217D060
:10888000114B1B68002BB8D102F0A4FA072712493C
:108890003B46124AD1F8FC1004F1F80004F0FCFB4E
:1088A000B9E70127B2E71746204639469847ACE7B3
:1088B00002F090FA0127EAE700C000B88D99002085
:1088C000DC970020D0970020D89700208B990020BB
:1088D000006000B88C990020004F00B0983F00B0B5
:1088E000054A12681AB190F81E1119B910470846C6
:1088F00003F08ABC01487047CC97002000FEFFFFC0
:10890000404B2DE9F7431D6801F4007900F00103A5
:10891000174653EA090206460C4640D04FF00008BD
:1089200093B30023002201200021CDE9008804F048
:10893000F3FD41462846FFF7D3FF01224146288632
:10894000104607F015FCD5F8941005F1F80003F077
:10895000EBFC2D490868FEF76DFF4FF0FF330B600D
:108960002A4B1A68511C06D06FF07E402849C86314
:10897000A1F58051CA634FF0FF321A6095F8243098
:1089800043F0040385F82430B9F1000F07D001212A
:10899000284607F09AFC24F4007406430C43324640
:1089A00023462846FFF7F6F822044FF0000308D5C7
:1089B000CDE900330022002300204FF4004104F0F1
:1089C000ABFDFB070FD51349134A08680021136854
:1089D00011600121114A117003B19847104B002119
:1089E00002205B68984717F00E0F08D04FF4097209
:1089F0003B21002003B0BDE8F04306F007BA03B006
:108A0000BDE8F08348990020609D00205C9D002017
:108A100000E000B8E4970020E89700208E9900203D
:108A2000549D002008B558220021064806F0F0FDAC
:108A30001022FF21044806F0EBFD05F023FF002083
:108A400008BD00BF043F00B0483F00B073B58121AE
:108A50007A22A0F814118221C0F80021C0E9411245
:108A600064220C23C0E9432207224FF0FF35002681
:108A700080F824314FF6FF730446C28700F14C02A0
:108A800082641F4AC385A0F8403080F82C304386AA
:108A90004263038780F82760C0F8A450458504F03E
:108AA0006DFF2046FFF7BEFF0122164B2046C3F89C
:108AB000382294F92710FFF755F96023124A41F63E
:108AC000FF71D3644FF03A42116311670F4A294690
:108AD000D36440220E4B20465A64D4F89420FFF70A
:108AE000C1F90E230022CDE9003340F202231046E3
:108AF000194604F011FD01F0A9FF304602B070BD27
:108B00004000FFFF005001B8004000B8005000B81E
:108B1000002002B8034670B50C68B0F82821013473
:108B200008BFD3F800418D6808BF0C604C68F8306E
:108B3000013404BFD3F80C414C606E1C3CD1D3F817
:108B40000841CE688C60751C3CD1D3F804510E6985
:108B5000CD60013604BFD3F8F8600E614E6901366E
:108B600004BFD3F8FC604E618E69013604BFD3F8B0
:108B700010618E618E695EB37A32B24238BF32467E
:108B80000E688A6116B17A2E38BF7A26C3F808417A
:108B90004C68C3E94065C3E943420A69C3F8F82059
:108BA0004A690C49C3F8FC20D1F8FC1007230A4A93
:108BB00004F072FA002070BD02F17A04AC4238BFB2
:108BC0002C46BEE702F18105B54238BF3546BEE707
:108BD0006422D5E7004F00B0983F00B070B509F0AF
:108BE000EFFD05460B4E00F07BFC012805D0284622
:108BF00009F0E1FD0224204670BDF36813F0706FA8
:108C0000F1D1F46814F08054EDD1284609F0D3FD79
:108C1000F1E700BF000002B82DE9F04F89B0074628
:108C20000E4600F05DFC01282BD10025C7F8185135
:108C3000D6F80090182349463846B27906F0C6FDAA
:108C4000A846AA4609F10C0399F801100690C9F844
:108C5000083009F11C044FEA08130493B36803EBCE
:108C600008139A78D3F804B002F07F0244F80CBCE1
:108C7000092A11D8DFE802F01C1414141C681C0E19
:108C80000E0E4FF40061384605F0F2FD0028CCD0FE
:108C9000022002E08B450BD9212009B0BDE8F08FFE
:108CA000BBF1006FF8D2584602F03EFF44F80C0CBE
:108CB000B168049B19444FF400438A7844F8083C97
:108CC000002302F07F0204F8102C04F80F3C04F893
:108CD0000E3C04F80D3C91F90E30487B1B0603F165
:108CE0003243034344F8043CB07900286AD1182485
:108CF0004FF47A7004FB089443F40003A3618B687B
:108D0000584304F053F9069BE0611A1D06924FF098
:108D1000FF3223621A60B388306842F24A4200EBA5
:108D20008300069B302183428CBF0020012006F087
:108D30006DF896E8070007F58C7383E8070038465E
:108D4000FEF704FD0020A8E7BBF1005FA4D31BF0F1
:108D5000030FA1D1DBF81020DBF8080072BB724AC8
:108D6000C11E914298D8DBF80C20B2F1006F93D865
:108D7000DBF80420B2F1006F8ED882428CD3DBF88E
:108D800000108A4288D802F0CFFECBF80800DBF84A
:108D90000C0002F0C9FECBF80C00DBF8040002F076
:108DA000C3FECBF80400DBF8000002F0BDFEDBF8E8
:108DB0000820CBF80000CBF8102079E782423FF47E
:108DC00077AF69E7082A1ED0092A70D0072A25D173
:108DD000BAF1000F03D001254FF0010A21E0384617
:108DE000059206F031FF059A054600286ED097F8E7
:108DF00029300C3B052B6AD954F8043C43F400039A
:108E000044F8043CE7E7002D3FF446AF18234968D7
:108E100003FB019383F80E8044F80C1CBAF1000F99
:108E200055D0B1680498049B08F10108CB18095A81
:108E300007A89B68CDE9012000913846214606AA83
:108E4000FEF7A4FD00287FF428AF01F07BFA069B13
:108E50001A1F0692079A5269D2F800E01EF1030F1A
:108E60005AD800F1FF3C5FFA8CFCBCF1FD0F3CD9F5
:108E70002E4903F1040C43F8041CCDF818C0C3F8C4
:108E800000E000283DD12A4AC3F808E05A6003F107
:108E90000C020692069B18341A1D06924FF0FF3200
:108EA0001A6099F801104145BFF4D5AE33E7182395
:108EB0004968B8F1020F03FB019308BF012283F850
:108EC0000F8044F80C1C002DA8D1E5E6012599F887
:108ED0000130434506D154F8043C43F4000344F800
:108EE000043C79E74FF0000A9BE75268D11CD1D8C7
:108EF0000128CFD10D491A6043F8041C191D0691B1
:108F000002E05268D01CC5D8069909480B4643F8C0
:108F1000080B06934A60BDE75268D11CBAD80128F5
:108F2000E8D0FF28F0D0B5E7FCFFFF07784201A8A2
:108F30007C4201A8D0F8183170B504460D4616469B
:108F40000BB9022070BD00F0CBFA0128F9D165B150
:108F50004FF48071204605F08BFC20B194F81E314F
:108F6000002BEED105460F4B00E02B4694F8242051
:108F700065F3041284F824200B4A136066B1D4F818
:108F800018315A781A7000225A8003F10C029A6044
:108F90004FF44012054B5A642046FEF7D7FB0020E1
:108FA000D0E700BF91770208CC970020002002B8DC
:108FB00038B509F005FC4FF6FF710A4A13888B4259
:108FC00003D109F0F8FB0E2038BD074C074D1B04F8
:108FD0006567A4F580546367118009F0ECFB0020FD
:108FE000F2E700BF2A9E0020006001B80000FFFFEA
:108FF0002DE9F3470546884616461C46FEF78EFEC9
:1090000060B3AB8A1BB99E4B1B78DA0726D528467E
:1090100007F0DDF978B99B4BD3F8002F1CB10E2077
:1090200002B0BDE8F08702F03003102BF7D002F059
:10903000C002402AF3D0944CDFF88492236898470A
:10904000D9F81430DB07EAD509F0BAFB074603204C
:1090500002F07CFB20B1384609F0ADFB0220DFE7CF
:10906000D9F8142012F00609F5D1384609F0A3FB0F
:10907000844B4FF400612846D3F800AFD3F8D87E74
:1090800005F0F6FB40B14FF4007201217F4B08461A
:109090005A644A4607F06CF84146284605F040FEFF
:1090A000784BC3F800AFC3F8D87E0028B8D195F844
:1090B00024309F0601D4002E58D0C6F3400004F09F
:1090C0001BFD022316F4807F1FBF714A00215364E9
:1090D0004FF03A420BBF6D4A91615364536304F001
:1090E00045FD4FF4806316F0040F14BF694A6A4AC5
:1090F00016F0400F13654FF00402644B30465A647B
:109100004FF0400314BF654A654AC2F8B830FEF715
:109110001BFD284606F02BFC38B14FF4807316F087
:10912000010F14BF5A4A594A5364B00651D54FF63D
:10913000FF72B5F8403093420FD05A4A5A49526FE5
:10914000100CC2F301120132B3FBF2F30880514A52
:10915000514956481B0448675367003E18BF012613
:1091600095F8243066F3451385F82430284606F038
:1091700050FD002843D0284606F0F9FBD0B14FF44B
:109180000031284605F074FB431C03229BB248487B
:1091900001A906F009FE9DF8042002F00703052B43
:1091A0009DF805301ED1110716D443F48073414A4F
:1091B000C2F8E03094F82D302BB13F4AA36992F801
:1091C00094103E489847002002B0BDE8F04706F0F2
:1091D00043BEFFF7EDFEC0E713F0040F09D19DF881
:1091E0000630E2E703F03002202A05D113F0010F28
:1091F000F4E74FF48073DAE79DF80630D7E72846A6
:1092000006F022FD98B3284606F0B1FB78B395F836
:109210002930A3F10C02012A16D8EB8D032B19D0AB
:10922000244B93F8E93003F00703072B16D00621EF
:109230001F4806F0C2FD421C3FF4F1AE00F00F00E3
:109240001C4B83F8E800B5E70F2BE6D0102BE4D0D9
:109250000E2B01D1092102E0112BE0E7082114486F
:1092600006F0ABFD431C3FF4DAAEC0B2E8E7284697
:1092700006F025FD00289DD000F026FC9AE700BFEF
:109280008A990020003000B0949D0020002002B890
:10929000001002B8005001B8006001B800D000B85A
:1092A00000E000B8004001B82A9E00200000FFFF47
:1092B0000C0000BA003E00B0003F00B0843F00B098
:1092C00000C001B82DE9F3410646884615461F4601
:1092D00009F076FA0446032002F038FA38B1204645
:1092E00009F069FA0E24204602B0BDE8F08104209E
:1092F00002F02CFA0028F2D1204609F05CFA012392
:109300002A4641463046FFF773FE04460028EAD15C
:10931000DFF8CC8067B388F8000039463046FEF7A6
:109320008DF900284DD198F80030012B1DD0202256
:10933000254B5A64254BD3F88830B3F5817F1FD273
:10934000012006F0C5FD09F03BFA214B06461B68DB
:109350000193CBB902F07AFA15F0800526D102F01C
:10936000B9FA284604F048FB25E004F05BFBBAE7B5
:1093700098F80030012BF8D0002BD8D12124B2E787
:109380008022144B1A61DBE7042002F0E1F800238D
:109390000122042001A902F0F9F80028DAD104F032
:1093A000FDFB2124304609F006FA9CE700220A4B17
:1093B0009A6702F08FFA094B01215B6800209847F9
:1093C000F0E704468FE700BF001002B8003F00B08E
:1093D000D4970020000002B800C001B8549D0020BE
:1093E0008999002008B50B4BD3F84C114B1C10D0B9
:1093F00011F080410DD1084B1B6813B10320FEF71B
:1094000009FC4FF08062054B1A6501225A61022265
:109410009A6208BD0080E00F48990020001002B851
:109420004FF40022034B586C03F500535A64C0F309
:10943000C0407047000002B8024B586900F00100BC
:10944000704700BF00C001B808B50D4B5A69D1077D
:1094500010D518B9BDE8084002F056B85B69DA07C4
:109460000DD402F043F80323064A1364A2F5805298
:10947000536404E05B69DB0701D40028F1D108BD27
:1094800000C001B800A009504FF0806310B1024A3B
:1094900053617047014AFBE7001002B8002002B890
:1094A000202350B1064AC2F8F433064B196C11F070
:1094B000010104D1032003F039BD034AF3E77047EB
:1094C000001002B800C002B8002002B8034BDB69EC
:1094D00013F4401F0CBF0120002070470080E00FF4
:1094E0000F4BDB68C3F30363013B0B2B0FD8DFE8A3
:1094F00003F006060C06060606080A0808080220FD
:109500007047042070470520704703207047054BC3
:109510005B6913F0060F0CBF01200420704700BFE9
:10952000000002B800C001B8094AD368C3F303635E
:109530000B2B08D06FF49050184100F0010080F020
:10954000010040007047506C10F48030EDD170473E
:10955000000002B80C4AD368C3F30363062B07D894
:10956000042BD8B20BD8C31E584258414000704754
:10957000072B06D1D2F868010028ECD170470220F1
:1095800070470020704700BF000002B8094BDB683D
:10959000C3F303639A1E012A8CBF00220122012B10
:1095A00002701EBF4FF4026222FA03F303F00103BC
:1095B0000B707047000002B80023074A00EBC000A0
:1095C000810002EB80004360535003764FF6FF7337
:1095D000C3810361704700BF0898002010B50A4698
:1095E0000446A1B10E4A0F490F4802F0AFFB4FF0FD
:1095F00054320E4BC3F8DC20552283F8E220FF22C0
:10960000A3F8E020802283F8E7204FF401524FF4C2
:109610000151204605F018F905F034F9002010BD7D
:109620000C48030814480308DC470308003E00B058
:1096300024235843044B1B689B681A18127E022A85
:109640000CBF1858002070478C47030807B50D4A17
:10965000A2F8E01090F829300C3B052B4FF00003E6
:109660000DD901938DF80410D2F8DC3069461BBA8D
:1096700005220093FEF78EFF03B05DF804FB184649
:10968000FAE700BF003E00B01FB50F4BC3F8DC1077
:1096900083F8E22090F8292009BA0C3A052A89BFFC
:1096A00000220422B3F8E030CDE90212019185BF17
:1096B000052202A90DEB02018DF80C30FEF76AFFBE
:1096C00005B05DF804FB00BF003E00B02DE9F04F8F
:1096D0008B4B87B01B6807460E460492019323B953
:1096E0000E24204607B0BDE8F08F019B00251A68C4
:1096F000844B097F1A600422C3E90325019ADFF82D
:1097000030925269122928BF29465A615D60C3F818
:109710000890FEF779FA337F7B4A87F8293047F6BD
:10972000FF73138006F1170302936FF01F034C467B
:10973000AA46AB469B1B0593029B5FFA8AF013F87F
:10974000018FB8F1040F029304D056F82A30039326
:1097500001334CD1FFF730FF2435902D0AF1010A77
:1097600004F12404E8D1694B83F8E9B0327F83F82F
:10977000E320737F9B0715D5654B1B68002BAFD08B
:109780009B68D9F800201B689A420CBF614B624B62
:109790001B68002BA4D09B681A685B69C9F800207D
:1097A000C9F81430049B38465649002B00F0A480B9
:1097B00006F0D3FC554B384693F8E220D3F8DC1082
:1097C000B3F8E050FFF760FF044620B92946384659
:1097D000FFF73CFF0446727F4FF4002112F00102B4
:1097E00018BF4FF40022384605F02EF879E7049BA5
:1097F000002B4BD0B8F1020F21D0B8F1030F3FD0AE
:10980000B8F1010F3FD1454B1B68002B48D1FFF742
:10981000D3FE23688BB1039B029A6360059B33F9E7
:109820001230394A6382B2F900209A4261DCB8F101
:10983000020F1DD0B8F1010F8ED1102319E0384B63
:109840001B6813B9FFF7B8FE0FE0A6469B6803EB51
:10985000050CBCE80F00AEE80F00BCE80F00AEE856
:109860000F00DCF80030CEF800302368002BD2D196
:10987000012303FA0AF34BEA03035FFA83FB6BE766
:10988000284B1B680BBBFFF797FE2EE0B8F1030FC8
:10989000F9D8DFE808F002041618234BF1E7019B22
:1098A000A6469B6803EB050CBCE80F00AEE80F0072
:1098B000BCE80F00AEE80F00DCF80030CEF8003056
:1098C000A7E7134BBCE7194BDBE7A6469B6803EB06
:1098D000050CBCE80F00AEE80F00BCE80F00AEE8D6
:1098E0000F00DCF80030CEF800302368002B92D156
:1098F00032E7054A13809AE706F049FC5AE700BFB1
:1099000088470308F09700202C9E0020003E00B0FE
:10991000804703087C47030874470308844703080B
:10992000784703086C47030890470308704703080B
:10993000089800200F4890F8E63003F00702072A45
:1099400008BFFF220A70B0F8E4204A8090F8EC20AB
:109950000A711A064CBFFF23DB088B71054B93F885
:10996000E730802B0EBF6FF07F03323B5BB24B7151
:10997000704700BF003E00B02DE9F84307460E4691
:1099800011B92120BDE8F883112A4FF0010007D852
:109990004C4900FA02F30B422BD1DD0700F18F8016
:1099A00000234FF006089C460E2ADCB223D1012C7E
:1099B00032D80221B579A542E3D9D6F808E04FEABA
:1099C00003190EEB03152EF80930C5F808C085F809
:1099D0000CC085F80280C5F804C00133002856D0B9
:1099E000012C46D107240129AC7052D80221697399
:1099F000DAE70020D4E7112A03D1012C0CD8052185
:109A0000D8E7A2F10C01C9B20129D3D9A2F10F05FF
:109A1000012DCFD9032CCDD108B3384605F0A7FFCF
:109A2000E8B1B279631CDBB29A42AAD90122B168CB
:109A3000250101EB041042604A530022092582608F
:109A40000273857002204FEA031C044401EB0313E8
:109A50005860E4B221F80C009A601A739D7040F2CD
:109A60001A43B47131463846B380BDE8F843FFF776
:109A7000D3B8022C0BD14FF0080E85F802E04FF05E
:109A8000010E7145C5F804E003D86C738CE7012919
:109A900013D90F2A06D10221042B69730BD003219D
:109AA000DCB287E7A2F11004614261414900042B56
:109AB00069737FF479AF0424AEE70221F7E702204F
:109AC00060E700BF804402000121164B1648D3F81E
:109AD000DC2010B583F8E9104264D3F8E440224456
:109AE0000264002283F8E820104B4FF440601A60B3
:109AF00003F580531964032302220D49C1F88C3009
:109B00000C4BC3F88C200C4A50654FF48060A2F5D2
:109B1000805250654FF40042C1F8B420C3F8B82019
:109B200010BD00BF003E00B0004000B800C002B849
:109B3000006000B8005000B8006001B8D0F8E43010
:109B400013B11A68032A10D8094BDB6BC3F3C202A6
:109B500013F0380F03F0070018BF504313F4E07FF1
:109B6000C3F3821203D050437047986A400E704787
:109B7000008001B8FF28074B09BF0A6851F8202070
:109B8000C3F878224A6818BFC3F87822C3F87C2249
:109B9000704700BF004001B8FF220B4B10B59A6020
:109BA00008F00EFE0E210446032002F00DFB40F2E9
:109BB0000122064B2046DA6208F0FDFD044AD36814
:109BC00013F0706FFBD110BD002002B8004000B848
:109BD000000002B803460846082110B5094CC4F835
:109BE0007032094BC3F8E81042B9C4F8782206F085
:109BF0006CF8D4F8740240F0802010BD0023C4F843
:109C00007C32F4E7004001B8002002B84FF40012A3
:109C10000A4B10B50A4CDA64E36813F0706FFBD19D
:109C2000084B186800F0E6FC0822074B9A60E368CE
:109C3000C3F30363022BFAD110BD00BF005001B87B
:109C4000000002B848990020001002B82DE9F04148
:109C5000DFF8F080FFF7A0FFD8F8006040F2A31211
:109C6000708F01213F2894BF00200120B46905F0C6
:109C7000CDF8708AF5693F282D4E40F2A71294BFA7
:109C800000200120012105F0C1F8336A294F23602B
:109C9000736C6360736DA360FB6CE3603B6F236167
:109CA00002F058FD6061D8F80000FFF747FF224B33
:109CB000A0619B6ADFF89080E361D8F8D03E236210
:109CC00000F040FB6062D7F83C31A362D7F81C314A
:109CD000E3621A4BD3F8D8202263D3F8E020626302
:109CE000D3F8DC20A263D3F85021E263B26A2A6081
:109CF000F26A6A60726FAA60D6F8A820EA60D3F8A8
:109D000008212A61D3F814216A614FF40072D3F854
:109D1000E830AB61D6F8CC30EB61094B5A64D8F827
:109D2000D03E23F40063C8F8D03EBDE8F08100BF08
:109D300000C000B8004001B8004000B8000002B800
:109D4000002002B848990020003000B030B5124B16
:109D500098B10278132A10D9441C00F111021D4653
:109D600020686168083403C594422B46F7D1206807
:109D700028600020094B187030BD41F2311240F2CA
:109D80002921C3E90012064A9A6002F1FF226432D7
:109D9000DA60044A1A61ECE7989800208F99002055
:109DA000000100022F00000730B5114C114D41EAAF
:109DB0008221C4F8D850039D4FF4FC3243EA855306
:109DC0000D4D41EAC0111D430C4BC3F8D85004257A
:109DD000C4F8D85041F6FF75C4F8E050C3F8E0105D
:109DE000C4F8DC20049AD202C3F8DC2030BD00BFE6
:109DF000002002B8032BC03078D40F03001002B843
:109E00004FF4FF62074BC3F8142130B9490141F008
:109E10000801054BC3F814117047090241F0100105
:109E2000F7E700BF002002B8001002B860232DE958
:109E3000F047284D284CC5F8503102234FF48036A6
:109E4000A3620123DFF89C80E3620746C8F8446000
:109E5000142005F03AFF214B6664D3F8506143F6B5
:109E6000FF736367C8F874303F234FF0F072C4F893
:109E7000A8301B4BDFF870A0C3F808214FF0A07387
:109E8000C5F80831002506F470064FF480392946DC
:109E90003846FFF7B5FF142005F017FF0520C8F876
:109EA000449005F012FF0F20C4F8449005F00DFF18
:109EB000DAF808309B0502D50135082DE5D14FF4BD
:109EC0007002074BC3F85021A3F58053C3F85061CB
:109ED000BDE8F087001002B800E000B8000002B84A
:109EE000002002B800D000B800C000B82DE9F74348
:109EF00000250746324E02F02DFC324A36F8253056
:109F00005343834202D201350F2DF7D106F01CFCDA
:109F100006EB85039C78DB78814644434FEA85084D
:109F200013B1B4FBF3F4640802F01AFC264BA4EB63
:109F300040041868FFF702FE4A4604FB00F1012ABC
:109F400038BF01220023C804490B05F04FF91F4B0D
:109F500046445863282005F0B8FEFFF757FE4FF43B
:109F600080111B4B1B4A1C48C3F83C211B4A0F2D78
:109F7000C2F83C111A49C3F81C114FF04061C2F8F5
:109F80001C11184A1A670268A3F520435A644FF05F
:109F9000010203F50053C3F8CC20837C08BF0323E0
:109FA000C27CCDE90032437CF278B178C07BFFF708
:109FB000FBFE384603B0BDE8F043FFF737BF00BFF4
:109FC0002E9E002040420F0048990020008001B8DA
:109FD000006001B8FFFF0F0098980020005001B802
:109FE00000F0FF07F8FF0100022838B50D461446BF
:109FF0001AD004284DD1FFF7CFFDFFF707FE264BFF
:10A0000014F0010F5C6403F500533ED14FF0C062C1
:10A010001A62224B224A00201A674FF08022C3F8AE
:10A020007822C3F87C222FE0FFF7B6FD2846FFF721
:10A030005DFF4FF08022194B4FF40045C3F87822A2
:10A04000C3F87C224FF4702203F52043D3F850412B
:10A0500003F50053C3F85021A3F5A83305205D6430
:10A0600005F033FE0F4B05205D6405F02EFE0A4B14
:10A0700004F47024986803F5A83380F48070C0F36A
:10A0800000204000C3F8504138BD0122C3F8CC2065
:10A09000BCE72120F8E700BF00C000B8006001B8AD
:10A0A000FFFF010000E000B8034608B90C4BDB7A63
:10A0B000022B07D0032B09D0012B0ED1084A107AAE
:10A0C00038B97047064A507A18B97047044A907AEE
:10A0D00020B1044A0120137070470020704700BF70
:10A0E000989800208F99002008B503490878FFF759
:10A0F000DBFF087808BD00BF8F9900202DE9FF41E4
:10A100002F4B304DD3F800802F4FD8E90646FFF78C
:10A1100043FD236801212B6263686B64A3686B6550
:10A12000E368FB6423693B67226A284BC3F8D02E9F
:10A1300094F8240000F0D4F800216369039102939D
:10A14000E36901A8ADF80C30A36901918DF80E30D8
:10A1500002F088FDA36A4046C7F83C31E36AC7F8BD
:10A160001C31226B1A4BC3F8D820626BC3F8E02075
:10A17000A26BC3F8DC20E26BC3F850213268AA62FC
:10A180007268EA62B2686A67F268C5F8A820326944
:10A19000C3F808217269C3F81421B269C3F8E82032
:10A1A000F369C5F8CC3000F025FA0122094B9A6416
:10A1B000402203F5E0335A6104B0BDE8F08100BFEE
:10A1C0004899002000C000B8004001B8003000B03D
:10A1D000000002B8006000B838B504460D46FFF72D
:10A1E00035FD631EDBB2FD2B1DD8012C13D10121DF
:10A1F000084600F075F8002201210220FFF7F4FE66
:10A2000068BB4FF47A70194B012299894143586811
:10A21000FFF7E0FC686029462046FFF7ABFCBDE88D
:10A220003840FFF76BBF0121002000F059F80022F1
:10A2300002201146FFF7D8FE024650B94FF47A705B
:10A240000A4B998941435868FFF7C4FC2860FF2CEA
:10A25000CCE7074BD3F8480240F08020F6E7044BE8
:10A26000D3F84C3243F080236B60D4E798980020F9
:10A270000080E00FF0B585B006466D46174B0F46DF
:10A2800014460FCB85E80F0096B1D6F8E4307BB1C9
:10A290001A68062A0CD9D868FFF758FDFFF724FF83
:10A2A000FF2819D0022803D129462046FFF794FF42
:10A2B0004FB1631EDBB2FD2B0CD9009BFF2C3B6022
:10A2C00001D1019B7B6022462946304605F008FDFE
:10A2D00005B0F0BD012CF3E72120F9E7184703088A
:10A2E000144BFF281870144A144B09D11821C2F8D6
:10A2F000FC131022C3F8FC23114BD3F874320DE089
:10A30000C0431821C00000F00800C2F8FC13C3F8D5
:10A31000FC030028F0D10A4BD3F8783240F2FF3129
:10A32000054AC3F30903C2F80C11A2F58052C2F822
:10A330000C31704790990020002002B8001002B83C
:10A340000080E00F014B1878704700BF9099002003
:10A350004FF03A43D3F81421D2031ED54FF4803284
:10A360000E49C1F81421A1F58051C1F818215A6D88
:10A37000D1B2C2F30722C3F8A410C3F8A420042268
:10A38000C3F8A4200022C3F8A420C3F8A420C3F873
:10A39000A420C3F8A420C3F8A4207047002000BA6A
:10A3A000F0220B4B01219A64A022A3F580539A64FA
:10A3B0004FF03A43826CC3F8F410FC21C3F8CC1080
:10A3C000C3F8D0204FF40052C3F8F020704700BF0C
:10A3D000006000B8F8B50D464FF03A4417460646FF
:10A3E00008F0EEF901230421074A6363E760266160
:10A3F0006561C2F81411054AC2F8843108F0DBF92E
:10A400000DB102236363F8BD002000BA00E100E053
:10A410002DE9F04105460124006800F007000630F0
:10A4200004FA00F3A868EC685E1EA04262D000EA5D
:10A43000060E6C6810441E430640A3EB0E000EEBA4
:10A44000040C8242644618D9D31A0EEB030298B169
:10A45000431E052B04D94B1CACEB0303022B59D82C
:10A460000B460844ACEB010E03EB0E0113F8014B55
:10A4700083420C70F8D101466C688AB1531E052BDB
:10A4800001F1010302D9E01A022812D80A44611E20
:10A4900000E0013313F8010C934201F8010FF8D1E9
:10A4A00008F08EF90223AE60AB62BDE8F04108F01F
:10A4B00082B90B46204622F0030E8E4453F804CB9B
:10A4C000734540F804CBF9D122F00303D01A920768
:10A4D00001EB030C04EB0307E2D0CA5C0128E25451
:10A4E000DED09CF8013002287B70D9D09CF8023075
:10A4F000BB70D5E7042A35D90878043AA8614878B2
:10A500000431A86111F8020CA86111F8010CA861CE
:10A51000A8688CE70B4620F003070F44ACEB010E54
:10A520001C684EF803400433BB42F9D120F003030A
:10A5300010F0030F01EB030EA0EB03040CEB030779
:10A5400028D011F80380012C0CF8038022D09EF84B
:10A550000130022C7B7018BF9EF80230084418BFEF
:10A56000BB7088E7013A032A12D8DFE802F00F1522
:10A5700007020B4613F8012B1946AA610A4612F886
:10A58000013BAB61114611F8013BAB610B78AB614C
:10A59000BDE8F08108446EE70A46F3E738B50B469C
:10A5A000154601464FF03A4468B101221048C4F8FC
:10A5B000F4201A46FFF72CFF25B14FF03A4304224E
:10A5C000C3F8F42038BD73B1D4F8D8209A4284BFC0
:10A5D0000122C4F8F4204FF03A42C2F8D4300223EA
:10A5E000C2F8F430E8E70123C4F8F430E4E700BF30
:10A5F000CC0000BA38B5044608F0E2F84FF03A4211
:10A600000121638F054651674BB3B3FA83F3C3F15E
:10A610001903DBB2A069C2F8B410C2F88C3007236A
:10A62000C2F89000C2F8B0304FF4A02302F50052F7
:10A63000C2F81431A2F58052C2F8183100220C4B36
:10A640001A600C4B5B6C5B0209D54FF480020A4B1D
:10A6500004F1F8005A64D4F8941001F065FE4FF448
:10A66000E0232846E363BDE8384008F0A4B800BF03
:10A67000AC980020000002B8002002B8044B186813
:10A6800020B140F001021A6020F00100704700BFC5
:10A69000AC9800202DE9F84305460C46B1B1D0F83E
:10A6A0001880478F08F08CF8B5F83CC0791E01EA95
:10A6B0000C0323F00702032C0646DFF8F8E04244BF
:10A6C0005ED1DEF8004024B908F075F80E20BDE830
:10A6D000F88324F00104DEF8000020F00100A0421D
:10A6E00053D10023CEF80030238894426FEA4343CD
:10A6F0006FEA534323803ED1EB8F08EB07091846DE
:10A70000083880B202F108044C4528BF44460828A6
:10A7100004D9B4F800E0BEF5804F40D263440F4343
:10A720001B1A3B409BB2AB87E887947811884FF0A7
:10A730003A42C1F30C019165C2F89830C2F8B000FA
:10A740004FF48022174B04F00704C3F814210122B0
:10A75000154BC3F88421FFF7FBFD042C0BD14FF4FC
:10A760008002124B05F1F8005B6C114B5A64D5F86E
:10A77000941001F0D9FD304608F01DF80020A6E73E
:10A78000601E012898BF1446A5E7E88F4344E31AEA
:10A7900048BFDB1908389842A6DC304694E72246C9
:10A7A000AEE700BF002000BA00E100E0000002B800
:10A7B000002002B8AC980020154B10B51968CA8F5C
:10A7C0008B8F488F13440138073B8C69034023F07B
:10A7D00007031C4402F108034FF03A429BB2CB87B7
:10A7E000C2F8B0304FF480220A4BC3F81421012282
:10A7F000094BC3F88421A07800F00700042803D196
:10A80000064AD3681B03FCD4054B1C6010BD00BF77
:10A8100048990020002000BA00E100E0000002B8E2
:10A82000AC98002010B5064C216839B1CB0703D491
:10A83000044B1868FFF72EFF0023236010BD00BFF4
:10A84000AC980020489900204FF480320C4B0D4901
:10A85000C3F818214FF03A43C1F81421D3F8AC10D3
:10A86000D3F88C20012302F0070206329340C1F393
:10A870000C01083B994201D8FFF76ABD704700BF41
:10A88000002000BA001000BA2DE9F04780460C46BF
:10A8900016468769458F07F093FFB8F83C2005F10D
:10A8A000FF3C02EA0C0323F00701032C82463944E3
:10A8B000B8F83E0019D14A4C24689CB90244073AC2
:10A8C00002EA0C0222F00702BC183B44E31A48BF1C
:10A8D0005B19834210DB504607F06DFF00242046D1
:10A8E000BDE8F08724F00104EFE7012C02D0022C30
:10A8F000EBD108380C46E8E7002E3FD08C4241D11E
:10A900004FF03A42D2F858904FF03A41D1F8AC208B
:10A91000B8F81270C2F30C02934247DA2588B5F5F5
:10A92000804FD8D2A378C5F30C0503F007037A1E35
:10A93000A5EB09053A43052B337005EA02052DD82E
:10A940002DB2E84340F241420421C00F04F05EFA08
:10A950007580E3783374D8F81C207B1E03EA090362
:10A96000D118B160A9B213FA85F5AF422FBF002309
:10A97000FF1AB780F26024BFB180F360504607F041
:10A980001AFFACE7A4F10802974284BFED0802EB7E
:10A99000C502B2F80090C9F30C09B5E7114B5B6D25
:10A9A000003B18BF0123A5EBC305C9E74B6D7A1E19
:10A9B000A3EB09033A431A400B4915B2002DCB68AB
:10A9C0000BDCC3F30363D81E43424341DB00337007
:10A9D000CB6C72801B0A3374BDE70823F7E700BF16
:10A9E000AC980020004000B8000002B8054BA82237
:10A9F000D3F84C013121431C0CBF0120C0F38070FF
:10AA000004F004BA0080E00F034B1A6802609B88D0
:10AA100083800020704700BF6E9E002010B5044662
:10AA2000084B063C9B689847074B032CD3F8F80764
:10AA300006D800F4C020B0F5C02018BF012010BD1A
:10AA40000020FCE7949D0020000002B80E4BD3F8D4
:10AA5000FC37FF2B0ED0C3F3421103F01F03013369
:10AA600003EB4112FE2A88BFFE23084A98BF03EB7E
:10AA70004113137041F66A02054B1B68B3FBF2F3F6
:10AA8000044A1360704700BF000002B8799E00209E
:10AA9000CC980020B0980020063803289ABF024BBB
:10AAA00018780020704700BF799E0020334BD3F800
:10AAB000F827D3F8FC17324B1B68D3F8E43013B1F6
:10AAC0001A68032A2BD82F4BDB6BC3F3C20013F099
:10AAD000380F03F0070218BF424313F4E07FC3F3BB
:10AAE000821000D04243C1F34213022B234919D9EB
:10AAF000062A37D9D1F8FC3313F0010335D14FF0D2
:10AB0000E0702149092AC1F82C012048C0F82C31F5
:10AB10006FF0FF03C1F828311DD91D4B1DE09A6A63
:10AB2000520EE0E70023D1F8FC13C907E7D5032A4A
:10AB30001CD84FF47C71144A43F44C73C2F82C11A6
:10AB40004FF0E071C2F82C111049C1F82C316FF0B0
:10AB5000FF03C2F828314FF408530C4A0020C2F812
:10AB6000283170474FF40003DDE700234FF47C7079
:10AB7000054943F43873C1F82C01C0E7000002B85E
:10AB800048990020008001B8002002B8001002B8E7
:10AB9000002DB00BF8B5834D04462978002950D11B
:10ABA0002C22814804F034FD2378804FFF223B7033
:10ABB000638800247B807E4B4FF48150C3F8DC40D7
:10ABC0007C4B1A7007227C4BD3F8F817D3F8FC673C
:10ABD00003F50053C3F8FC234FF47072C3F82C2123
:10ABE000764A4903C3F830214FF00102C3F83421FB
:10ABF000C3F86C014FF40060A3F58053C3F86C01F7
:10AC000026D4C3F8FC234FF4307216F0E00FC3F8DB
:10AC10002C2108BF4FF480524FF0080008BFC3F842
:10AC20006C21E7F746F94FF4780420226449C1F813
:10AC30006C213A78063A032A2BD8DFE802F0156B2C
:10AC40006E7300235F4AC2F8FC305F4A1370ABE7B3
:10AC50000421C3F8FC1380210920C3F82C11C3F888
:10AC60003421E7F726F9E0E716F0E00FC6F34212C9
:10AC700004D144F40C3444F440740AE0012A1BBFAC
:10AC80002020524A44F4C134C2F86C0118BF44F485
:10AC90008024C1F83041FFF709FF002839D14C4B1F
:10ACA0001A68B2F1406F474A5BD3D3F87C12013186
:10ACB0003BD0D3F87C12C9B2C2F8DC10D3F8803292
:10ACC000404ADBB24249C2F8E430D1F88432013361
:10ACD00043F63F7332D0D1F884421C40C2F8D840CA
:10ACE000D1F888120B40C2F8E030394BD3F88C12FF
:10ACF00001312CD0D3F88C1201F0FC01C2F8F01015
:10AD0000D3F8903203F0FC032E4AC2F8F43001234A
:10AD10002B70F8BD44F40834ADE744F4A73444F490
:10AD20008074B6E744F4FE44B3E72349D1F82831F0
:10AD3000DBB2C2F8DC30D1F82831C1E71E4CD4F8C0
:10AD400024111940C2F8D810D4F82411CAE71A49BE
:10AD5000D1F8343103F0FC03C2F8F030D1F83431CB
:10AD6000D0E71549D1F8F847D3F83012C9B2C2F884
:10AD7000DC10D3F83432DBB2C2F8E430630357BFDF
:10AD800043F62B3341F61B33C2F8D830C2F8E0301B
:10AD900049BFC2F8D830FC23C2F8E030DC23C2F847
:10ADA000F030B1E792990020D43F00B06E9E0020B1
:10ADB000004001B8789E0020000002B800FFFF00AC
:10ADC000001002B8003F00B091990020002002B8A6
:10ADD0000080E00FD0F8A4104C22022938BF0221D5
:10ADE0002DE9F04F804690F824A181480139C36CC9
:10ADF000D0F8DC507F48C3F38213DA40036898F838
:10AE00002B708B42DFF828B27B4B87B002F0010237
:10AE100019D11C78944216D1784C2478544512D11B
:10AE2000D8F8A8407CB1AC420DD1754CD4F8F840AC
:10AE3000A60608D4734C2478BC4204D1BBF80400A5
:10AE400007B0BDE8F08F01609BF800001A70FFF7B3
:10AE500023FEFF2F81466A4840D1AAF10603032B47
:10AE6000D0F8F800684B09D985064DD540F2FF307F
:10AE7000C3F88800FB0843F4407309E0840642D518
:10AE800040F2FF300127C3F88800BB0843F4387351
:10AE90005E48C0F888305C4B0120C3F8E0005C4B92
:10AEA0001E6840F27123B6FBF3F619234E43B6FB3E
:10AEB000F3F65AB3D8F8E4502DB12B68082B40F2C2
:10AEC000948095F83850294605A8059604F0C9FFE6
:10AED0000602059C46F011062D043CE009F1FF3303
:10AEE000BB4228BF3B46012B38BF0123D0F8F800F6
:10AEF000DFB2800608D540F2FF3443481B06C0F895
:10AF00008840B7D4C1E70127404BC5E7414B9821A2
:10AF1000A3FB062303A8039304F0A3FF039C3E4A6C
:10AF2000361BA2FB06120190342104A8049204F0FF
:10AF300098FF049D0090761B302105A8059604F02B
:10AF400090FF019B009A1E02059B2C4446EA0216C4
:10AF5000324D06431C44324B40F6970218682B21B1
:10AF6000003818BF012003F051FFFA222C4B02FBDE
:10AF700004F01B6840F6FF72B0FBF3F00A2358435D
:10AF8000214B00F57A74C3F8D820A3F58053C3F899
:10AF9000D860A3F58053C3F8DC50224B224E1B78B7
:10AFA000C6F8D4700BB9C6F8FC7086F8FB9000F5B3
:10AFB0008C50C8F8A8501D4D14302C6001F0F6FFDD
:10AFC0004FF47A72C6F89800C6F8EC002B680D4969
:10AFD000B3FBF2F3ABF80430084BB4FBF2F083F8A8
:10AFE00000A098F82B300B702AE700256BE700BF14
:10AFF000004001B8689D002093990020779E0020B2
:10B00000004F00B0769E0020006001B8005001B8EB
:10B01000CC98002069C2F568B97A146E3064FC00DF
:10B02000B098002091990020003F00B0B498002013
:10B030006E9E002010B5104B024618780F4C0C285D
:10B0400002D1FF20207010BD831F042B34BF0121CB
:10B05000FF21FFF721FD904228BF1046C0B2884271
:10B0600038BF084623788342EDD0054B207018681E
:10B07000FFF7B0FE2078E6E76E9E0020789E002065
:10B080004899002008B50E4B024618780C2812D0BB
:10B09000FF2A13D0FFF700FD904228BF1046C2B22E
:10B0A000012A38BF0122074BC3F8FC2001230649BF
:10B0B00010460B7008BD0023FF22F8E70023F6E7D7
:10B0C0006E9E0020003F00B0919900200020044BAC
:10B0D0001870044BD3F8D420C3F8FC20704700BF8D
:10B0E00091990020003F00B010B5044603F046FCE3
:10B0F00078B1154B1B786BB964B1144B1B784BB10D
:10B10000134B1B78013B012B04D84FF40042114B29
:10B110001A6510BD104B1B6D1B04FAD407F050FBD1
:10B12000044602F023FD4FF400420C4B2046BDE8DC
:10B1300010401A6502220A4BC3F824250422054B4D
:10B140005A6407F038BB00BF9499002095990020FD
:10B15000B8980020002002B8000002B8001002B821
:10B1600000D00350054BD3F8843013F0030F4FF495
:10B17000802314BF024A034A93647047004000B81A
:10B18000005000B8006000B8594B2DE9F34193F826
:10B190002E800646B8F1000F40F0A8809B68554C01
:10B1A000984701213A20E6F7A5FB534B2578534FEA
:10B1B0001E7085BB2846FFF797FF2378013B012BC4
:10B1C00019D8E37B01A88DF80430237C8DF8053075
:10B1D000E4F770FCC7F824554FF6FF72484BC3F8EC
:10B1E0008420F822A3F58053C3F884200022434B27
:10B1F000C3F824250DE04FF6FF72414BC7F82455E4
:10B20000C3F88420F822A3F58053C3F88420C7F83C
:10B2100024553C4B5BE04046FFF766FF2378013B3B
:10B22000012B08D8E37B01A88DF80430237C8DF82E
:10B230000530E4F73FFC0023C7F82435002ECBD0BF
:10B2400062685AB3304B1B6803EB5203B3FBF2F353
:10B25000013B1B0243F0F80326782949022E2B4AB2
:10B260001ED0032E4FF6FF75244826D0012E37D16D
:10B2700043F00203C1F88450C2F884300723C0F8B9
:10B280002435E37B01A88DF80430237C8DF805304C
:10B29000E4F7E4FB0120FFF727FF17E0F823DBE7E3
:10B2A0004FF6FF7043F00103C1F88400C2F8843008
:10B2B0000622124BC3F82425E3E743F00503C1F847
:10B2C0008450C2F884300423C0F82435104B4FF06A
:10B2D00080421A65FFF746FF002002B0BDE8F0810A
:10B2E000C1F88450C2F884300023EDE70E20F4E763
:10B2F000949D0020B89800209599002000C003502C
:10B30000006000B8002002B8CC980020005000B8BF
:10B31000001002B8DFF8CCC02DE9FF419CF82E8068
:10B320000446B8F1000F54D12B4F06463D460FCED0
:10B330000FC533682B60DCF80830984701213A20AC
:10B34000E6F7D8FA254BC3F82485A17A627A42EA57
:10B350000142C3F83025217CE27B42EA0142C3F876
:10B360002C25217B627B41EA0240C3F828053B780B
:10B37000032B2AD8DFE803F022020C178DF8041003
:10B3800004218DF805200DEB01000022E6F72AFAD2
:10B39000E37B00228DF80830237C042102A88DF87D
:10B3A0000930E6F71FFA637A01228DF80C30A37A90
:10B3B000042103A88DF80D30E6F714FA084B18782D
:10B3C00004B0BDE8F041FFF7DFBE212004B0BDE8C6
:10B3D000F0810E20FAE700BFB898002000C00350AB
:10B3E00095990020949D0020034B1B6D002BBCBF42
:10B3F000024BC3F888007047000002B8004000B854
:10B40000304B2DE9F047DB6898474FF47A762E4BA6
:10B41000B0FBF6F618604FF4FA73734307462B48F7
:10B42000190E1B0218182A4A4FF0000341F10001BF
:10B4300003F0DCFE274BA0F5807205461A6320B9A5
:10B4400048222B2103F0E2FC01254FF47A724FF0E1
:10B45000000A6A4353465008310203F0C7FE1D4BF1
:10B460001D4AB7F57A7F9A601C4B4FEA0568196050
:10B470001B4B8946044618604FEA152505D29B22CE
:10B480002B21504603F0C2FC01264FF47A73A8FB2F
:10B49000030103FB05117308C01841F100010023EB
:10B4A000324603F0A3FE0F4B023419600E4B49F1F4
:10B4B0000009A408186044EA8974064B013C9C63A7
:10B4C000BDE8F087949D0020CC98002020A10700C3
:10B4D00040420F0000C001B802110100E0980020B6
:10B4E000DC980020D8980020D49800201022044B2B
:10B4F000C3F884215A600122024BDA60704700BF12
:10B5000000E100E000C001B81022064BC3F884211E
:10B51000C3F88420BFF34F8FBFF36F8F0422024B19
:10B52000DA60704700E100E000C001B810B50446E1
:10B53000A242A2EB0000A3EB010104D2034B0139AC
:10B540009B6B0133184401F0030110BD00C001B82A
:10B5500038B501250A4B02019D504FF48073044613
:10B56000084A8340536607F02BF9074AA540137831
:10B5700023EA05031370BDE8384007F01CB900BF8B
:10B5800000E101B800E001B89E9900202DE9F84FD4
:10B59000164605468A461F4607F012F9022E00F0AD
:10B5A0009180804607F001F95A4B5B4AD3F820900E
:10B5B00092F8CD405A6EE4B2520744BFD3F82090BF
:10B5C000013404F0030407F0EBF84846214600F08C
:10B5D00099FA8446DAF80000012E04BF0130604475
:10B5E000ACEB000C08BFCAF80000BCF1804F7DD363
:10B5F00000F09AFA8145A1EB040188BF454BDFF8C2
:10B6000038C188BF01F1FF3101F0030188BF9B6B96
:10B61000A0EB090E0CF80510A1B1F90742BF41F6E5
:10B620001F723E4B5A67BA0742BF3C4B3C4A5A67AF
:10B630007B0742BF0022374B9A673C0742BF00227C
:10B64000344B9A6511244FF0010A324B05F1100278
:10B65000120103EB051BCBF80C0132499C501A6A0E
:10B660000AFA05F4586E0B78A2EB0902E4B2234300
:10B6700072450B7025D34FF48073AB40034220D149
:10B680001CF80520002A40D10EB3274AF80753665C
:10B6900007D541F61F7140F20110204B59675067E2
:10B6A0005967B90706D51D4B1D4A1F491F485A67E0
:10B6B00048675A677A0742BF01221D4B1A613B0750
:10B6C0001AD4404607F077F80120BDE8F88F194AF0
:10B6D0002D0142F805A042F89C3C07F071F8114991
:10B6E0000B7823EA04030B7007F065F8404607F077
:10B6F00062F80020BDE8F88F2120FFF775FE4FF4B7
:10B700008032044B4046DA60DCE7074A4046536625
:10B71000D8E700BF00C001B8003E00B000E001B8AB
:10B7200000001F1F9E99002000D001B800000101F9
:10B73000000002B800E101B896990020024B187889
:10B74000003818BF012070479E990020034B10302D
:10B750000001185800F00100704700BF00C001B898
:10B7600070B50646FDF768FE044608B1FFF7CCFE4B
:10B7700000230A4D3046AB61EB612B6200F0D4F937
:10B78000074BC9B283F8CD1028622CB1FFF7AEFE8B
:10B790004FF08062034B5A64002070BD00C001B8B6
:10B7A000003E00B0002002B82DE9F0419DF818805D
:10B7B0000D46B8F1000F08BF0022214EB5F5803FBD
:10B7C000B168074621F4700141F4A001B1609DF811
:10B7D00020409DF81C104FEA042444EA016444EA26
:10B7E000031444EA084444EA02044FF0180140F20A
:10B7F000E9222CBF00200120746503F007FB3564AB
:10B80000B8F1000F1AD00F4BBC68D3F8B8307A2CBF
:10B8100038BF7A245B0606D500F0E8FC18B10A4B65
:10B82000B3FBF0F31C44204600F07EF90130854262
:10B8300038BF0022024B34BF5A645864BDE8F0811F
:10B8400000C001B800C000B800093D0038B51A4B6F
:10B850005D6C35BB10242020FFF7C6FD174B9C60A4
:10B8600002F06EFF2022164BC3F8842102F06EF81E
:10B8700048B12A4600200821FDF742F8114B5C66CA
:10B88000A3F580531C67104AD36803F07063B3F1CB
:10B89000807FF9D9084B0D4A5A6741F201429A67F5
:10B8A00038BD02F053F80028F4D0094B054A53661E
:10B8B000A2F580521367EDE700C001B8001002B88E
:10B8C00000E100E000E001B8000002B8011B01182F
:10B8D0001000002008B52120FFF786FD4FF48032CC
:10B8E000014BDA6008BD00BF00C001B82DE9F0418E
:10B8F0001C4D0446EB6BDB012DD500F0EBFC06463E
:10B90000A0FB0447E86B4FEA1028050C10F0FF007D
:10B9100005D140F25A422B2103F078FA0120EDB212
:10B92000AD01B5FBF0F55FFA88F815EB881506D187
:10B93000284640F25F422B2103F068FA01252A468F
:10B9400000232046394603F051FCB6FBF5F5064AC4
:10B950001560BDE8F08100F049FC0546A0FB04013C
:10B96000F5E700BF00C000B8D098002002460120D3
:10B9700030B50B4CA0F12003C0F1200524FA05F5E9
:10B9800004FA03F32B4304FA00F595428B4100D3EC
:10B9900030BD0F2801D00130ECE7FF20F8E700BFF1
:10B9A00040420F0038B506F000FF084B084A1D6AF8
:10B9B00092F8CD405A6EE4B2520744BF1D6A01347A
:10B9C00006F0EEFE284604F0030138BD00C001B8C1
:10B9D000003E00B02DE9F0410E46FFF787FFC30996
:10B9E00043EA4163C01A61EBD111FFF7BFFFFF28A3
:10B9F000054661D0334B344A1B68344FB2FBF3F831
:10BA0000FB6803F07063B3F1807F3FD93327304C7C
:10BA1000E36813F4603F03D1013F17F0FF0747D1FC
:10BA200001234046236504F053FA06F0C9FE072DB2
:10BA3000294628BF07210F27636A6A1E23F4706313
:10BA400043EA0223A26A22F0E05242EA81622149DB
:10BA5000C1F8B870204945F010070978A9421F497C
:10BA60002BBFA262C1F8B870C1F8B87063622CBF76
:10BA70006362A26206F09FFE154B5B6ADBB2802B0D
:10BA80001DD03046BDE8F04100F010BC1022332438
:10BA9000134B9A60FB6803F07063B3F1807FB5D8F5
:10BAA000013C14F0FF04B1D00A2004F011FAF1E7D0
:10BAB0000A2004F00DFAABE72120BDE8F081022056
:10BAC000FBE700BFD098002040420F00000002B802
:10BAD00000C000B800E000B88D99002000D000B888
:10BAE000001002B80346064A103302EB00111B0196
:10BAF000D1F80C01D158C1F3400104F0F4B900BFF2
:10BB000000C001B8064B1B68434303EB8171054B32
:10BB10001B68A3FB003013F1004341EB00007047AA
:10BB2000D8980020D49800200C4A20F040430146C9
:10BB300010B5002014684FF00042E4FB0320084ACF
:10BB4000890F126802FB0300064B9B6B984204D9D5
:10BB500001330131C01A01F0030110BDDC9800204F
:10BB6000E098002000C001B8044B01F0F0711030E3
:10BB700041F0030100011950704700BF00C001B837
:10BB800008B52220FFF730FC4FF48022014BDA6029
:10BB900008BD00BF00C001B8836833B10549C26861
:10BBA000096803F13043032A00D8704743F8041BA7
:10BBB000043AF8E7C89D002070B51646054600B364
:10BBC000F9B1F2B14268104B006803321B68920869
:10BBD00000F130409847044688B9EA68A868033203
:10BBE0003146920800F1304004F096F9044630B92D
:10BBF000D5E90402214600F1304003F009FD20465A
:10BC000070BD2124FBE700BF709D002070B50C685B
:10BC1000651C15D0C4F302669E42C4F3074530D1BB
:10BC2000A4B294422DD804EB8506B24229D2141B4B
:10BC3000A50824F003040E59340F04D0012C08D0B9
:10BC40000022212402E06B1C51F82320C0E90024CB
:10BC500070BD0E4C34F8133042EA03431A686B1C73
:10BC600051F8234001EB83014B6822405E4036F0DF
:10BC7000704404D11B0F032B04BF8B681A430024AC
:10BC8000E4E7013501EB8501C1E700BF6447030824
:10BC900007B501A8E6F702FA42F201020C4B0D4982
:10BCA000C3F870224FF4FC72C3F8E0205822A3F5C9
:10BCB0008053C3F8E020084AA3F61C7352F8040B23
:10BCC00043F8040B8B42F9D103B05DF804FB00BFCD
:10BCD000006001B8104101B83047030870B5032473
:10BCE000134E144DB3689847134A144B1A6501F06C
:10BCF00015F9FFF7CDFF124BC3F8104101232B6557
:10BD0000336898474FF460736B614FF400732B6591
:10BD1000FEF718FB0021FEF7E3FA8022094B1C64B2
:10BD2000A3F580535C64084BC3F884215A6070BD4E
:10BD3000949D0020001002B80048F000000002B8F6
:10BD4000005001B800A0095000E100E0836810B481
:10BD5000074C03F1304324681B689C4203D15DF813
:10BD6000044BFFF729BF00205DF8044B704700BF6C
:10BD7000C89D00202DE9F04705460E461446DFF821
:10BD80008480DFF884901E4F88B01CB9204608B02C
:10BD9000BDE8F087B4F5006F4FF010024FF00001DE
:10BDA0006846A24628BF4FF4006A03F031FC08231E
:10BDB0008DF800300AF1FF339BB2009A1B0143F06B
:10BDC000036302EA090203EA080313431022002175
:10BDD0000DEB0200CDE90036029503F019FC6A462E
:10BDE000387804A9E6F790F8A4EB0A0406EB8A0673
:10BDF00005EB8A053878E6F7D3F80028FAD0C4E7CF
:10BE00007A9E0020F07F300C0F80CFF3002210B517
:10BE1000274B284C5A649A64DA6494F82D2003F571
:10BE2000805312B14FF000721A6594F82E20002A48
:10BE300039D04FF400421A6594F830302BB14FF4EA
:10BE400080521D4B1A65A36A984794F831201A4B0B
:10BE500012B14FF400521A6501225A6102229A620D
:10BE6000134AD368C3F303630D2B01D0002BF8D121
:10BE700011231249D3631248124AFFF79DFE01F0C5
:10BE8000E3F91148FFF788FE1048FFF785FE1048D8
:10BE9000FFF782FE4FF08062074B5A61012203F5E3
:10BEA00080535A6110BD01213A20E5F723FDC3E715
:10BEB000000002B8949D0020001002B8CC4C03088A
:10BEC000F447030810480308C4470308DC47030885
:10BED000AC4703080F4B10491A68012302F5805242
:10BEE000C2F8803291660D4A53600D4A53600D4A84
:10BEF0005360A2F580425360A2F54042536002F5C0
:10BF0000C032536002F580425360A2F50042536094
:10BF1000704700BF909D0020FF0B001600D000B8B6
:10BF2000001000BA005001B808B504F0E1FB044B62
:10BF30001B681B6FC3F300430133B0FBF3F008BD74
:10BF4000909D00202DE9F04F044687B0029089466D
:10BF500059F8043B5A1C06D12360029BE01A80105A
:10BF600007B0BDE8F08F3748C3F301615FEA137B88
:10BF700030F8110008BFC3F307429BB218BF01227B
:10BF800043EA004003F0D1FF4FEAC20A05460AF136
:10BF900004032D48234483421BD807230127C846A6
:10BFA000CB4003F0010301939300049307FA0BF7CE
:10BFB00005EB8203039307F0940304F1080605934D
:10BFC000039B08F10408AB4208D104995444494446
:10BFD000BDE71E4B9C42E0D80020C1E7059B53B94A
:10BFE00017F0420F19D117F0280F0BD146F8085C53
:10BFF00058F8042C21E04FF420623221002002F096
:10C0000005FFF3E740F604223221019802F0FEFE1C
:10C0100005F5805246F8082CEAE740F60D22322159
:10C02000019802F0F3FE05F50052BBF1010F46F84E
:10C03000082CDDD158F8042CD24346F8042C0435E2
:10C040000836BDE75C470308DF4F00B0E04F00B0A3
:10C0500070B5044698B1B1B13A4A52F8043B8342F4
:10C0600013D10023384A116CC907FCD4374800EBC0
:10C07000830003F05AFF364B106001221A6470BD32
:10C0800001330C2B02D1334D2CE0012352F8041B59
:10C09000A142F5D1304A32F81330E3E7C2F301632D
:10C0A00035F81300110C93B211F0FE0F43EA004370
:10C0B000606820D00434CAB2022A216808D9D4E9C1
:10C0C0000160033AC3E9001698600C340C33F3E7BF
:10C0D00004D16268C3E90012083403E0012A01D1E7
:10C0E000043419602268531CD8D10022164B1A6000
:10C0F00003F58053C1E7120F072AEDD8DFE802F0FD
:10C100000704090D1013181DC04303F500531860F0
:10C11000E2E71A6842401A60DEE703F58053F6E76B
:10C1200003F0D6FED8E7012203F580538240F2E700
:10C13000012203F500538240EDE71A6830EA02025B
:10C14000FBD1C9E7E498002000C002B8404000B02D
:10C1500000D002B8644703086A9900200122014B0D
:10C160001A657047001002B80122014B1A6570472A
:10C17000002002B84022014B1A657047002002B827
:10C180004022014B1A657047001002B80B4B1B6828
:10C19000D3F8E43023B11A68022A01D9186A70472B
:10C1A000074B9A6E90B238B1064BC2F307421B6838
:10C1B000DB085343B3FBF0F0704700BF4899002001
:10C1C000004001B8CC980020064BDB68C3F3036342
:10C1D000984206D1044A936F23F0F00343EA011119
:10C1E00091677047000002B8003F00B0054B1B6824
:10C1F000D3F8E43013B11A680A2A01D8FFF7C6BF92
:10C20000186C7047489900202DE9F743064603F063
:10C2100058FE00248046DFF8909006F0D1FA0DF128
:10C22000070105460DF10600FDF7B0F99DF806304F
:10C230008BB9721C29D003F044FEA0EB08042846F9
:10C2400006F0B9FA9DF8063013B99DF807303BB3F4
:10C25000A642E2D824E0D9F80C3013F4603FE8D0CD
:10C26000D9F8180003F0B4FE731C074603D003F09E
:10C2700028FEA0EB0804284606F09DFA17F5007F7B
:10C28000E0D0384603B0BDE8F083284606F093FAC4
:10C290009DF80630002BC0D19DF80730002BBCD193
:10C2A000004FEEE700FEFFFF00C000B810F1800F66
:10C2B00004D04D28CEBF7F20323040B2FF22044B45
:10C2C000C0B25A62A3F5805358620020704700BF85
:10C2D00000E000B80B4A10B5136F0B4C116F03F060
:10C2E0000703E35CC1F3CD0101FB0333126F074881
:10C2F000C2F3454202FB033300688001B0FBF3F058
:10C3000010BD00BF004001B828470308CC980020AA
:10C31000044BD3F8B03010B1C3F30332027003F012
:10C320000F007047000002B8064B01F080015B6C03
:10C3300003F480030B4302BF4FF40012024BDA6494
:10C34000704700BF000002B8006001B84FF0B05263
:10C35000024B1B6803F580539A667047909D00203E
:10C36000044B1B68986E00F0B05000F16A435842CD
:10C3700058417047909D00200F4B1B788BB1012BCB
:10C3800011D10E4A012102F580528B4291600FD8E3
:10C390000A4A0B49002B08BF0A4693689B07FCD446
:10C3A0007047074AEEE700224FF480539A60FFDEA1
:10C3B00000239B68FBE700BF9F990020004003B863
:10C3C000000003B838B50B4B0B4C002818BF1C46B7
:10C3D000A569E3691D4007D0084B1B682BB12846AF
:10C3E000984704F50054A56138BD6B05F9D5FFF7F2
:10C3F000C3FFF6E7004003B8000003B8149900201B
:10C400002DE9F74F81460F464FF0FF35FFF7CAFA87
:10C41000002601908A462C463046DFF8D8B006F157
:10C4200010031B015BF8033003F00308B8F1010FA0
:10C4300015D13046FFF756FB02460B460198514690
:10C44000FFF774F8DBF8643006F10802D340DB072D
:10C4500039D5002F40D000252C463E60404601369D
:10C46000082EDCD160B3234A0027D2F808C0916BB4
:10C470000CF440330131A4FB0141641941F1000186
:10C48000B3F5003F30D1536B0CF4405C013347F1FE
:10C490000006BCF5805F22D1156B15F5807505FB94
:10C4A00006F647F1000203FB0266A5FB03323244A5
:10C4B000594304FB0212A3FB04341444C9E90034B9
:10C4C00003B0BDE8F08FA84271EB0403C6D207B1F8
:10C4D0003E6005460C46C1E73D463C46BEE732029B
:10C4E00042EA13621B02E3E7136B13F5807347F113
:10C4F0000002DDE700C001B8034B1A6E596E03F568
:10C5000000530A401A66704700800A502DE9F34133
:10C5100005460F4668461146FFF772FF0646B8B15A
:10C52000B7B1DDE900321B0A43EA0263A5FB0384CD
:10C53000094B120A05FB02441A681AB9074BDB685B
:10C540009847024600234046214602F04FFE3860DD
:10C55000304602B0BDE8F081CC980020949D0020C8
:10C5600030B54FF04044114B1A68D2F8883002F5CC
:10C570000055C5F8A040C3F38803C5F8A44091B1A5
:10C58000B3F5D17F28BF4FF4D173D52B38BFD52356
:10C5900003F14605A3F1460141EA0541D16702F5E1
:10C5A0008052C2F8A4400380002030BD8C9D002042
:10C5B0004FF48022034B00201B6803F581539A61DE
:10C5C000704700BF849D002073B50446234B244D63
:10C5D0009B68984701213A20E5F78CF9E1782279A8
:10C5E000286841EA0243C0F8F435E679A37943EAC2
:10C5F0000643C0F8F83523784BB18DF804100421B8
:10C600008DF805200DEB01000022E5F7EBF86378CB
:10C610005BB10421A37900228DF80430E3790DEB9E
:10C6200001008DF80530E5F7DDF82B68217801224F
:10C6300003F5BE6359B103F580510A6061780222A7
:10C6400041B103F5805300201A6002B070BD03F5BC
:10C650000051F2E703F50053F5E700BF949D002079
:10C66000889D00204FF08042034BC3F88020BFF329
:10C670004F8FBFF36F8F704700E100E04FF08042B3
:10C68000014B1A60704700BF00E100E070B52C4B11
:10C690000C461A781AB92B4AD2F86C221A702A4A18
:10C6A000126D52054AD51D78284B05F00F06B0FBD8
:10C6B000F3F040434FEA151505D140F27C622B217F
:10C6C00002F0A4FB0120224A0A217243B2FBF0F3DC
:10C6D0004843B3FBF1F602EB5002B2FBF0F201FB70
:10C6E0001633042BD2B207D8C3EB8310C3EB8003FD
:10C6F0005BB283B96DB217E0C3F10B0303EB8303A5
:10C70000DBB2B3FBF1F32B44DDB20F2DF2D9013ACA
:10C71000D2B2053DEEE7053B5BB293FBF1F31D445E
:10C72000EBB26DB2002D04DB002042EA051222605C
:10C7300070BD01320533D2B25DB2F5E70220F7E7F2
:10C74000A19900200080E00F000002B8403B2500C6
:10C7500080969800014B1868704700BF2099002010
:10C76000014B1868704700BF1C990020F8B50B46B4
:10C77000002213F8044B944225D91D68854224D128
:10C7800006245A791D79124B88181E6804FB05038C
:10C79000104F33F8063C7B43B3420ED900238A5A2C
:10C7A0007A43964202D804FB0300F8BD9D42FAD9B1
:10C7B000013304FB03F2825AF2E740F244423D2186
:10C7C000002002F023FB0020EFE708330132D2E71C
:10C7D0001899002040420F0000202DE9F04FA2FBE5
:10C7E000016AB94FDFF824C3F7191D466AF1000347
:10C7F000BC4570EB030383B008D240F23E220E2109
:10C8000002F004FB022003B0BDE8F08FD5F82890B9
:10C810008B461446B9F1000F04D0D9F80030032B31
:10C8200000F29381A94BAA4A9B6BD2F8FC90C3F308
:10C830001408A84B1B6F59074EBF4FF440039B05CC
:10C8400003F0E07348EA0308A34BD3F8EC305A0036
:10C8500048BF48F0807848EA446803F075FF07460F
:10C86000002CCFD00028CDD09C4B6E62C3F800B016
:10C870009B4B984200F0B18103F5122303F5F86356
:10C88000984200F07381974B984200F0B1810246C4
:10C89000002300204FF0007102F0A8FC00230130BB
:10C8A00006FB03F300FB0A33A6FB0002134420330C
:10C8B00089499B092B60D1F8ECB3D1F8F033D1F85A
:10C8C00078A1D1F8A01000930846584030F47F6357
:10C8D0000CBF012000204FF428720191102102F0BA
:10C8E00095FA8BEA0A0232F47F634FF0100140F2AE
:10C8F000A6220CBF0120002002F088FA7A4A009B91
:10C90000D2F86012C9B2FF291CBF2AF47F6242EA42
:10C910000112764908BF5A468E4207D9211F0129C4
:10C9200040F2278172498E4200F22381B7FBF4F76F
:10C93000C8F31301A1FB0717AB61684BC90C41EAAF
:10C94000473118F4801F1F686A4B08BF49421960BD
:10C95000694B0F44C5E907B21F60B9F1000F00F041
:10C96000328100236B60AB60D9F81C60D9F800A05D
:10C97000002E49D0BAF10F0F97BF574BB9F818B036
:10C98000D3F88C31C3F3832B524B98BF0BF1080BB8
:10C99000D3F83C31B7FBFBF2DB0216D5002381EA6A
:10C9A000E17EAEEBE17E5549C8F3815811F808C02D
:10C9B000194650084FEACC5CCCFB0E01009202F005
:10C9C00015FC009AC0F3130068605F4504D3B2FA07
:10C9D00082F10D2940F3048133469103B1FBF3F159
:10C9E0004B004FEAC23E0133520C01E002330131E9
:10C9F000A3FB06C0E64572EB0000F7D2C1F30E01BF
:10CA0000090341F00061A960BAF1050F40F2DF802F
:10CA1000D9F82C60002E00F0B680307804FB07F7C0
:10CA2000A0F10400B0FA80F040F20B523D21400921
:10CA300002F0ECF9324B9F4240F20181314B9F42B0
:10CA400040F20181304A974294BF0222032244F20D
:10CA50001421FF0B07EBC70307EB43039B0B013BC1
:10CA60005B0232446B61567801FB07F2B6EBD25F92
:10CA70004FEAD25380F0E5802644B34240F2D7809B
:10CA80002644B34240F2E1802644B34240F2DF80C4
:10CA90002644B34240F2DD802644B34298BF0520CD
:10CAA00040F2C680002040F226523D2102F0AEF94D
:10CAB00044F6776307FB03F3DB0D013BB34280F0E1
:10CAC000BC80002026E000BF006CCA88008001B84E
:10CAD000004F00B0004001B8000002B820990020CB
:10CAE00000F04902005A62020080E00F00BBEEA095
:10CAF00000AE5EA71C9900201899002094470308F7
:10CB000020D4CB8F00DAF89AE0DF25A6807C814A1A
:10CB1000042804D8361BB34200F10100F8D30328DF
:10CB20008CBF0020012040F232523D2102F06EF90C
:10CB300001216B69A6F1140242EA86421343D9F837
:10CB400000A06B6185F82C101FE0042BD9F8288019
:10CB50007FF483AE18F0807F14BF4FF4400308F0D9
:10CB6000E07328F0E07848EA030876E600233A48C4
:10CB700096E6019B2AF47F6A23F47F6343F42A63D9
:10CB80004AF4CC6BD2E685F82C600023BAF1060F8C
:10CB9000EB6018D9D9F83030ABB103F0D5FDD9F836
:10CBA0003010FFF7E3FD044608B183781BBB03F0A8
:10CBB00099FDD9F83010FFF7D9FD20B1837813B172
:10CBC000C3781B042B61002003B0BDE8F08F002365
:10CBD000002085F82C30EB60F6E700231F485FE665
:10CBE000C1F10E0326FA03F302FA01F10133F5E66F
:10CBF00000231B4854E6407940F25552003818BFD4
:10CC000001203D2102F002F9207940F2565200380D
:10CC100018BF01203D2102F0F9F8237962791B0247
:10CC200043EA0213EB60E3781B042B61BFE70120AA
:10CC300003288CBF0020012035E7012073E7002284
:10CC400005E701202FE7012201E70220F0E703209A
:10CC5000EEE70420ECE700BF313641DC0A3BB2DFEF
:10CC6000D694BFD630B505460C468DB059B9334B76
:10CC7000827AD3F8FC30416831480A9300686B46E9
:10CC8000FFF7AAFD6C462F4B22685A632B4BD3F853
:10CC9000FC30002B3CD0636843B12B4B2B4AC3F8CC
:10CCA0003C216268A3F58053C3F83C21A36843B1DB
:10CCB000254B274AC3F81C21A268A3F58053C3F86B
:10CCC0001C21244AE168D2F8983194F82C0023F40E
:10CCD000EE630B43C2F898316FF078421E4B1F4948
:10CCE0009A606269A3F580539A604FF44033C1F8AB
:10CCF0008C3122691A4BC3F88C214FF40012D8B141
:10CD00000A65184B1B6898471749606AFFF7BEFC15
:10CD10000020A2690F4BC3F8A020E269C3F8782174
:10CD2000226AC3F8F8232A89A3F5E0339A6203F54F
:10CD3000A03318640DB030BD1A65E2E7004F00B0B3
:10CD400048990020008001B8006001B8FFFF0F0083
:10CD500000F0FF0F000002B800600C50002002B885
:10CD6000001002B8949D0020588001B870B51C4690
:10CD700015460E461B688CB00A93A27A6B46616812
:10CD8000FFF72AFD394B2B6023896B60384BAB6072
:10CD9000009BEB60374BC5E90436019B002B55D156
:10CDA00005F11804029B43B1334ADFF80CC1C4E912
:10CDB00000C2324AC4E9022310344FF4EE63304A11
:10CDC0003049C4E90023304B3048A360039B304A0C
:10CDD000E3606FF07843C4E904132E4B9DF82C10E8
:10CDE000A361059B4FF40016E3614FF44033C4E99F
:10CDF0000803294B0998A362049BE362274B00298F
:10CE000008BF13464FF47F622363254BE263C4E9F6
:10CE10000D63A3F580532364069B04F16401134062
:10CE20006364204BC4E91232A3F580532365079B4A
:10CE3000134063651C4BA365089BE365FFF726FC65
:10CE400078B16034641BA0100CB070BD174ADFF8D5
:10CE50006CE005F12804C5E906E2154A6B622A6216
:10CE6000A0E7144B683444F8083CEBE7284000A8DE
:10CE7000348001A8448001A800F0FF0F1C5101A8D4
:10CE8000982102A808600C50981102A88C2102A8D1
:10CE9000501002A808500C508C1102A8502002A873
:10CEA000A02002A8782102A8F80302A8FFFF0F0023
:10CEB0003C5101A8588001A81C6101A83C6101A84F
:10CEC0004FF40022014B00201A657047002002B881
:10CED0000E4B1B68D3F88022D2070ED55B6E002B59
:10CEE0000DDA0B4B4FF480029B6813F00C0F094BCB
:10CEF00009D11A654FF480421A65002070474FF43B
:10CF00008002054BF5E704490A65F3E7909D002090
:10CF100000400950002002B8001002B84FF48062AF
:10CF2000014B1A65704700BF001002B8064B1A6C1F
:10CF30009207FCD4022240EA01205860034B1A6495
:10CF40000122034B1A70704700C002B800D002B82B
:10CF5000A299002040B10368012B05D90069034B59
:10CF6000002808BF18467047004870479C470308D0
:10CF700010B590B10468012C0FD902696AB111682B
:10CF8000094B102C196051685960916888BFD268AC
:10CF9000996094BFD960DA6010BD10220021024868
:10CFA00002F036FBF8E700BF28990020084BC117B4
:10CFB0001A68A2FB000302FB013310F1807043F1F9
:10CFC0000003400E40EAC310803820EAE07070474A
:10CFD000389900200722194B70B51A64184B194A6A
:10CFE0001D68194BEC08E005C0184FEA153141F1F6
:10CFF0000001002302F0FAF8144B154E1860154892
:10D00000FFF7D4FF4042C6F8D00049F65800FFF7BA
:10D01000CDFFC6F89C001048FEF786FD024660B1C1
:10D02000E301500818184FEA15714FF0000341F161
:10D03000000102F0DBF8C6F8A80070BD000002B8DD
:10D04000CC98002065CD1D00B2E60E003899002076
:10D05000003F00B07011010040420F0010B50446BF
:10D0600098B10B4BD3F8FC00FFF782FF4FF47A73B3
:10D0700003FB04F0074BA0F57A60DA689B68104464
:10D08000C01ABDE81040FFF791BF4CF25030F8E7EE
:10D09000004F00B0289900202DE9F84305460846C6
:10D0A00014461E46FFF764FF05B306F0020716F0AC
:10D0B00004061DD1D7B14FF47A706B685843002B2A
:10D0C00040F08C80FFF772FF20636B69002B00F04B
:10D0D0008C804A4AD0684FF47A7202FB0300A0F5B4
:10D0E000FA50FFF763FFE062002E58D1BDE8F883E5
:10D0F0002869002869D04FF47A7358433F4BA0F554
:10D100007A609B68C01AFFF751FFA062A88B0028C5
:10D110005ED04FF47A735843384BA0F57A609B6821
:10D12000C01AFFF743FFE061354BE968D3F8008090
:10D13000002950D04FF47A735943304BA1F57A61EE
:10D140009A685B68891AC91A2E4BC8171A68DFF8E3
:10D15000BC90A2FB011302FB003311F1807143F17B
:10D160000003490E41EAC3118039274B2162D3F8ED
:10D17000B8306362D9F8003053B1404602F049FD3F
:10D1800030B12246D9F800301C49D8F8D800984769
:10D190000021A869FFF762FF6063002F8BD1A868A8
:10D1A00030BB47F23050FFF701FF60614FF47A70F7
:10D1B0002B6858432BB1114B1B6803F51C531033DC
:10D1C0001844FFF7F3FEA06190E74CF250309AE765
:10D1D0004CF25030A5E74CF25031B5E7074B1B68D5
:10D1E00003F51C53103318446CE747F2305078E7CE
:10D1F0004FF47A735843A0F5FA50D4E728990020E9
:10D200004899002038990020003F00B02499002060
:10D2100038B5054608461C4602F076FE0246D5F8AB
:10D22000E400FFF797FE4368A018002B044AA8BF4C
:10D230004FF4FA721A44034B92FBF3F2104438BDD8
:10D240000CFEFFFF18FCFFFF70B5154C8CB001AD54
:10D250000FCC0FC50FCC0FC594E8070085E8070079
:10D26000AC2200210F4802F0D3F99C2200210E4885
:10D2700002F0CEF9202200210C4802F0C9F903F097
:10D28000DAF80B4B1B784BB1054E01AD0FCD0FC635
:10D290000FCD0FC695E8070084E807000CB070BDFD
:10D2A000D43F00B0B83E00B0643F00B0E04F00B0E3
:10D2B0009299002008B505F083FA0E4B1A78A2B9AE
:10D2C0000D4A126812F4843F0FD10C4A10211165E7
:10D2D0001B7863B9084B1B68DB0508D4074B202279
:10D2E0001A65BDE8084005F066BA054AEEE7044B4A
:10D2F000F5E700BFA8990020504C0020002002B89C
:10D30000001002B810B5104B104AD3F8B8001478CA
:10D31000596A9A6A00F00F0021F4706122F0E0521D
:10D32000844241EA042142EA84624FF01F04084823
:10D3300035BF9A6259625962C0F8B84034BFC0F82C
:10D34000B8409A6210BD00BF00C000B88D9900209F
:10D3500000E000B80A4B197801F0FF0229B1002162
:10D36000197008499202C1F80821597801F0FF02AA
:10D3700029B1002159709302024AC2F80C3170475A
:10D38000A3990020005000B8084BD3F8000F084BB9
:10D390009A6C110107D4074A926E920705D5D3F80B
:10D3A000F4339B0701D500F580707047003000B062
:10D3B000000002B8004000B810B505F001FA0E21D7
:10D3C00004460320FEF700FF40F20122034B2046F3
:10D3D000BDE81040DA6205F0EEB900BF004000B8C9
:10D3E00038B505F0EDF94FF00043244C0546C4F87C
:10D3F0008030BFF34F8FBFF36F8F0123C4F88430A9
:10D40000BFF34F8FBFF36F8F0223C4F88430BFF395
:10D410004F8FBFF36F8F0423C4F88430BFF34F8F57
:10D42000BFF36F8F0823C4F88430BFF34F8FBFF36F
:10D430006F8F134B1B6A98471023C4F88430BFF3D7
:10D440004F8FBFF36F8F2023C4F88430BFF34F8F0B
:10D45000BFF36F8F4023C4F88430BFF34F8FBFF307
:10D460006F8F4FF48073C4F88430BFF34F8FBFF3D6
:10D470006F8F2846BDE8384005F09DB900E100E017
:10D48000949D002038B505F09BF905464FF0004308
:10D490000C4C2360012363600423636008236360F2
:10D4A000094BDB69984710236360202363604023A6
:10D4B00063604FF4807363602846BDE8384005F030
:10D4C0007AB900BF00E100E0949D0020012370B50F
:10D4D000074C2370074B1E68074B3240D3E90053BB
:10D4E00019402840FBF70CFA0023237070BD00BFE1
:10D4F000A699002040990020504C00200022044BA7
:10D500001A70044B197811B11A70FFF7D3BE704727
:10D51000A7990020A89900202DE9F047DDF8209078
:10D5200003EA0108099B06460D4602EA000703EAE2
:10D53000090AB9F1000F40F0F280031F0B4300F01D
:10D54000A180052871F100036FD250EA010300F0B9
:10D55000D481431E0B4300F0B880FFF741FF814A9E
:10D56000D2E9004323EA050324EA06043C4343EAE4
:10D5700008077D4BC2E900471E6826EA090646EA0D
:10D580000A061E60FFF796FE16F0020F42F2020333
:10D5900008BF0223754A7648D26E250383EA02014A
:10D5A00022EA0302C266734A03EA01038166D36674
:10D5B000C4F380424FEA023248BF42F48072E00670
:10D5C00048BF42F40052A10648BF42F4007263060D
:10D5D000694B48BF42F48062DB68250648BF42F4CD
:10D5E0000062664882EA030123EA0203C360644BD7
:10D5F0000A4017F4007F8160DA6007F40071614B24
:10D6000000F0D2800121604A83F8941092F82D0036
:10D610004FF00073002800F0A1805C480365936917
:10D620005B4898474FF48025D1E04FF4004399427E
:10D6300008BF48454B4C61D081458B418DD3A0F547
:10D6400080630B4305D020F48063A3F500730B4384
:10D6500083D105F0B5F8D4E9003223EA060322EAC3
:10D66000050242EA08023B43C4E90032494A126813
:10D6700092F8F610484A09B313F4C06F1ED04FF465
:10D68000807311E005F09CF8364AD2E9003123F0AE
:10D6900004033B4341EA080157EA0807C2E90031A5
:10D6A0004FF480633C4A0BD0C2F81431A2F580528B
:10D6B000C2F81831BDE8F04705F07DB84FF480732B
:10D6C000C2F81831C2F81431F4E705F079F8254AA8
:10D6D000D2E9003123F001033B4341EA0801C2E9EA
:10D6E000003101232D4A57EA08071BBF9364A2F5B6
:10D6F0008052D364D36408BF9364DBE705F060F81D
:10D70000D4E9002323F400433A4343EA0803C4E97D
:10D71000002357EA08074FF48063204AE5E750EA00
:10D7200001037FF41AAFB9F1010F7FF416AF05F0D2
:10D7300047F80D4A136823F0010343EA0A03136014
:10D740004FF48063164ABAF1000F04D05366A2F575
:10D7500080521367AEE713675366ABE7114A136550
:10D7600060E700BF504C002040990020004000B806
:10D77000006000B8005000B8004001B8006001B877
:10D78000005001B8003F00B0949D0020001002B886
:10D79000843F00B048990020002000BA00E000B8A3
:10D7A00000E001B8002002B893F8942072B1544808
:10D7B00083F8941090F82D304FF00072002B00F099
:10D7C0008C80504B1A6583694F4898470025E004C8
:10D7D00048BF45F48035A10348BF45F48015A20732
:10D7E00048BF45F4800514F4001FDFF85C8106D0C3
:10D7F000D8F8000002F063FA08B945F40025E30206
:10D80000424B48BF45F40035F8061A6A48BF45F454
:10D810000005610248BF45F4001585EA020323F0C4
:10D8200001033B491A400A621D40CB61394A354B1E
:10D8300016F0010F1D62384B18BF13467A07374A9E
:10D8400048BF43F00063126F354883EA020122EAC1
:10D8500003020267334A0B4041661367324A04F001
:10D860000103D26C3D0448BF43F480632F4883EA30
:10D87000020122EA0302C2642D4A0B408164D36490
:10D88000D8F80020200248BF2A4B92F8F62058BF53
:10D89000294B610748BF43F4806322B114F4C06F81
:10D8A00018BF43F4807332074FF03A42BDE8F047A7
:10D8B000D2F8181148BF43F0004383EA010222F472
:10D8C000A0221E481140C0F818111340C0F81421BE
:10D8D0001B4AC2F81831FFF7D5BD0D490A65194A30
:10D8E000D2F8A41002F50052C2F8A410C2F8A01099
:10D8F0004FF05022C2F8A43068E7BDE8F08700BFBF
:10D90000949D0020001002B8843F00B0000002B8CF
:10D91000002002B8041C00030418000300C001B872
:10D9200000E001B800D001B800C000B800E000B8C5
:10D9300000D000B80D0A0A09090A0A09002000BA35
:10D94000001000BA0040005048990020024B58686F
:10D95000C0F3C000704700BF504C0020024B186855
:10D9600000F00100704700BF504C0020024B586887
:10D97000C0F3C030704700BF504C002010B50446C3
:10D98000FEF7ACF9FFF72CFD2046FCF709FDFEF78A
:10D990003DFAFDF735FDFDF7A9FDFFF71BFB134928
:10D9A0000723134AD1F8FC1004F1F800FFF774FBC9
:10D9B0004FF080710020FEF7D7F84FF000720D4B4A
:10D9C0004FF400110120C3F80021FEF7CDF801F05B
:10D9D000C9FA20B940F29232142101F017FAFFF788
:10D9E0006FFABDE810400120FDF7CEBB004F00B03C
:10D9F000983F00B000D001B88023074A5364082341
:10DA000040B15364054AD2F8D03E23F02003C2F857
:10DA1000D03E7047024AF4E7001002B8003000B070
:10DA2000002002B810B504F0CBFE0121044600200E
:10DA3000FFF7E2FF044B1961044B5B6898472046EF
:10DA4000BDE8104004F0B7BE000002B8549D0020AD
:10DA50002DE9F3410D460024074604F0B1FE214BA9
:10DA600006462046DFF88C801C70FFF7C5FF1E4B72
:10DA7000C8F87430C8F878406879431E5842584155
:10DA8000FAF78EFE40F60143C8F878302A79296803
:10DA9000012AD7F8083101D1994200D3CC1A0423C6
:10DAA00003200DEB03010194FDF770FD50B98822AE
:10DAB0000E4B30465A6404F07EFE2124204602B00C
:10DAC000BDE8F0810A4D2B6898472128044604D10F
:10DAD000012100206B6898470024304604F06BFE5B
:10DAE000ECE700BFA599002000000101002002B86A
:10DAF000549D002000C001B8F8B5194C05462078A7
:10DB000040F2E442B0FA80F03E21400901F07EF993
:10DB100055B9607840F2E442BDE8F840B0FA80F0D0
:10DB20003E21400901F072B94FF440660D4F0E4D91
:10DB3000D7F8083140F2E442C3F381232370C5F8DB
:10DB4000086160783E21B0FA80F0400901F05EF98A
:10DB5000D7F80C31C3F381236370C5F80C61F8BDAD
:10DB6000A3990020004000B8006000B8F8B5084C48
:10DB7000084D636C0423084F6B64636C5B0300D433
:10DB8000F8BD042602207E6402F0A2F96E64F4E778
:10DB9000000002B8001002B8002002B8A82238B570
:10DBA0001B4B5D6C03F500535A6410229A60A3F579
:10DBB000804302F100521A675A66FFF7CBFB154B00
:10DBC0001B7813B90320FDF7C3FC0024124B9C679C
:10DBD000FFF7CCFF114A124BD2F8001F0B40C2F8DE
:10DBE000003F04220F4B5A640F4BC3F8D840FFF795
:10DBF00089FBAB0608D50D4BD3F88830B3F5817F90
:10DC000022BF8022024B1A61BDE83840FBF7D0B931
:10DC1000000002B8A599002000C001B8003000B093
:10DC2000DF0000FF002002B8003E00B0003F00B05F
:10DC300010B551B920B3154BDB681B0E13F00E0F56
:10DC40001ED1134B1B6CD9071AD4FFF7B5FB0F4C31
:10DC50000020FEF75DFB032801D0092805D1A36A47
:10DC6000DA07F5D4A36CDB03F2D4FFF77FFF0122C0
:10DC7000084B5A6102229A62042203F580535A64C7
:10DC80004FF4C062044B9A6510BD00BF000002B89B
:10DC900000C002B8001002B8006001B808B5032146
:10DCA0000920FEF791FA2022014B1A6108BD00BF3E
:10DCB000000002B8144B10B51B78CBB9134AD2F848
:10DCC000A030D2F8A4100B40B3F1804F0CD34FF02A
:10DCD00040400F490F4CC1F8A400D467C1F8A00020
:10DCE0004FF480210C4AD161094AC2F8A03010BD1E
:10DCF0000A4A0B4B92F894109B690A4898474FF4D4
:10DD00008022054BDA61F2E7A09900200040005024
:10DD1000006000500000FF01001002B8003F00B09A
:10DD2000949D0020843F00B038B5054604F048FDBE
:10DD30000E4B04461868FCF75DFC35B1FFF7DEFBBF
:10DD40002046BDE8384004F036BD094B1B78002B57
:10DD5000F6D0084B1D78002DF2D1FFF7CFFB2A46F5
:10DD60004FF480400021FFF7B1FBE9E7489900201C
:10DD7000A7990020A69900202DE9F84F5B4B064695
:10DD80000D4614465B6C002A40F0AC8013F0A00FE7
:10DD900014BF4FF001094FF00009FBF709F9FFF735
:10DDA000B1FAA0234FF0000ADFF85C810320C8F825
:10DDB0004430FDF7CDFB0420FDF7CAFB4C4FFFF7C5
:10DDC0009DFB4C4B4FF0040B7B67C7F878A0FFF727
:10DDD000CDFE494B4FF48071D3F8D02E42F0200293
:10DDE000C3F8D02EFF22C8F80820404A1161D3F8AA
:10DDF000002F42491140C3F8001FC8F844B0C3F8CF
:10DE0000D8AE7B6913F0060F04D0FDF7B9FE584673
:10DE1000FDF79EFBB9F1000F09D04FF40063384ABB
:10DE200053640223C2F8F433A2F5E032936666B17C
:10DE3000344BDB6C180701D4FFF7BEFAFFF72EFF57
:10DE40000420FDF785FBFFF785FA284B5A69D107B7
:10DE500046D5DA6812F0706FFBD12B4B2B4A5A640F
:10DE60002B4A936F23F0F003936715B12046FFF719
:10DE70005BFF284BD3F84C315A1C01D05B0002D514
:10DE80000122214B5A615CB31E4BDA6E03F500533D
:10DE90009A6603F5D0331B6A1B4A23F00103D36152
:10DEA0001D4BD96803F50053996003F50053D3F86F
:10DEB000841003F5005399674FF03A43D3F81811D3
:10DEC00003F50053C3F81411144BD96C03F5005338
:10DED0009964134903F5803359664FF60843536438
:10DEE000BDE8F88F4FF0000957E700BF000002B807
:10DEF00000C001B800000101003000B0DF0000FFE9
:10DF0000001002B8004000B8002002B81000300035
:10DF1000003F00B00080E00F004001B800C000B832
:10DF20005000002FA74B2DE9F04F9A6EDB6E87B0A3
:10DF300002EA0308A44BC3F868804FF03A43D3F8D1
:10DF40001461D3F818311E40A04BC3F81461A04BE4
:10DF50009A68DB6802EA030A9E4BC3F808A003F53F
:10DF60002043DA691B6A02EA03099B4B09F4770232
:10DF7000DA619A4BD3F80422D70606D4D3F80431D9
:10DF8000DD06C3F3001740F1F88004F019FC944B50
:10DF90005A695F6E12F0060F14BF012200221B6F38
:10DFA00000921F408F4A27F0007323F400637C0720
:10DFB000536606D58C4A92F8CD300133DBB282F835
:10DFC000CD3004F0F8FBB8F1000F00F0F78018F046
:10DFD000020400F0F180854B0025D3F8F4B303F57B
:10DFE00000530BF00702CBF380041BF0020FC3F8C1
:10DFF000F4234FEA44542ED004F0E2FB0190FFF7E3
:10E00000C3F903467A4A1268106811688842FCD046
:10E0100010688842FCD0CDE90223FFF7B5F9039BD5
:10E02000029A984240F0AB800198029304F0C3FB3F
:10E03000704A029B13606D4A526C12F4E05140F03A
:10E04000A08023F07F4323F0DF030BB9FFF7A6FD89
:10E050004FF080731C431BF0010F13D0634B5E49DC
:10E060005B6C03F460424A64002A00F09F801A044B
:10E0700000F19F8013F4005F0CBF4FF000534FF08E
:10E0800000631C43C8F340384FEA48085A4B3340FA
:10E09000002B4BD016F4206F0AD040F6A3120621B5
:10E0A000002000F0B3FE0020FFF73EFE26F480269D
:10E0B000F00506D5FF22484B44F4C0649A60FFF790
:10E0C0007BF916F0090F0BD040F6B812082100209A
:10E0D00000F09CFEFFF7E2FD4FF03A4301225A6345
:10E0E00016F0106F0CD040F6C1120921002000F08C
:10E0F0008DFEFFF7D3FD002211461046FCF74EFAC5
:10E1000016F4202F0AD040F6C9120721002000F093
:10E110007DFE0020FFF708FE26F48026F10301D5DE
:10E12000FCF792FB002EB8BF48F0080872070ED526
:10E130004FF03A431B6B13F4005F4FF4005317BFCB
:10E14000224A2E4A136344F4000408BF1363730584
:10E1500048BF44F0040416F4802B00F0B880FCF7AC
:10E160002BFB013806284BD8DFE810F033013601CD
:10E17000330139013C013F013F01009723E703468A
:10E1800042E7CDE90121FFF709FD0299124B019AFF
:10E190005964D10407D412F4806F0CBF4FF0805340
:10E1A0004FF0806356E74FF0804353E74FF0007322
:10E1B00067E74FF0004364E7254663E7444645467A
:10E1C00064E700BF004000B8006000B8002000BA5B
:10E1D000004001B8006001B8002002B800E100E092
:10E1E00000C001B800E001B8003E00B0000002B875
:10E1F000F44403083C990020090B0B89001000BA75
:10E2000040F6FA120321002000F000FE4FF03A42DF
:10E210000121D2F88C30D2F8AC0003F007030633AA
:10E2200001FA03F3C0F30C001B1A9BB2072B12D99F
:10E23000784B5B6C58020ED47748D36CD26E406D2D
:10E2400058B103F0070306339940C2F30C03C91A0F
:10E2500089B2072901D844F40074704B1B78002B55
:10E2600035D04FF03A43D3F8143113F4A02F2ED108
:10E270006B4B6C4A1B7893B9FB0410D4137873B1C1
:10E28000E308694943EA457383F00103D1F8001FAD
:10E2900003F001035B0021FA03F3980717D1042070
:10E2A000FDF756F9614B62495967FFF727F95D4A57
:10E2B000137843B95F4B1B782BB15F4B5F4A1B68E8
:10E2C0002340134201D144F4804427F48057BAF12B
:10E2D000000F1DD01AF4805F18BF44F480241AF494
:10E2E000807F18BF44F400241AF4005F18BF44F084
:10E2F00010041AF4007F18BF44F020041AF4806F51
:10E3000018BF44F040041AF4006F18BF44F08004B2
:10E31000B9F1000F3FD019F4802F18BF45F40075F4
:10E3200019F4803F18BF44F4805419F4801F18BFBB
:10E3300044F4003419F4800F18BF44F0020419F4B7
:10E34000003F18BF44F4801419F4000F18BF45F0C3
:10E35000100519F4002F19D0334BD3F8D03E13F029
:10E36000C00F13D02B4AD368C3F30363032B01D030
:10E37000072B05D1936CD90602D4D36C1A0737D575
:10E380004FF400222E4B29F40029DA6119F4001F02
:10E3900018BF44F48004002F00F019813B0540F1C0
:10E3A00089802849DFF884A0CB78274A002B51D0F8
:10E3B0004FF40060013BDBB25066CB7033B9234BA6
:10E3C0001B78C3B140F60142214B5A67002300225B
:10E3D0006EE044F4803419E744F4006416E744F432
:10E3E000806413E744F4807410E744F008040DE7F8
:10E3F00044F40014CAE7DAF8783013F4A05F15BFCC
:10E400004FF4807340F60143CAF85830CAF87830A8
:10E41000DCE700BF000002B8004000B8A899002067
:10E42000A7990020AA990020003000B000C001B8D0
:10E4300000000101A9990020504C0020088D010026
:10E44000002002B89699002000E001B8A5990020AC
:10E4500000D001B80320FDF77BF8DAF81430A248A9
:10E4600013F0060F04BF41F61F73A04AA04908BF6E
:10E4700053674FF400629D4B5A66DAF8143013F07C
:10E48000060308BFCAF87830B0F8CA3013F4006247
:10E490005CD023F40063A0F8CA300B7803F0FF0AC5
:10E4A000002B57D1FDF76CFBFFF778FB534620227A
:10E4B0001C431543B80009D52E20FCF795FF4FF0FB
:10E4C00000528A4B45F008051A675A66F90606D5C8
:10E4D0002B20FCF789FF1022844B1A675A6617F02D
:10E4E000306F05D1FA045FD5009B002B00F0AA80A5
:10E4F0003B0111D52920FCF777FFFFF727FA48B138
:10E500007C4B7D49794A53660B6701F54051C968D8
:10E51000480422D445F0040517F0007328D00420E5
:10E52000FDF716F82720FCF75FFFFFF737FB4FF0EA
:10E5300000726E4B5A66714BD3F8002F52067BD493
:10E540006F4B02229A6045F002052AE00B784FF4E7
:10E550000053ADE74FF4004339E7136720205366BB
:10E56000FCF742FF2D2045F00C05FCF73DFFD3E7FB
:10E5700017F0807FDFF88CA149D004200093FCF7CE
:10E58000E7FF2820FCF730FFDAF87820009B002A0C
:10E590003AD1FFF703FB554B564A45F001051A6780
:10E5A0005A660022574B9A653A0404D5564B1B68AD
:10E5B000984704430D437B0509D5544A9378002BB3
:10E5C00000F08C80013B9370002348EA0308424628
:10E5D00020462946FEF77AFFBBF1000F01D0FCF779
:10E5E00021F901224A4B06F00436C3F81461494B65
:10E5F00019F4002FC3F884211EBF4FF40022404BB2
:10E60000DA6107B0BDE8F08FCAF87830C3E7F904E3
:10E61000C7D50420FCF79CFF3F4BCAF87430FDF7C8
:10E62000AFFADAF8643013F0407FBAD12A20FCF751
:10E63000DBFEFFF7B3FA7EE7D3F8D03E9B0682D429
:10E64000364B7EE7314A13794BB1013BDBB2137194
:10E6500013B9294B324A5A6700231C43A4E704200C
:10E66000FCF776FF0320FCF773FF264B2A4A5A6714
:10E6700004F0A6F882460DF11700FDF749FE294B7C
:10E680001B781BB10090FEF797FE009803280BD172
:10E690000020FDF73DFE032806D1234B9A6AD007E0
:10E6A000F6D49A6CD103F3D49DF81730032B06D11E
:10E6B00001221E4B50461A7004F07DF8CCE74FF053
:10E6C0003A43D3F8143113F4A02FF1D1FEF716FF1B
:10E6D000504604F070F84FF48043BEE70220FCF788
:10E6E00037FF012371E700BF003E00B000E001B832
:10E6F000A59900201000002000D001B8003000B023
:10E70000002002B800C001B86C9D0020969900203E
:10E71000002000BA00E100E000000101001002B892
:10E720000000010DAB990020000002B8A79900205D
:10E730000122024B1A62DA61704700BF002002B862
:10E74000094A08B5D369116A0B40084923F47F00D0
:10E75000DB07C86106D5D1684FF0FF30C1F3036114
:10E7600001F058FC08BD00BF000002B8002002B84C
:10E77000154B10B59C6CDB6C1C40144BE2079C6481
:10E780000DD5134B40F663421878122100F00100BA
:10E7900000F03CFB002201200021FEF797FE6305FC
:10E7A00010D50B4B40F66A4258684D21C0F3C0307B
:10E7B00000F02CFBBDE81040002200204FF4004187
:10E7C000FEF784BE10BD00BF00C000B800E000B876
:10E7D000504C002038B50B4D2C6C6B6C1C400A4B18
:10E7E00024F002021A64E20705D540F6CA4200206E
:10E7F000296800F00BFBA30741BF0222024B1A64F9
:10E800006B6838BD0080095000A0095038B50B4C2A
:10E810000B4DD4F88430DB0706D4A36FD4F88420E2
:10E820001340084A936738BDD5F804311A06F0D56D
:10E83000FFF7D0FF8023C5F88431EAE7008001B8F4
:10E8400000E100E000A001B870B514460D4603F0E9
:10E85000B7FF064BD3F8D06E74402C407440C3F819
:10E86000D04E03F0A8FF06EA050070BD003000B0EE
:10E87000034BD3F8D03E99430CBF012000207047D2
:10E88000003000B0184BD3F8D02E12F0010312D094
:10E89000164B93F85C30164A43F08073C2F8D030C0
:10E8A0004FF4801302F50052C2F8B430A2F5805242
:10E8B000C2F8B830704712F0C00FECD10B4B93F890
:10E8C0005B1021B1D20602D593F85830E3E74FF43C
:10E8D00080120020074B0649C3F8B820C1F8D000C9
:10E8E000C3F8B420704700BF003000B0003F00B054
:10E8F000004000B8006000B8034B1868034B0028C4
:10E9000008BF1846704700BF44990020E49F0308E1
:10E910002DE9F843DFF860900646D9F800800846F4
:10E920001746B8F1000F03D00E242046BDE8F88347
:10E9300006B3336801331DD1E1B100F07FF805461D
:10E940000028F1D0C9F8000000F09EF8284601F038
:10E95000BDFB044640B14046C9F8008000F094F881
:10E96000284601F0AEFBE0E73560002FDDD02846F9
:10E97000B847DAE72124D8E748990020024B186805
:10E98000003818BF0120704748990020002108B5C1
:10E99000024B08465B689847002008BD549D002044
:10E9A000431E033306D8044B984228BF18466428F8
:10E9B00038BF6420704700BF40420F0038B505469D
:10E9C0000C46FAF783FD38B1204600F04DFB40F2CB
:10E9D0006512412100F01AFA44B1236833B11B6873
:10E9E000013303D0E3680BB1A3684BB901F030FAEF
:10E9F00000204FF4C172412100F008FA212038BDF7
:10EA00002046FBF7F3FF00230A4A85F83031C5E9B9
:10EA10003743C2E9003363694BB1074A42211068AA
:10EA20004FF4D272C31A5842584100F0EFF9002057
:10EA3000E5E700BF209B0020CC980020F8B50446F5
:10EA400003F0BEFE002607460E4B1B6893B19E687E
:10EA5000AEB196F82420D20711D435460FCC0FC59D
:10EA60000FCC0FC523682B6096F8243043F00103C8
:10EA700086F82430384603F09EFE3046F8BD1B6809
:10EA8000E4E700BF209E002010B5044618B9054BEE
:10EA9000054A136010BDF9F76DF8D4F8E830002B83
:10EAA000F6D1F4E7AB0003081C9E0020014B186868
:10EAB000704700BF209B002008B502460868FFF79A
:10EAC0006FFF08604868FFF76BFF48608868FFF7D2
:10EAD00067FF8860C868FFF763FF0B69C860581C50
:10EAE00003D00B48834228BF03460B614B69581C77
:10EAF00003D00748834228BF034688694B61FFF76C
:10EB00004FFFBDE8084088611046FAF703B800BF20
:10EB100040420F00D0F8E0302DE9F04105460C46A8
:10EB200013B1C38D8B424CD0D5F8DC30002B4BD0C9
:10EB30009E68002E48D0D868002845D0013800B221
:10EB400000281ADB002106E0128A591CA24217D2C3
:10EB500009B2884211DB0B1803EBD3735B1003EB94
:10EB6000C30206EB8202B2F80EC003F1FF3EA445D9
:10EB7000EAD90FFA8EF08842EDDA2120BDE8F08163
:10EB80004FF6FF7299B29142F7D09BB203EBC303E9
:10EB900006EB83062846B6F9122095F82411D5F81D
:10EBA000F080E3F7FDFF0746B8F1000F04D0002323
:10EBB000324628461946C047EC85C5F8E06085F81E
:10EBC0002D710020BDE8F0810E20BDE8F08100BF6E
:10EBD0002DE9F04782B004460F461646FAF720FCAE
:10EBE000002869D14B4D2B68D4F8DCA0D4F8E08024
:10EBF0000BB153456DD04FF00009AF60FAF770FCD0
:10EC0000012807465CD12B68DAF80010D8F80020FC
:10EC100013B11868884267D0204600F089FF94F845
:10EC20002530C5E900A813F0010F0CBF32460122C0
:10EC3000D4F8F05062F3000384F825308DF80760B3
:10EC4000002D58D00022204611460DF10703A84799
:10EC50002046F9F773FB0546B9F1000F0FD076B9DE
:10EC6000D4F88C300BBB012F05D025B12A4B0021E5
:10EC700003205B689847284602B0BDE8F087B5FAE4
:10EC800085F040F207523321400900F0BFF83146C9
:10EC90002046F9F791FD214B05461B684146204669
:10ECA0009847D4F88C30002BDDD000224FF400734D
:10ECB0002046F8F76FFFD6E70023164D6B6092E70A
:10ECC00000210120F8F7A6FFFAF70AFC0128FBD182
:10ECD00099E76B68002B8ED043458CD1AB689F427F
:10ECE00015D04FF0010988E7696811B109689142B0
:10ECF00095D0596890E794F82A1094F82D3132464F
:10ED0000994228BF19462046F9F76AFAA0E700257C
:10ED1000B1E700BF209B0020549D00201C9E0020D6
:10ED2000F8B50E46054603F04BFD3146074628462A
:10ED3000FFF7F0FE044620B1384603F03CFD2046C4
:10ED4000F8BDFAF74FFB224631462846FFF740FF51
:10ED500004460028F0D195F92430002BECDA28463F
:10ED600000F072FF0028E7D02246284695F82C10C4
:10ED700000F028FF0446DFE770B504460E4603F0B6
:10ED80001FFD314605462046FFF7CAFF044620B95D
:10ED9000044B01465B6803209847284603F00BFDAF
:10EDA000204670BD549D0020F0B585B007460E4644
:10EDB000FBF7C8FAFF28044613D06D460A4B0FCB69
:10EDC00085E80F0022462946384601F05FF926B152
:10EDD00018B9012C03D1019B336005B0F0BD009B35
:10EDE000FAE72120F9E700BF28A0030838B5044D51
:10EDF000044C054B286021601A60F3F799FA38BD7E
:10EE00004C990020249E00205099002010B550B944
:10EE10000548064B0160064802601868054B1860FB
:10EE20001868FFF7E3FF10BD249E002048990020DA
:10EE3000509900204C9900202DE9F04F404F80461A
:10EE400085B038680C4601F0C2FA20B9002420468B
:10EE500005B0BDE8F08F22460021404600F0D8FB07
:10EE6000384B5D6915F00105F0D1FFF71FFE06462E
:10EE70000028EBD03F68384601F0ADF94FF6FF733C
:10EE8000984234D04FF060512F4E304B304AD3F877
:10EE90004C90D6F88C30D1644FF00061A2F58052CE
:10EEA000D16424220421C6F88C202A4A4FF4804BD6
:10EEB00091604FF480520027DFF8A4A0CAF868B030
:10EEC000F262A7421ED30421234A9160A2F5F032D8
:10EED000C2F88C304FF060521D4BDA6409EA02032D
:10EEE0001E4AD3644FF480421D4B9A66AFE7314609
:10EEF000384601F026F901463846FFF711FF002891
:10EF0000C0D0A3E7B26E5104FCD5B268D205F9D5E2
:10EF1000CAF868B0D6F890200135012D0392D0D9F7
:10EF2000E21B042AA8BF042208EB070003A90193EF
:10EF3000009201F09BFA009A019B3A4497B2C0E715
:10EF400048990020000002B8004000B8004001B815
:10EF5000006001B8001002B8002002B8005001B8EB
:10EF6000006000B84FF604014FF60502044B012083
:10EF70001B6C9BB28B4208BF1346024A1366704754
:10EF80000080E00F00C001B8124A10B5D2F84C3131
:10EF90005468D269104912F4401F0FD15A1C0DD188
:10EFA00024F0404424F44004240C24040B4801F0D1
:10EFB0001CFA2146BDE8104001F017BA084A194072
:10EFC0009442F3D103F4FE43B3F5807F08BF41F4CC
:10EFD000A061EBE70080E00FE0FFF01FCF13468B4E
:10EFE000140015012DE9F0470C4681B1B1F1006F15
:10EFF0000DD31C4BCA1C9A4209D84FF0000844F6A6
:10F00000FC7654F828104FEA88094B1C01D1BDE862
:10F01000F08701F0EAF9C1F30263032B844608F19B
:10F020000107C1F3074514D18BB2F31AB5EB930F67
:10F030004FEA930A0DD909F104015246214401F027
:10F04000EFF9844608F10208013D08EB0A07A5EB39
:10F050000A052A46604604EB870101F0E1F907EB57
:10F060000508CEE7FFFF07082DE9F041044668B127
:10F07000B0F1006F0AD3254B00F117029A4205D870
:10F08000234B244A19780023994224D800252427A9
:10F09000FFF77AFF2168FFF7A5FF6168FFF7A2FF7E
:10F0A000E668AE4221D12269111A4B424B41B4F1BC
:10F0B000006F15D3154904F117058D4210D882420F
:10F0C00022D1134A1378052B09D8124941F823405D
:10F0D0000133137003E052F8040BA04203D1012363
:10F0E0001846BDE8F0810133CEE707FB05F3A268BF
:10F0F0000135D15802EB0308FFF774FF042208EB37
:10F10000020101F08DF9CCE70023E9E7FFFF0708D2
:10F11000AC99002054990020F8B52E4EF368C3F343
:10F120000363022B53D100F0CCFE05462A4FB46A8C
:10F1300014F4802439D103F043FBF3680546C3F38C
:10F140000363022B2CD1736C98053CD5234BD3F869
:10F15000D43059889A68C90748BF1821D66848BF73
:10F16000927806F4000044BF01FB023303F10C0265
:10F170001B4B06F008069B6993608022194BDA60EE
:10F1800038B14FF4003203F5A043CF20DA61FCF729
:10F190002BF9C6B14FF40072134B5A6402229A60E5
:10F1A000284603F008FB2046F8BD00F08AFE401B0D
:10F1B000B8424FF06C024FF047018CBF0020012095
:10F1C000FFF724FEB3E78022024B1A61E8E702242E
:10F1D000E9E700BF000002B83F420F00003E00B068
:10F1E00000C000B800C001B8002002B853B94AB945
:10F1F000002908BF00281CBF4FF0FF314FF0FF303F
:10F2000000F082B9ADF1080C6DE904CE00F006F80B
:10F21000DDF804E0DDE9022304B070472DE9F04F8A
:10F22000099D0C46002B4DD18A420F4684469646D6
:10F23000B2FA82F360D94BB102FA03FEC3F12002A5
:10F240009F4000FA03FC20FA02F217434FEA1E46E1
:10F250001FFA8EF44FEA1C42B7FBF6F106FB11775A
:10F2600001FB04F042EA0742904208D91EEB020279
:10F2700001F1FF3702D2904200F231813946121A71
:10F280001FFA8CFCB2FBF6F006FB102200FB04F424
:10F290004CEA024C644508D91EEB0C0C00F1FF321D
:10F2A00002D2644500F21E81104640EA0140ACEBF8
:10F2B000040C002125B12CFA03F30022C5E9003229
:10F2C000BDE8F08F8B4205D90DB1C5E900010021E1
:10F2D0000846F5E7B3FA83F100294DD1A342C0F007
:10F2E000F380904280F0F080064623460846002DC9
:10F2F000E6D0C5E90063E3E7002B40F0A3808A1A5B
:10F300004FEA1E471FFA8EF60121B2FBF7F407FB06
:10F3100014204FEA1C4242EA004206FB04F09042ED
:10F320000FD91EEB020204F1FF382CBF4FF0010988
:10F330004FF00009904203D9B9F1000F00F0CC80E2
:10F340004446121A1FFA8CFCB2FBF7F007FB10229E
:10F3500000FB06F64CEA024C664508D91EEB0C0C85
:10F3600000F1FF3202D2664500F2B3801046ACEBEA
:10F37000060C40EA04409DE7C1F120068B4004FAE8
:10F3800001FE22FA06F720FA06FCF4408A401F43E9
:10F390004EEA0C0300FA01FE4FEA17484FEA134900
:10F3A0001FFA87FCB4FBF8F008FB104449EA044458
:10F3B00000FB0CF9A1450ED93C1900F1FF3A2CBF16
:10F3C0004FF0010B4FF0000BA14503D9BBF1000F2B
:10F3D00000F08B805046A4EB09041FFA83F9B4FBBC
:10F3E000F8F308FB134403FB0CFC49EA0444A4456E
:10F3F00006D93C1903F1FF3801D2A4457BD8434616
:10F4000043EA0040A4EB0C04A0FB02984445CC4620
:10F41000434602D306D1CE4504D20138B9EB020CE3
:10F4200068EB0703002D6CD0BEEB0C0264EB030409
:10F4300022FA01F304FA06F6CC4000211E43C5E986
:10F4400000643DE702FA03FEC3F1200104FA03F26F
:10F4500000FA03FCCC404FEA1E4720FA01F11FFAE4
:10F460008EF6B4FBF7F00A4307FB1044110C41EA97
:10F47000044100FB06F48C420ED91EEB010100F1A1
:10F48000FF382CBF4FF001094FF000098C4202D920
:10F49000B9F1000F2CD04046091B92B2B1FBF7F432
:10F4A00007FB141142EA014204FB06F1914207D91D
:10F4B0001EEB020204F1FF3801D291421ED84446ED
:10F4C000521A44EA004120E7861A64EB0303012044
:10F4D0000DE7F44402384AE7023C724431E702394E
:10F4E0007244CCE6F4440238DFE602383C4472E76A
:10F4F00002387144D0E7023B3C4481E7023C72444D
:10F50000DEE72946DCE600BF704700BFF0B51F4CC0
:10F510008BB005460B466E4604F1200C206808347B
:10F5200054F8041C3746644503C73E46F6D121799A
:10F5300020683971911E386022294FF0000104D9EA
:10F5400019700B4618460BB0F0BD581E84460C4689
:10F550000131B5FBF2F702FB175628366E4416F858
:10F56000286C0CF8016F2E463D46B242EFD90022BE
:10F570005A541919A51AAA42E4DA10F8015F0132A7
:10F580000E78067001F80159F4E700BF40A00308A7
:10F59000F0B50F468BB001210546FAF71FF8044677
:10F5A00080BB95F82B3003AC85F82C3007F10C06A6
:10F5B0000FCE0FC496E8070084E80700284603A989
:10F5C000FFF77AFA0446E8B9D7E9010101AB83E80D
:10F5D00003001946284600F0FAFF044690B94FF0A0
:10F5E000FF3128463A6800F036FB044650B902461F
:10F5F00006492846FAF76AF8044618B9062128464B
:10F60000F8F7E2FA20460BB0F0BD00BFF846030859
:10F6100002440346934200D1704703F8011BF9E707
:10F62000F0B587B004460E4615461F46ADF80610E5
:10F63000D3B190F82C31ABB9D0E9490194F82A3113
:10F640000490C0B29842ADF8141005D0204604A929
:10F650008DF81030F8F75CFD20463A7894F82B11BD
:10F66000F8F7BEFD002020E00ABBD0E94901D4F83C
:10F67000E0300490ADF814102046A4F8426004AACB
:10F680000DF10601F7F7DAFD78B9204604A9F8F77D
:10F690003FFD50B9034601222046BDF90610F8F798
:10F6A0001FFEBDF80630A4F8443007B0F0BDB2F933
:10F6B0001230B0F942200DF10E019342A8BF13465B
:10F6C00004AAADF80E302B46F7F7B8FDBDF90E30A1
:10F6D000B5F912209A42A8BF1A469DF81030ADF82D
:10F6E0000E200C2B0FD1212384F82C31B4F9443097
:10F6F00093420DDDD4E9490100230490ADF81410C4
:10F7000084F82C3104E0C0B284F82C010028EDD13B
:10F710009DF810102046A4F8442084F82A11E3F73D
:10F720003FFA84F82B019DE770B5044600200E4691
:10F7300000F092FBD4F8F0503DB100233146204652
:10F74000AC46BDE870401A4660472B460122314660
:10F750002046F8F7C5FD284670BD00F07FBB00F0DD
:10F76000D1B800F0AABB4FF6FF73994201D000F068
:10F7700009BA21207047134607B500228DF80710FB
:10F780000DF10700194600F032FB03B05DF804FBF1
:10F7900000207047002070477047D0F8943003F085
:10F7A0006003402B0DD0602B03D0203B58425841C2
:10F7B000704749B10B68012B06D9486940F0010038
:10F7C000704740F20110704700207047012A38B599
:10F7D0000C46114638BF01210139C9B26170217050
:10F7E0004B4300216180D0F8DC10273323F0030362
:10F7F0004968E518656039B132B12846FCF7A2FBCB
:10F80000013005EB800038BD4FF0FF32281DE2507B
:10F81000F9E7F7B504461046D4E954C7DDE90826F0
:10F820008CEA020587EA06010540194085EA0C05C5
:10F830007940C4E95451002523F4004106EA01034C
:10F8400020F0010043F40073024043F00203CDE9CD
:10F850000055FDF761FE94F824309A0713D5D4F8CB
:10F8600054319B050FD54FF48811204600F02DFD33
:10F8700094F82430024665F3410384F8243020468E
:10F880000B46F8F787F9002003B0F0BDF0B587B05C
:10F890001C461746BDF830601AB90024204607B050
:10F8A000F0BD002BF9D00029F7D001AAFAF7ECFF40
:10F8B0000028F2D0BDF80630A2199A42BDF80850CF
:10F8C000C4BF9B1B9CB2B54212D90399AD1BADB20C
:10F8D0003144A5420391ADF808500DD22A4638466E
:10F8E00000F0C4FD0499621B781900F0BFFDD5E754
:10F8F0000499761B3144049122463846F5E70220EC
:10F90000FBF724BF0346D0F824010860B3F8283180
:10F9100000208B80704790F824310C2B14BF90F896
:10F920002B00FF207047F8B50C4640210546FEF736
:10F930009FFF4FF40061074606462846FEF798FFF2
:10F9400030B17CB195F81E3173B16FB93046F8BD56
:10F9500022024FF480712846FEF776FF061E18BF7C
:10F960000126F3E72246F4E74FF48072F1E74FF403
:10F970008071FEF77DBF08B54A024FF40071FEF7B3
:10F9800063FF002008BD08B58A024FF48061FEF7CE
:10F990005BFF002008BD10B50446808A29B188426B
:10F9A0004FF6FF730AD299420BD14FF03A4341F61A
:10F9B000FF724FF6FF701A63E08610BD9942F4D0D3
:10F9C00008464FF03A410A6B431E22F4FF5222F0E0
:10F9D0001F029BB213430B63EEE738B54FF03A4377
:10F9E0000546DC6A808AC4F30C04A04234BF0020C0
:10F9F000012041F667020821FFF708FAA88A001BD8
:10FA000080B238BD2DE9F041884618F0030706465C
:10FA10001546194633D1B2F5805F30D89A422ED3BD
:10FA20003F2A28D9B2FA82F401220120C4F11F032F
:10FA3000DBB29A4092B2AA422CBFC4F11904C4F1BD
:10FA40001A04E2B2931DDBB2984080B2A84214D0EF
:10FA500096F8F530ABB9012096F8253060F34103F4
:10FA600086F825304046FAF7B5FCC6F82080B58206
:10FA70003846BDE8F0813A46EAE70020ECE7212766
:10FA8000F6E70E27F4E7F8B511F0030607460D4632
:10FA9000144621D102B313883F2B1DD9B3FA83F347
:10FAA000C3F11901C9B2062901D8192B12D00629B0
:10FAB00028BF062101238A1DD2B293402846238005
:10FAC00000F068F923883846FD617B82FAF792FDE1
:10FAD0003046F8BD3146EDE72126F9E738B5148800
:10FAE00011F003054FEAC4041ED13F2C1CD9B4FA0F
:10FAF00084F4C4F11903DBB2052B01D8192C11D001
:10FB0000052B28BF052301240633DBB204FA03F3D7
:10FB1000C3F3CF041480816104824387FAF76AFD3E
:10FB2000284638BD2B46EEE72125F9E7F7F790BECA
:10FB300038B51546044608460121FCF789FA01212B
:10FB40002846FCF785FA94F8253043F0010384F841
:10FB5000253038BDF8B504460E46174602F030FE93
:10FB60003A46054631462046FCF7D0FC0446284676
:10FB700002F021FE2046F8BD0220704703207047A6
:10FB8000FBF7DCBDA0F840100020704710B5002343
:10FB9000F9F72EFA044608B9FDF744FF204610BDD8
:10FBA00038B51D4600230446F9F722FA28B929463C
:10FBB0002046BDE83840FDF74BBF38BD4FF400612B
:10FBC000FEF756BE38B50446154680F82C105AB1DB
:10FBD00000F03AF808B900201AE094F8243043F015
:10FBE000800384F82430F6E70846FBF74BFAFF2839
:10FBF00084F82C0009D0204600F026F80028EAD02E
:10FC000094F8243065F3C713EBE7FBF75FFA212084
:10FC100038BD8021FEF72CBE38B50546F7F7EEFF5C
:10FC200004462846F7F7C8FF072804BF24F47F419D
:10FC300021F00801284614BF24F0800141F0800122
:10FC4000BDE83840F7F7E0BF4021FEF711BE0022C3
:10FC5000114600F030B970B50C4611F0010118BF23
:10FC600002F0010315461ABF4FF480311A040A4608
:10FC700004F0040604F00803A4070BD5AC0741F414
:10FC8000003148BF42F400322EB963B9FEF7DCFD03
:10FC9000002070BD36B16C0741F4802148BF42F4AA
:10FCA0008022F2E733B12B0741F48011EED542F404
:10FCB0008012EBE70029EBD04FF48031E6E790F8B3
:10FCC000F400431E58425841704738B5044600F0CE
:10FCD000F8F8054600F0F5F8431BA342FAD338BD07
:10FCE00038B5054610460C46F9F744FFD5B1D5F8AE
:10FCF000E030BBB15B69ABB1421ED2B2FD2A13D971
:10FD00000A68013204BF6FF001020A600A68FF2826
:10FD10001A6007D16268013202D16FF0010262609D
:10FD200062685A60002038BD0128F2E72DE9F74FDC
:10FD300001251C469DF8303006460193036817469E
:10FD400003F0070306339D4005F1FF380B46A1B1D0
:10FD5000416804EA080BA5EB0B0A41F00059524533
:10FD600009EB0B0114D95246184600F07FFB4946B7
:10FD70007A1B5A44504400F079FB019B2BB13C4460
:10FD800048EA050804EA0804F46003B0BDE8F08F0F
:10FD90001846F0E74FF03A4301225A6741F6FF72E6
:10FDA000D96418651A67704737B500251446009561
:10FDB000FFF7BCFF204603B030BD0123026810B539
:10FDC00002F0070206329340026A013BC2F30C02C2
:10FDD0008A4284BF4468C2689BB283BF891844F0DA
:10FDE000005019404FF0FF3088BF405C10BD70B527
:10FDF0000E461546044608B9002070BD03780A2B4C
:10FE000018D02078FAF70AFEB0B923780C2BF3D17A
:10FE10000EB1FF233370CDB1FF232B7016E0207895
:10FE20000130C0B209282070EBD8FAF7F7FD00289E
:10FE3000F5D0E6E70620F5E71EB12078FAF72CFEAC
:10FE400030701DB1207800F030F828700120D4E720
:10FE5000F9F7C8BA002070470020704700207047AB
:10FE6000704710B504680246090494B9D9B1B1FAD3
:10FE700081F3C3F12003C3F10F00012838BF012033
:10FE800003F01F03D9408C4201D2013849081160A8
:10FE900010BDB4FA84F331B1B1FA81F01B1A002B12
:10FEA000E9DC0F20EFE70F20F1E70638042834BF24
:10FEB0000120FF207047002070477047002000217C
:10FEC000704708B5FBF76EFDBDE80840FBF71ABEAA
:10FED00038B50446FFF7F5FF0546FFF7F2FF431B71
:10FEE000A342FAD338BD38B50D460446FBF75AFD98
:10FEF00035B1844200D90139204601F0030138BDF3
:10FF0000844238BF0131F7E708B50121FFF7EBFF65
:10FF1000BDE80840FBF7F6BD08B521B1920000F03E
:10FF2000A5FA002008BD2120FCE700F06F43B3F1E3
:10FF3000804F02D0B3F1204F02D120F070407047C3
:10FF400000F06043B3F1204F08BF20F080507047AD
:10FF50000B0C23F48053B3F5284FF7B50D468FB241
:10FF6000064699B216D04AF60103994214D04AF6D1
:10FF70000203994212D0B1F5204F14BF0424032488
:10FF8000D6F8E0300BB1196851B9D6F8DC3093B926
:10FF900028680EE00024F3E70124F1E70224EFE7EC
:10FFA000234668463A46FBF731FEDDE90003002BA5
:10FFB000EBD103B0F0BD19680029E9D023466846AB
:10FFC0003A46FBF723FEDDE90003002BE0D1F0E722
:10FFD0000204C0F3891307D56FEA83536FEA935382
:10FFE00013F5007F18B206D0A3F1C8006FF4FF73B9
:10FFF0009842B8BF184670470020FCF7E3B90120CB
:020000040803EF
:10000000FCF7E0B9FDF78EBFFDF78CBFFDF78ABFA7
:10001000FDF788BF08B50846FEF78AFB08BDFDF767
:1000200081BF0220704702207047002070470120E6
:10003000704700207047F9F753BA0846114601226D
:1000400000F096B870B505460C4611461A46FEF704
:1000500053FC06682B462046B446BDE87040604716
:1000600010B5FEF749FCBDE810408368184710B58D
:10007000FEF742FCBDE8104003691847FFF786BD54
:10008000FFF78EBDF9F71EB900F0FCB870B5044655
:100090000D4616464FF4881100F02CF932462946D9
:1000A0002046BDE87040FAF7E5B87047431E012BC3
:1000B00003D9031F58425841704701207047FFF78A
:1000C000C9BE4FF4D8720021FFF7A2BA70B504463A
:1000D000F8F7BCFC0546A8B9A169F1B1238AD3B1F0
:1000E000204604F11002FFF7F9FC38BBE16919B3AF
:1000F000638AA3B1204604F11202FFF7C4FC78B171
:10010000054603E00023A3612361E3610023284641
:100110006361236270BDA061E8E72082E6E7E361E6
:10012000216A0029F2D0A28A002AEFD02046E38A71
:10013000BDE87040FFF766BC6182F1E76582E5616A
:10014000DEE711B9D0F8DC1021B1CB6813B18B68B0
:10015000D88970474FF6FF70704710B5FEF72EFC38
:10016000044608B9FFF77CFE204610BDF7F72CBD0A
:1001700010B50C461146F7F74DFDF9F7B1F9012816
:1001800001D1002010BD002CF7D10520FAE7F8B509
:1001900006460D46FEF712FCD8B94FF6FF734FF036
:1001A000240CEF68C1B28F4208D81C462146304665
:1001B000FEF7B6FDFFF754FE2046F8BDAA680CFB1B
:1001C0000122D4899C4202D2002CEFD02346013078
:1001D000E8E70024F0E7C08D70470A7838B5054697
:1001E0001046FFF763FF60B14C782046FFF75EFFD3
:1001F00038B12243530704D42846BDE83840F7F706
:100200004FBF212038BDFFF7E8BF10B5044608787E
:10021000FFF74CFF58B14A781046FFF747FF30B15F
:10022000042A04D02046BDE81040F7F757BF21202C
:1002300010BDFFF7EABFF7F727BBFFF7EABAF0B543
:10024000044600262427C268013A12B2964202DD13
:100250004FF6FF700DE0B318A56803EBD3735B1086
:1002600007FB035598B2EB898B4203D82B8A8B424C
:1002700003D3F0BD431E1AB2E8E7431C1EB2E5E704
:10028000F7F7F0BD38B504460D4600F0A0F850B1C0
:1002900029462046FEF744FD30B929462046BDE8F0
:1002A0003840F7F79FBD0E2038BD70B516460C4696
:1002B00002F086FA314605462046FEF7BDFD0446AB
:1002C000284602F078FA204670BD38B505460C463F
:1002D00002F076FAD5F890301C40D5F88C302343E4
:1002E000C5F88C3002F067FA211E18BF01210020EA
:1002F000490238BD38B504460D4602F061FAD4F81B
:1003000090301D40D4F88C3023EA0505C4F88C5099
:1003100002F051FA284638BDD0F88C0070477FB5FE
:1003200005460E46FAF70EF8431EDBB2FD2B0446D7
:100330000FD90096FF2800D101964FF48811284666
:10034000FFF7D8FF224669462846FFF7C9FC04B0EC
:1003500070BD0128EFE710B504460121FFF7CAFF81
:100360002046FEF7D9FE002010BD10B50446FFF769
:1003700025FC40B120460121FFF7BCFF2046BDE827
:100380001040FEF7C9BE022010BDF8F7D3B9FAF746
:100390007BBAF8F727B9FAF771B9FAF77BB9FFF723
:1003A000FABAFFF71ABB38B50446154609B1FFF78C
:1003B000BDFB15B12046F8F7D5F9002038BD10B4C3
:1003C000BDF8044001945DF8044BFFF75FBA0346A3
:1003D000408A18B1188A003818BF01207047FFF70B
:1003E00070BDFFF76EBDFBF7BBB900EB8023C0EB20
:1003F000831353FA81F303EB8322C3EB8213C1F31C
:100400000722134403EB8322C3EB8213C1F3074299
:10041000134403EB8322C3EB821303EB1160704799
:1004200038B50D46144604B938BD55F8041BFFF71E
:10043000DCFF013CF7E77047931E222B10B50C46FA
:1004400004D900231C460B70204610BD0A2A09D18E
:10045000002807DA2D2340420B7001212144FFF7C9
:1004600055F8F1E70021F9E7FFF7E6BF0A44431E1C
:10047000914200D1704710B511F8014B914203F839
:10048000014FF9D110BD0139024410B5904201D19C
:10049000002005E0037811F8014FA34201D0181B9A
:1004A00010BD0130F2E7884210B501EB020402D919
:1004B0008442234607D8431EA14208D011F8012BDD
:1004C00003F8012FF8E7024401468A4200D110BD2B
:1004D00013F8014D02F8014DF7E70246014410B54B
:1004E0008A42134603D01C780132002CF8D1181A26
:1004F00010BDC9B20346024410B59342184601D15B
:10050000002003E0047801338C42F6D110BD03468D
:1005100013F8012B002AFBD1181A0138704708463E
:10052000FAF7F8BE0846FAF72FBEF8F703BDF7F75B
:100530002FB9FFF789BB38B505460C46FFF7F9FF21
:1005400080B1F8F7CDFFC3070AD52146002228461F
:10055000F9F7BCF804462846FFF779FB204638BD7A
:100560000224FBE70E24F9E738B504460D46FFF7F1
:10057000E0FF28B129462046BDE83840F9F766B8C3
:100580000E2038BD70B504460D461646FFF7D1FF64
:1005900030B1324629462046BDE87040F9F774B8BC
:1005A0000E2070BD38B505460C46FFF7C2FF30B1CE
:1005B0003CB128462146F9F7BDF9002038BD0E2090
:1005C000FCE72120FAE790F82920F9F7D5B973B5AF
:1005D0000D7806460C4635B304238DF80430237994
:1005E000304601A98DF80530FFF70FFE0546B8B972
:1005F0002278A37952BB8DF80430E379304601A903
:100600008DF80530FFF7E9FD054648B923783BB181
:1006100061883046F7F7A6FF01213046FFF783F9DE
:10062000284602B070BD2946FFF77DF929463046BD
:10063000FFF7A1F929463046FFF7A5F92378002BEB
:10064000CAD123798DF804306379C9E702228DF885
:100650000420D3E74FF40022184B5A664FF0B443FE
:100660009868C0F304400C280AD8DFE800F00B09B2
:1006700009090909072119091B1D1F0010487047A6
:10068000002070479B6803F04073B3F1807F11D066
:10069000B3F1007F10D00B4A002B08BF1046704703
:1006A000094870470948704709487047094870472A
:1006B0000948704709487047094870470090005042
:1006C000405DC60000093D00C0EA210180BA8C01EE
:1006D0000048E801005A62020024F40080841E00F1
:1006E00040420F00014B1868704700BF2C9B002050
:1006F0000A4B1B6F03F00703013B032B03D8DFE812
:1007000003F00B030609FEE7054B18687047044B1E
:10071000586870470348704703487047008000508E
:100720002C9B002080D54302002D310108B5FFF736
:10073000DFFF044B1B6FC3F303330133B0FBF3F054
:1007400008BD00BF00800050014B5868704700BFD3
:100750002C9B002070B5054648B3EFF3108672B6A7
:10076000046E012C19D924F0010402F0BBF870B119
:10077000236893B9A46884B10E4BD3F854389C42D3
:1007800009BF6B6D0123DB4303F0010306E001F0B9
:100790005FF823683BB101F0D1F80023304602F046
:1007A0000AF8184670BDA46801F0C8F8E3E7012311
:1007B000F7E700BF0804002070B50446002840D0C9
:1007C00000F0CEFE022829D1EFF31083DB070ED410
:1007D000EFF311832F2B0AD8256E25F0010405F0C5
:1007E000010602F07FF838B16FF0050022E02046E4
:1007F000BDE87040FFF7AEBF012D1FD986B1124B87
:10080000A268D3F854389A4212D1E368013BE360FE
:1008100023B91A461946204601F0A6F9002009E03E
:10082000334632463146204601F09EF90128F5D084
:100830006FF00200003818BF012070BD6FF0030098
:10084000F8E70120F9E700BF0804002038B50446A6
:100850004D4801F073FD002848D14FF480624B4BA6
:100860009A66BFF34F8F236A052B15D84FF0984136
:100870000A6CD002FCD504339B000B652268103B48
:100880000A6062680A60224652F8080F08604FF05A
:100890009841134493420BD194F8243063B94FF03C
:1008A00098435A6CD202FCD55C6D04F4702432E09B
:1008B00052F8040F0860EDE74FF09844A36D43F041
:1008C0000203A36500F04CFE02283DD1304BD3F863
:1008D000645465B9A36D23F00203A3654FF48062ED
:1008E0002C4B29489A66FFF767FF012038BD01F0BD
:1008F000F9FF0028EED14FF0FF31284601F0AAF9A8
:10090000A36D012823F00203A365E7D14FF4A022D1
:10091000214B9C689A604FF480621E4B1A489A667D
:10092000FFF74AFF002CE1D0B4F5E02F21D015D815
:10093000B4F5403F1FD00CD8B4F5803F1DD0B4F5BE
:10094000003FD2D12A20D1E7A36D23F00203A36593
:10095000DCE7B4F5802FC8D14B20C7E7B4F5302FC2
:100960000DD0B4F57F0F0CD0B4F5202FBDD11020E1
:10097000BCE72120BAE72C20B8E74820B6E71120D1
:10098000B4E70620B2E700BF7410002000900050CA
:100990000804002000A000502C9B0020044B187875
:1009A00018B1044A106800EBD0005B681844704727
:1009B000A44E00206C1100200D498B6898B10022D4
:1009C0009BB1834203D1836822B98B6003E01A464E
:1009D0009B68F5E7936083681BB15A6941690A44D3
:1009E0005A6100207047222070470220704700BFE4
:1009F000A44E0020014B1868704700BF681100200A
:100A00000229F8B597BF114B00245B1893F8A44056
:100A1000012805460E4609D002280AD008B944F03C
:100A200002040B4BD3F89C7237B9F8BD44F00804AC
:100A3000F7E744F02004F4E77B681A68144203D017
:100A4000314628465B6898473F68EDE7AC370308B6
:100A5000A44E0020084A0346107810B550B107494B
:100A60008C6DE40702D592F8A04214B1002BF7D1A7
:100A7000184610BD0120FCE7A44E00200040005A9B
:100A8000164A92F8A13233B10121154B596015492C
:100A90008B69DB07FCD5144BD2F8A402196F21F047
:100AA000070101431967D3F82011D2F8A80221F0F9
:100AB00007010143C3F82011D3F82811D2F8AC0282
:100AC00021F007010143C3F8281113781BB14FF43B
:100AD0008032064B9A62FFF729BE00BFA44E002069
:100AE00000D0015000C00150008000500060005A4A
:100AF000F0B49DF81050BDF81460B0B10024C4618A
:100B0000EFF31187302484F311880A4CA46814B1E0
:100B1000A042FBD1012487F31188BFF36F8F3CB94A
:100B2000CDE90456F0BC01F0A5BD2220F0BC704711
:100B30000320FBE7A44E0020EFF31183302282F361
:100B40001188034A106A83F31188BFF36F8F7047CF
:100B500000400650124908B50B7883B191F8C232B3
:100B6000CBB9104B9A6DD00302D5DA6D920702D43F
:100B70009B6DDB0704D54FF480320B4B9A6208BDA6
:100B8000012381F8B032FFF7D7FF4FF48032064BD4
:100B9000C1F8B4029A62002381F8C232EFE700BFC5
:100BA000A44E00200040005A0050005A38B5124CA4
:100BB00094F8BF32CBB194F8C33223B1FFF7CAFF28
:100BC000002384F8C3320020FFF744FF94F8BD529D
:100BD00060B1FFF755FF00230121284684F8BF329A
:100BE000FFF70EFF012384F8BD3238BD012384F8DE
:100BF000C45284F8BE32F8E7A44E00200D4A92F8A1
:100C0000C532FF2B01D120B170470BB928B970470D
:100C100018B9013B82F8C5327047013382F8C532FA
:100C200092F8BD32012B04D992F8BE320BB9FFF70E
:100C3000BDBF7047A44E00200F4B10B51A689AB183
:100C40004FF47A71531E1342A0FB01010ED1B2FA88
:100C500082F2C2F11F04531CD243E04001FA03F3B5
:100C6000184321FA02F20243104610BD0023FEF79A
:100C7000BDFA0246F8E700BF6811002030B5002534
:100C80000A4B0B481C6AD0F8C8328268E31A2AB1B2
:100C900023B15169994204D3C91A5161C0F8C842BD
:100CA00030BD55615B1A9268F1E700BF0040065005
:100CB000A44E002010B5EFF3108472B6054B93F8E4
:100CC000663823B12046BDE8104001F074BDFFF73F
:100CD0006DFFF7E7A44E0020F8B5C38804460D4623
:100CE0001D4E4BB9EFF3108172B696F8BD32012B51
:100CF00008D8084601F05FFDB36865612BBBB4609E
:100D0000A36021E0D6F86C78FFF748FE0744084658
:100D100001F051FDBD42EFD2EFF3108572B6FFF73F
:100D200045FF284601F047FD3D46E5E7AD1A9A68C4
:100D3000194665616AB113465A69AA42F6D931B1BA
:100D40008C60521BA3605A61F8BD0021F4E7B460C7
:100D5000F7E79C60A260F7E7A44E002038B5254C69
:100D6000A368002B44D05B69234A002B34D00220B7
:100D7000D4F8C81290610B442049EFF3108072B68A
:100D80000A6A0D6B4969890704D4A91A052901D893
:100D9000AA4212D1991A042998BF531DB3F1FF3FFB
:100DA00038BF013B154A916AC906FCD41363936AA4
:100DB000DD06FCD40222104B9A6101F0FCFC0023FA
:100DC000A26884F870382AB1D188890708D5012330
:100DD00084F87038002038BD022393615361EEE738
:100DE0009268002AF6D051690B44012BECD9F1E747
:100DF0002220F0E7A44E002000500650004006508C
:100E000038B5044618B3EFF3108572B6FFF736FF16
:100E1000104B9868A04209D02046FFF7CDFD04464C
:100E200080B1284601F0C7FC204638BDFFF7C4FD5D
:100E300004460028F5D1FFF791FF222802BF0222C5
:100E4000054B9A61284601F0B6FC0024ECE7222409
:100E5000EAE700BFA44E0020006006502DE9F743EA
:100E6000EFF3108672B6AFF3008000F089FB002824
:100E700000F0C481B34CB44F94F871382BB100200A
:100E8000FFF7BCFE002384F8713894F8C5225AB9E4
:100E9000EFF31180302383F31188A368002B6BD10B
:100EA00080F31188BFF36F8F94F8C53294F8BD02B8
:100EB000002B00F0A480012840F01F81A34A136991
:100EC00023F00403136130BF94F8BE321BB194F8D1
:100ED000C43284F8BD32AFF30080304601F08EFC9E
:100EE000EFF3108672B694F8C1326BB1002394F818
:100EF000BD0284F8C13294F8C432984204D1012171
:100F000084F8BD12FFF77CFD9148FFF779FFFFF7EA
:100F100013FED4F89C38D4F8A028C51AB5FBF2F516
:100F200005FB0233C4F89C38D4F8A438D4F8A808D8
:100F3000EA18824280F02E81284600F0AFFFD4F8F4
:100F4000A4381D44D4F8A838C4F8A4589D42C0F071
:100F50002981002594F8BF3284F86858002B00F0EE
:100F60003C8194F8C33284F8BE521BB1FFF7F2FD06
:100F700084F8C352754D26E15969B3F806900A44C6
:100F8000B9F1000F39D13B6AD4F8C8125B1A9A4202
:100F90000AD880F31188BFF36F8F0120FFF72EFE70
:100FA000012384F871387FE73B6AD4F8C812C91A64
:100FB000114480F31188BFF36F8FD4F874388B42DB
:100FC000EBD2D4F86C58FFF7E9FC28448842E4D20D
:100FD00094F800800D1A4FEA880848F002085C482F
:100FE000C4F89498FFF70CFF4B462946CDE90098CA
:100FF000584A574801F03EFB56E79B684EE794F885
:10100000BF3263B9544AD2F8203103F00703C4F861
:10101000A832D2F8283103F00703C4F8AC32022812
:1010200053D00225002384F8683894F8BE3213B9EF
:101030002946FFF7E5FC94F8683884F8BD52002B88
:101040005DD0022D44D094F8BD32012B3FF436AF71
:10105000023B012B3FF638AF3C4A136943F00403CF
:10106000136194F89838002B4CD101223B4B5A67FE
:10107000394B5B6E5B0142BF394B3A4AC3F82024BF
:1010800030BF0122384B39495A672378D3B17B6985
:101090009D0717D594F87038A3B1FFF74DFDA368ED
:1010A0009B69C01A02280DD88B6DD80302D5CB6D71
:1010B0009A0703D42D4B9B6DDB0761D54FF480322B
:1010C000294B9A62FFF732FBFEE694F8683823B1A9
:1010D000002384F8683801F094FD94F8BF32002BA7
:1010E000B1D194F8673823B9012384F8983884F88B
:1010F000C332012384F8BF32A5E7012592E7022D10
:10110000EBD0A0E7002384F89838134B1A6F22F035
:10111000070242F001021A67D3F8202122F00702E9
:1011200042F00302C3F82021D3F8282122F007025D
:1011300042F00302C3F8282194F8A132C3B9FFF7A3
:10114000F5FA92E7A44E00200040065000ED00E0C2
:101150001C570020B50C0308008000500060005AA6
:1011600000E003500000FF0F0050005A0040005AFA
:101170000122264B5A60264A53689907FCD4DEE7C1
:10118000012384F8C23284F8B032FFF7D5FCC4F8EA
:10119000B40293E7C01A00F081FED4F8A838C4F86E
:1011A000A438D6E600F0ECF900287FF465AED0E66E
:1011B0002B6923F004032B6130BF304601F01EFB86
:1011C000EFF3108672B60020FFF744FC0028EFD042
:1011D000FFF756FC002384F8BF3294F871382BB126
:1011E0000020FFF70BFD002384F87138002194F8EC
:1011F000BD02FFF705FC002384F8BD32AFF3008089
:10120000304603B0BDE8F04301F0F8BA00E0015009
:1012100000C001500A490B4A0B685BB91268D06ADA
:1012200058B94B68012B09D8074B1868074B1B6846
:10123000C01A70470020136870471846704700BFF7
:10124000485D00205C0C0020305D0020345D0020F3
:10125000914208B5416000610BD8D21A83699A4265
:1012600010D2094B011DD3F8640401F0CCFA002020
:1012700008BD9A4201D2994204D2034B011DD3F812
:101280006804F2E70120F3E7485D0020EFF30980EE
:101290001EF0100F08BF20ED108AEFF30B8273468B
:1012A00020E9FC0F0F4A116808604FF0100080F32E
:1012B0001188BFF34F8FBFF36F8F00F0FBF84FF033
:1012C000000080F31188074A11680868B0E8FC0F35
:1012D00013F0100F08BFB0EC108A82F30B8880F374
:1012E000098818475C0C00201EF0040F0CBFEFF3B8
:1012F0000880EFF3098001490847000051290308DD
:101300001346026C2DE9F0410446876B002A3AD15E
:10131000036823B100200137A763BDE8F081856829
:101320001DB900200023A360F5E7254BAE6C1B68B8
:10133000EA6AEB6CB24203F1FF33EB64F1D0002BAD
:10134000EFD105F10408404601F04CFCC6F138032A
:10135000AB611C4BEE621A68012096424FF01402FA
:1013600088BF1E60564333449A689168AA60E9605A
:10137000C1F80480C2F80880134A32446A615A688E
:1013800001325A60CEE763B94068FFF76FF86368CF
:10139000226C1344A26863609342BBD323686360EA
:1013A000B8E7C068FFF762F8226CE36851429B1A05
:1013B0002268E3609342ADD2A3680B44E360A9E7DF
:1013C0005C0C0020485D00204C5D00200E4B70B589
:1013D000D3F868340546DB680E46DC68201D01F052
:1013E00001FC94F828305A0709D532462946204690
:1013F00001F020FA2046236ABDE87040184723F028
:10140000010384F82830F5E7485D002010B5094C49
:10141000D4F868341A6832B9D4F86424C4F864344F
:10142000C4F8682410BDDB684FF0FF311868FFF77F
:10143000CDFFEDE7485D002070B5B9B100230C4A3F
:101440001C4615465668864204D105EBC403C3E921
:1014500000100BE01BB91668002E08BF13460134BC
:101460000A2C02F10802EDD1002BF0D170BD00BFB3
:1014700044690020002330B5094A02F6FC3101EB33
:10148000C3056D68DC00854206D100232244C2F802
:10149000FC3BC2F8003C30BD01330A2BEFD1FAE728
:1014A000485D0020024A136801331360704700BF93
:1014B000744F00201E4B70B51A681E4B1AB10122E2
:1014C000C3F84C2C70BDC3F84C2C1B4A1168096B37
:1014D0000868B0F1A53F0BD14868B0F1A53F07D12E
:1014E0008868B0F1A53F03D1C968B1F1A53F01D02B
:1014F0001168116814261968104D06FB01F0445953
:101500009CB11C18A668083076680544AE4208BF36
:101510002069A66008BFA060142000FB013080682D
:10152000C068106019601368CCE70139E5E700BFB7
:10153000744F0020485D00205C0C00204C5D0020B2
:10154000054B1B6833B1054B1868B0FA80F04009B1
:1015500040007047012070476C4F0020744F0020FE
:1015600008B5FFF7EDFF38B1022804D0034B186827
:10157000431E5842584108BD0320FCE7685700202D
:101580000B4B1B6883B90B4AD2F84C0C70B9D2F8DC
:10159000503C63B9084B094A1B681068013B9842EC
:1015A0000CBF02200120704700207047184670478A
:1015B0002C4F0020485D0020EC200020404F0020F0
:1015C00000222DE9F84306461E4B1F4C1D681F4B99
:1015D0000F46D3F800801E4BD3F800902368206894
:1015E00083F85E20043001F0FDFA731C14D19FB122
:1015F000184B21685A688A6090682168C860216821
:1016000004314160216804319160226853611A6895
:1016100001321A60BDE8F88323682168AD195D6066
:1016200001F1040104D34846BDE8F84301F0EBB8EA
:10163000404601F0E8F8084B1A68AA4288BF1D60CE
:10164000E8E700BF345D00205C0C0020244F002040
:10165000284F0020404F0020305D002010B50C4680
:10166000054B1968183101F0CEF82046BDE810404E
:101670000121FFF7A5BF00BF5C0C0020064A1368DC
:101680001968064B19B94FF0FF321A60704712689B
:10169000D2681268F9E700BF244F0020305D0020B7
:1016A0002DE9F84F4F4B504C1B68002B40F09280B7
:1016B0004E4B1D6801351D606DB94D4B1A684D4A82
:1016C0001968106818601160D4F8543C0133C4F8EC
:1016D000543CFFF7D3FF484900200B68AB4210D9B8
:1016E0001422464B1B68DB6A02FB03435B68022B38
:1016F000D4F84C3C28BF0120002B18BF0120BDE8C6
:10170000F88F84463A4F3B681B681BB94FF0FF3394
:101710000B60E5E73B68DB68DB685A68954201D2FD
:101720000A60DDE7D3F81480D3E90229C2F80890F3
:10173000C9F80420D8F8042003F1040E7245D8F843
:10174000002008BFC8F80490013AC3F814C0C8F8D4
:101750000020D3F82880B8F1000F14D0D3E907296E
:10176000C2F80890C9F80420D8F8042003F1180A38
:101770005245D8F8002008BFC8F80490013AC3F8D1
:1017800028C0C8F800201426DA6AD4F80080424540
:1017900006FB02F804EB0809D9F808A0184EDAF89D
:1017A00008B0B044C3F808A0C3F80CB0CBF804E00C
:1017B000CAF808E0C3F81480D9F8043088BF226062
:1017C0000133C9F804300D4B1B68DB6A9A4288BFAD
:1017D000012098E7D4F8503C00200133C4F8503C75
:1017E0008DE700BF744F0020485D0020345D00206D
:1017F000244F0020284F0020305D00205C0C00208A
:101800004C5D0020094A1168086806C881F30B88FE
:10181000022181F31488203080F30988BFF36F8F91
:101820004FF0000080F31188104700005C0C00208E
:1018300006480068006880F3088862B661B6BFF3A6
:101840004F8FBFF36F8F66DF00BF000008ED00E031
:1018500008B501F093F8044A136801331360BFF32D
:101860004F8FBFF36F8F08BD9C9C00202DE9F8437C
:101870000446164699468846D6F770FA01F07EF877
:10188000A26BE36B07469A4223D294F845504A462E
:10189000414620466DB2A36BFFF732FD6B1C0FD1A2
:1018A000636A33B1206B00F06FFE10B10EB10123FB
:1018B00033600124384601F06CF82046BDE8F88317
:1018C000054B1B689D42F4D201356DB284F845503A
:1018D000EFE70024EEE700BFEC20002070B50446DF
:1018E000D6F73CFA0D4601F049F8A26BE36B0646C9
:1018F00093421ED994F845100132FF294BB2A263DE
:101900000ED1636A33B1206B00F03EFE10B10DB111
:1019100001232B600124304601F03BF8204670BDC6
:10192000054A12689342F5D201335BB284F8453020
:10193000F0E70024EFE700BFEC200020044B1A681A
:101940001A68013A1A60186808B901F022B870479D
:101950009C9C0020F8B504460127FFF779FF94F816
:101960004550184E6DB2002D14DCFF23012784F87A
:101970004530FFF7E3FFFFF76BFF94F84450114E3B
:101980006DB2002D12DCFF2384F84430BDE8F8402E
:10199000FFF7D4BF636A002BE7D0206B00F0F4FDA3
:1019A00008B1C6F84C7C013D6DB2DCE72369002B21
:1019B000E9D0E06900F0E8FD08B1C6F84C7C013DD3
:1019C0006DB2DEE7485D00202DE9F84FFFF740FFDC
:1019D000434B1A681A68013A1A601B682BB100243D
:1019E000FFF7ACFF2046BDE8F88F3E4A1268002A98
:1019F000F5D03D4C184614254FF0010C3B493C4FA7
:101A0000261D50E0CB68DB68D3F828E0D3E907282F
:101A1000C2F80880C8F80420DEF8042003F1180991
:101A20004A45DEF8002008BFCEF80480013A9862EB
:101A3000CEF80020D3F814E0D3E90229C2F80890C8
:101A4000C9F80420DEF8042003F104084245DEF85A
:101A5000002008BFCEF80490013ACEF80020D3F859
:101A60002CE02268964505FB0EF204EB0209D9F83A
:101A700008A03244DAF808B0C3F808A0C3F80CB0E4
:101A8000CBF80480CAF808805A61D9F8042088BFCE
:101A9000C4F800E00132C9F804203A68D26A9645D9
:101AA00001D9C4F84CCC0A68002AABD10BB1FFF7BE
:101AB000E5FDD4F8505C4DB10126FFF7F1FD08B10A
:101AC000C4F84C6C013DF8D1C4F8505CD4F84C3CDF
:101AD000002B84D0064B01241B6800F02EFF7FE70B
:101AE000744F0020EC200020485D00202C4F002087
:101AF0005C0C0020F8B504460D46FFF7A9FEDFF8A0
:101B000064C0164BDCF800101E68626896F85E60D0
:101B100046B100221B6883F85E200124FFF70EFF08
:101B20002046F8BD2B68581C16D00D4E2068D6F8FC
:101B3000547CB84204D08A4202D800232B60ECE7E0
:101B40008F1ABB42F9D95B1A13442B60D6F8543C68
:101B50002360DCF8003063600024DFE75C0C0020C9
:101B6000485D0020345D00202DE9FF470027044632
:101B70001E4601920D46FFF7E3FCB846DFF8CC9015
:101B8000DFF8CCA0FFF764FEA26BE36B9A4212D29F
:101B9000324629462046FFF7B3FB636A13B1206B38
:101BA00000F0F2FC08B100F0C8FEFFF7C7FE01200C
:101BB00004B0BDE8F087019B1BB9FFF7BFFE002012
:101BC000F6E72FB9D9F8543C0293DAF800300393C2
:101BD000FFF7B4FEFFF766FCFFF73AFE94F84430D7
:101BE000FF2B08BF84F8448094F84530FF2B08BFD2
:101BF00084F84580FFF7A2FE01A902A8FFF77AFF4B
:101C0000F0B9FFF725FEA26BE36B9A420FD1FFF705
:101C100095FE019904F11000FFF720FD2046FFF723
:101C200099FEFFF7D1FE48B900F087FE06E0FFF706
:101C300085FE2046FFF78EFEFFF7C6FE0127A1E7CF
:101C40002046FFF787FEFFF7BFFEB8E7485D00209C
:101C5000345D00202DE9F04F4FF0000985B00446B7
:101C600001914D46FFF76CFC4E46894FDFF8288204
:101C7000FFF7EEFDA36BC3B1013BA363236833B948
:101C8000844B1B6813B1DA6C0132DA64A3602369F8
:101C90002BB1E06900F078FC08B100F04EFEFFF7D0
:101CA0004DFE012005B0BDE8F08F019B1BB9FFF789
:101CB00045FE0020F6E72DB9D7F8543C0293D8F83A
:101CC00000300393FFF73AFEFFF7ECFBFFF7C0FD90
:101CD00094F84430FF2B08BF84F8446094F84530F2
:101CE000FF2B08BF84F84560FFF728FE01A902A872
:101CF000FFF700FF05462046002D76D100F074FE68
:101D000000286CD02368002B4AD1FFF7A1FDD4F83E
:101D10000890B9F1000F40D0DFF878A1D9F82C2055
:101D2000DAF80030DB6A9A424FD2D9F81830584DB1
:101D3000002BA8BFDAF8003005F1040BA2BFDB6A64
:101D4000C3F13803C9F81830142303FB02B2D9F8E1
:101D50001430934233D109F10400009000F042FFA7
:101D6000DAF800300098DA6A2B68C9F82C209A4219
:101D70004FF0140388BF2A605A43AB1899685A443D
:101D80008D68C9F80810C9F80C5068608860C9F8F7
:101D900014205A6801325A600125FFF7CFFDA94689
:101DA000019904F12400FFF759FC2046FFF7D2FD0A
:101DB000FFF70AFE08B900F0C0FD012558E7DAF880
:101DC0000030DB6AC9F82C30E6E7DAF80030D9F8E1
:101DD0004850DB6A9D422CBF00250125DDE72046E7
:101DE000FFF7B8FDFFF7F0FDE7E7FFF7B3FDFFF7FB
:101DF000EBFD204600F0F8FD0028DED0B9F1000F21
:101E00003FF457AFFFF724FD636A1BB1236B1B68D8
:101E1000C3F13803A568002D3FF449AFAA6C934283
:101E200038BF13461C46EB6A9C423FF440AFEA6C55
:101E3000012A7FF43CAF174A154E1268AA69371D74
:101E4000002AA4BFC4F13802AA61142202FB037362
:101E50006A69EC629A427FF42AAF05F104084046B1
:101E600000F0C0FE33689C424FF0140388BF34601A
:101E70005C4333199A6827449168AA60E960C1F805
:101E80000480C2F808805A686F6101325A600EE718
:101E9000485D00205C0C0020345D002038B50D4DFD
:101EA0000D4A2B681168126803449A4204460CD10B
:101EB0000A4B013C1B68FFF7CBFC094AD2F8503CA7
:101EC0000133C2F8503CFFF739FD2B6823442B60E7
:101ED00038BD00BF345D0020305D0020744F00200D
:101EE000485D0020F8B50446FFF7B2FC2F4B304D9B
:101EF0001A68304E01321A60296800294AD12C60D4
:101F00001B68012B1DD13046013100F0A5FC38299A
:101F100000F11400F8D12849084601F1140700F037
:101F20009BFC384600F098FC244800F095FC2448BF
:101F300000F092FC234800F08FFC234B1960234BE8
:101F40001F60234A201D1368013323641360214B53
:101F5000E26A19688A424FF0140188BF1A604A4346
:101F60001344996816448F685A68A160E76001328B
:101F70007860886066615A60FFF7E0FC164B1B686A
:101F80009BB12B68DA6AE36A9A420ED2BDE8F84048
:101F900000F0D3BC104B1A68E36A002AD1D12A683A
:101FA000D26A9A4298BF2C60CBE7F8BDEC200020A3
:101FB0005C0C00204C5D0020AC6900202C4F002000
:101FC000544F0020404F0020244F0020284F002075
:101FD000684F0020485D00206C4F002073B5134C03
:101FE000FFF736FC2568DDB9114901F68C4630460D
:101FF00000F032FC01F54A6000F02EFCC1F86404E8
:10200000C1F8686401F6B44301F6045208201021B7
:10201000009500F02CFC206010B10649FFF70CFA87
:1020200002B0BDE87040FFF789BC00BF4C5A0020E9
:10203000485D0020503A03088FB5714EDFF8C88123
:10204000D6F86834D6F8901D1F68DFF8C091002FCD
:1020500048D1FFF727FAD8F800508D4251D3D6F86F
:102060006434C6F8905D1B68B3FA83FA4FEA5A1AD3
:10207000D9F80040FFF7ECFB94F84430FF2B04BF85
:10208000002384F8443094F84530FF2B04BF00232C
:1020900084F84530FFF752FCA36BD3B9594BA26AC1
:1020A00019689068CA611968086219681831416036
:1020B00019681B681831916004F124029A62636AFE
:1020C00001336362BAF1000F4ED1781B5146FFF71E
:1020D00077FA2046FFF73EFCFFF776FCB8B900F030
:1020E0002CFC14E0DB681F68FFF7DCF9D8F800501F
:1020F0008D4206D3BD42C6F8905D2ED24FF0000A45
:10210000B6E7FFF783F9C6F8905DFFF75DFC102294
:1021100000216846FDF77CFA6946D9F8000000F016
:102120000FFD00288CD0009F029C002F1FDB6369ED
:1021300013BBD8F80050D6F8903DAB4201D9FFF759
:1021400065F9013FC6F8905D082FE5D8DFE807F094
:1021500018183A415018183A4100FFF735FC294643
:102160003846FFF733F9D2E74FF0FF30AEE72046AD
:102170000399019B9847CFE7201D00F033FDD8E776
:1021800094F82830A76943F0010384F82830019BB4
:102190002A461F4439462046FFF75AF80028BBD08C
:1021A00094F82830590708D52A463946204600F0C9
:1021B00041FB2046236A9847AEE723F0010384F8E9
:1021C0002830F6E794F8283023F0010384F828300B
:1021D000A2E794F82830019943F0010384F82830ED
:1021E000A1612B462A4620462944FFF731F893E7A0
:1021F00094F828309A07E7D4204600F067FC8BE774
:10220000485D00205C0C0020345D00204C5A00200A
:1022100083B5404E404F414C3368002B66D1404B54
:102220005B68012B01D900F088FB3E4CF0F711FEF2
:1022300094F834303BB301212046DEF76CF8204699
:10224000DDF764FCA369D4F83080C518E06BF3F7C0
:10225000F5FFA84517D294F83430A3B102212046E7
:10226000DEF759F82046DDF751FCA369256B1844C9
:10227000854205D2012220460DF10701DEF746FC1A
:10228000E06BF3F7DBFFFEF7C5FF0128C3D9FFF7CB
:1022900009F9254B1B68254B1B68FEF7BBFF01287E
:1022A000044620D94FF00108214D05F5B46085F8AA
:1022B000C085FEF7A5FD2046DBF712FF2046D5F7C7
:1022C000BBF81C4B1C6000241B4B1C60FEF7C6FDBA
:1022D000F4F7CEFA05F5B46085F8C045FEF790FD39
:1022E0004046DBF7FDFEFFF76FFB94E7FFF7B0FA20
:1022F000FB68DD68281D00F075FC2368013B236046
:102300003368013B3360FFF719FB284600F0E9FB17
:1023100082E700BF704F0020544F0020EC200020C7
:10232000485D0020A80B0020305D0020345D0020B7
:10233000387F00204C5700204857002070B50446D5
:10234000002842D0FFF70CF9022822D1EFF31083C6
:10235000DB070ED4EFF311832F2B0AD8256E25F05F
:10236000010405F0010600F0BDFA38B16FF0050078
:102370001EE02046BDE87040FEF7ECB9012D21D9E2
:10238000D6B1134BA2681B689A4204D1E3680133AB
:10239000E36000200CE04FF0FF312046FFF75AFCCD
:1023A00020B1E3680133E3600128F2D06FF001004F
:1023B000003818BF012070BD4FF0FF312046FFF7F5
:1023C00049FCF1E76FF00300F2E70120F3E700BFFB
:1023D0005C0C00202DE9F0410E46089D9400224639
:1023E000A5210746286B9846FDF712F9296B221F95
:1023F0000A4422F007026EB1731E05F1330009365C
:1024000013F8014F00F8014F0CB1B342F8D100238B
:1024100085F83D30069B0020372B28BF3723EB6221
:10242000AB64C3F13803AB614FF080736861A8629D
:102430002D616D6242E90273194B4FF0123042F880
:102440000C3C4FF003334FF0023442E905304FF0BB
:1024500001334FF0113642E907344FF010334FF09B
:10246000093742E90A364FF008334FF0073C42E99A
:102470000C374FF0063342F8208C42E90E3C4FF007
:1024800005384FF0043342E910386FF0020342F888
:10249000443C079B42F8481D2A601D60BDE8F0815E
:1024A000797D00081FB5094B1C6864B1CDE90012A5
:1024B0000290FFF745F8002369461A462046FFF7C9
:1024C00053FB04B010BD2046FBE700BF4C5A002070
:1024D00070B504460D46FFF7BBF9022394F85C2063
:1024E00084F85C30A36D012A43EA0503A36503D099
:1024F000BDE87040FFF722BA6369D4E902128A602E
:1025000051605968201D814208BF5A601A68013A1B
:102510001A60104AE36A11688B424FF0140188BFB9
:1025200013604B430C4AD51869688E68A160E66059
:1025300070608860D15865610131D150FFF79EF815
:10254000064B1B68DA6AE36A9A42D1D200F0F5F9C9
:10255000CEE700BF485D00204C5D00205C0C0020F1
:1025600038B50D46044608B9064B1C68FFF770F9EC
:10257000A36DA36D23EA0503A365BDE83840FFF70B
:10258000DDB900BF5C0C002070B5C468A36AD4E953
:10259000071258688A60516004F11801884208BF28
:1025A0005A600022A2621A68013A1A601F4B1B6827
:1025B000002B2ED1D4E9021263698A6051605968F8
:1025C000201D814208BF5A601A68013A1A60184AF1
:1025D000E36A11688B424FF0140188BF13604B43CC
:1025E000144AD51869688E68A160E66070608860DA
:1025F000D15865610131D150FFF740F80E4BE26AC6
:102600001B68DB6A9A4285BF01200C4B00201860D2
:1026100070BD0B4B5A689068E26120624160916026
:102620001A68A36201321A60E8E700BF744F002005
:10263000485D00204C5D00205C0C00209469002067
:102640002C4F0020036813F4E07FC3F382120BD0F9
:10265000012A08D1054A012103F03F0302F5805207
:1026600001FA03F313607047014AF4E768800050F1
:102670006480005070B50D4619469DF81030044630
:1026800003710023C0E903238360BDF814300160A7
:10269000C3800E4B1B6A2B44836125B9456102B18F
:1026A0009047002070BDEFF3108672B6FEF7E6FA91
:1026B00029462046FEF710FB054B1B689C4201D1C2
:1026C000FEF74CFB304600F076F8EAE70040065093
:1026D000AC4E0020F8B504460E461546D5F73EFB35
:1026E00000F04CF9022394F85C2084F85C30A36D70
:1026F000012A43EA0603A36503D0BDE8F84000F0D1
:1027000048B9214BE16A1B68002B2FD1D4E9026242
:102710006369B26056605E68271DBE4208BF5A609A
:102720001A68013A1A60194B1A68914288BF1960F9
:1027300014234B43164A02EB030CDCF80460D6F872
:1027400008E0A660C4F80CE0CEF80470B760C4F8E6
:1027500014C0D4580134D4500E4B1B68DB6A994224
:10276000CBD901230C4A2B601360C6E70B4B04F155
:1027700018065A689768E26127627E6096601A6858
:10278000A36201321A60E7E7744F0020485D002021
:102790004C5D00205C0C0020946900202C4F002030
:1027A00080F31188BFF36F8F7047EFF311803023F0
:1027B00083F31188704710B962B6BFF36F8F70470B
:1027C000EFF3108072B6704708B528220021FCF79D
:1027D0001FFF002008BD036A042B9FBF00EB83028C
:1027E0000133D16003627047836813B98160704719
:1027F0005B685A68012AFBD15960704710B962B60C
:10280000BFF36F8F704730B50C68631C0AD1036942
:102810005A684A6091608B605960036808610133AF
:10282000036030BD00F10802134652681568A542E6
:10283000FAD9EDE770B50B4604461646A56932464F
:102840001D4429462046FEF703FD00B970BD236AEA
:10285000204698472B46F1E74FF0FF3200F108037E
:10286000C0E902234360036100230360704737B56A
:102870000D461C4693B1A2B1D1B150230193019BE7
:10288000019B0121C4E90F0584F84610204622600F
:1028900000F075F99DF8183084F84C30204603B0EC
:1028A00030BD39B950230193019B2246019BE8E7D3
:1028B0000C46F3E71446F1E703461A6C084610B4D9
:1028C0006AB1DC68996814448C4228BF1968DC60DE
:1028D00028BFD960D9685DF8044BFDF7C7BD5DF826
:1028E000044B704708B5EFF3058212B10122104680
:1028F00008BDFEF725FE0128F9D0EFF31083002B69
:10290000F4D1EFF31182003A18BF0122EFE708B5C6
:10291000FFF7E8FF014640B9FEF712FE40B102287A
:1029200008D1FEF7BFFD084608BD6FF00500FBE7C4
:102930000120F9E74FF0FF30F6E74FF0E0234FF0CA
:102940008052C3F8042DBFF34F8FBFF36F8F7047D2
:10295000836913F8023C662B0FD14FF0E023D3F8C4
:10296000882D42F47002C3F8882DD3F8342F42F03A
:102970004042C3F8342FFEF745BF7047EFF3118094
:102980004FF0100181F31188BFF34F8FBFF36F8FAA
:10299000704780F31188BFF34F8FBFF36F8F70477D
:1029A00010B5FEF7CDFD012810D0FFF7E7FF044674
:1029B000FEF776FE28B14FF0E0234FF08052C3F8C7
:1029C000042D2046BDE81040FFF7E3BF10BD38B529
:1029D00004460D46FEF73CFF236823EA0503236007
:1029E000BDE83840FEF7AABF10B50446FEF730FF39
:1029F000A46BFEF7A3FFB4FA84F0400910BD10B534
:102A00000446FFF76FFFB0B9FEF79AFD30F00203FE
:102A100014D1012C03D1FEF745FD204610BD6CB941
:102A2000FEF7D2FF0128F8D0FEF78AFD841E18BFFA
:102A30004FF0FF34F1E76FF00504EEE74FF0FF349D
:102A4000EBE738B100231A46194683600360C36080
:102A5000FFF78AB870472DE9F043174660220E460B
:102A6000002187B005929846DDE90F94059B054645
:102A7000059B0491C4B1B9F1000F15D02046FCF7B5
:102A8000C7FD022384F85D3004ABC4F83090019395
:102A90000E9B284600933A46434631460294FFF780
:102AA00099FC2046FFF71EFA049807B0BDE8F083B2
:102AB00013B5FEF7F7FC002301A90193F0F762FAC2
:102AC000019CFEF781FF204602B010BD08B538B169
:102AD000FEF7E8FCE2F7C4F8BDE80840FEF774BF73
:102AE00008BD10B590F85D3004463BB9006BFFF7A8
:102AF000EDFF2046BDE81040FFF7E8BF012BF9D0FD
:102B000010BD70B504460E46FEF71AFDFEF7A0FE96
:102B1000A56B8DB131462046E568FFF7CDFE636AAF
:102B2000E5602BB1206BFFF72FFD08B1FFF705FF24
:102B3000FEF704FF012070BDFEF700FF2846FAE70C
:102B400070B505460E46FEF7FBFCFEF781FEAC6B4A
:102B50008CB131462846FFF7AFFE2B69013CAC63D0
:102B60002BB1E869FFF710FD08B1FFF7E6FEFEF7AD
:102B7000E5FE012070BDFEF7E1FE2046FAE770B5E4
:102B80000E46044668B3C56B5DB3036CA3FB053505
:102B90003DBBFEF75DFED4E90F314B432268A563D0
:102BA000D0185B1A62601A44FF23A06084F8443096
:102BB000E26084F845305EB923692BB1E069FFF724
:102BC000E3FC08B1FFF7B9FEBDE87040FEF7B6BE02
:102BD00004F11000FFF740FE04F12400FFF73CFE73
:102BE000F2E770BD0369D0E901128A60516059684B
:102BF000884208BF5A60002202611A68013A1A60CE
:102C0000704702210120F4F7D1BB00000000000052
:102C100000000000000000000000000000000000B4
:102C2000F8B500BFF8BC08BC9E467047F8B500BFB9
:102C3000F8BC08BC9E4670475FF800F0659A00201B
:102C40005FF800F0159A0020415050005A2D57614E
:102C50007665200001020000030405060201000061
:102C6000000001640100000003000000E803000010
:102C70000000000000000000000000000000000054
:102C80000000000000000000000000000000000044
:102C90000000000000000000000000000000000034
:102CA0000000000000000000000000000000000024
:102CB00000000000000000000100000001000264AC
:102CC00002000000020000002C01000000000000D3
:102CD0002C010000000000000000000000000000C7
:102CE00000000000000000000000000000000000E4
:102CF00000000000000000000000000000000000D4
:102D000000000000000000000000000000000000C3
:102D10000000000002000000020002640200000047
:102D2000010000002C010000000000002C01000048
:102D30000000000000000000000000000000000093
:102D40000000000000000000000000000000000083
:102D50000000000000000000000000000000000073
:102D60000000000000000000000000000000000063
:102D700002000000030014640800000001000000CD
:102D8000F401000008000000F4010000050000004C
:102D9000F401000002000000F40100000300000044
:102DA000F40100000A000000F40100000900000026
:102DB000F401000004000000F40100000000000025
:102DC0000000000000000000000000000100000002
:102DD00004001464060000000400000088130000D2
:102DE00000000000C800000001000000C800000052
:102DF00000000000C800000001000000C800000042
:102E000000000000C80000000000000000000000FA
:102E100000000000000000000000000000000000B2
:102E20000000000000000000010000000500036435
:102E30000200000004000000F40100000500000092
:102E4000F40100000000000000000000000000008D
:102E50000000000000000000000000000000000072
:102E60000000000000000000000000000000000062
:102E70000000000000000000000000000000000052
:102E800000000000000000000600036402000000D3
:102E9000030000002C010000000000002C010000D5
:102EA0000000000000000000000000000000000022
:102EB0000000000000000000000000000000000012
:102EC0000000000000000000000000000000000002
:102ED00000000000000000000000000000000000F2
:102EE0000000000007000364010000000100000072
:102EF000C80000000000000000000000000000000A
:102F000000000000000000000000000000000000C1
:102F100000000000000000000000000000000000B1
:102F200000000000000000000000000000000000A1
:102F30000000000000000000000000000000000091
:102F4000080003640200000005000000F401000016
:102F500000000000F401000000000000000000007C
:102F60000000000000000000000000000000000061
:102F70000000000000000000000000000000000051
:102F80000000000000000000000000000000000041
:102F900000000000000000000300000009000364BE
:102FA0000100000001000000C80000000000000057
:102FB0000000000000000000000000000000000011
:102FC0000000000000000000000000000000000001
:102FD00000000000000000000000000000000000F1
:102FE00000000000000000000000000000000000E1
:102FF00000000000000000000A000364010000005F
:1030000001000000C80000000000000000000000F7
:1030100000000000000000000000000000000000B0
:1030200000000000000000000000000000000000A0
:103030000000000000000000000000000000000090
:103040000000000000000000000000000000000080
:10305000000000000B00C864030000000100000035
:10306000F401000002000000F40100000400000070
:10307000F40100000000000000000000000000005B
:103080000000000000000000000000000000000040
:103090000000000000000000000000000000000030
:1030A000000000000000000000000000010000001F
:1030B0000001080502030A0904640A141E28324BA1
:1030C0006400000020010100B033030894330308BA
:1030D0001B00000020020100903303087433030832
:1030E0001B00000002020300000003FF0F000000AD
:1030F000694301083945010809720108E9680108B6
:10310000CD4501080000000032000000E803000087
:10311000F401000090010000000005000004000020
:10312000FFFFFFFF31F8000801020000000400006B
:10313000FFFFFFFF41F80008020300000004000049
:10314000FFFFFFFFDDF000080300040000010000A6
:10315000FFFFFFFF00000000000002000000000071
:1031600000000000BA04000000000000000002009F
:103170000000000000000000BA0400000000000091
:10318000040404040404000102030000000901F027
:103190001C330308000901F0D0320308000901F0D4
:1031A00084320308000901F03832030800000000EF
:1031B000000000001A0000001C0000006C3303082F
:1031C00068330308D49B0020C69B002025200108FB
:1031D000E5E700085D2B010809E80008B1EB0008ED
:1031E00019EE0008D51F010813B779FAC925DDB714
:1031F000ADF3CFE0F1B614B801020000000000000A
:103200000000000080000000001408000000000022
:103210000063343500000000495207041010000319
:10322000000000000000000000000000000000009E
:103230000000000000000000CEFF84FEFF00CEFF73
:103240000A000000F00094077D240500D300C808A0
:103250004A720500BA00DB07482C0500A6004F079C
:10326000B4FD040094007506A9AC04008500F405C3
:10327000017804007600C004A6EE03004F00A5010B
:103280005B2702001E0084FEFF001E000A000000F3
:10329000F0001F0845CA0200D400220AB0AD0200A7
:1032A000BA00380925B20200A500960703AA020059
:1032B00090009F06609B02008100E1051E890200CC
:1032C00073004305987402004B005A011E7B0100F5
:1032D0006E00A2FEFF006E001E000000F000C40B96
:1032E0007391FEFF88004606813600005B00C30331
:1032F00057AF00003C0070022CC500002A00B60148
:103300002DBC00001D001F0151A200001400B800D8
:10331000838400000C003A009648000096001AFFD3
:10332000FF0096001E000000F000671427ADF7FFB5
:10333000530087041126FFFF2E001902C2FBFFFF76
:103340001E005001A92800001400D0008C36000097
:103350000D0085003C35000009005A004D2F00008B
:10336000050022006F1E00000300000000000000A6
:103370000000000042617369632053657420666F2A
:103380007220446F75626C65205072657373000023
:103390002001000042617369632053657420666FE9
:1033A000722053696E676C652050726573730000FC
:1033B00020010000008000005C9B0020A80B002082
:1033C000000000002D535441544520554E4B4E4FA4
:1033D000574E2D002D4556454E5420554E4B4E4FC1
:1033E000574E2D004C6966656C696E650049444C0A
:1033F0004500546D72205376630000004C45442014
:103400006C69676874206D6F646500005365742093
:10341000746865204C4544204C69676874204D6F82
:1034200064652E00496E7665727420537769746303
:1034300068000000526576657273652074686520C7
:1034400064656661756C74204F4E2F4F4646205060
:103450006164646C65207377697463682E00000092
:1034600053656C65637420332D57617920547970EE
:1034700065000000436F6E6669677572652073743E
:10348000616E6461726420332D576179206F722000
:103490004164642D4F6E205377697463682E000079
:1034A000416C7465726E617465204578636C7573E8
:1034B000696F6E00416C7465726E61746976652027
:1034C00077617920746F20706572666F726D204528
:1034D00078636C7573696F6E2E0000004C45442054
:1034E0006C6967687420636F6C6F72005365742039
:1034F000746865204C4544204C6967687420436FAC
:103500006C6F722E000000004C4544206C696768A7
:103510007420696E74656E736974790053657420E4
:10352000746865204C4544204C6967687420496E76
:1035300074656E736974792E0000000047756964C4
:1035400065206C69676874206D6F646520696E74AE
:10355000656E736974790000536574207468652022
:103560004775696465206C69676874204D6F646590
:1035700020496E74656E736974792E0052656C61B2
:103580007920436F6E74726F6C0000004469736140
:10359000626C65206D616E75616C20636F6E747214
:1035A0006F6C2072656C61792E0000005265736546
:1035B0007420666163746F72790000005365742033
:1035C0003120746F20726573657420666163746F57
:1035D00072792064656661756C74000046575F45BA
:1035E00056454E545F5245515F4745545F524543DF
:1035F00045495645445F56414C49440046575F454E
:1036000056454E545F5245515F4745545F524543BE
:1036100045495645445F494E56414C4944000000D7
:1036200046575F4556454E545F5245515F5245508F
:103630004F52545F474F545F41434B0046575F45DD
:1036400056454E545F5245515F5245504F52545F5C
:103650004E4F5F41434B000046575F4556454E5421
:103660005F4D41585F524554524945535F52454161
:10367000434845440000000046575F4556454E54B8
:103680005F5245504F52545F524543454956454459
:103690005F56414C4944000046575F4556454E54DD
:1036A0005F5245504F52545F524543454956454439
:1036B0005F494E56414C49440000000046575F4563
:1036C00056454E545F5245504F52545F5245434504
:1036D000495645445F4241544348000046575F45C0
:1036E00056454E545F5245504F52545F52454345E4
:1036F000495645445F4C41535400000046575F45CE
:1037000056454E545F5245504F52545F52454345C3
:10371000495645445F4C4153545F494E56414C49CC
:103720004400000046575F4556454E545F44454CA3
:1037300041595F46575F494E5354414C4C0000007D
:1037400046575F4556454E545F53544152545F4669
:10375000575F494E5354414C4C00000046575F534D
:10376000544154455F49444C4500000046575F535F
:10377000544154455F5245414459000046575F53F8
:10378000544154455F41574149545F5245504F524F
:103790005400000046575F53544154455F41415720
:1037A0004149545F54494D454F555400C4300308B6
:1037B00002000000000A0000F5F800080300000005
:1037C0000000000061470108010000000001000046
:1037D0006147010800000000000B0000C54301081C
:1037E00000000000030B0000C543010800000000BA
:1037F00001020000014B010802000000010300006B
:10380000F5F800080000000002060000014B010866
:103810000200000002050000F5F8000802000000A8
:1038200002040000A9840108000000000207000053
:10383000014B01080200000002080000B5840108E5
:103840000000000002090000A98401080000000037
:103850000104100009000000E8380308000201021A
:103860000A026402650266020B006E026F007001BC
:103870000C01780279027A0102021402C802C9021C
:10388000CA021502D202D302D4011601DC02DD0203
:10389000DE0100005C3703086C3703087C3703083F
:1038A00094370308DC350308FC3503082036030889
:1038B0003C36030858360308783603089836030860
:1038C000BC360308DC360308FC360308243703083B
:1038D000403703080B0E0014FF0002011D0000001A
:1038E0001E00000016000000030004006400000039
:1038F000FC3303080C340308000000000300000040
:1039000001010000000000000000000000000000B5
:103910000400050065000000243403083434030863
:103920000000000001000000010100000000000094
:103930000000000000000000050013006600000009
:103940006034030874340308000000000100000024
:103950000101000000000000000000000000000065
:103960001300220067000000A0340308B4340308E9
:103970000000000001000000010100000000000044
:10398000000000000000000022002300680000008A
:10399000DC340308EC3403080100000008000000D8
:1039A0000101000005000000000000000000000010
:1039B0002300240069000000083503081C350308B3
:1039C00001000000070000000101000004000000E9
:1039D0000000000000000000240027006A00000032
:1039E0003C350308583503080100000007000000BB
:1039F00001010000040000000000000000000000C1
:103A0000270054006B0000007C3503088C35030848
:103A100000000000010000000101000000000000A3
:103A20000000000000000000540000006C000000D6
:103A3000AC350308BC35030800000000010000009D
:103A40000101000000000000000000000000000074
:103A5000546D725100000000141400001C2030400E
:103A60001C2000001C2030400005030401FAFE0267
:103A7000060A0D10131517191A1B1C1D1E00000035
:103A8000000000006400000000000000640000006E
:103A900000000000640064006400640064003C00F6
:103AA0000000000064006400640000006400640022
:103AB0001E00000032000000640050000A001400E4
:103AC000010201550AF000000000000000000000A3
:103AD0000201015514F00000000000000000000089
:103AE0000300025528F00000000000000000000064
:103AF00003030200285E0000000000000000000038
:103B000003040200285E0000000000000000000026
:103B1000550000000201005514F03A0000000000BA
:103B2000000000000201005514F0E6000000000053
:103B30000000000003030000085E6E0000000000AB
:103B40000000000003040000085E6E00000000009A
:103B500000000000505341004B455900D96900084E
:103B6000176A0008F17800089D6B0008A569000835
:103B700085790008D9790008297B0008957B000821
:103B80002D7A0008817A0008D57A0008017C0008A7
:103B9000717C0008279700088597000803000255EC
:103BA00018F00000000000000000000003000055B5
:103BB00008F0690000000000000000000B00000099
:103BC0000000000002020202C8000000C80000005D
:103BD000C8000000E8030000000000000000000032
:103BE00000000000030000000000000002020202CA
:103BF000C8000000C8000000C8000000E803000082
:103C0000000000000000000000000000F5B1010805
:103C1000000000000200000005000000030000009A
:103C20000A000000040000001E0000001000000058
:103C3000400000001100000001000000140000001E
:103C40002000000002020101020718010003000029
:103C5000358D0008CD750008AD760008058E00088A
:103C6000ED750008F3750008136900084198010814
:103C7000794C020855DB000809910008458C0008C2
:103C8000AD7F00087175000885750008F97500089A
:103C9000BDC6010801020506DFD30008ABD300084A
:103CA0007DD3000885660008C5D30008E1D300086D
:103CB0008566000885660008E17C0008FB7C00083A
:103CC000856600088566000837D4000851D40008CE
:103CD0006BD400088566000803D400081DD40008D2
:103CE00085660008856600080201010101010000E7
:103CF000000000000000CFFFA00000000000000056
:103D000001180706C47F002000000000333333335E
:103D100033333333333333333333333300012627F1
:103D2000282308220044656C6179656420504B5457
:103D30002054696D6572000073746172742072653D
:103D4000636569766500000073656E645F6669721D
:103D500073745F66726167006B6565702073656E72
:103D600064696E670000000073656E645F7375625E
:103D70007365715F667261670000000073656E6451
:103D80000000000070726F63657373206E657720AA
:103D90006672616D00000000646973636172642083
:103DA00074686520667261676D656E74000000005E
:103DB00073656E645F667261675F776169745F6384
:103DC0006D64000073656E6420667261675F776181
:103DD0006974000066696E645F6D697373696E670C
:103DE00000000000646973636172645F616C6C5F02
:103DF00072656365697665645F667261676D656E3D
:103E00007473000064726F705F667261676D656ED7
:103E1000740000006469736361726420616C6C20DB
:103E2000667261676D656E747300000070726F6317
:103E300065737320726563656976656400000000D0
:103E400073656E645F667261675F7265715F636DF3
:103E50006400000073656E645F667261675F636F24
:103E60006D706C6574655F636D6400007761697483
:103E70005F726573746172745F66726F6D5F66699D
:103E80007273740073656E645F6C6173745F6672E5
:103E90006167000073656E64206661696C757265A8
:103EA00020746F206170706C69636174696F6E005B
:103EB0007265706C795F667261675F726571000030
:103EC000776169740000000072656365697665005A
:103ED00000000000000000000000000000000001E1
:103EE0000C0D0E10121315191A1F20242504050697
:103EF00007090A0B0F111400000000000000010068
:103F0000383D030800170600483D03080018060066
:103F1000583D030806180600683D0308011806000E
:103F20007C3D0308081806007C3D030801010100E0
:103F3000843D030801150000983D030801020400B8
:103F4000B03D0308010B0400B03D0308060B04005C
:103F5000B03D0308080B0400B03D0308010D00004C
:103F6000983D0308010E0400C43D03080110000041
:103F7000983D0308010F0000983D03080405010067
:103F8000000000000406060000000000040708000E
:103F90000000000002050000000000000305010011
:103FA0000000000001080500D43D030800080000DF
:103FB000E43D0308010C0100043E03080112050062
:103FC000D43D0308080302000000000001220000A5
:103FD00000000000081608000000000008080000AB
:103FE000143E0308011601002C3E030806160100CA
:103FF0002C3E030805090300403E0308050A0000A3
:104000000000000005030200543E03080504000000
:1040100000000000061B06006C3E0308011B0600A2
:104020006C3E0308061C0700843E0308061D0700BB
:10403000843E03080705080000000000081E070072
:10404000843E030808200000943E0308081F000077
:104050000000000008210000000000000811060018
:10406000B03E030801110600B03E0308082200001C
:104070000000000006190600B03E0308061E0000FE
:10408000C03E030806200000C03E0308061A0800D0
:104090000000000006140100C83E030807140100D8
:1040A000C83E0308081B06000000000007240000AB
:1040B0000000000008140100C83E030801000201CE
:1040C00004020000000000000000000000000000EA
:1040D0009840980701020408100000000102050141
:1040E00001000E02060101000400070401000302A2
:1040F0000000010009021100040006000805040088
:104100000802031404000400001405000801090853
:104110000500080203140500040000140500060051
:104120000014080002020A0A080003020100080045
:104130000400001408000600001408000801001420
:104140000A000D02000A0A000C02000A0A00080216
:104150000B0A0A0005010C0E0A00040000140A00F4
:10416000060000140A00080100140E000A000D11D8
:104170000E00080204140E00040000140E000600D5
:1041800000140E00080100140E00050100140E00BA
:104190000F020E1211000C000C0E11000802041484
:1041A00011000400001411000600001411000801A1
:1041B000001411000501001411000A000014110080
:1041C00005020E1212000802041412000C020F0065
:1041D000120004000014120006000014120008016E
:1041E000001412000501001412000A00001412004D
:1041F0000502001412000C00001413000C02010050
:104200000000090200000000100200001400090272
:10421000010014000B02001314000700100014002A
:104220000A02010014000402001414000C0200141D
:1042300014000D02010014000E02001414001002FC
:1042400001000200FFFF0602FF000602FF0003015B
:10425000FF002300FFFF0300000013000000020026
:1042600001010300000001020402040080000000BC
:10427000696A0008A16A00089D6B00089D6B000830
:10428000D36A0008096B0008377900089D6B0008A5
:10429000436B00086B6B00089D6B00089D6B00086A
:1042A000D59000201E0026262626262626262626EF
:1042B0002626262626260088888888888888888852
:1042C00088888888888800555555555555555555C1
:1042D0005555555555550000505341004B45590013
:1042E000040503007410C033E0335C34003401086B
:1042F000090C000D0E0F0001020310040506071043
:1043000010101010101010101010101010101010AD
:104310001010101010100A0B00000000F43C0308ED
:10432000D846030801000000C0440308B84603084B
:1043300002000000B444030898460308030000008C
:10434000A844030878460308040000009C440308BE
:10435000584603080500000090440308F845030888
:104360000600000084440308184603080700000004
:1043700078440308B8450308080000006C440308AB
:1043800098450308090000006044030878450308C5
:104390000A00000054440308384603080B000000DC
:1043A00048440308D84503080C0000003C440308B7
:1043B000584503080D000000304403083845030841
:1043C0000E00000024440308184503080F000000F5
:1043D00018440308F844030802000000006A1800AB
:1043E00006030400000006030500000002020000AE
:1043F00000E0060800600000603A00200A000000AB
:104400006C07000000000000CC310308FAFE020631
:104410000A0D0423000000000300CFFFA0000000ED
:10442000000001000200CFFFA0000000000000001B
:104430000200CFFFA0000000000000000300CFFF3B
:1044400080000000000001000100CFFF881332004F
:10445000A00F01000100B9FF80000200C8000100A8
:104460000200CFFF80000000000000000200CFFF2C
:1044700080000000000000000000CFFF00000000EE
:10448000000000000000CFFF00000000000000005E
:104490000000CFFF00000000000000000000CFFF80
:1044A00000000000000000000000CFFF000000003E
:1044B000000000000000CFFF8000000000000000AE
:1044C0000000CFFF80000000000000000080FF7FA0
:1044D00006010080FF7F0C022000000035740208F6
:1044E00010000000AD73020800000001000001018F
:1044F0000001010120C001B800987F33801C9E3369
:10450000FFFFFFFFFFFFFFFFFF7FFF7FFF7FFF7FBB
:10451000030304041105000090DBD83380BBC233D1
:10452000A009C333801C9E33FF7FFF7FFF7FFF7F87
:10453000020100031004000090DBD83380BBC233BB
:10454000A009C33300987F33FF7FFF7FFF7FFF7F8A
:10455000020100030F04000000045C360016D6368A
:10456000FFFFFFFFFFFFFFFFFF7FFF7FFF7FFF7F5B
:10457000030304040E050000000D9936801525364E
:10458000A06325360016D636FF7FFF7FFF7FFF7FB3
:10459000020100030D040000000D99368015253638
:1045A000A063253600045C36FF7FFF7FFF7FFF7F1F
:1045B000020100030C04000080BBC23380BBC23385
:1045C000A009C333FFFFFFFFFF7FFF7FFF7FFF7F58
:1045D000020100040B000000A0D1E336A006F03673
:1045E00060630537FFFFFFFFFF7FFF7FFF7FFF7FD8
:1045F000020202040A020000000D9936000D9936ED
:10460000205B9936FFFFFFFFFF7FFF7FFF7FFF7F6C
:10461000020100040900000040E3CB3340E3CB3348
:104620006031CC33FFFFFFFFFF7FFF7FFF7FFF7F06
:104630000201000408000000A03BFC36609811371E
:1046400060373637FFFFFFFFFF7FFF7FFF7FFF7F72
:10465000020202040702000080E7913380E79133F1
:10466000A0359233FFFFFFFFFF7FFF7FFF7FFF7FBC
:104670000201000406000000C008D336C008D3368B
:10468000E056D336FFFFFFFFFF7FFF7FFF7FFF7FF7
:104690000201000404000000C008D336C072EB36EB
:1046A000E0C0EB36FFFFFFFFFF7FFF7FFF7FFF7F55
:1046B0000201000403000000000D99368015253624
:1046C000A0632536FFFFFFFFFF7FFF7FFF7FFF7F98
:1046D000020100040200000090DBD83380BBC2332B
:1046E000A009C333FFFFFFFFFF7FFF7FFF7FFF7F37
:1046F0000201000401000000000D993680152536E6
:10470000A0632536FFFFFFFFFF7FFF7FFF7FFF7F57
:104710000201000400000000FFFFFFFFFFFFFFFF9A
:10472000FFFFFFFFFFFFFFFF03040408080808085E
:104730006090A31AF26EEF03410821066310420A4B
:10474000A518630EE720941249A9B518AC39F722D1
:1047500051CA3929D55EAC39BDFB0F0000A801A8AC
:1047600002A8000000B801B802B800B0E07E03085B
:10477000587F0308107F0308287F0308407F030841
:10478000707F0308F87E0308B87F0308887F03085A
:10479000A07F0308030404080805000000000000CF
:1047A000000000000000000000000000C43B00000A
:1047B000C80000008C3C00000C000000703E0000AF
:1047C00000000000CC360000F80400009C3C000013
:1047D00004000000783E00000300000014320000D6
:1047E000B8040000983C000004000000703E000087
:1047F0000800000000000000143200007C3E0000B1
:10480000000000007C3E00003C0000006B36000011
:104810000000000000200880704710B50100002053
:104820008F4A14680122A240012904D0022909D12B
:10483000BA49097802E0B949097809091140914259
:1048400000D1012010BDFEB50C00864F797A4907D2
:10485000490F072901D1012500E00025824E31884A
:104860004022002D00D0802200901000084028D067
:10487000914301910C20002D04D10220FFF7CDFFC0
:104880000A30C0B2019A0321114389B2A44AFB78CD
:104890000C2B05D00D2B03D00F2B01D0102B02D1E8
:1048A0003B88DBB213601160090A11601060002DB3
:1048B00001D0307910600098007910600820B1496B
:1048C000086021000098FFF7A5FFFEBD80B5664A8D
:1048D0009279825C182A06D180200004AA4A1060CE
:1048E0000020088002BDFFF7AEFF02BD10B55E4A92
:1048F0009379C45C012C08D15B1C9371A348486078
:10490000DBB25B1C0B80002010BDFFF79CFF10BDCD
:1049100038B5554A9379C45CFF2C14D0514D2D887D
:10492000AC4201D0042032BD5479042C08D15B1C68
:10493000937197484860DBB25B1C0B80002032BD4E
:10494000FFF781FF32BD0020088032BDF0B5427A0A
:10495000904B0024904D2D68ED060ED5057A6D071D
:104960006D0F032D09D18D480078824201D00A20B5
:10497000F0BD80204005D86228E0057A81262E40CF
:10498000812E23D1664D4679360187793F09374319
:10499000FFB22F608679360107793F093743FFB2AE
:1049A0002F6006793601407900093043C0B2286093
:1049B0000F202860032028602A607F2028602C6058
:1049C000286008206F4A1060000418600C800020E6
:1049D000F0BD42791302F02212011A40807902439D
:1049E0009248824205D01F480088824201D00420AC
:1049F0007047A44848600A20088000207047A24AF7
:104A00009379C05C92785207520FD040C00701D40E
:104A10000420704700200880704770B5124A9379CF
:104A2000C05C104C2488641EE0260640A41B24B2FF
:104A3000002C08D4C006C00E55796D1C854202DBDF
:104A4000E510A84201D2042070BD54805819401CC2
:104A500090718E4A4A60C0B2401C0880002070BD30
:104A6000284000A8E03E0000703E0000F2B582B091
:104A700041680A02120C009208240F27120A0F251F
:104A80001540090E0191824E717A4907490F072995
:104A900003D1057A0C20092404E00220FFF7BDFEB3
:104AA0000A30C0B20199814201D20620FEBD76498A
:104AB0000D71009A0A80019A101A4871621C002038
:104AC000009B1F40012F1ED025D3032F0CD022D2D4
:104AD00033881B0601D10420FEBD8C716D49029BF9
:104AE000596002990A80FEBD2B480068C0060AD5AD
:104AF000280004D0307A854201D00A20FEBD8020F3
:104B00004005654B18608C716448029948600298B2
:104B100002800020FEBD02990880FEBDE93E000033
:104B2000E40000AA5E4AD368006800BA984201D047
:104B30000420704708201268520303D4594A4A607F
:104B4000088011E0584A106058480068E02252007E
:104B5000024080204000824202D15548072201E0F5
:104B6000544809220A804860002070474C4909686F
:104B7000C90302D54B49082201E04F490422416094
:104B8000028070474C2002A8441002A8CD320000D9
:104B9000ED3200001C1002A8480002A8E83E000008
:104BA00070B54478FF23384A8025D5710D88042DCF
:104BB0000AD1630878251D40D5712302F024240111
:104BC0001C4083781C43194B09884018401E057807
:104BD000334E3068C00213D4308AA04201D0A342C1
:104BE0000CD1B17C55290BD08D4209D0854207D01C
:104BF0000A2D05D04A2D03D0552D01D00C2070BDB3
:104C0000D079B075FCF79CFFB17DFE2800D107205C
:104C10000843B075B48229480068000AF0753577FA
:104C200080208003264908600B2070BDFF0F000024
:104C300080B50078552801D0542811D1214848600A
:104C40000120088019480068E022520002408020BC
:104C50004000824201D1042000E00320088002E0ED
:104C60000800FFF783FF002002BD80B50C490968EA
:104C7000890304D5144941600121018001BDFFF77A
:104C800075FF01BD4D330000703E0000FF33000092
:104C9000E03E00001B340000481002A81133000061
:104CA000D03E0000153200004C1002A84C4001A874
:104CB000D33300006D340000253500001CC000A86F
:104CC0001C1002A8A135000031360000703E000023
:104CD000CD2C0000E52C0000E52C0000E52C0000A8
:104CE000E52C0000E52C00000000000000000000A2
:104CF0000000000000000000E52C0000E52C000092
:104D0000E52C00001D310000E52C0000FB25000013
:104D10000B260000B32600002B270000B52700005B
:104D200049290000D5270000DD29000029280000BE
:104D300089280000FD280000412B00000D2C0000F8
:104D4000C92500005B2E000019220000792E00000A
:104D5000FD2E0000E52C0000F52F0000C12F000003
:104D6000E52C0000E52C000045300000E52C00009B
:104D7000E52C0000E52C0000E52C0000E52C0000EF
:104D8000E52C00001D130000131300005648806836
:104D9000000200D4704780B580208002534908602B
:104DA000CF2000F0C9FA102051490968014003D012
:104DB000B849C8630220086001BDF8B54D48816B51
:104DC0004D4F802292033A604C4E336840241D05BB
:104DD0000BD41C402AD0012003F085F8002825D0F0
:104DE0008020C0058E49086020E0130BA0250D40EF
:104DF00002D10068C00601D53B6017E00A403FD1F0
:104E00008020884A1060884A1060194038D0364D9A
:104E1000287A400705D501208449086000028449AA
:104E200008602878002801D0062801DB0020F2BDA8
:104E300000F094FB716889684E682978052907D1CC
:104E4000E105B9606E60B668CC218901784A1160CD
:104E500000F08DFB012E00DA0226BC2080058E4971
:104E60000860942080058D4908606E480021C94380
:104E70000164714241648021894A11600460D5E770
:104E8000A3480360FFF782FF0120F2BD18480168C4
:104E9000890504D5C06E0004000F022801D000204F
:104EA00070470120704738B580245E48046000F0E8
:104EB00055FB05009748006800F0C2F9280000F093
:104EC00056FBFFF763FF0848007A000705D5A000EE
:104ED0000949086000F022FC31BD60038C4908607C
:104EE0008D48046031BD00007C3E00001C1002A80B
:104EF000440002A80C0002A8442002A8D03E0000F2
:104F0000FEB50400854D8C20800168600126844830
:104F10000660FFF7BBFF002826D0824800780028F3
:104F20007DD031020194052802D022460A4076D174
:104F3000CC2292012A607C4A126881231B02134012
:104F400001D0032301E053075B0F0C01022804D1B9
:104F5000022B62D3364804605CE04D01032804D183
:104F6000022B5AD932480560F7BD042802D11140FE
:104F700053D0F7BD052850D1019800284DD0C00569
:104F8000C10F684641700198C004C10F68460170A6
:104F900000F0E4FA029063484068694649780029C5
:104FA00003D006688021204A1160670495496A464B
:104FB0001278002A0CD0C2680B68D21A924B1B6878
:104FC0003B4001D0066800E04668964200DD1600CE
:104FD000684640786A461278024308D00868424220
:104FE000B01E824202DA7042886000E00026029819
:104FF00000F0BDFA0198800501D598480760019836
:10500000054001D096480760002E06D0CC208001D4
:1050100007490860B6480460F7BDFFF744FFF7BDD5
:105020004C6201A80CC001A890E001A8C4D000A85F
:10503000145001A838B580248A48046001203849FA
:105040000860384D2878052802D06000A94908601A
:10505000FFF71CFF002812D02E480068000A8021AC
:105060004140A868000EC9B2814208D22E480068AB
:105070004007400F022802D2FFF715FF31BD9E48BE
:105080000168C0220A4002D1C06F204001D004480C
:10509000046031BD082002A808E001A808D001A8DA
:1050A00094D001A80A0000D1704780B5182251435E
:1050B00040180C304069002803D08021090300F01B
:1050C000DDF901BD38B500F049FA04008B480568E8
:1050D000A86881782800FFF7E5FF6888012101436F
:1050E000698002208649086086490860200000F037
:1050F0003EFA31BD10B500F031FA04007F48006877
:105100008168C978FFF7CEFF200000F030FA10BDAB
:10511000441002A818C000A8100002A8106001A83E
:10512000C4E000A87C3E0000184001A8F1B582B0A0
:105130000F00A020384003D173480068C00603D593
:1051400080208000714959E000F008FA00906B4817
:105150000468F80204D5A0680069029000F07CFBA6
:1051600000F0D5FB80210903606800F087F92678FC
:105170000020761C6178B14200D2002618217143CC
:1051800065180C3529780829F3DA2670A56060497E
:105190002A780A70BA0507D5584800688068C06840
:1051A000FA0201D4032290438860012738400DD1D0
:1051B00058480299426B89180068081A56494018E5
:1051C000012803DB00F09CFC01F01DF8F90468697C
:1051D00000F054F93C2000F0AFF8F0B200F0ACF869
:1051E00060884E4901406180009800F0C0F93805A0
:1051F000464908604A48076038024A4908600298F0
:10520000FEBD000048C001A84C0002A810B54648E9
:105210000068800501D4FE2010BDC02080034349F2
:10522000086000F09BF9354909688A78D20702D5F1
:1052300089688C7800E00C7800F099F9200010BDA6
:105240002E4909688A688B78DB0704D59278182381
:105250005A438A180C329060704700004C1002A824
:105260004C2002A894E001A8F1B582B0304F3C6810
:105270000026200F000702D1E00102902AE000F092
:10528000C2FF00F06BF9019080210903606800F013
:10529000F5F825786D1C6078A84200D20025E8005A
:1052A00020180C30009000680290802109030098BB
:1052B000406800F0E3F83D2000F03EF8E8B200F06E
:1052C0003BF825700098A060019800F050F902A802
:1052D00001F035F817480068800407D5F86901F037
:1052E000A4FC02990818029000D502960298FEBD0F
:1052F000B03E0000146001A814C001A8D43E000014
:10530000284000A8448001A80C0002A8442002A85C
:105310007C3E00009C3F00000010FFFFFEFF0000ED
:10532000C0E000A8106001A8440002A8441002A830
:10533000D83E0000FC0302A845490968002901D5B0
:10534000444908607047F2B582B0434CA168434DB0
:105350004A004ED50126090100D521260100404A08
:105360001068526800922A689206920E23689B0089
:1053700080273B4013437A001A430192394F0A00B9
:1053800026D0890601D5012008E0F021014007D18F
:105390006946097A0C220A4002D0022000F042F845
:1053A000396EBC22920091420DD12F490968C90380
:1053B00009D52168490306D52168090701D40221CE
:1053C00000E0032100914836019A3968890002E023
:1053D000019AB96B09094023194011439A00009BB7
:1053E000002B02D013432B660836296602432A6637
:1053F0002E66E86D45076D0F00F09AF8A8070BD0F0
:10540000052D09D0A068000406D400F0A7F80221F9
:10541000164A116000F0ABF800F093F8002000F09D
:1054200001F8F7BD0E490A68F0239A4300011043C2
:105430000860C0B270478020C0020D490968890722
:1054400001D10C4900E00C490860704700000000E1
:10545000500002A8884000A8480002A8284000A8E0
:10546000783F0000184001A8D03E000024D503502A
:10547000844000A8486000A8485000A880B5494A68
:10548000116001F0FDFBFFF7D6FF01BD70B500F024
:1054900065F8454A454BD1688C0819002140D12454
:1054A0006400D52901D2D52102E0A14200D9210012
:1054B0000D0046352D041E042E400D00463D2B40A8
:1054C00033431360C0221206394B1A60394A137CE9
:1054D000002B0AD0384BD52902D98025ED051D6057
:1054E000A14202D2802424061C600023334C236096
:1054F0005388002B00D1118000F039F870BD80B5C1
:105500002F48304908603048C1680902090A192249
:105510005143416005210160FFF7B8FF01BD2A48F2
:105520000068C00300D4704780B5FFF7AFFF01BD2E
:105530008020C0021B490860244800684007FBD453
:1055400070478020C00222490860704701E021496D
:105550000860214909680140F9D170471F48006877
:1055600020211F4A116010211E4A1160704730210E
:10557000014002D110201A4908607047174800689E
:1055800030210140102901D10120704700207047CF
:10559000154801210160C16070470120134908606E
:1055A00070470000441002A87C400050FF0100003A
:1055B000A0600050843F0000A450005018E000E0BC
:1055C0007F1A0601540002A810E000E0440002A87F
:1055D000442002A8282002A8280002A8600002A8EF
:1055E000602002A8601002A8789001A884A001A8F9
:1055F000F8B54C4880214902C16102214A4A5160F4
:1056000000214A4A11604A4A11800321464A11602A
:1056100002210160002047490860202046490860B7
:10562000802046490860CC2080014549086001245B
:10563000444804603D48806F00900F26070B3740B8
:1056400041480068C505ED0D103DC0202843C0B29B
:10565000FFF772FE35480069800303D5092F01D09A
:1056600001F060F9009806400096384806680098F6
:10567000032803D0022806D1032F32D000F0B0FA5D
:105680000098032803D0062F2BD1062D29D03048AF
:105690000068C00B204001D001F024FCFC208001F8
:1056A0000068000108D5052D06D1012529480460B0
:1056B0006005FFF74BFF00E000253100380000F0E7
:1056C000E9FA0600002D06D000F098FC224804609C
:1056D00002202249086060051F4948658009204969
:1056E0000860114821040162002F08D102214160A5
:1056F00000200E490861C020C000114948643000F4
:10570000F2BD80B5FFF714FF16480078800602D47A
:10571000022015490860FFF714FF01BD022013495C
:10572000086070472C1002A8282002A8380002A8A0
:10573000B43E0000B03E000094E001A80CC001A8F7
:10574000146001A8C4E000A804ED00E0B44000A883
:1057500000E200E0645000A8646000A82C4000A8AB
:1057600080E200E0D03E0000081002A8082002A855
:1057700070B5794C794D80267601794800683040C3
:1057800005D06660062001F07BFC6E6004E06E6070
:10579000062001F075FC66603D20A0607021296044
:1057A0000F222A602160A86070BDF8B56C4C80257E
:1057B000ED028D4E6F097068384002D16068800537
:1057C00029D58A480068C00405D4FFF7C7FE884978
:1057D0000D60FFF7CCFE70688649014090204001C3
:1057E00008437060844885490860002060607068E4
:1057F000384002D1F02080006060706807402AD0F5
:105800007A480068C00726D57D480078800722D4F2
:1058100001F03EFC1DE03068C0071CD5AE0973489E
:105820000068304005D1FFF799FE71490D60FFF720
:105830009EFE7448FF21FE314160F12149026F4A0A
:10584000116021680E4001D0822100E0C32149028D
:105850000160FFF78DFFF1BD80B568480121624A04
:1058600012680A4006D0684A1268920501D4CA023A
:1058700002608160C02141605C480068C00407D4B8
:10588000FFF76CFE8021C902BB4A1160FFF76FFE73
:1058900001BDF8B5554804685C4D802702263442A6
:1058A0000AD092480068E021C900014004D02F606E
:1058B0000420686101206861FFF750FED021C90310
:1058C000214007D18A490968314003D18949012221
:1058D0004A600E60210507D52F6004216961C24925
:1058E0000D220A600F220A60FFF741FEF1BD80B56C
:1058F000FFF734FE0121804A1160804A02231360C1
:1059000051600021B94A1160FFF731FE01BD904896
:105910000068C007FBD4B6480421416180210160C2
:1059200070478C4908680122104200D1704710B5B9
:10593000E023DB000340FF24A41CA34207D3AD4BAC
:105940009C6BA40602D41B68DB0600D548680240A5
:1059500001D000F001F910BDA82102A8A81102A8E9
:10596000AC0102A8F8B5C821844A11600621844A16
:10597000116080214903834A1160834C89092160A9
:1059800082490A684B691C251D40102D01D1012355
:1059900000E0002305000720824313430B602868C2
:1059A0008E490F68874200D30700C01B2860012181
:1059B000280000F08AFB06002868C0192860FFF75D
:1059C00068FF8D480168C90603D584208000E06126
:1059D00007E0954908220068104001D00A6000E005
:1059E0004A603000F2BD0000EC0002A8500002A89E
:1059F0003850005AFFE3FFFF00FEFFFFAC2102A872
:105A0000843E0000AC1102A8B00102A8841102A8D3
:105A1000F1B58648864908608020C0018549086044
:105A2000854C0827A7650420A065012583480560EB
:105A30001D20A062824EE930B061072001F020FBFA
:105A40000220A06210216C4A13680B4003D0220090
:105A50007C4B23600AE00D2312683A4003D03200E9
:105A60001032A56502E032001432A0651360764A58
:105A70001268002A00D4B761744A3260C022D20092
:105A8000734B1B68F824E4011C4001D1F26201E071
:105A90006A4B5A616F4A12682A4007D075666E4990
:105AA0000968890503D48102F16500E071636149E9
:105AB0000A6C2A4008D0496BC90705D467490968B0
:105AC000084001D101F01CFB0020C043644908607C
:105AD000584C606B054001D1FFF7DBFE009801F0E8
:105AE000BDFA606B8001FCD4F1BD0000980102A8F2
:105AF00000400C5000500C50982102A800600C503F
:105B0000F8B54C4F786BC00701D4FFF7F0FE4B4C53
:105B1000B72040002060534D03262E634B48A866F3
:105B20000020E061504908600D20334909680907E9
:105B300001D5A86700E0E867FFF78EFE1020E0615E
:105B40002E600C202863802000023860F1BD000028
:105B50009C0102A8883F0000F0210901434A11601E
:105B600001404348016020204249086042490968D9
:105B700008404249086070473860005A548001A8C4
:105B80000C9001A8982002A8A41002A8740102A8F1
:105B900080B53B483B4982680A4002D1C268114047
:105BA00001D02249016026480821374A13680B407A
:105BB00000D081611178C90602D5862109010160F2
:105BC000FFF7AFFE1420FE2189010860BA48016882
:105BD000490701D0FF21416101BD00009C3F000049
:105BE000124813490860704700100C5000000C5018
:105BF000842102A80C0002A8FC0302A82348006824
:105C000023490968890F89070CD0AC490968C9077D
:105C100008D5AB49802292030A60B64B1A60104047
:105C200000D00A6070470000601102A80120000047
:105C3000706201A8100002A8C01002A8682102A882
:105C4000501102A8FF03000028C000A8043E000075
:105C5000A88001A8EC0002A8B00102A8843E0000C0
:105C6000B46000A8E82002A8C00002A8586001A8FB
:105C7000585001A8482002A8184001A8481002A8BE
:105C8000704201A800800080F84F00004C4001A83D
:105C90004C4201A8F0B587B005000C00964800689A
:105CA000400102D520004024044394480068059038
:105CB0009348C66AFFF752FC0690B00503D5914899
:105CC0000068FFF7BDFA0020019001237006C00FA5
:105CD00002908D4A916800209060B82040008B4E61
:105CE00030606608B82030401278F0261640402E0A
:105CF00002D10200402010430D2D02D10A000421E0
:105D000011434A0704D50200142010431022944383
:105D10007F4A12686D462B70D20506D5802252004C
:105D20007C4B1A60020001201043029A002A11D114
:105D30000C220240082A0DD00200714B9B6BDD063D
:105D400001D41025AA439B0601D420239A43B123F2
:105D500013404FD06A461278002A4ED0A54A956B60
:105D6000966D01236D076D0FAD1DAB40F504ED0C75
:105D70005B1B9BB2082B09D280200623604D2B6051
:105D800043029D4D2B6000236D462B708123034001
:105D900036D00823029D002D00D113620D0008218A
:105DA000294310239C4304231D05984E3560DD04D0
:105DB000434E35606D462D78002D1ED0062B24D322
:105DC0004D4DEE6CF60620D5914E3668360E019696
:105DD0006D69ADB28E4EF66B360603D02E0080256F
:105DE0006D01354315612D121561494A1268D505BB
:105DF00092D40AE008227F4B1A620491009031E0AD
:105E000030A34506ED0E5B5DD4E7049100903C485D
:105E1000026B7F490968774D2E686F463E812826C0
:105E200016401E43930CDB0133431600120E324022
:105E3000102632401A43890040231940114302AA18
:105E40009170406B000A02A9C870FFF7DFF902A940
:105E50000871019848716F480068C8800298E86628
:105E60000398E8660698FFF782FB600602D50820D3
:105E7000664988600498C1B20098C0B2FFF763FA1F
:105E8000FFF7BCFEBC20800061490A6E824207D148
:105E9000059AD20301D4086E0BE05F4A5F4B1A608B
:105EA000096E814205D10598C00302D55C4800689F
:105EB0008047200007B0F0BD0C4000A8384301A87F
:105EC0004C5001A803010706030107060501060659
:105ED0000501060603020706030207060502060679
:105EE00005020606081A03D24E4909684018401CEC
:105EF000704700004C6001A8084000A8D03E000098
:105F0000180002A81CC000A8783F0000B46000A8D8
:105F10001C0100AA1C2100AAF8B5434E0F2401253C
:105F200042491027B06B38401BD001200870404810
:105F3000006840490968FFF7D5FF3F4909684018E4
:105F400001284BDB01F09EF93C490968090B0C4024
:105F5000022C41D1A9053A4A11603A490F643560D3
:105F60003AE0306CC0001ED537480068E021890552
:105F7000014033D0314D286821030140780281422D
:105F80002CD1FFF7EBFA314A31490968C90502D52E
:105F90003049096811602968090B21400229F3D0B2
:105FA000FFF7E5FAF1BD2C4E3068002816D00D70D1
:105FB00001F054F8002811D101F064F91F49096873
:105FC000090B0C40022C07D129041D4A1160022143
:105FD0001C4A11600021316001F058F9F1BD8020A8
:105FE00080041E4908607047802040041B490860F7
:105FF00070470000540000AA141100AA1848016854
:10600000490701D0FF21416170470000441002A8F8
:10601000184001A8448001A808000400482002A8F4
:106020008C3C000038C001A8100002A8B63E000059
:106030001CC101A820C001A8F03E0000B00002A8C9
:106040001C1002A8082002A84C4001A8800000AA49
:10605000084000A8904000A89C3E00003C2002A8F8
:106060000C4000A8F0B58020000208217B4A116096
:106070000A227B4B01210124944004438AA5AD5C94
:1060800025431D60F025774E3560744D89A6B65CBA
:10609000022737432F6004262E60734D2D680D4074
:1060A00001D00220F0BD1D6C2D03FCD41D6C5E6C74
:1060B0006D036D0BAE4200D22000521EDBD50822CC
:1060C000684C226018600020F0BDF3B581B0060076
:1060D000FFF70DFC6548006800906548006863495B
:1060E0000860644D3068296847180024012F12DBCE
:1060F00000F04FFDC001381A01280CDBFFF707FC48
:1061000000F081F830682968401800F0A7FF05000A
:1061100001D0346072E0584F8026B6003E60574888
:10612000006F07282CD005210840052806D05348C9
:1061300001670C2000F0A4FF05005FD1504DFF2047
:106140007A3068620420A862FFF7E1FB0220286031
:10615000E020C0044B494860300478600220386079
:10616000012000F08DFF6E62022000F089FF7000B8
:1061700068620820A862022000F082FF0220A86264
:106180006846007A002805D03C480068C00701D561
:10619000FFF70BFB3C4EE02040003060042000F095
:1061A0006FFF050024D10220364908608002B062EA
:1061B000C001B062354F102038600120F0654026E4
:1061C00033480068304003D1FFF74CFF05000FD182
:1061D00001203860FC67022000F052FF2D4C266041
:1061E000B0002060022000F04BFF8120C002A062BE
:1061F00027480068800101D4FFF791F900981B49F6
:1062000008602800FEBD70B5FFF771FBFFF77FFB4C
:1062100002241E480460204E0820B062C001706253
:10622000012000F02DFF2502756234600620B06267
:106230001A487062E020400016490860114E346030
:10624000FFF776F916480078002800D00520154998
:106250000860FFF776F9356070BD0000889001A8EE
:106260004C8001A888A001A8140002A8780102A807
:10627000F80302A8D03F0000981002A8EC0002A882
:106280005C1102A8982002A82C9001A80C8001A8FB
:10629000500002A82CA001A85C2102A8F96100000E
:1062A000703F00005C0102A8000000010102020230
:1062B000080810005050504040303030302020004E
:1062C000F8B504000F00444DA878FF2801D12E88AE
:1062D0000FE042480068800108D4FFF73FF94049C9
:1062E00009684905CE0DFFF742F901E03D480688EF
:1062F0002E80E92E01D2E92604E0CC20400086421F
:1063000000D9060020003978814200DA0800012116
:106310007A56010051430222BA5E89184143042093
:10632000385E08183049711848438015001901D5A6
:106330000020F2BDE978814200DA0800F2BD38B5EC
:106340000400102029490860FFF7E1FAC020C000CE
:1063500027490968F822D2010A4001D1254900E005
:10636000254908602548C82181640A210160244824
:106370008021490301608909C1602248016842699E
:10638000E0231340802B01D1012200E000220723EB
:1063900099430A4302601C480068C821C901451896
:1063A0002068854200D30500401B206000212000AA
:1063B000FFF78BFE21684919216032BD8020000162
:1063C0001249086000031249086002201149086060
:1063D0001149086070470000F83F0000500002A813
:1063E00088400050843F0000D6FEFFFF984101A87E
:1063F000AC8001A87C1102A87C2102A80C8001A815
:10640000981002A8740102A8983F0000441002A846
:10641000442002A8F41302A8685000A8F1B584B083
:10642000BD4800680190BD48C068C821C901401836
:106430000499884204D2081A00F010FE002803D103
:106440000124C94D6868204000D0BAE10420C74942
:10645000C8628003C6498862C6480668A86B800780
:10646000800F00906704032803D01020BF49C86242
:1064700022E008468762E96B890601D5012041E0E8
:10648000310610D5E96B89070DD4CF4905220A6082
:10649000EA6B10231A40022313430B6000220A60A8
:1064A000AA6B120A0A600421C162E86B002803D5B6
:1064B000AE48876200200090A86B400704D5A86B07
:1064C000C0002102084003E094480068204201D047
:1064D000FFF742FB264009D0BC48009989014018CB
:1064E000006AC004C00C401EB9490860C02080008A
:1064F000B849486500990902B74A1160B54B9865DB
:1065000051600020296C942292050A40160000D0A8
:1065100001263043000635D096483021405CC0212A
:106520000140402902D1FFF7ECF801E0FFF7F6F84F
:1065300020202860360600D143E1B54FA74EA86B56
:1065400040070CD5A0038A498862400287498862C7
:1065500034600220386000F03BFA00280BD00420A1
:106560008249C86240028249886200037F4988628A
:106570000220306038607F480078000600D420E1B7
:10658000E0041CE16868204000D01AE17848C76246
:10659000FEF7CEFF8E48406E296C090408D4C00671
:1065A00006D5FEF7DBFF02219A4A1160FEF7DFFFF6
:1065B000FEF7C7FF20032860974EC0200006306317
:1065C000200496490860A86B4007C10F6846017017
:1065D000FEF7C4FF92490C60FEF7C9FF914F924845
:1065E000B861686B000206D59048801C0068E10520
:1065F0005E4A916201E04948806C296CC90208D565
:10660000202806D976A1019A520700D4891DFFF7E8
:1066100057FE0100854A1070002809D041091F2249
:106620001040062904D940002043202800D31F2011
:106630004A01024348021043306001217C48C26F86
:106640007C4B1343C36774668022F2620822734B4B
:106650001A66019AD20603D5AA6B920603D403E008
:10666000019A120700D40021AB4A3A60FC223A6139
:1066700000290BD039003C310291284A116DD36CAE
:10668000664DEB66526E2B46DA6709E03900403101
:106690000291224B996D614A5D6DD5669B6ED36701
:1066A0000268FF239A4311430160A020C0003063B9
:1066B000052000F0E5FC04250198284001D0802049
:1066C00000E040200299086002203063062000F0BC
:1066D000D7FC08203063052000F0D2FC3463200290
:1066E000B864042000F0CCFC64027460022000F066
:1066F000C7FC842080003063022000F0C1FCFC61F4
:10670000062000F0BDFC02988449401801990D4014
:1067100006D0202105E000BFFC0302A88C3F00004A
:1067200010210160062000F0ABFCB4640020C043DF
:106730002849086000F02DFA7949401DC001CA6857
:1067400086189E4F60017C6F04409D4A10609D4DED
:106750000498864211D2C968401A00F07FFC0028D4
:106760000AD02C602DE000BF100002A81C2002A857
:106770001C1002A8D03E0000049E012000F080FC06
:106780008020400025490860300000F067FC8E4EF4
:1067900068460078002805D13868706280200004BF
:1067A0008A4908602C6068460078002809D00120DA
:1067B00000F066FC3078000603D5802000039B497A
:1067C000086005B0F0BD00BFE40000AA0C0000AAFC
:1067D000204000A8B46000A8085100A8F41302A843
:1067E000C0350C109E8DAF1B3813460D80B5FEF7DB
:1067F000B5FE8F4900220A600A22CA61FEF7B7FE81
:106800008C488321090401608B49416001BD00006F
:10681000685000A824E503503C1102A8B81002A853
:1068200000500C50242102A8FF0E0000FA3F000087
:10683000280102A8FF3FFF3F8048806B800300D4FF
:106840007047F8B57E4804687E4D0826E00629D5D5
:106850007A48806B800627D42800483000900120B9
:1068600000F00EFC002778480760784806607848FA
:106870000068C00403D4774800683040FBD0022091
:1068800000F0FEFB842080006865022000F0F8FB29
:10689000700171490860042000F0F2FB600706D522
:1068A000202005E03442D7D128004C30D6E7102014
:1068B00000990860FEF752FE0121684A1160FEF758
:1068C00056FE0220686500F0DBFB09206865C020E9
:1068D00000066865022000F0D3FB00980F494018BD
:1068E000610701D5802100E040210160A020C000A7
:1068F0006865082000F0C4FBB001E8662E60E02067
:106900002865574807604760B0024C49086000019D
:1069100054490860F1BD00003F3F000000F0FFFF58
:106920008C3F0000F8B5504800680D27074004244C
:10693000002F00D104274D480225102608214C4A7B
:106940004C4B1B682340126818D04260394005D078
:106950000220FEF767FD6003474908603C4007D00E
:1069600046480068064345480660280342490860D7
:106970000120434908604348056018E0026039403F
:1069800005D00220FEF74EFDA0023B4908603C40C6
:1069900006D03A4801680E4306606802364908602E
:1069A0003748056037480560A8062E490860FFF79C
:1069B00043FF00210020FEF7C6FCF1BD20C001A866
:1069C00094E001A894D001A8D03E00001C1002A8B9
:1069D00010B580202C490A6802400AD02B4B1A6857
:1069E0000624144005D15C6E294A22401B6D9C018F
:1069F00001D5002010BD096808400DD0254882420D
:106A000003D1180501D5012010BD23480068C10736
:106A1000C90F481E8041C00F10BD204803210164EA
:106A2000A821C16310210160704700001C2002A84A
:106A3000D80000AA442002A804000080100002A888
:106A4000FC0302A8182102A8B80002A8106001A83F
:106A5000D84001A8104001A86C1102A800600C5099
:106A6000A00102A8482002A8B44000A8F83E0000F7
:106A70001CC101A8480002A8441002A8783F0000E9
:106A8000F41302A8685000A8440002A814C001A88A
:106A90001F1F0000010C000030C101A8082002A83F
:106AA0006C4800680121084209D16B4A12686B4B9F
:106AB000000C1840F03291400B40984201D0022067
:106AC000704700207047F8B507000F386A461080FD
:106AD000604CE0680A0004D16B461B8882B29A427F
:106AE0003AD200226B461A80012502263A0013D0C2
:106AF0002268324007D000292ED059480088401C17
:106B00005749088000203900216156490E6080B243
:106B1000B84201D369460D805348456000E030BF5C
:106B20002068304003D1FFF7BBFF0028F7D04D4865
:106B30004560390010D02168314005D048490A88A5
:106B40006B461B88D2180A80066000202061E0682E
:106B5000B84201D244480660FFF7A2FFF2BD38B543
:106B6000050000F08FFB0400012199204543A8098E
:106B70003E4A12688018123880B2FFF7A4FF050061
:106B80008020C0013A490860200000F07FFB280007
:106B900032BD334803883549096802889342F9D1E8
:106BA000100408187047FEB51238070C69460880B3
:106BB00000F068FB0190274C294D2888B8421ADA6A
:106BC00001202C490860274E30BF02202168014077
:106BD00006D030604003264908602888401C288081
:106BE000FFF75EFF002802D12988B942ECDB0121C2
:106BF000716000280DD12888B8420AD1E068694642
:106C00000988884205D2002168460088FFF75BFFAB
:106C100001E0FFF745FF04008020C001144908602F
:106C2000019800F033FB2000FEBD10B512490A6840
:106C30000E4B1B680C689442FAD0DB014033141AE7
:106C400002D288692418641C0C4800684443181B4D
:106C500010BD0000280002A804ED00E0FF3F000086
:106C6000B43E0000282002A8281002A8340002A880
:106C700080E200E02C1002A820C001A8A83F00007C
:106C8000F0B502E00A601C602E607EC84F1C07D081
:106C90005F1C04D06F1CF5D10A601C60F0BD0A6057
:106CA000F0BD000080B5FEF7BDFB01208249086001
:106CB00001BD38B581490C68082581490D60FFF791
:106CC000F1FF2C4001D07F48056031BD80B5EB203D
:106CD00000F001F801BD30B5FE2189010B681840B4
:106CE0001022134210D0784B784C2468224008D0F0
:106CF000774A14682402FF252D0225401D630024D5
:106D00001460802252031A60086030BDF3B50100A0
:106D100016001C00002500956E48019A33000027DC
:106D20000BE0BC464F5D4743AE009E597E40575D29
:106D300047433740664637436D1CA542F1D33909B6
:106D400039438A080A43510811430840C1090143E5
:106D50000F208A0B0A4302405040F6BDF1B582B0C5
:106D60000E0000205A4908605B4DEF7AA87A019026
:106D70000F21394000910ED00B46584A58490298CD
:106D8000FFF7C4FF01990140514801609948414310
:106D90009948084001D1012400E04401380915D088
:106DA00032003B0929000298009E6D7A751940193E
:106DB000FFF7ACFF019909110140454802680B013A
:106DC00013430360002901D0480044438B48006806
:106DD000204001D10420FEBD0020FEBD80B50A0088
:106DE00000211180864952888018FFF7B7FF02BD45
:106DF000F0B50F22834B5C7905780F202040C54009
:106E00002009284001259C79C4402C4001D1032051
:106E1000F0BD2E4C2468254008D07B4D9E6847006D
:106E2000F65B761E2E608026B601EE60DD78DE7998
:106E3000C640F00711D5E0060FD5002D0DD07348E0
:106E400048600888488008881C7800192A40801803
:106E50005A7880182A09801800E000200880002055
:106E6000F0BD80B56A4801686A4A0820014200D036
:106E70009061C90602D58621090111606649674AF9
:106E80001368034005D0664B1B689B0F9B0700D01F
:106E900008600E480078C023034002D180204005DE
:106EA000086010682022104008605E480068C00139
:106EB00001D4FFF70BFF01BD2C4000A84C4000A8F7
:106EC0004C6000A84C5000A81C1002A8D03E000046
:106ED000A03E000001010101503F0000083F0000FA
:106EE000483F0000F8B5504B586F9E6F06404F4822
:106EF00030404F4908604F4F0220002101223404E6
:106F00001FD500923C7E002C07D13C695C60FC6878
:106F10007D6964191C603A7606E0FC685C603C6937
:106F20007D6964191C6039767B7E002B00D000914E
:106F30007976009B002B04D004233F4C23603F4B09
:106F4000186004053E4DF3022BD53B681F0605D59E
:106F50003C490968A9602A70A88016E0134203D052
:106F60003948A860AA8010E0D80610D52748A86044
:106F7000364A907803071B0F12789A1800091018E8
:106F8000A880E980A888002809D0264309E058068F
:106F900004D5281D2E4909688847F3E7A980FFF723
:106FA00095FE264024D0224E74603460294FA88874
:106FB00000280BD03968814208D3291D2648AA68C9
:106FC00090470100F3D0FFF76DFEF1BD01000CD03A
:106FD000FC218902F161194902038A6634600C655B
:106FE0003A68824204D3CC64F1BDEB20FFF773FE14
:106FF000F1BD00001111000021840000043F0000D9
:10700000283F0000583F0000204000A81121000048
:10701000F84F0000502102A8481002A8184001A80B
:107020004C4201A8D04000A8404000A8FFFFDFFF6D
:10703000B46000A8D03E0000F41302A8685000A875
:10704000A43E00009C3C000025210000593F0000A8
:10705000983C0000D44000A8D84000A810B5C4094E
:10706000FFF797FD201A312806DAC000183801D43E
:10707000C01EFDD5002010BD2000FFF794FD10BDFF
:10708000C32148436F3801D41E38FDD50020704716
:1070900052480121017052490A6842604968816082
:1070A0005049E02252010A60802292004E4B1A6041
:1070B000FD224A604D49096801614D494D4A116000
:1070C0008121C9004C4A11604C490968C160072000
:1070D0004B49086002204B49086070473F480178DF
:1070E00000290CD00169414A116000210170C1687A
:1070F000424A11603A4982684A60406808607047B5
:10710000FEB5C020C00440490860404C404860655E
:107110004048A0651020FFF7B3FF00285CD1FF2096
:1071200000053D4908603D483D4908603D482060F4
:1071300080256D03384805603B4807680820FFF745
:107140009FFF002848D10826384806600120FFF735
:1071500097FF3548806801903548066035482060C3
:107160002D4805600820FFF78BFF002834D12F48F9
:1071700006600120FFF784FF2B4DA86800902C4883
:1071800006602D4820600199009800F05FF8000427
:10719000FC26B60306400198C10B0098C00B00F016
:1071A00055F80106FC208005084030432349020CB5
:1071B0004A40FF239B1CD2181140014321602F60DD
:1071C00080200003144908601D481E4901601E49C3
:1071D0004160FFF783FF0020FEBD0000883E0000F5
:1071E000AC0102A8AC1102A8B02102A8F00002A8CC
:1071F000083E0000F02002A8F01002A8704001A88C
:10720000706001A8705001A820E000A84C0102A8FD
:1072100057140000FF3FFF3FB42002A80000380EC3
:10722000B41002A810103030104101A8105101A86C
:10723000106101A830301010202020203F3F0000B6
:10724000A02102A8F703F000FF3F000010B5490499
:10725000CA104004C310991A00209A18D30F9A1824
:10726000521052188B115B0E5B18DB11D2182023C1
:10727000541A01D422001843CC0F611849105B083E
:10728000F6D110BDEFF3108072B67047002800D120
:1072900062B6704780B5FEF7ABF9A54800680003F9
:1072A0000CD4FEF79DFCFFF7C7FAFEF729FC01207E
:1072B000FFF79CFAFEF7A7FFFFF710FF802080057D
:1072C000FEF744F901BD80B5FEF792F98020400237
:1072D000FEF73CF901BDF8B5FEF72AF9844D05200B
:1072E0006865FEF72EF9934806680124264201D10D
:1072F000FEF7FDFA6003C02189018F4A1268D205AA
:10730000D20D012A00D108008C4A11602860E005E6
:107310008B490860FEF76CF98A4801680091406863
:1073200089490860B005C70F884D002028603800E3
:1073300004D031000098FDF7F9FE00902868204045
:1073400005D16846FEF70EFB00280BD107E0002FA1
:1073500005D07F480068204001D0FEF726FA00984B
:10736000FEF756FB76480460022096490860C82064
:10737000C0049F4908606004FEF7E8F8F1BDF8B565
:107380009C4F9B4C01259C489C49096801408142C7
:107390000FD19B48006828400BD09A4801689A4852
:1073A00005606805E063B863014000D1E063974879
:1073B0000560974E306CC00506D580200006306011
:1073C00000BF00BF40083060FEF7E2FBFEF710F997
:1073D000280320603860FDF7F0FC0400A848A949A4
:1073E0000860A804FEF7B2F8002C01D080203060BD
:1073F000A5480570F1BDF8B5FEF7FAF8FC27BF0106
:1074000038780521014002D0FEF77BF901E0FEF754
:1074100085F97F4C012502263868304000D0256070
:107420001020C043994908600020E0639849086033
:10743000FEF77EF897480068216C090407D400071E
:1074400005D5FEF78BF894490E60FEF790F8FEF72D
:1074500078F8FFF706FD9148006805400CD08020C1
:1074600000068F490968014006D08E490968084026
:1074700002D10D20FFF71DFCB004FEF767F8F1BD47
:1074800080B5FEF7B5F82A480068000303D4FEF77C
:1074900037FBFEF7B8FE80204003FEF757F801BD2A
:1074A00038B5FEF7A5F85A4C2025FFF791FA0028C9
:1074B00006D0606B000704D5FFF7AFFAFEF77EFF3A
:1074C0002560FEF71DFBFEF79EFEFC208001007884
:1074D0000C210140042902D1FEF713F901E0FEF767
:1074E0001DF96804FEF732F84020206031BD00002D
:1074F000081102A880B5FEF71BF80520BE490860F8
:10750000FEF71FF8FEF774F8FFF787FAFF208001F7
:10751000006800906846FEF712FF002802D100982C
:10752000FEF77CFF80204004FEF710F801BD00004C
:107530000C0002A8440002A83C8001A8082102A86F
:10754000442002A8AC3F00009C3E0000843E0000A6
:10755000EC0002A8F8B5FEF74BF8A84CA56A50203D
:10756000284002D0FEF7CDF801E0FEF7D7F8284F0B
:10757000FFF72EFA00281BD1B86B40071DD4786B9B
:10758000E0214901014018D1A80611D4FDF7D0FF30
:10759000A56A9B4E354207D0FF20C0432D18A56237
:1075A0008020000597490860FDF7CBFF2E4002D0F0
:1075B0000120386001E00020206080208004FDF779
:1075C000C5FFF1BD305201A880B5FEF711F8BE48E5
:1075D0000068C00501D5FEF793FA0120FFF706F910
:1075E000FEF711FE8020C004FDF7B0FF01BD0000D2
:1075F000106001A8145001A840000800D03E00000F
:10760000884101A84C4001A8405101A8406101A84F
:10761000100002A810B5FC2080010468FDF7E8FF07
:1076200079490968090326D40321C00601D5214000
:1076300001E0A0080140012902D1FEF762F80BE049
:10764000200107D50E20FFF72DFBA0480421016083
:1076500008210160FEF762F89D4801699D4A1160AA
:107660000068002807D04000122802D2FFF708FD6A
:1076700001E0FFF774FA80208003FDF767FF10BD7B
:1076800070012000B46000A8B63E0000482002A8A7
:10769000A03E0000844000A824E50350404101A81A
:1076A000D44101A8304001A8F0B585B00127684653
:1076B000077000240394FDF79BFF0490524D286847
:1076C00000036FD40320A5490864A5480068029010
:1076D000A44EA5490007000F032804D00298000417
:1076E000000F06283AD1A14800684A6803922A6C24
:1076F000920701D589680391FFF797FA039940181B
:1077000001D5019400E00190A86B0107C80F032187
:10771000326B0A40022A1BD1049AD20618D532686D
:10772000D30513D5EF6B924B1F409F4203D110211D
:107730008A4A11640CE092050AD42A6C282313406B
:1077400006D16B461C702F4A116001E06A46147026
:10775000039068460778002F02D10EE00868019078
:10776000FFF736F9002808D0FFF757F903980028EB
:1077700002D0FEF723FE00E00027022077490860D0
:10778000002F10D03020305C0C210140042902D0A1
:10779000E86BC00602D5FDF7B4FF01E0FDF7BEFFC0
:1077A0002020686021E0FEF7ABF980200006154933
:1077B00008600020C0436F49086001A8FEF7BFFDC4
:1077C000002812D102980007000F03280AD1A86BE5
:1077D000800507D5A020400031680140814201D1D9
:1077E000FDF788FC0198FEF719FE80200004FDF7E4
:1077F000ADFE05B0F0BD00005C1102A8D83E00004F
:1078000000FFFF00481002A80C0002A8FEB50024EB
:107810000194FDF7EDFE584EF06E584D0007000F35
:10782000072807D17068002804D40020FEF7DEFF87
:10783000286841E0012103204A4A73685B070BD4A2
:107840004F4B1B680B4007D01368DF050BD55B055A
:1078500002D43368DB0503D40191116B890904E07C
:107860001021484B1960116B090908400090002055
:10787000FEF7BCFF0098002805D17068C00602D44E
:10788000FDF74CFF01E0FDF73CFF002001990029C6
:1078900003D13D480068FFF7C8F96969401801D570
:1078A000009400E000906846FEF75CF8002805D1DF
:1078B0000098FEF7ADF8A869064908608020000529
:1078C000FDF744FEF7BD0000680102A880E200E079
:1078D000A03F00009C3E0000F8B5FDF789FE0024A3
:1078E00000252A48466B80277F05300606D53007DD
:1078F00009D5FFF792F8FEF761FD2AE0012520483F
:107900000068284019D00020FEF770FF02200640D2
:1079100002D01F490C60C8611E480468002D03D0C6
:107920002000FDF7A1FC0400FFF777F82000FEF728
:1079300075FD3800FDF70AFEF1BDFC2080010078DE
:10794000C0210140402902D1FDF7DBFE01E0FDF737
:10795000E5FE20200D490860EBE70000082002A8A2
:10796000B00002A8D03E0000B43F00000CC101A846
:1079700010000010B46000A8440002A8B03F00004E
:10798000B44000A8481002A81CC101A8100002A819
:10799000180000AACC3F000000F03CF80248034960
:1079A000486000F053F800BF812D00000000000087
:1079B00080B5EFF305800B2801D23A2100E02921A0
:1079C000FF221632002000F039FAFEE710B5C2009F
:1079D00018231340FF249C40E2438907090E994075
:1079E000030004D46E489B089B00C01806E0A14B1E
:1079F0000007000F083880088000181803681A4034
:107A00001143016010BD80B573225421002000F0A5
:107A100015FA01BD10B5FFF735FC624901220A6075
:107A2000614B624C2360624C23600323614C2360F2
:107A3000614C2360614B1A60614B1A60614A9F4B35
:107A40001A6011228A63FFF721FC10BDFFF71AFCB0
:107A500005000024012160B2FFF7B8FF641C0E2C62
:107A6000F8D301210F20FFF7B1FF01211120FFF70B
:107A7000ADFF01211320FFF7A9FF01211720FFF718
:107A8000A5FF03210120C043FFF7A0FF01211E2015
:107A9000FFF79CFF78487949086002207849086020
:107AA0000120904908604704764C20693840FCD09A
:107AB0002068800101D4FDF722FD2800FFF7E6FBD6
:107AC000714D0AE000281BD0FDF748FD18E0206941
:107AD0003840FCD03000FFF7D9FB206E0004000FC7
:107AE000022801D1FEF718FAFFF7CCFB0600FDF7DC
:107AF00045FD00286878E5D0002801D1FDF737FD65
:107B000001202978002906D177490968890601D41E
:107B10005B49086030BF002129700221584A11607A
:107B200070490860D3E77148016842680A407048AC
:107B300010401E490860800703D5A9480188491CE8
:107B400001807047F8B56B48016840680840070E2F
:107B50003F066948046880256D02F8010DD5674825
:107B60000068BC218900884204D12C4202D06448BC
:107B700000688047022063490860634E680207423C
:107B80000BD070605D480068BC218900884204D138
:107B9000254002D0A548006880473760F1BD00004D
:107BA00000E400E0040002A80000FF3F282002A833
:107BB0002C1002A840E002A844C002A804C001A8FA
:107BC000044001A820006006F8B5864C206865686E
:107BD0000540974805608026F6054C4AB00C95494B
:107BE0000B68002B10D105420ED0934B5F68FF0746
:107BF0000AD51B68DB0007D580231B06136000BF76
:107C000000BF16608A4B18609B4F3B78062B0FDA3B
:107C100008688C218901014329401BD0FFF732FB02
:107C200000902800FDF76CF90098FFF72FFB11E09A
:107C30000B68526B92050DD5C822D2041A432A4014
:107C400005D0FDF7DBFF2800FDF75AF902E0AA0294
:107C500000D5086089480068064009D0A80607D505
:107C6000A068000704D53878072801D1FDF72AFA63
:107C7000F1BD00001CED00E0FFFF9B4000E100E0D3
:107C8000602002A8500002A8B63E000010B57C4853
:107C9000016844680C407B48046080210C4205D098
:107CA0004160794801600020FDF72AF9600403D59E
:107CB000802040057549086010BD0000145001A8DF
:107CC00038B57348016844680C40E00707D5FFF7F2
:107CD000D9FA0500FDF7AEF92800FFF7D7FA6D488D
:107CE000046031BD601002A8F40302A8280002A8B5
:107CF000FFFF00C0B44000A8D03E0000784001A8BB
:107D0000903C00002C4000A8B46000A8100002A81D
:107D1000FEB5614C206C676C074001252F4216D0E0
:107D20002E065E48066020685D490D60002802D07E
:107D30000021FDF7A3FB5B480068A021C901884230
:107D40008041C043C00F5849487058480660FDF74D
:107D500005FC0190022007403ED06168CEB20F0AB8
:107D600053490822474B4403012E24D0022E31D11F
:107D7000012F22D14F4EF67800964E4E37780126CD
:107D8000BE404D4F3E604B4E3678760590277F04BF
:107D9000F71903263E43494F3E601C60484B1C6068
:107DA0000B68009C1B194B65424909788D40454979
:107DB0000D6045490DE00090DFE7002F0AD1434EEA
:107DC000356000254D655C601C60C104404B196046
:107DD00040490A60324908600198FDF7C8FBF7BDC9
:107DE000B43E0000104001A870B5FDF7B7FB0400D9
:107DF000FFF748FA31490A68D20710D52C4A566D68
:107E00001368FB25AD012E60CE686E604968E9817C
:107E10008021C904214E3160297B59185165FFF733
:107E200035FA2000FDF7A3FB70BD0000943C000074
:107E3000106001A8B03E0000344301A8002800D023
:107E4000704770B50C00FDF789FB0500FFF71AFAC3
:107E50000600FDF79DFB2048046001211F4A1160C8
:107E6000026C0A40FCD1FDF798FB3000FFF70EFAD8
:107E70002800FDF77CFB70BD7C3E00004C4201A851
:107E800090C001A890E001A80CC001A804ED00E09A
:107E9000C0C000A8C0E000A800C002A8441002A80A
:107EA00040E002A8404000A8B63E0000442002A8DE
:107EB00018800A50C93E000068A00A5060C101A89D
:107EC00094D001A868900A50F42302A860E101A8A8
:107ED00080E200E0F41302A80080095040900950AD
:107EE000D09A030800000000D07F030804000000BF
:107EF00000000000C0175302D09A030800000000E1
:107F0000608003080400000000000000C017530256
:107F1000D09A030800000000F0800308020000006F
:107F200000000000C0175302D09A030800000000B0
:107F3000388103080400000000000000C01753024D
:107F4000D09A030800000000C88103080200000066
:107F500000000000C0175302D09A03080000000080
:107F6000108203080400000000000000C017530244
:107F7000D09A030800000000A0820308040000005B
:107F800000000000C0175302D09A03080000000050
:107F9000308303080400000000000000C0175302F3
:107FA000D09A030800000000C0830308040000000A
:107FB00000000000C0175302D09A03080000000020
:107FC000508403080400000000000000C0175302A2
:107FD000E084030800045C3600000000000000009C
:107FE0000000FF7FCC9D002000000000649F03087C
:107FF00000000000E084030800045C36000000007C
:10800000000001000100FF7FCC9D00200000000067
:10801000649F030800000000E084030800045C364D
:1080200000000000000002000200FF7FCC9D002045
:1080300000000000649F030800000000E0840308C3
:1080400000045C3600000000000003000300FF7F16
:10805000CC9D002000000000649F03080000000089
:108060003C87030880152536000000000000000052
:108070000000FF7FD49D002000000000649F0308E3
:10808000000000003C870308801525360000000032
:10809000000001000100FF7FD49D002000000000CF
:1080A000649F0308000000003C8703088015253604
:1080B00000000000000002000200FF7FD49D0020AD
:1080C00000000000649F0308000000003C870308D4
:1080D0008015253600000000000003000300FF7F2C
:1080E000D49D002000000000649F030800000000F1
:1080F00098890308000D9936000000000000000078
:108100000000FF7FDC9D002000000000649F03084A
:108110000000000098890308000D99360000000057
:10812000000001000100FF7FDC9D00200000000036
:10813000649F030800000000F48B0308000D9936CB
:1081400000000000000000000000FF7FE49D002010
:1081500000000000649F030800000000F48B030887
:10816000000D993600000000000001000100FF7FB3
:10817000E49D002000000000649F03080000000050
:10818000F48B0308000D9936000000000000020087
:108190000200FF7FE49D002000000000649F0308B0
:1081A00000000000F48B0308000D99360000000069
:1081B000000003000300FF7FE49D0020000000009A
:1081C000649F030800000000508E0308000D9936DC
:1081D00000000000000000000000FF7FEC9D002078
:1081E00000000000649F030800000000508E030898
:1081F000000D993600000000000001000100FF7F23
:10820000EC9D002000000000649F030800000000B7
:10821000AC90030800045C36000000000000000081
:108220000000FF7FF49D002000000000649F030811
:1082300000000000AC90030800045C360000000061
:10824000000001000100FF7FF49D002000000000FD
:10825000649F030800000000AC90030800045C3633
:1082600000000000000002000200FF7FF49D0020DB
:1082700000000000649F030800000000AC900308A9
:1082800000045C3600000000000003000300FF7FD4
:10829000F49D002000000000649F0308000000001F
:1082A00008930308000D993600000000000000004C
:1082B0000000FF7FFC9D002000000000649F030879
:1082C0000000000008930308000D9936000000002C
:1082D000000001000100FF7FFC9D00200000000065
:1082E000649F03080000000008930308000D9936FE
:1082F00000000000000002000200FF7FFC9D002043
:1083000000000000649F03080000000008930308B9
:10831000000D993600000000000003000300FF7FFD
:10832000FC9D002000000000649F03080000000086
:1083300064950308A06325360000000000000000DB
:108340000000FF7F049E002002000000649F0308DD
:108350000000000064950308A063253600000000BB
:10836000000001000100FF7F049E002002000000C9
:10837000649F03080000000064950308A06325368D
:1083800000000000000002000200FF7F049E0020A9
:1083900002000000649F03080000000064950308C9
:1083A000A063253600000000000003000300FF7FEB
:1083B000049E002002000000649F030800000000EB
:1083C00018960308A0632536000000000000000096
:1083D0000000FF7F0C9E002003000000649F030844
:1083E0000000000018960308A06325360000000076
:1083F000000001000100FF7F0C9E00200300000030
:10840000649F03080000000018960308A063253647
:1084100000000000000002000200FF7F0C9E002010
:1084200003000000649F0308000000001896030882
:10843000A063253600000000000003000300FF7F5A
:108440000C9E002003000000649F03080000000051
:108450007498030880152536000000000000000015
:108460000000FF7F149E002001000000649F0308AD
:1084700000000000749803088015253600000000F5
:10848000000001000100FF7F149E00200100000099
:10849000649F0308000000007498030880152536C7
:1084A00000000000000002000200FF7F149E002078
:1084B00001000000649F0308000000007498030896
:1084C0008015253600000000000003000300FF7F38
:1084D000149E002001000000649F030800000000BB
:1084E000FC4F0103149E03080C400200000F000023
:1084F00000400000204002000700000000000000D3
:10850000484001000007000008410400FF4000004F
:1085100000000000FF4100000000000020C001102A
:1085200000F8070020C00130FE0328003CC0010015
:108530000000000058C004001C001AE654000000AF
:108540000A1518191A0000006CC00100E00F0000A5
:1085500008000101A407000018000101B8F00000A4
:1085600020000101088400004040010100000000DB
:108570004C40040120F91304070062003870000029
:108580000000000060400F010068010F40B8244067
:108590005505E0004108000002000000B00710008F
:1085A0005E00000000000000236300009278DDC838
:1085B00018000F0000800060BE0A000001011030AA
:1085C00050707F7F1C4102010000E08C590B0000BD
:1085D0003841070190200AF0204C520000000000B2
:1085E000B756351200000050803B0000000000002C
:1085F0005C410101001E00006C41060100140CC02A
:1086000016212A32383E454B5050436587A9CB0C82
:1086100028AA00C5884104011721286414171A00EC
:108620002004C8AAA1201A09A841010129000000BC
:10863000B441010100002000D0410301000000000E
:10864000D000000000000200E4410F011DACF10E5B
:1086500074390C00B080760089DCB300933C640070
:10866000C689C7048F1A651D1DACF10E74390C0044
:10867000B080760089DCB300933C6400C689C704EF
:108680008F1A651D00000000244202014C0000000A
:108690001D23CDF330420201010080024002400060
:1086A0004C420101080000043043040100000000B6
:1086B00000000000000000000000000044430A0128
:1086C00000000000000000000000000000000000AA
:1086D0000000000000000000000000380000000062
:1086E000000000000000FF5838800101466E1000B5
:1086F000A4800101D8800100AC800111F6010000C6
:10870000AC800131011A5100B48001013700000131
:108710006C010102002001007401010269811B0C3F
:10872000800101127907000080010132020000007F
:108730008801010250000000FFFFFFFFFC4F010312
:10874000109F03080C4002000000000000400000E1
:108750002040020007000000000000004840010027
:108760000407000008410400FF4000000000000072
:10877000FF4100000000000020C0011000F80700C9
:1087800020C00130FE0128003CC0010000000000B4
:1087900058C004001C001AE6540000000A151819FD
:1087A0001A0000006CC00100000500000800010173
:1087B000A007000018000101FF00000020000101D7
:1087C00080000000404001010000F0304C400401F6
:1087D000020000042DC082000032002000D00B00F7
:1087E00060400F0100000020000000001176F8003A
:1087F000410800004800040012004D00EA03000098
:1088000000000000090600000000000075030A00D7
:108810000080086200000000000003173E5254541C
:108820001C4102010050558C000000003841070136
:10883000BC200AF018B9510067329940FFFF3FA8E9
:1088400099FF71B18B3B4000C00300805C41010186
:10885000FFFD00006C410601000000400000000028
:108860000000000000000000000000000000000008
:10887000884104010000000000000000000000002A
:1088800000000000A841010100000000B441010106
:108890008CD02BC0D0410301AAAAAAAADA801680E4
:1088A00005000200E4410F0129AC51042F1F2E00E6
:1088B000E8BD0500E5D32D005E7CB10D0CBCCE03F8
:1088C0002C267C301E90810C0C490600A8DF6D0020
:1088D000C00BB100183DA500E80A0205271BD71DF3
:1088E0000000008024420201A80000800000000077
:1088F00030420201010048009E0018004C42010174
:1089000008000414304304010000000000000000CF
:10891000000000000000000044430A0100000000C5
:108920000000000000000000000000000000000047
:1089300000000000000000380000000000000000FF
:108940000000FF5838800101466E1000A48001012C
:1089500070B80300AC800111F6010000AC80013159
:1089600001420101B4800101000300026C01010217
:1089700000200600740101026901100C800101123F
:108980007907000080010132060000008801010221
:1089900090000000FFFFFFFFFC4F0103C09D030894
:1089A0000C400200000000000040000020400200D7
:1089B000070000000000000048400100040700001C
:1089C00008410400FF40000000000000FF410000DB
:1089D0000000000020C0011000F8070020C0013096
:1089E000FE0128003CC001000000000058C0040047
:1089F000270024E6750000000A1D21232400000042
:108A00006CC001000000000008000101A407000084
:108A100018000101B8F000002000010108840000E6
:108A200040400101000090114C400401020000048C
:108A30000FC082000002002000D00B0060400F0138
:108A40000000000000000000FD2FFC00410C0000B1
:108A50004000000012001C00AA0F000000000000EF
:108A60000A06000000000000920308000080036274
:108A7000000000000206102134444E521C41020145
:108A80000080208C0000000038410701BC200AF063
:108A9000F0C45E002979AF40FFFF0FAAAF4339B29F
:108AA000893B4000C00300805C410101FFFD0000E4
:108AB0006C410601000000400000000000000000C2
:108AC00000000000000000000000000088410401D8
:108AD0000000000000000000000000000000000096
:108AE000A841010100000000B44101012C952FC0F4
:108AF000D0410301AAAAAAAAD200328007005600D8
:108B0000E4410F01E2CFDD2C7EB63A006009190086
:108B10005122E2004CB9510E3982A904D8229B2976
:108B20001E90810C0C490600A8DF6D00C00BB1003F
:108B3000183DA500E80A0205271BD71D000000808C
:108B400024420201580000000000000030420201EF
:108B500001005000400020004C42010108000604C2
:108B6000304304010000000000000000000000008D
:108B70000000000044430A01000000000000000063
:108B800000000000000000000000000000000000E5
:108B90000000003800000000000000000000FF5846
:108BA00038800101C44E0000A480010170B80300A8
:108BB000AC800111F6010000AC80013101420101DD
:108BC000B4800101000300026C01010200200600D4
:108BD000740101026901100C800101127907000083
:108BE00080010132060000008801010290000000AF
:108BF000FFFFFFFFFC4F0103689E03080C400200CB
:108C000000000000004000002040020007000000BB
:108C10000000000048400100040700000841040073
:108C2000FF40000000000000FF41000000000000C5
:108C300020C0011000F8070020C00130FE0128000C
:108C40003CC001000000000058C00400270024E6DA
:108C5000750000000A1D2123240000006CC00100E3
:108C60000000000008000101A40700001800010135
:108C7000B8F000002000010108840000404001011C
:108C8000000090114C400401020000040FC082005B
:108C90000002002000D00B0060400F010000000027
:108CA00000000000FD2FFC00410C0000400000000F
:108CB00012001C00AA0F0000000000000A060000BD
:108CC0000000000092030800008003620000000022
:108CD0000206102134444E521C4102010080208CB7
:108CE0000000000038410701BC200AF0103B510091
:108CF0002979AF40FFFF0FAAAF4339B2893B40004B
:108D0000C00300805C410101FFFD00006C410601D1
:108D10000000004000000000000000000000000013
:108D20000000000000000000884104010000000075
:108D3000000000000000000000000000A841010148
:108D400000000000B44101012C952FC0D041030167
:108D5000AAAAAAAAD200328007005600E4410F0155
:108D6000E2CFDD2C7EB63A00600919005122E20004
:108D70004CB9510E3982A904D8229B291E90810C2E
:108D80000C490600A8DF6D00C00BB100183DA5001E
:108D9000E80A0205271BD71D0000008024420201BB
:108DA00058000000000000003042020101005000A5
:108DB000400020004C420101080006043043040139
:108DC00000000000000000000000000000000000A3
:108DD00044430A0100000000000000000000000001
:108DE000000000000000000000000000000000384B
:108DF00000000000000000000000FF583880010162
:108E0000C44E1000A480010170B80300AC800111B1
:108E1000F6010000AC80013101420101B480010182
:108E2000000300026C01010200200600740101022F
:108E30006901100C800101127907000080010132E4
:108E4000060000008801010290000000FFFFFFFF04
:108E5000FC4F0103C09D03080C400200018F190064
:108E6000B1400000204002000000000007000000A8
:108E700048400100A4070000084104000748000022
:108E8000FF4C000007490000FF4D000020C001100A
:108E900000F8070020C00130FE0128003CC001009E
:108EA0000000000058C00400270024E67500000000
:108EB0000A1D2123240000006CC0010000000000F6
:108EC00008000101A407000018000101B8F000002B
:108ED00020000101088400004040010100009011C1
:108EE0004C400401020000040FC082000002002078
:108EF00000D00B0060400F010000000000000000E7
:108F0000FD2FFC00410C00004000000012009C00FE
:108F1000AA0F0000000000000A0600000000000088
:108F20009203080000800362000000000206102186
:108F300034444E521C4102010080208C000000008D
:108F400038410701BC200AF0F0C45E002979AF4027
:108F5000FFFF0FAAAF4339B2893B4000C003008036
:108F60005C410101FFFD00006C4106010000004072
:108F700000000000000000000000000000000000F1
:108F80000000000088410401000000000000000013
:108F90000000000000000000A841010100000000E6
:108FA000B44101012C952FC0D0410301AAAAAAAA5D
:108FB000D200328007005600E4410F01E2CFDD2CE1
:108FC0007EB63A00600919005122E2004CB9510EF8
:108FD0003982A904D8229B291E90810C0C490600D5
:108FE000A8DF6D00C00BB100183DA500E80A02051E
:108FF000271BD71D00000080244202015001000001
:109000000000000030420201010019004001200070
:109010004C42010108000604304304010000000036
:1090200000000000000000000000000044430A01AE
:109030000000000000000000000000000000000030
:1090400000000000000000000000003800000000E8
:10905000000000000000FF5838800101C44E0000ED
:10906000A480010170B80300AC800111F60100007A
:10907000AC80013101420101B48001010003000212
:109080006C01010200200600740101026901100C4C
:109090008001011279070000800101320600000002
:1090A0008801010290000000FFFFFFFFFC4F010359
:1090B000149E03080C400200018F1900BF400000FD
:1090C00020400200000000000700000048400100AE
:1090D000A00700000841040007480000FF4C000002
:1090E00007490000FF4D000020C0011000F80700F4
:1090F00020C00130FE0328003CC001000000000039
:1091000058C004001C001AE6540000000A15181983
:109110001A0000006CC00100E00F0000080001010F
:10912000A407000018000101B8F0000020000101B0
:109130000884000040400101000000004C40040190
:1091400020F91304070062003870000000000000DE
:1091500060400F010068010F40B824405505E00051
:109160004108000002000000B00750005E0000004F
:1091700000000000236300009278DDC818000F0093
:1091800000800060BE0A00000101103050707F7F37
:109190001C4102010000E08C590B0000384107011E
:1091A00090200AF0204C520000000000B756351203
:1091B00000000050803B0000000000005C41010105
:1091C000001E00006C41060100140CC016212A325A
:1091D000383E454B5050436587A9CB0C28AA00C5A3
:1091E000884104011721286414171A002004C8AA12
:1091F000A1201A09A841010129000000B441010180
:1092000000002000D041030100000000D000000059
:1092100000000200E4410F011DACF10E74390C0096
:10922000B080760089DCB300933C6400C689C70433
:109230008F1A651D1DACF10E74390C00B0807600DC
:1092400089DCB300933C6400C689C7048F1A651D8E
:1092500000000000244202014C0100001D23CDF358
:10926000304202010100C800000A80004C420101A6
:10927000080000043043040100000000000000006A
:10928000000000000000000044430A01000000004C
:1092900000000000000000000000000000000000CE
:1092A0000000000000000038000000000000000086
:1092B0000000FF5838800101466E1000A4800101B3
:1092C000D8800100AC800111F6010000AC800131B2
:1092D000011A5100B4800101370000016C01010244
:1092E000002001007401010269811B0C8001011240
:1092F00079070000800101320200000088010102AC
:1093000050000000FFFFFFFFFC4F0103689E0308B1
:109310000C400200018F1900B14000002040020003
:10932000000000000700000048400100A407000002
:109330000841040007480000FF4C000007490000F6
:10934000FF4D000020C0011000F8070020C00130D0
:10935000FE0128003CC001000000000058C00400CD
:10936000270024E6750000000A1D212324000000C8
:109370006CC001000000000008000101A40700000B
:1093800018000101B8F0000020000101088400006D
:1093900040400101000090114C4004010200000413
:1093A0000FC082000002002000D00B0060400F01BF
:1093B0000000000000000000FD2FFC00410C000038
:1093C0004000000012009C00AA0F000000000000F6
:1093D0000A060000000000009203080000800362FB
:1093E000000000000206102134444E521C410201CC
:1093F0000080208C0000000038410701BC200AF0EA
:10940000103B51002979AF40FFFF0FAAAF4339B29B
:10941000893B4000C00300805C410101FFFD00006A
:109420006C41060100000040000000000000000048
:10943000000000000000000000000000884104015E
:10944000000000000000000000000000000000001C
:10945000A841010100000000B44101012C952FC07A
:10946000D0410301AAAAAAAAD2003280070056005E
:10947000E4410F01E2CFDD2C7EB63A00600919000D
:109480005122E2004CB9510E3982A904D8229B29FD
:109490001E90810C0C490600A8DF6D00C00BB100C6
:1094A000183DA500E80A0205271BD71D0000008013
:1094B000244202015001000000000000304202017D
:1094C00001001900400120004C420101080006047F
:1094D0003043040100000000000000000000000014
:1094E0000000000044430A010000000000000000EA
:1094F000000000000000000000000000000000006C
:109500000000003800000000000000000000FF58CC
:1095100038800101C44E1000A480010170B803001E
:10952000AC800111F6010000AC8001310142010163
:10953000B4800101000300026C010102002006005A
:10954000740101026901100C800101127907000009
:109550008001013206000000880101029000000035
:10956000FFFFFFFFFC4F0103BC9E03081C410101EC
:1095700000505504384301010100F59640410101B6
:109580005E2E97403CC00100FC103F014C400201A0
:10959000100000043FC0820068400201F47E800099
:1095A000110B00007440040136002400666655AAC1
:1095B00000000000090300008840010173030A0055
:1095C0004841010197FF71B1B44101018CD02FC016
:1095D000D4410101DA80168024420101AC0000C0B0
:1095E000344201015802860030430201F5E30100D4
:1095F0000A810F813C430101060CA4005C43030176
:109600000B2028970000000000002000D04101013D
:1096100033333333FFFFFFFFFC4F0103BC9E0308CE
:109620000C400200018F1900B140000020400200F0
:10963000000000000700000048400100A4070000EF
:109640000841040007480000FF4C000007490000E3
:10965000FF4D000020C0011000F8070020C00130BD
:10966000FE0128003CC00100FC103F0158C004006E
:109670001C001AE6540000000A1518191A00000010
:109680006CC00100E004000008000101A007000018
:1096900018000101FF00000020000101800000000F
:1096A000404001010000F0304C4004011000000473
:1096B0003FC082000032002000D00B0060400F014C
:1096C0000000000000000000F47E8000110B00008C
:1096D0004800040036002400666655AA0000000019
:1096E000090300000000000073030A000080086204
:1096F00000000000000003173E5254541C410201B8
:10970000005055040000000038410701BC200AF059
:1097100018B951005E2E9740FFFF3FA897FF71B127
:109720008B3B4000C00300805C410101FFFD000055
:109730006C41060100000040000000000000000035
:10974000000000000000000000000000884104014B
:109750000000000000000000000000000000000009
:10976000A841010100000000B44101018CD02FC0CC
:10977000D041030133333333DA8016800500020011
:10978000E4410F0129AC51042F1F2E00E8BD050054
:10979000E5D32D005E7CB10D0CBCCE032C267C30B5
:1097A0001E90810C0C490600A8DF6D00C00BB100B3
:1097B000183DA500E80A0205271BD71D0000008000
:1097C00024420201AC0000C000000000304202014F
:1097D00001004C00580286004C420101080004546C
:1097E00030430401F5E301000A810F810100F59681
:1097F000060CA40044430A012300E0D25585004032
:109800000200008020000200780400001285879882
:109810000B20289700000000000020005555FAA0FA
:1098200038800101466E1000A480010170B8030069
:10983000AC800111F6010000AC8001310142010150
:10984000B4800101000300026C0101020020060047
:10985000740101026901100C8001011279070000F6
:109860008001013206000000880101029000000022
:10987000FFFFFFFFFC4F0103109F03080C40020095
:10988000018F1900B14000002040020000000000DC
:109890000700000048400100A40700000841040040
:1098A00007480000FF4C000007490000FF4D000082
:1098B00020C0011000F8070020C00130FE01280080
:1098C0003CC00100FC103F0058C004001C001AE618
:1098D000540000000A1518191A0000006CC001009D
:1098E000E004000008000101A007000018000101C9
:1098F000FF00000020000101800000004040010145
:109900000000F0304C400401020000042DC0820031
:109910000032002000D00B0060400F01000000006A
:10992000000000001176F800410800004800040023
:1099300012002500EA0300000000000009060000F4
:109940000000000075030A000080086200000000AB
:10995000000003173E5254541C4102010050558C24
:109960000000000038410701BC200AF018B951007E
:1099700067329940FFFF3FA899FF71B18B3B4000D0
:10998000C00300805C410101FFFD00006C41060145
:109990000000004000000000000000000000000087
:1099A00000000000000000008841040100000000E9
:1099B000000000000000000000000000A8410101BC
:1099C00000000000B44101018CD02BC0D041030144
:1099D000AAAAAAAAD280168005000200E4410F01BB
:1099E00029AC51042F1F2E00E8BD0500E5D32D0042
:1099F0005E7CB10D0CBCCE032C267C301E90810CFD
:109A00000C490600A8DF6D00C00BB100183DA50091
:109A1000E80A0205271BD71D00000080244202012E
:109A20004C0100C0000000003042020101004C0067
:109A3000400110004C42010108000454304304016D
:109A40004A0C02080A81FA800000F586060CA8007C
:109A500044430A012300E0D2558500400200008003
:109A60002000020078040000128587980B222897B6
:109A700000000000000026005555FAA038800101C2
:109A8000466E1000A480010170B80300AC80011183
:109A9000F6010000AC80013101420101B4800101F6
:109AA000000300026C0101020020060074010102A3
:109AB0006901100C80010112790700008001013258
:109AC000060000008801010290000000FFFFFFFF78
:109AD0003040060000000000000000000000000010
:109AE00000000000000000000040000050400100A5
:109AF000000000005C4002000000000000000000C8
:109B0000A840010007000000BC4004000000000065
:109B100000000000000000000000000024C0011050
:109B2000FF00000024C001300013000028C0050021
:109B3000EC80B30343754051A00F00F830400000A3
:109B4000A8AA070040C002000000000000000000BA
:109B500054C001008721300068C00100D1580300C3
:109B600070C00D00BA10000000003F008D00EE0034
:109B7000F601AC03F5049607DE099C0DC31193179B
:109B8000FE1DF526BD32FF3FFE15F81BDC23B42D6C
:109B9000D039FF3FFF3F0000A8C00500BD4B721544
:109BA00011A3180510325476980A00000000000036
:109BB000CCC00400660000000000000001000A00A4
:109BC00001002800444002010000000010000000D5
:109BD0005C400101000000039C400F0100000000F8
:109BE0000000000000000000000000000000000075
:109BF0000000000000000000000000000000000065
:109C00000000000000000000000000000000000054
:109C10000000000000000000E0400111F801000019
:109C2000E04001310102000010410201331E050035
:109C30000000000024410501FF0483078813C83A8F
:109C4000FF06660CFF0483078813FF0358410101D8
:109C500000000000644101010C0100008441010189
:109C600001010000A441010100000000B041010118
:109C700000000000B84106010000000000000000E4
:109C800000003C00AAAA060000000000000000003E
:109C9000DC41010100000000204201010000000041
:109CA0002C420101601800403C420101000000000C
:109CB0004442020114000000000000004043010182
:109CC0000000000010800101030000003C80010141
:109CD000030000009C8002010000000070B8030037
:109CE000A8800111F6010000A880013101420101A4
:109CF000B080010100030002980003020000000090
:109D0000000C00044C040000D8000202050040AA28
:109D100088010000EC000112E00F0000EC000132AD
:109D20000D205151F00001022B050000000101023D
:109D300010010000040101120000000004010132C2
:109D4000100100001001011200FF0F00100101328C
:109D5000020000422C01011200FC1F002C01013204
:109D6000A9008000400101023F00000050010112E3
:109D700000C0000050010132610051006801010281
:109D8000100006007801011200001C007801013269
:109D90004004E0CF8C01010200000000AC01011280
:109DA000F8010000AC01013204020100B00101021F
:109DB00000000000F84F010300000000FFFFFFFF5C
:109DC000130000008EE3380000000000CC9F030861
:109DD0009C9F030800000000080000000000000035
:109DE000A08601000101F200C44E0007000000003F
:109DF000669F03080E010000000000000000000044
:109E0000A18601000000000000000000000000002A
:109E10000000000013000000333333010000000095
:109E2000CC9F03088C9F030800000000080000007E
:109E30000000000000350C000420F400466E5007BE
:109E400000000000669F0308000000000000000002
:109E50000000000000350C000000000000000000C1
:109E60000000000000000000130000008EE3380036
:109E700000000000CC9F03089C9F03080000000026
:109E80000800000000000000A08601000101F200AF
:109E9000C44E100700000000669F03080E0100007A
:109EA0000000000000000000A1860100000000008A
:109EB000000000000000000000000000130000008F
:109EC0004444440000000000CC9F0308AC9F0308FA
:109ED000000000000800000000000000004B00002F
:109EE0000101F400466E100700000000669F0308A1
:109EF000C20100000000000000000000409C0000C3
:109F00000000000000000000000000000000000051
:109F1000130000004444440000000000CC9F0308EC
:109F2000BC9F0308000000000800000000000000C3
:109F3000409C00000101F400466E10070000000084
:109F4000669F0308C201000000000000000000003E
:109F5000419C000000000000000000000000000024
:109F600000000000000001000000C0175302040CB4
:109F70000000E002000000003C0301020504980319
:109F800001020505F4030102060500002718000080
:109F900027180000E204000000000000770601001E
:109FA0007706010010270000000000007E870000F7
:109FB0007E87000073CB0000000000007F89000056
:109FC0007F890000A8610000000000001429020041
:109FD000003111000000010002640001012F0000A7
:109FE00007000000D97F0208897F0208957F0208D8
:109FF00085800208FFF802082300030827000308F1
:10A000002B0003082F0003083300030800000000A2
:10A01000B0010000584C0020FFFFFFFFFFFFFFFFD3
:10A02000FFFFFFFFFFFFFFFFFFFFFFFFFFFFFFFF40
:10A03000FFFFFFFFFFFFFFFF10000000084E0020A2
:10A0400030313233343536373839616263646566AE
:10A050006768696A6B6C6D6E6F7071727374757618
:08A060007778797A0000000016
:08A068008042FD7F01000000B1
:0CA070007CA00308209B0020D900000009
:10A07C000000000000000000FFFF0000C0EA21010A
:10A08C00C017530200000500000000000000000093
:10A09C0000000000000003010000000000000000B0
:10A0AC000000000000000000FFFFFFFF0060070839
:10A0BC00008000009C1D0020640000006C07000064
:10A0CC0000000000CC31030828000000080000004C
:10A0DC0000000000CC200020020000000000000066
:10A0EC00C4200020EB680008E5680008E56800085B
:10A0FC0011F60208FFFFFFFF010000000000000046
:10A10C00C02000200100000000000000BC20002046
:10A11C00FFFFFFFFFF007F008C0000008C00090098
:10A12C000000000001100000FFFFFFFF0407000704
:10A13C000000000000000000000000000000000013
:10A14C000000000000000000000000000000000003
:10A15C0000000000000000000000000000000000F3
:10A16C0000000000000000000000000000000000E3
:10A17C0000000000000000000000000000000000D3
:10A18C0000000000000000000000000000000000C3
:10A19C0000000000000000000000000000000000B3
:10A1AC0000000000000000000000000000000000A3
:10A1BC000000000000000000000000000000000093
:10A1CC000000000000000000000000000000000083
:10A1DC0000000000000100FFFF0000000000000074
:10A1EC00000000000000000050000101AAAAAAAA69
:10A1FC003700000000000000F43C030800000000E1
:10A20C00FFFFFFFF0100000002020FB0EE02800012
:10A21C00400D0300FE7F7F7F7F00C8000800000018
:10A22C000000000004850020020000000000000077
:10A23C00FC840020FE7FFA00010000007D960108DE
:10A24C009F01000100000055555555555555555564
:10A25C005555555555555555555555F0000000005B
:10A26C000300000000000000FFFF000000000000E1
:10A27C0001000000000000000000000000000000D1
:10A28C0002000000000000000000000000000000C0
:10A29C00F03A002058040400B03A0020FA00000004
:10A2AC00CC44030895F7020891F70208FFFFFFFF63
:10A2BC00FFFFFFFF99F70208FFFFFFFFBDFE02083B
:10A2CC0019FF0208FFFFFFFFFFFFFFFFFFFFFFFF6C
:10A2DC00FFFFFFFF0040005A00C003500040005039
:10A2EC0000800050D1CE0208C9C50208D5BE0208B4
:10A2FC0029BF02084DC3020861C3020861C50208E8
:10A30C007DC6020865C6020875BD0208B1C5020803
:10A31C0000000000000000003B2D0000FFFFFFFFCD
:10A32C00FFFFFFFFFFFFFFFFFFFFFFFFFFFFFFFF31
:10A33C00FFFFFFFFFFFFFFFFFFFFFFFFFFFFFFFF21
:10A34C00FFFFFFFFFFFFFFFFFFFFFFFFFFFFFFFF11
:10A35C00FFFFFFFFFFFFFFFFFFFFFFFFFFFFFFFF01
:10A36C00FFFFFFFFFFFFFFFFFFFFFFFFAB00030837
:10A37C000CA00308FFFFFFFF04F8FFFFFF7FB700EF
:10A38C002B05DF002904F8002403160128033E01E5
:10A39C003003700134039D012802BB012D022902F8
:10A3AC003202E20223014903280184032D01A20396
:10A3BC002F01E8033001D0072400B80B3F000C003C
:10A3CC00000000000301FF0CFFF0FF00C5E20008D5
:04A3DC009DE20008F6
:040000050800ED3DC5
:00000001FF
